{"type":"FeatureCollection","features":[{"type":"Feature","properties":{"code":"01","name":"ลุ่มน้ำสาละวิน"},"geometry":{"type":"MultiPolygon","coordinates":[[[[98.30593,19.15281],[98.28544,19.15268],[98.27056,19.15594],[98.26445,19.15269],[98.25195,19.16059],[98.2421,19.15121],[98.24086,19.12735],[98.25175,19.11542],[98.25094,19.10934],[98.23769,19.10163],[98.23676,19.09442],[98.22683,19.08923],[98.22506,19.08027],[98.20617,19.05058],[98.19113,19.04107],[98.18511,19.03188],[98.18606,19.01553],[98.1703,19.00047],[98.16362,18.98163],[98.17306,18.96198],[98.16637,18.93995],[98.15764,18.93782],[98.15619,18.91938],[98.14393,18.91188],[98.12919,18.91174],[98.10872,18.88643],[98.1021,18.88386],[98.08887,18.86122],[98.08113,18.83551],[98.07951,18.81754],[98.08827,18.8048],[98.08534,18.79693],[98.09193,18.77825],[98.09804,18.77516],[98.10863,18.78],[98.12163,18.77398],[98.1202,18.75832],[98.10738,18.75132],[98.10764,18.74609],[98.09404,18.73787],[98.10076,18.73707],[98.10321,18.7183],[98.10737,18.71276],[98.10047,18.7058],[98.1071,18.68899],[98.10521,18.67701],[98.11239,18.67008],[98.10578,18.64842],[98.11671,18.63553],[98.14574,18.63798],[98.1654,18.62576],[98.17353,18.62843],[98.18366,18.62339],[98.1825,18.60977],[98.21051,18.60763],[98.21245,18.59077],[98.22799,18.58599],[98.23717,18.57168],[98.23211,18.55814],[98.22455,18.55454],[98.20966,18.53773],[98.194,18.54049],[98.18627,18.54767],[98.17372,18.54625],[98.17068,18.52591],[98.16341,18.52478],[98.15327,18.512],[98.14696,18.51436],[98.12771,18.50167],[98.12003,18.50004],[98.11939,18.49012],[98.1126,18.48427],[98.10433,18.45745],[98.08245,18.44601],[98.07408,18.42819],[98.08123,18.41737],[98.07829,18.41171],[98.0885,18.40209],[98.07956,18.38868],[98.07963,18.3793],[98.07085,18.36831],[98.06964,18.35735],[98.08623,18.35632],[98.09894,18.3352],[98.09634,18.32957],[98.10414,18.31975],[98.12639,18.30685],[98.12782,18.29804],[98.14032,18.29177],[98.13549,18.26902],[98.1427,18.25102],[98.139,18.24081],[98.1466,18.22729],[98.15791,18.22205],[98.18849,18.243],[98.18898,18.24937],[98.20588,18.25019],[98.21308,18.23957],[98.21666,18.2111],[98.22756,18.19942],[98.23222,18.18338],[98.23842,18.17992],[98.25163,18.18304],[98.26901,18.17422],[98.29615,18.16914],[98.30601,18.17224],[98.31792,18.16393],[98.32061,18.14527],[98.3311,18.13756],[98.34202,18.14879],[98.36037,18.15622],[98.36244,18.14631],[98.37498,18.13433],[98.37935,18.1117],[98.37558,18.11202],[98.37469,18.0946],[98.3625,18.09088],[98.36804,18.07439],[98.35944,18.06985],[98.36304,18.04685],[98.37773,18.03846],[98.36822,18.02436],[98.35529,18.03109],[98.34997,18.02742],[98.33716,18.031],[98.32518,18.02233],[98.33074,18.01013],[98.31594,18.00253],[98.31576,17.98243],[98.31069,17.97326],[98.30175,17.9703],[98.29513,17.94534],[98.3075,17.93758],[98.3105,17.91738],[98.29994,17.90483],[98.29652,17.8913],[98.27794,17.8831],[98.27026,17.88751],[98.2483,17.87808],[98.24213,17.87184],[98.24316,17.8588],[98.23672,17.84593],[98.2361,17.82179],[98.21708,17.8101],[98.21684,17.79451],[98.2208,17.78894],[98.20583,17.78564],[98.1972,17.77791],[98.20695,17.77086],[98.22621,17.73954],[98.22791,17.72139],[98.24225,17.71892],[98.25034,17.71184],[98.26849,17.70424],[98.28167,17.70967],[98.28824,17.70644],[98.28628,17.69667],[98.27642,17.6826],[98.27781,17.67559],[98.26603,17.66971],[98.25252,17.6697],[98.25067,17.64915],[98.24353,17.62938],[98.25071,17.62231],[98.24487,17.60789],[98.2481,17.60152],[98.24624,17.58577],[98.25171,17.56904],[98.26956,17.57953],[98.29836,17.57591],[98.30244,17.56571],[98.29887,17.55305],[98.30542,17.54995],[98.3169,17.50314],[98.32684,17.4904],[98.32953,17.46898],[98.31977,17.44424],[98.31971,17.43562],[98.3275,17.42933],[98.32282,17.41672],[98.30091,17.41288],[98.292,17.40684],[98.31995,17.37564],[98.31832,17.36454],[98.33421,17.34787],[98.33196,17.32899],[98.31796,17.3226],[98.32288,17.30995],[98.33833,17.29706],[98.36112,17.28792],[98.35815,17.27432],[98.36891,17.26861],[98.37686,17.2557],[98.39087,17.24481],[98.40055,17.23108],[98.40844,17.22956],[98.42077,17.2111],[98.43595,17.19894],[98.44487,17.19854],[98.46987,17.17965],[98.47357,17.17017],[98.4967,17.15559],[98.50452,17.15626],[98.5082,17.14608],[98.51756,17.14085],[98.52637,17.14323],[98.53296,17.13195],[98.54895,17.11418],[98.5695,17.10933],[98.58181,17.11183],[98.59294,17.09515],[98.61131,17.08296],[98.62615,17.07974],[98.6289,17.0734],[98.64705,17.06833],[98.65511,17.06988],[98.6722,17.06518],[98.68145,17.0581],[98.70642,17.05348],[98.72254,17.03715],[98.73048,17.02334],[98.74189,17.01702],[98.75149,17.00098],[98.75456,16.98588],[98.76516,16.98083],[98.7775,16.9662],[98.80011,16.94721],[98.81532,16.93984],[98.81766,16.92919],[98.83078,16.92282],[98.84197,16.88441],[98.8268,16.8732],[98.82858,16.86559],[98.84511,16.84454],[98.868,16.83686],[98.87372,16.82844],[98.86918,16.82001],[98.89673,16.79108],[98.90339,16.79715],[98.91797,16.78351],[98.9283,16.77825],[98.92586,16.76754],[98.93511,16.76767],[98.95229,16.75651],[98.94651,16.74966],[98.95076,16.73885],[98.97279,16.71973],[98.98499,16.71195],[98.99588,16.71454],[99.00207,16.70232],[98.99819,16.69893],[99.01006,16.68842],[99.0077,16.68007],[99.02315,16.66158],[99.01228,16.65615],[99.01609,16.63166],[99.0322,16.62149],[99.04356,16.60943],[99.03631,16.59383],[99.03816,16.58556],[99.03025,16.58399],[99.022,16.57382],[99.02632,16.5648],[99.02598,16.54159],[99.03157,16.53157],[99.02194,16.5211],[99.02178,16.50682],[99.02979,16.4941],[99.01883,16.48916],[99.0035,16.50496],[98.99127,16.49976],[98.98743,16.48679],[98.9891,16.46827],[98.99575,16.46309],[98.99706,16.45178],[99.01731,16.44368],[99.02326,16.42089],[99.01871,16.41051],[99.01645,16.38532],[99.02652,16.3827],[99.00752,16.38208],[99.00483,16.36956],[98.99111,16.37723],[98.98495,16.37373],[98.95807,16.38258],[98.94405,16.38356],[98.92824,16.38987],[98.9184,16.38471],[98.91003,16.39561],[98.8918,16.40694],[98.88298,16.42271],[98.86364,16.42811],[98.84377,16.41927],[98.83005,16.42196],[98.82675,16.40989],[98.81307,16.39271],[98.81728,16.38553],[98.78158,16.36523],[98.78295,16.35507],[98.76567,16.34207],[98.74573,16.34736],[98.7426,16.33822],[98.73573,16.33839],[98.72674,16.32858],[98.72748,16.31441],[98.71823,16.31013],[98.7188,16.29515],[98.70936,16.29332],[98.70408,16.27187],[98.66863,16.28605],[98.67164,16.31742],[98.66716,16.32144],[98.66366,16.34911],[98.65258,16.35465],[98.66425,16.36403],[98.65314,16.37075],[98.65797,16.37817],[98.64843,16.39432],[98.65579,16.40004],[98.64252,16.40446],[98.63586,16.41192],[98.64108,16.41553],[98.63912,16.43141],[98.65714,16.45668],[98.65226,16.47032],[98.63348,16.47848],[98.62625,16.49688],[98.61409,16.50656],[98.60738,16.52321],[98.59775,16.53323],[98.59693,16.54575],[98.58826,16.54534],[98.58788,16.55539],[98.57898,16.55667],[98.57895,16.56484],[98.58692,16.56672],[98.57978,16.57396],[98.5843,16.57955],[98.58177,16.60105],[98.57638,16.59911],[98.56843,16.61557],[98.5733,16.6196],[98.57113,16.63176],[98.56073,16.63029],[98.5431,16.63841],[98.53395,16.63548],[98.52533,16.64102],[98.5238,16.6495],[98.51219,16.6445],[98.51448,16.66948],[98.51846,16.67578],[98.51466,16.68658],[98.51782,16.70039],[98.50923,16.70063],[98.5,16.69113],[98.49714,16.70383],[98.50312,16.71148],[98.49526,16.71633],[98.49242,16.70954],[98.48507,16.71657],[98.47006,16.71295],[98.47564,16.7224],[98.46408,16.72816],[98.46921,16.73745],[98.46477,16.75204],[98.4747,16.74558],[98.47722,16.76405],[98.4898,16.77271],[98.48353,16.78095],[98.4851,16.78935],[98.49506,16.79164],[98.5065,16.78813],[98.50641,16.7962],[98.51971,16.78986],[98.52561,16.79924],[98.51652,16.79785],[98.52053,16.80784],[98.54742,16.81319],[98.53805,16.82878],[98.52541,16.82744],[98.52343,16.8341],[98.51167,16.83778],[98.50134,16.83289],[98.49219,16.84177],[98.49688,16.85861],[98.50594,16.86713],[98.51096,16.85684],[98.51602,16.86017],[98.50764,16.87809],[98.51633,16.88028],[98.53999,16.86222],[98.52601,16.88475],[98.53595,16.89393],[98.53331,16.90012],[98.51327,16.90162],[98.52024,16.90947],[98.51966,16.91833],[98.501,16.91793],[98.50575,16.9276],[98.48955,16.92316],[98.49076,16.935],[98.48244,16.94023],[98.49548,16.94995],[98.50845,16.94796],[98.49936,16.9577],[98.48849,16.95744],[98.48968,16.96991],[98.47488,16.96837],[98.46816,16.97467],[98.47821,16.97612],[98.47327,16.99538],[98.45774,16.99185],[98.44754,16.99735],[98.45535,17.01054],[98.44962,17.02429],[98.43888,17.02061],[98.43795,17.03496],[98.42399,17.04349],[98.41684,17.04268],[98.41209,17.05311],[98.404,17.05624],[98.39604,17.04726],[98.39059,17.0603],[98.37185,17.05677],[98.36192,17.0496],[98.34512,17.04776],[98.32281,17.06381],[98.31196,17.07911],[98.31341,17.08847],[98.30176,17.08881],[98.30842,17.10099],[98.31415,17.09424],[98.31913,17.11247],[98.29967,17.10982],[98.29712,17.12727],[98.29332,17.11361],[98.28013,17.11521],[98.28673,17.13088],[98.2845,17.14264],[98.29646,17.14116],[98.29723,17.14883],[98.28653,17.15621],[98.27224,17.15079],[98.26721,17.16029],[98.28047,17.16831],[98.27991,17.17275],[98.25881,17.17765],[98.26427,17.1867],[98.25,17.18195],[98.25189,17.19702],[98.24442,17.19706],[98.24746,17.20896],[98.23837,17.20993],[98.22891,17.2029],[98.22779,17.20959],[98.24177,17.21973],[98.23861,17.23039],[98.22684,17.22092],[98.21207,17.229],[98.20468,17.24973],[98.19556,17.25497],[98.17449,17.25862],[98.16451,17.26576],[98.1671,17.27314],[98.14633,17.29198],[98.13665,17.29144],[98.1341,17.30671],[98.12892,17.30727],[98.12476,17.32107],[98.11197,17.31964],[98.10506,17.33699],[98.1048,17.35408],[98.11931,17.37077],[98.11165,17.37495],[98.11014,17.38549],[98.08843,17.39631],[98.08199,17.38994],[98.06064,17.42065],[98.04536,17.43024],[98.05698,17.43812],[98.03687,17.45165],[97.99155,17.51105],[97.97005,17.5085],[97.96753,17.52101],[97.96108,17.52798],[97.9347,17.5335],[97.92298,17.53948],[97.91896,17.55777],[97.91358,17.55891],[97.90644,17.58304],[97.87733,17.60645],[97.84833,17.62621],[97.84585,17.63123],[97.8225,17.65202],[97.82003,17.66003],[97.79346,17.67952],[97.79153,17.69134],[97.77432,17.70733],[97.76296,17.72553],[97.76271,17.74566],[97.7739,17.74962],[97.75732,17.77124],[97.74784,17.76872],[97.74141,17.78707],[97.73254,17.79713],[97.72361,17.79906],[97.71776,17.80747],[97.71809,17.81934],[97.70297,17.81572],[97.69114,17.83337],[97.69314,17.83985],[97.67436,17.87026],[97.67179,17.88183],[97.68568,17.90917],[97.68753,17.92573],[97.70649,17.94565],[97.72955,17.95179],[97.73572,17.95863],[97.73541,17.98854],[97.7211,18.01199],[97.72182,18.02618],[97.69932,18.06596],[97.68783,18.05958],[97.67986,18.07247],[97.68903,18.07937],[97.68835,18.09534],[97.67777,18.11453],[97.67742,18.15456],[97.67465,18.1633],[97.65107,18.17855],[97.64259,18.19329],[97.62677,18.20783],[97.615,18.22304],[97.60849,18.24187],[97.61195,18.25148],[97.63324,18.27124],[97.63862,18.28854],[97.61887,18.31836],[97.5752,18.33837],[97.55907,18.33872],[97.55037,18.3334],[97.53667,18.2876],[97.52391,18.275],[97.50284,18.26658],[97.48436,18.29031],[97.46139,18.30967],[97.44694,18.33117],[97.44158,18.35577],[97.45227,18.38688],[97.4424,18.40247],[97.42532,18.40946],[97.41749,18.43621],[97.40362,18.44903],[97.39385,18.47276],[97.38591,18.5067],[97.37326,18.52278],[97.35835,18.52936],[97.34678,18.54429],[97.34406,18.57766],[97.36222,18.59931],[97.36288,18.55805],[97.3885,18.55997],[97.40509,18.56765],[97.40669,18.558],[97.42809,18.54299],[97.42884,18.52463],[97.43587,18.52073],[97.43668,18.50615],[97.44396,18.49489],[97.45462,18.49355],[97.45873,18.49945],[97.48993,18.50983],[97.49748,18.49642],[97.50528,18.4926],[97.51445,18.49687],[97.53685,18.49266],[97.54591,18.53052],[97.56388,18.52164],[97.57147,18.53433],[97.58234,18.53283],[97.58791,18.53779],[97.60473,18.53671],[97.6065,18.54333],[97.62276,18.54376],[97.61437,18.56121],[97.62711,18.5656],[97.63376,18.55874],[97.65096,18.57701],[97.67112,18.5735],[97.68263,18.57555],[97.69322,18.56956],[97.72269,18.57362],[97.72633,18.5861],[97.75166,18.57598],[97.76845,18.57793],[97.77359,18.61938],[97.76716,18.63271],[97.77111,18.63725],[97.77244,18.65538],[97.76749,18.66929],[97.77214,18.67327],[97.77403,18.68916],[97.76499,18.70879],[97.75792,18.71222],[97.75178,18.73734],[97.75769,18.74381],[97.76195,18.76236],[97.75337,18.76708],[97.754,18.78462],[97.74862,18.79848],[97.7532,18.80831],[97.7469,18.81046],[97.73942,18.82975],[97.74985,18.8438],[97.74758,18.8569],[97.74085,18.86066],[97.74105,18.8821],[97.73714,18.88673],[97.71934,18.88648],[97.71102,18.89704],[97.7037,18.8976],[97.68873,18.9167],[97.68918,18.92557],[97.66746,18.93165],[97.66575,18.93788],[97.68349,18.95281],[97.69157,18.9483],[97.70487,18.96625],[97.72184,18.96746],[97.73901,18.98086],[97.73561,19.01536],[97.73893,19.02088],[97.73561,19.04064],[97.7523,19.04215],[97.76024,19.03847],[97.76949,19.04459],[97.77183,19.05515],[97.7646,19.06682],[97.78033,19.07585],[97.79222,19.07347],[97.81206,19.09102],[97.83553,19.0929],[97.84061,19.11786],[97.83446,19.13402],[97.83659,19.14367],[97.84487,19.14895],[97.83879,19.17049],[97.84452,19.18194],[97.83822,19.1942],[97.84519,19.20111],[97.84187,19.22486],[97.82606,19.23044],[97.8265,19.23775],[97.81784,19.23804],[97.80964,19.25299],[97.79211,19.26288],[97.78375,19.26377],[97.79084,19.28348],[97.80104,19.28907],[97.81068,19.2798],[97.82558,19.28273],[97.83165,19.291],[97.8429,19.28983],[97.84064,19.30078],[97.8297,19.30229],[97.82409,19.31519],[97.82552,19.32426],[97.81147,19.33384],[97.81388,19.34004],[97.79835,19.35293],[97.80464,19.38484],[97.78565,19.39838],[97.78839,19.40368],[97.80307,19.40468],[97.806,19.41046],[97.82709,19.43015],[97.82723,19.43901],[97.85022,19.46649],[97.85752,19.4689],[97.86229,19.48292],[97.87165,19.48481],[97.87267,19.49523],[97.88827,19.50079],[97.87356,19.50912],[97.86546,19.52623],[97.85508,19.53078],[97.85704,19.55325],[97.86319,19.56437],[97.86184,19.57557],[97.88159,19.58097],[97.89126,19.57617],[97.90948,19.5842],[97.91968,19.58499],[97.94183,19.59745],[97.95964,19.59311],[97.96117,19.59902],[97.97442,19.60115],[97.97244,19.63337],[97.98225,19.63876],[98.0,19.63561],[98.01432,19.63956],[98.02606,19.63731],[98.04548,19.6526],[98.04237,19.66576],[98.03338,19.67016],[98.029,19.68827],[98.0345,19.70093],[98.02559,19.71417],[98.03199,19.72491],[98.02951,19.73447],[98.03787,19.76509],[98.03332,19.77317],[98.03467,19.80584],[98.0475,19.81143],[98.05836,19.80347],[98.06674,19.80991],[98.08327,19.81022],[98.08282,19.79257],[98.09045,19.79098],[98.10055,19.77198],[98.11334,19.77386],[98.13555,19.78815],[98.1508,19.77421],[98.16332,19.77356],[98.17944,19.75983],[98.19306,19.73783],[98.21592,19.72579],[98.22992,19.72591],[98.23814,19.70825],[98.23142,19.70058],[98.23578,19.68895],[98.24867,19.67624],[98.26658,19.68336],[98.28716,19.68486],[98.29663,19.68204],[98.32334,19.69882],[98.33715,19.69379],[98.34502,19.69829],[98.36965,19.68913],[98.37702,19.69762],[98.39335,19.70418],[98.40637,19.69493],[98.44132,19.69288],[98.46032,19.69778],[98.46689,19.69263],[98.47175,19.67645],[98.46887,19.66209],[98.48007,19.6555],[98.49106,19.64166],[98.50501,19.63095],[98.52106,19.62613],[98.52656,19.61371],[98.53979,19.6091],[98.5359,19.60248],[98.54242,19.55868],[98.56602,19.54704],[98.56273,19.5288],[98.56865,19.50701],[98.57513,19.51215],[98.58426,19.50536],[98.5949,19.48896],[98.59253,19.4843],[98.59888,19.47012],[98.58453,19.44422],[98.58937,19.42227],[98.58671,19.4142],[98.59607,19.4071],[98.58603,19.39755],[98.57936,19.39928],[98.57374,19.39099],[98.58174,19.36543],[98.59448,19.3572],[98.59004,19.35323],[98.59354,19.34033],[98.58873,19.33278],[98.60141,19.31467],[98.59962,19.29843],[98.59385,19.28932],[98.60388,19.27984],[98.59134,19.26712],[98.5874,19.25476],[98.59843,19.22943],[98.57759,19.21494],[98.569,19.2167],[98.56939,19.20584],[98.5768,19.20176],[98.58238,19.18864],[98.60542,19.18058],[98.60774,19.17254],[98.62089,19.16809],[98.62179,19.15785],[98.63346,19.15569],[98.63221,19.14232],[98.64144,19.12801],[98.64347,19.10549],[98.65167,19.09439],[98.64621,19.07631],[98.63256,19.06233],[98.60276,19.05306],[98.59133,19.04305],[98.5801,19.0483],[98.55496,19.0375],[98.5463,19.02676],[98.52853,19.02466],[98.51231,19.03367],[98.47778,19.04335],[98.46892,19.04165],[98.45674,19.0465],[98.43858,19.04797],[98.42895,19.04193],[98.42221,19.02791],[98.40108,19.0403],[98.38606,19.06155],[98.37179,19.06771],[98.37232,19.08365],[98.35635,19.09006],[98.34327,19.12242],[98.34952,19.1315],[98.34144,19.13887],[98.34299,19.15283],[98.33005,19.15037],[98.3252,19.15553],[98.30594,19.15281],[98.30593,19.15281]]]]}},{"type":"Feature","properties":{"code":"02","name":"ลุ่มน้ำโขงเหนือ"},"geometry":{"type":"MultiPolygon","coordinates":[[[[98.93253,19.77361],[98.94216,19.76882],[98.9607,19.77392],[98.99601,19.79109],[99.00606,19.78788],[99.01515,19.79416],[99.01793,19.80974],[99.03079,19.83438],[99.03387,19.85562],[99.02288,19.86558],[99.02623,19.88202],[99.02188,19.90673],[99.02756,19.90911],[99.02145,19.92744],[99.03152,19.9244],[99.04267,19.93075],[99.04511,19.94836],[99.03968,19.96512],[99.03179,19.97354],[99.0367,19.98983],[99.05107,19.9975],[99.05421,20.00461],[99.04613,20.00959],[99.0441,20.0387],[99.05363,20.05044],[99.05672,20.06331],[99.06628,20.06756],[99.06916,20.09237],[99.07745,20.10184],[99.09075,20.09745],[99.0939,20.10711],[99.09972,20.09781],[99.1194,20.10095],[99.12745,20.10582],[99.12633,20.11802],[99.1407,20.12167],[99.15963,20.13286],[99.19159,20.1271],[99.21309,20.13101],[99.22205,20.11918],[99.23124,20.12524],[99.24654,20.11216],[99.27923,20.11656],[99.28198,20.1139],[99.34187,20.10575],[99.3511,20.09633],[99.36563,20.09906],[99.38354,20.08747],[99.39984,20.08586],[99.41639,20.09318],[99.44048,20.09179],[99.44577,20.0991],[99.45534,20.09798],[99.47254,20.10924],[99.48227,20.10907],[99.49764,20.11589],[99.49449,20.13373],[99.51361,20.14744],[99.51415,20.15333],[99.53921,20.14676],[99.53798,20.16573],[99.55085,20.17517],[99.55682,20.19539],[99.56526,20.20397],[99.55552,20.21676],[99.54457,20.21739],[99.53423,20.23143],[99.52304,20.23191],[99.5216,20.24994],[99.51391,20.27978],[99.50909,20.28654],[99.50596,20.30721],[99.51001,20.3125],[99.50713,20.32595],[99.48779,20.34687],[99.47394,20.35002],[99.46746,20.35885],[99.45579,20.36262],[99.45838,20.393],[99.47241,20.39419],[99.48938,20.38312],[99.49519,20.38527],[99.51346,20.36789],[99.53424,20.3564],[99.55849,20.35788],[99.56006,20.35358],[99.58425,20.34225],[99.61318,20.33199],[99.63302,20.3418],[99.64828,20.3411],[99.65637,20.32873],[99.68194,20.31616],[99.69816,20.32642],[99.71055,20.32421],[99.71996,20.33126],[99.71741,20.34198],[99.73072,20.35016],[99.75838,20.33913],[99.77038,20.34176],[99.77618,20.33539],[99.81066,20.33622],[99.82433,20.35182],[99.82866,20.36389],[99.84001,20.3738],[99.83842,20.38986],[99.84179,20.40461],[99.8598,20.42176],[99.86464,20.43283],[99.85953,20.44096],[99.89704,20.44869],[99.91613,20.44934],[99.92107,20.44566],[99.92878,20.45441],[99.94424,20.45727],[99.95972,20.46497],[99.96623,20.4557],[99.9802,20.45051],[99.97396,20.4436],[99.98911,20.43431],[99.98705,20.42243],[100.00529,20.41402],[100.00752,20.41853],[100.01855,20.41285],[100.03976,20.3933],[100.05901,20.39641],[100.0659,20.38536],[100.06639,20.37525],[100.07616,20.3801],[100.08579,20.36866],[100.07954,20.36516],[100.0964,20.31946],[100.09912,20.30791],[100.09094,20.27237],[100.09577,20.26322],[100.11531,20.24937],[100.1352,20.24876],[100.16221,20.23983],[100.17557,20.25],[100.18036,20.26621],[100.16914,20.28354],[100.16738,20.29791],[100.17332,20.3042],[100.19371,20.31113],[100.21634,20.31412],[100.22834,20.33101],[100.22435,20.34672],[100.2276,20.35684],[100.2475,20.37008],[100.24925,20.38453],[100.27213,20.40083],[100.30256,20.39819],[100.31407,20.402],[100.33014,20.39868],[100.35475,20.37892],[100.35879,20.35695],[100.37334,20.35285],[100.38323,20.31258],[100.40749,20.27889],[100.41133,20.26025],[100.41791,20.25116],[100.45165,20.23316],[100.45724,20.22403],[100.45387,20.21048],[100.45737,20.19824],[100.4651,20.1982],[100.47912,20.18764],[100.49732,20.16861],[100.50618,20.15224],[100.51434,20.14512],[100.52689,20.14324],[100.54955,20.17328],[100.56836,20.17508],[100.57789,20.16856],[100.57098,20.1364],[100.56964,20.09826],[100.56048,20.08606],[100.55829,20.06518],[100.55091,20.04322],[100.55162,20.03061],[100.54171,20.02208],[100.5436,20.0139],[100.53052,19.97928],[100.52544,19.95814],[100.51639,19.94051],[100.52189,19.93074],[100.5203,19.91487],[100.51366,19.90921],[100.51888,19.90327],[100.51298,19.89133],[100.50054,19.88197],[100.50129,19.8708],[100.47188,19.85672],[100.46181,19.85759],[100.44955,19.84823],[100.4424,19.83579],[100.44765,19.82949],[100.44056,19.80958],[100.43806,19.79109],[100.41811,19.78424],[100.40396,19.75306],[100.40667,19.73546],[100.42522,19.72903],[100.43823,19.71929],[100.44654,19.70688],[100.43621,19.69546],[100.42808,19.67283],[100.44412,19.66195],[100.44202,19.64327],[100.44632,19.62958],[100.45783,19.62663],[100.46056,19.61838],[100.47748,19.61351],[100.49094,19.58153],[100.48967,19.56887],[100.48123,19.55971],[100.48577,19.54417],[100.50173,19.53843],[100.51262,19.5238],[100.52349,19.5192],[100.53333,19.52475],[100.55004,19.5195],[100.55722,19.51027],[100.57468,19.49929],[100.58088,19.49923],[100.59869,19.51022],[100.60262,19.47924],[100.58181,19.47359],[100.56553,19.45497],[100.56524,19.43745],[100.53996,19.41592],[100.52576,19.4086],[100.4922,19.39894],[100.46619,19.40013],[100.44276,19.39376],[100.42043,19.40203],[100.41117,19.39758],[100.38733,19.39436],[100.38989,19.38756],[100.3803,19.3784],[100.35805,19.39268],[100.35631,19.37061],[100.34725,19.35803],[100.3309,19.37123],[100.31303,19.36422],[100.31038,19.33974],[100.28489,19.34283],[100.2765,19.33316],[100.25394,19.34513],[100.24871,19.35109],[100.23561,19.34554],[100.22768,19.33319],[100.23272,19.32031],[100.2457,19.3132],[100.24369,19.30348],[100.26053,19.28787],[100.26437,19.26257],[100.24244,19.25899],[100.23667,19.26536],[100.22486,19.26488],[100.21312,19.22812],[100.19799,19.23124],[100.18557,19.22824],[100.17282,19.21667],[100.16339,19.21533],[100.14241,19.20127],[100.13551,19.18982],[100.13168,19.16897],[100.12537,19.15516],[100.11411,19.1561],[100.1106,19.09111],[100.10727,19.0761],[100.11343,19.06635],[100.12503,19.0586],[100.11929,19.03763],[100.11113,19.03356],[100.11243,19.02633],[100.10531,19.01464],[100.10887,19.00123],[100.11858,18.98766],[100.1144,18.97792],[100.12578,18.9743],[100.12212,18.96513],[100.11986,18.93623],[100.11344,18.92881],[100.09642,18.9268],[100.0833,18.93622],[100.05721,18.9294],[100.0583,18.91695],[100.04441,18.90081],[100.0333,18.90264],[100.01673,18.89632],[100.00833,18.90532],[99.99642,18.90554],[99.98022,18.92001],[99.94506,18.94322],[99.93902,18.96135],[99.92577,18.9798],[99.91001,18.98822],[99.9061,18.9834],[99.88924,18.98888],[99.88219,19.00036],[99.87106,18.99657],[99.85523,19.00269],[99.83839,19.00152],[99.82973,19.0105],[99.83416,19.02793],[99.83294,19.04042],[99.82037,19.04674],[99.82006,19.0604],[99.79433,19.05348],[99.77353,19.06427],[99.77381,19.07641],[99.76868,19.07755],[99.75695,19.12195],[99.75723,19.13487],[99.7426,19.14443],[99.73851,19.15933],[99.72641,19.16941],[99.72922,19.18119],[99.72214,19.19258],[99.7109,19.23765],[99.70485,19.24088],[99.70284,19.25391],[99.70553,19.27495],[99.7027,19.29705],[99.69882,19.30178],[99.70143,19.31773],[99.70839,19.33057],[99.70714,19.34503],[99.70074,19.34723],[99.69212,19.36407],[99.69608,19.38031],[99.69061,19.38796],[99.68289,19.41706],[99.68225,19.45847],[99.66672,19.46134],[99.66493,19.47087],[99.65164,19.46525],[99.65168,19.47782],[99.64315,19.48256],[99.6424,19.51022],[99.61723,19.51262],[99.60536,19.50625],[99.59128,19.48105],[99.58477,19.47772],[99.58678,19.46246],[99.56939,19.4438],[99.5637,19.40364],[99.57599,19.38897],[99.57538,19.36249],[99.57922,19.34902],[99.57357,19.34474],[99.58107,19.33832],[99.57558,19.32746],[99.58017,19.31083],[99.57747,19.29237],[99.57103,19.29317],[99.55971,19.2716],[99.55884,19.25778],[99.5522,19.25786],[99.5458,19.2398],[99.54074,19.20607],[99.54267,19.19453],[99.53598,19.16229],[99.54828,19.15696],[99.55396,19.1445],[99.55996,19.14277],[99.55708,19.12988],[99.5448,19.114],[99.53729,19.10941],[99.53621,19.08513],[99.52927,19.07616],[99.49429,19.07726],[99.4839,19.07031],[99.46523,19.03577],[99.46087,19.03505],[99.43823,19.01437],[99.43633,19.00765],[99.401,18.99969],[99.39502,19.01823],[99.38991,19.02069],[99.38319,19.04302],[99.38305,19.06452],[99.36567,19.06905],[99.36493,19.07927],[99.34279,19.09474],[99.32959,19.11785],[99.32108,19.12349],[99.32344,19.14256],[99.31646,19.17036],[99.30611,19.17659],[99.30969,19.20559],[99.31488,19.20916],[99.30986,19.21781],[99.31729,19.22795],[99.32275,19.24401],[99.33742,19.25556],[99.34216,19.26624],[99.3372,19.28416],[99.33801,19.29854],[99.32895,19.31397],[99.32866,19.32687],[99.31655,19.35125],[99.33249,19.36141],[99.3318,19.37744],[99.32601,19.38848],[99.32858,19.39715],[99.31997,19.40709],[99.30914,19.42929],[99.31735,19.45462],[99.31068,19.47125],[99.30619,19.47302],[99.3081,19.48617],[99.30072,19.48654],[99.2949,19.49863],[99.30167,19.5174],[99.31172,19.52865],[99.29644,19.53616],[99.28524,19.56481],[99.27218,19.56451],[99.26908,19.56954],[99.25135,19.56305],[99.24806,19.55465],[99.23045,19.5488],[99.23068,19.53602],[99.21385,19.52369],[99.20375,19.52971],[99.19832,19.53933],[99.18941,19.53966],[99.18581,19.54816],[99.17458,19.54962],[99.17757,19.5764],[99.1678,19.5752],[99.15821,19.58278],[99.1351,19.56993],[99.1264,19.58244],[99.10509,19.60268],[99.10317,19.61457],[99.08941,19.63329],[99.07643,19.63771],[99.07881,19.65752],[99.06925,19.65815],[99.05315,19.68203],[99.03749,19.68266],[99.03312,19.68853],[99.0273,19.67064],[99.01508,19.6758],[99.01332,19.68859],[98.99903,19.69401],[98.98323,19.67754],[98.96997,19.68863],[98.9549,19.67202],[98.94569,19.67964],[98.92693,19.68158],[98.92139,19.68955],[98.90784,19.69413],[98.91597,19.71068],[98.90928,19.71151],[98.91421,19.73035],[98.91187,19.73694],[98.92603,19.75193],[98.93036,19.76305],[98.92626,19.76806],[98.93253,19.77361]]]]}},{"type":"Feature","properties":{"code":"03","name":"ลุ่มน้ำโขงตะวันออกเฉียงเหนือ"},"geometry":{"type":"MultiPolygon","coordinates":[[[[105.51373,15.24824],[105.52071,15.27306],[105.51409,15.28228],[105.52141,15.28455],[105.51745,15.30046],[105.50651,15.3019],[105.5048,15.31579],[105.51833,15.32164],[105.54258,15.32397],[105.55076,15.32201],[105.57345,15.32856],[105.58438,15.31554],[105.58103,15.30748],[105.5918,15.27387],[105.58378,15.26023],[105.56042,15.26138],[105.55847,15.24924],[105.54532,15.25374],[105.53169,15.2441],[105.51373,15.24824]]],[[[105.48149,15.32058],[105.47663,15.31495],[105.43043,15.3255],[105.42192,15.34012],[105.42388,15.35048],[105.41568,15.35652],[105.42412,15.36702],[105.42581,15.37627],[105.42299,15.4025],[105.41128,15.41053],[105.41267,15.41947],[105.40573,15.42794],[105.41135,15.44579],[105.40674,15.45457],[105.38301,15.47535],[105.39014,15.50344],[105.40192,15.50878],[105.40395,15.51598],[105.41579,15.52331],[105.41245,15.53403],[105.41613,15.54252],[105.40768,15.55581],[105.39918,15.55927],[105.39141,15.5724],[105.3813,15.57147],[105.37879,15.57967],[105.38769,15.59205],[105.3822,15.60286],[105.38714,15.61306],[105.38519,15.62328],[105.39294,15.63551],[105.38295,15.6367],[105.38211,15.65248],[105.361,15.6478],[105.34931,15.65201],[105.33831,15.64657],[105.31671,15.65625],[105.31017,15.66356],[105.3008,15.66229],[105.28914,15.67687],[105.27963,15.67328],[105.26316,15.6833],[105.25806,15.70108],[105.24811,15.70696],[105.24929,15.71715],[105.24098,15.71523],[105.22572,15.73699],[105.21739,15.73797],[105.21806,15.74685],[105.20828,15.75401],[105.19581,15.75432],[105.1971,15.77781],[105.18271,15.7723],[105.17978,15.77962],[105.16523,15.77561],[105.16781,15.78948],[105.16257,15.80108],[105.14681,15.81633],[105.14113,15.82806],[105.13325,15.82399],[105.11963,15.83893],[105.11879,15.8477],[105.10789,15.85793],[105.1042,15.8515],[105.086,15.83931],[105.07155,15.84597],[105.05666,15.86546],[105.05106,15.86849],[105.03802,15.89998],[105.01253,15.9068],[105.00899,15.91878],[105.00072,15.9244],[104.99843,15.94255],[104.978,15.94507],[104.97564,15.93733],[104.96398,15.9254],[104.95229,15.92491],[104.93436,15.93221],[104.92767,15.9298],[104.91877,15.93697],[104.9082,15.9224],[104.89508,15.9287],[104.89508,15.93816],[104.85081,15.93752],[104.83543,15.93518],[104.83436,15.92697],[104.80849,15.92136],[104.79677,15.91416],[104.78447,15.92836],[104.77984,15.94243],[104.80634,15.95354],[104.80495,15.9686],[104.80939,15.9715],[104.80539,15.98821],[104.8058,16.00706],[104.79529,16.01917],[104.79898,16.03031],[104.79225,16.03082],[104.78068,16.05085],[104.77068,16.05067],[104.77309,16.06856],[104.7626,16.0717],[104.75575,16.08407],[104.74039,16.08029],[104.73097,16.09631],[104.71449,16.09655],[104.71547,16.10605],[104.70405,16.10801],[104.69523,16.13151],[104.70301,16.12578],[104.71963,16.12191],[104.7256,16.13938],[104.75724,16.16013],[104.74968,16.18075],[104.75598,16.18982],[104.75484,16.1984],[104.70496,16.2072],[104.691,16.21632],[104.69014,16.22636],[104.68161,16.22483],[104.66214,16.24108],[104.65789,16.22549],[104.65038,16.21693],[104.63467,16.20998],[104.61493,16.21553],[104.60184,16.22601],[104.60019,16.23922],[104.58364,16.23852],[104.5751,16.25259],[104.58137,16.25428],[104.58323,16.26888],[104.57014,16.26633],[104.56192,16.27726],[104.56238,16.28564],[104.54953,16.30783],[104.53917,16.30526],[104.52319,16.31507],[104.5094,16.31631],[104.50834,16.33013],[104.50032,16.34114],[104.48378,16.34206],[104.48243,16.35097],[104.45762,16.36496],[104.45253,16.35423],[104.44054,16.35176],[104.43809,16.34539],[104.4143,16.34548],[104.41114,16.35424],[104.39473,16.35234],[104.36696,16.34096],[104.35168,16.32815],[104.34074,16.3002],[104.34386,16.2918],[104.33567,16.28145],[104.31152,16.29056],[104.30341,16.29095],[104.30055,16.29538],[104.30347,16.29456],[104.32193,16.32554],[104.31975,16.3305],[104.32787,16.34041],[104.32667,16.35573],[104.31829,16.37723],[104.31569,16.39747],[104.31988,16.42407],[104.31457,16.43011],[104.31168,16.45216],[104.29532,16.47166],[104.2896,16.47396],[104.28999,16.48506],[104.27528,16.49856],[104.26474,16.49346],[104.24845,16.49514],[104.2467,16.50158],[104.23327,16.50757],[104.22758,16.51645],[104.23534,16.52764],[104.24835,16.5297],[104.24023,16.54604],[104.21634,16.5589],[104.22068,16.57819],[104.20626,16.5943],[104.17796,16.59732],[104.17422,16.61024],[104.18025,16.62266],[104.17512,16.63589],[104.18382,16.63806],[104.19861,16.66112],[104.18568,16.66979],[104.16654,16.67498],[104.1618,16.68368],[104.17003,16.69762],[104.15452,16.69842],[104.15098,16.71595],[104.13325,16.73413],[104.13219,16.76121],[104.12008,16.75848],[104.11466,16.76856],[104.09887,16.78465],[104.09173,16.79789],[104.09115,16.81087],[104.07959,16.81154],[104.06877,16.82428],[104.06566,16.83666],[104.04995,16.8422],[104.047,16.84799],[104.03986,16.84041],[104.03328,16.85321],[104.02299,16.85749],[103.99794,16.8372],[103.98093,16.8364],[103.97819,16.82336],[103.96837,16.81061],[103.96115,16.82293],[103.95634,16.82084],[103.95432,16.80003],[103.94912,16.78624],[103.95333,16.77973],[103.9403,16.77229],[103.93647,16.78075],[103.92221,16.78997],[103.91859,16.79731],[103.90161,16.80396],[103.88917,16.81568],[103.87402,16.8186],[103.869,16.833],[103.84584,16.83943],[103.83607,16.84943],[103.83829,16.8641],[103.82575,16.86693],[103.80751,16.8852],[103.7877,16.8858],[103.79193,16.89361],[103.78856,16.90438],[103.78172,16.90764],[103.78212,16.92354],[103.77723,16.93943],[103.77982,16.95113],[103.7715,16.95314],[103.76366,16.96457],[103.75765,16.96048],[103.75175,16.9741],[103.74232,16.97155],[103.7436,16.97845],[103.73184,16.9861],[103.72453,16.98029],[103.71978,16.98636],[103.73008,17.00345],[103.7237,17.0147],[103.70613,17.02194],[103.69425,17.0351],[103.68408,17.0282],[103.67854,17.03175],[103.6694,17.02153],[103.6584,17.02771],[103.66505,17.05207],[103.6612,17.06656],[103.6534,17.07718],[103.66108,17.08706],[103.66708,17.10439],[103.65416,17.11538],[103.63604,17.11323],[103.63647,17.1195],[103.62128,17.14829],[103.61248,17.15131],[103.59806,17.17023],[103.59237,17.17141],[103.57075,17.15652],[103.52306,17.19197],[103.47719,17.21604],[103.47117,17.20623],[103.45272,17.20745],[103.44491,17.19534],[103.42905,17.20343],[103.40964,17.19145],[103.40436,17.17536],[103.38711,17.17675],[103.38233,17.18386],[103.36382,17.19492],[103.33207,17.19533],[103.33032,17.19153],[103.29995,17.20129],[103.29724,17.20864],[103.26035,17.24628],[103.25994,17.25587],[103.26622,17.26363],[103.25714,17.27521],[103.24076,17.28045],[103.23494,17.29387],[103.22401,17.29456],[103.21952,17.28113],[103.21011,17.28433],[103.208,17.30191],[103.17759,17.30047],[103.16982,17.30454],[103.14239,17.30421],[103.13965,17.29425],[103.11353,17.28242],[103.10396,17.28525],[103.09346,17.2807],[103.05507,17.27371],[103.04856,17.26481],[103.03624,17.25923],[103.02273,17.26325],[103.00187,17.27541],[102.96975,17.26926],[102.95192,17.26844],[102.94949,17.2769],[102.93134,17.28231],[102.93126,17.29095],[102.91451,17.30065],[102.89723,17.29748],[102.89408,17.28112],[102.88308,17.28244],[102.86262,17.278],[102.84104,17.28034],[102.8314,17.26622],[102.81856,17.25981],[102.80465,17.26161],[102.79393,17.24656],[102.77526,17.23349],[102.76412,17.22965],[102.74061,17.23996],[102.72627,17.22947],[102.70225,17.2457],[102.68816,17.23823],[102.68312,17.22627],[102.67196,17.22703],[102.66959,17.2129],[102.6436,17.20422],[102.64433,17.19227],[102.63522,17.188],[102.62943,17.17665],[102.63092,17.16756],[102.64342,17.1534],[102.65285,17.15409],[102.65389,17.1464],[102.68003,17.14465],[102.69413,17.13808],[102.6922,17.12578],[102.69466,17.10468],[102.70197,17.09486],[102.69927,17.07065],[102.68811,17.06322],[102.67964,17.05055],[102.67724,17.03494],[102.67954,17.01468],[102.66939,16.99369],[102.65128,16.99884],[102.60163,17.03133],[102.57606,17.0427],[102.54273,17.06831],[102.51743,17.10419],[102.50365,17.14775],[102.48706,17.17276],[102.47319,17.19946],[102.49099,17.20812],[102.48026,17.22459],[102.48333,17.23162],[102.47407,17.25139],[102.45736,17.25574],[102.46135,17.26882],[102.45726,17.2818],[102.43884,17.28121],[102.44036,17.30648],[102.38803,17.30596],[102.38213,17.288],[102.37248,17.28532],[102.34894,17.26777],[102.34089,17.27801],[102.31236,17.27981],[102.31073,17.29347],[102.30362,17.29927],[102.28579,17.30326],[102.28414,17.3093],[102.26895,17.31726],[102.26049,17.31283],[102.2463,17.3142],[102.243,17.30997],[102.22829,17.31065],[102.17676,17.36082],[102.1766,17.38141],[102.18376,17.38846],[102.18841,17.40178],[102.17388,17.41868],[102.16598,17.42053],[102.16163,17.41345],[102.14985,17.41906],[102.14051,17.44079],[102.12636,17.44687],[102.09889,17.43771],[102.09176,17.43848],[102.08364,17.44809],[102.07354,17.44154],[102.05749,17.46345],[102.04467,17.46184],[102.03953,17.46794],[102.05156,17.4779],[102.04584,17.48844],[102.06218,17.5014],[102.07129,17.51262],[102.07142,17.52637],[102.05925,17.55107],[102.04586,17.562],[102.04494,17.57521],[102.05029,17.5789],[102.05066,17.5906],[102.04007,17.61417],[102.03722,17.64089],[102.02234,17.63663],[102.00734,17.64546],[102.00201,17.65514],[101.9824,17.65449],[101.97421,17.66413],[101.96414,17.64762],[101.97258,17.62764],[101.97043,17.61608],[101.97511,17.60759],[101.96138,17.60514],[101.95282,17.5969],[101.96447,17.57698],[101.95545,17.57383],[101.95504,17.55099],[101.94372,17.5356],[101.93992,17.52232],[101.94194,17.49443],[101.96654,17.44556],[101.97711,17.42202],[101.97478,17.41811],[102.01079,17.38308],[102.01802,17.37391],[102.01356,17.36374],[102.02028,17.34585],[102.01124,17.33454],[101.99238,17.33467],[101.99079,17.31911],[101.98287,17.31574],[101.97283,17.29696],[101.97338,17.28217],[101.97855,17.27234],[101.95589,17.26031],[101.95111,17.24627],[101.93641,17.2346],[101.94948,17.21269],[101.96736,17.21156],[101.99809,17.19545],[101.97647,17.1878],[101.97975,17.17192],[101.97742,17.15924],[101.93438,17.1565],[101.93277,17.13328],[101.92492,17.12287],[101.9024,17.1193],[101.88238,17.10765],[101.86881,17.10827],[101.86788,17.09844],[101.85719,17.09087],[101.85466,17.07956],[101.84569,17.07134],[101.851,17.06366],[101.84317,17.04723],[101.83002,17.03763],[101.83656,17.02777],[101.81594,17.02584],[101.80448,17.03174],[101.79005,17.04639],[101.75629,17.03338],[101.74482,17.02425],[101.71717,17.01353],[101.71791,16.99682],[101.70092,16.98281],[101.68658,16.9628],[101.64084,16.95106],[101.62337,16.95432],[101.61282,16.96706],[101.60444,16.95912],[101.58412,16.9619],[101.57125,16.96048],[101.56028,16.94494],[101.55253,16.94814],[101.5471,16.94239],[101.53166,16.9448],[101.52769,16.95495],[101.53165,16.96924],[101.51758,16.99303],[101.50943,16.99125],[101.49654,17.00759],[101.50426,17.01025],[101.49924,17.0198],[101.50468,17.03096],[101.51229,17.03412],[101.50708,17.052],[101.48998,17.05537],[101.48069,17.07407],[101.47782,17.08669],[101.46503,17.09386],[101.45797,17.11705],[101.46297,17.12174],[101.45252,17.13091],[101.45285,17.1408],[101.44674,17.14558],[101.45657,17.16576],[101.45429,17.18466],[101.43765,17.19023],[101.43396,17.19775],[101.42349,17.19831],[101.41803,17.2094],[101.42004,17.23668],[101.4148,17.24361],[101.40736,17.2723],[101.39992,17.27611],[101.39119,17.25088],[101.37901,17.24978],[101.37305,17.26538],[101.36491,17.26879],[101.36133,17.25561],[101.34926,17.2604],[101.31578,17.24852],[101.30949,17.24286],[101.30964,17.23264],[101.2987,17.22512],[101.28711,17.22849],[101.2794,17.23962],[101.28074,17.24712],[101.25796,17.26721],[101.25106,17.26872],[101.2501,17.25779],[101.23096,17.25246],[101.20278,17.21968],[101.18851,17.23781],[101.15979,17.23038],[101.14386,17.22385],[101.13208,17.20678],[101.13245,17.19774],[101.1418,17.187],[101.13726,17.17718],[101.14576,17.16919],[101.15274,17.13626],[101.14408,17.1153],[101.14064,17.07052],[101.1335,17.03715],[101.13718,17.0206],[101.13553,16.98692],[101.13057,16.96511],[101.12798,16.92751],[101.11294,16.92243],[101.10766,16.8981],[101.09417,16.89223],[101.07864,16.89869],[101.06867,16.90514],[101.07134,16.92446],[101.06278,16.92903],[101.03851,16.92973],[101.02926,16.94475],[101.0421,16.94828],[101.05243,16.95708],[101.04461,16.96665],[101.04934,16.97485],[101.04326,16.9826],[101.03038,17.00942],[101.04785,17.01721],[101.05131,17.02909],[101.05802,17.02935],[101.05464,17.04333],[101.0589,17.0608],[101.05126,17.07654],[101.05789,17.08562],[101.05688,17.09457],[101.0709,17.11474],[101.07155,17.13228],[101.07769,17.13662],[101.08019,17.16731],[101.09076,17.16554],[101.10195,17.17234],[101.09742,17.18268],[101.11394,17.19277],[101.11376,17.19995],[101.10481,17.20828],[101.1096,17.2323],[101.09541,17.24848],[101.0963,17.26482],[101.08194,17.27578],[101.04974,17.28414],[101.02757,17.30997],[101.01092,17.31559],[101.00625,17.33436],[100.99168,17.3415],[100.98709,17.33865],[100.96988,17.34135],[100.95471,17.33538],[100.94558,17.341],[100.92888,17.33572],[100.91415,17.3428],[100.91727,17.3592],[100.91402,17.37532],[100.9183,17.40184],[100.92305,17.40278],[100.92125,17.43129],[100.91469,17.43528],[100.91626,17.45108],[100.89508,17.46247],[100.87416,17.44956],[100.85586,17.45124],[100.83504,17.46808],[100.83281,17.47916],[100.84385,17.49122],[100.84527,17.5033],[100.86503,17.5163],[100.87133,17.53153],[100.86052,17.54645],[100.86745,17.56869],[100.87767,17.58307],[100.90074,17.59687],[100.90866,17.61615],[100.91664,17.61676],[100.94288,17.64133],[100.95359,17.65482],[100.95927,17.65548],[100.95907,17.67508],[100.98073,17.68653],[100.98727,17.69433],[101.00016,17.69929],[101.00934,17.7004],[100.99875,17.67937],[100.9926,17.67449],[100.99071,17.66174],[100.99492,17.64159],[100.98793,17.61205],[100.97724,17.59597],[100.96876,17.59315],[100.96771,17.57172],[100.98981,17.56748],[101.00293,17.55632],[101.02419,17.55736],[101.02402,17.55176],[101.04601,17.54315],[101.04621,17.53018],[101.06097,17.52703],[101.06039,17.51645],[101.07987,17.50254],[101.0813,17.50594],[101.10275,17.50919],[101.09372,17.4963],[101.10676,17.49243],[101.10973,17.48015],[101.1218,17.48398],[101.13064,17.47312],[101.14619,17.47844],[101.14934,17.46666],[101.16381,17.46979],[101.16315,17.49142],[101.18356,17.4987],[101.1753,17.52357],[101.1878,17.53093],[101.21212,17.53082],[101.22938,17.53597],[101.233,17.55498],[101.24216,17.55351],[101.24773,17.5619],[101.24945,17.57883],[101.26003,17.59031],[101.25916,17.59723],[101.27791,17.61135],[101.28071,17.60774],[101.2884,17.62335],[101.29861,17.6335],[101.30792,17.63215],[101.31254,17.64018],[101.30616,17.65003],[101.34592,17.65879],[101.35811,17.67193],[101.3611,17.6808],[101.37761,17.68192],[101.38033,17.6967],[101.39831,17.68976],[101.40151,17.6821],[101.40929,17.68898],[101.40594,17.6999],[101.431,17.71701],[101.41469,17.72538],[101.40215,17.72326],[101.39689,17.72809],[101.40464,17.73573],[101.42384,17.73738],[101.43615,17.73182],[101.45276,17.73785],[101.45561,17.74658],[101.48181,17.76054],[101.47706,17.74508],[101.49132,17.74475],[101.48505,17.72716],[101.492,17.72496],[101.4953,17.74018],[101.50268,17.74565],[101.49708,17.75447],[101.52203,17.77321],[101.54066,17.77654],[101.54771,17.78739],[101.56208,17.78837],[101.57299,17.78431],[101.56716,17.80345],[101.55157,17.81078],[101.55332,17.8233],[101.56472,17.84062],[101.57221,17.8672],[101.58092,17.86783],[101.58766,17.85119],[101.60009,17.85345],[101.60964,17.8719],[101.61596,17.89239],[101.64966,17.89643],[101.69081,17.91216],[101.70295,17.9119],[101.7039,17.90337],[101.71984,17.90757],[101.73364,17.92647],[101.72878,17.94834],[101.7438,17.97896],[101.74458,17.99091],[101.75434,18.00698],[101.75709,18.03689],[101.76767,18.05446],[101.7857,18.07133],[101.79329,18.0656],[101.814,18.05994],[101.82468,18.0602],[101.83495,18.05191],[101.85571,18.04479],[101.87476,18.02862],[101.90519,18.03049],[101.92587,18.05985],[101.93672,18.07221],[101.93769,18.08002],[101.95267,18.09126],[101.95488,18.10446],[101.96205,18.10247],[101.98239,18.12144],[102.0,18.1284],[102.01799,18.14786],[102.027,18.15122],[102.03501,18.16183],[102.03557,18.17162],[102.04443,18.19812],[102.08701,18.22024],[102.1094,18.21153],[102.14011,18.21412],[102.14296,18.20686],[102.1619,18.20473],[102.18321,18.15219],[102.19931,18.1349],[102.2168,18.12582],[102.2455,18.10134],[102.28917,18.05847],[102.29877,18.05408],[102.34802,18.04544],[102.39063,18.01359],[102.40428,18.0],[102.43484,17.98242],[102.45568,17.97263],[102.47795,17.96569],[102.5102,17.97112],[102.52496,17.96389],[102.5422,17.96454],[102.55403,17.97021],[102.59648,17.95946],[102.60996,17.94956],[102.61411,17.94149],[102.61341,17.91052],[102.60661,17.88584],[102.5927,17.85834],[102.59193,17.8372],[102.59748,17.83339],[102.62029,17.83014],[102.63537,17.83242],[102.64615,17.82674],[102.6607,17.80967],[102.67718,17.80341],[102.68738,17.80553],[102.69681,17.82059],[102.6941,17.82707],[102.67703,17.84292],[102.67589,17.8526],[102.68126,17.86277],[102.69824,17.87593],[102.75333,17.89088],[102.77331,17.9089],[102.78007,17.92723],[102.7934,17.9375],[102.81678,17.94052],[102.82811,17.94747],[102.84927,17.96654],[102.86341,17.97455],[102.88453,17.97763],[102.90592,17.98446],[102.93794,18.00153],[102.96223,18.00532],[102.9953,17.99178],[103.01028,17.97661],[103.02079,17.97261],[103.04058,17.98182],[103.05734,18.0],[103.07545,18.0264],[103.08162,18.05099],[103.07283,18.07172],[103.0818,18.12783],[103.08987,18.13477],[103.12596,18.15363],[103.15006,18.17721],[103.15554,18.19476],[103.15163,18.22993],[103.17086,18.25955],[103.18429,18.26662],[103.21019,18.27162],[103.24412,18.28448],[103.2815,18.29431],[103.2977,18.30266],[103.29687,18.31563],[103.27723,18.33118],[103.25647,18.33478],[103.24385,18.35165],[103.24244,18.36158],[103.24894,18.37291],[103.25739,18.37787],[103.28238,18.40242],[103.29244,18.42035],[103.30816,18.43285],[103.35714,18.43595],[103.405,18.44896],[103.41435,18.44812],[103.45556,18.42638],[103.4725,18.42804],[103.49136,18.42425],[103.52493,18.42645],[103.54692,18.42072],[103.57108,18.40593],[103.60141,18.40631],[103.61246,18.40336],[103.64234,18.38513],[103.67412,18.36121],[103.69044,18.34687],[103.71096,18.34189],[103.74555,18.34357],[103.75057,18.33959],[103.77365,18.34292],[103.79526,18.34285],[103.81557,18.33973],[103.83415,18.3289],[103.84312,18.31346],[103.84982,18.2924],[103.85716,18.2839],[103.87352,18.28736],[103.88955,18.29641],[103.92025,18.32664],[103.95018,18.33874],[103.97506,18.33606],[103.98888,18.32142],[104.0,18.30099],[104.06108,18.21855],[104.06587,18.19739],[104.09015,18.15811],[104.10362,18.11837],[104.1272,18.09043],[104.15363,18.06224],[104.16898,18.04854],[104.19659,18.01573],[104.21318,18.0],[104.22657,17.97682],[104.23502,17.95443],[104.27181,17.86925],[104.27963,17.85878],[104.3009,17.84527],[104.3362,17.83665],[104.35493,17.82326],[104.39331,17.76101],[104.39803,17.74905],[104.42111,17.71792],[104.44125,17.69351],[104.4536,17.67165],[104.47273,17.65124],[104.54764,17.60917],[104.59658,17.58377],[104.61767,17.57817],[104.67634,17.54041],[104.70814,17.52112],[104.72598,17.49962],[104.73087,17.48402],[104.74491,17.4589],[104.77578,17.42841],[104.79835,17.39768],[104.80351,17.37402],[104.80355,17.34495],[104.80689,17.30975],[104.80174,17.27361],[104.80741,17.2247],[104.80468,17.21278],[104.80242,17.17349],[104.79213,17.14656],[104.78844,17.12745],[104.75641,17.0571],[104.73614,17.03212],[104.72963,17.01086],[104.72931,16.99974],[104.73463,16.96777],[104.73534,16.92192],[104.73873,16.90614],[104.76352,16.853],[104.76253,16.84093],[104.74069,16.8204],[104.73708,16.79765],[104.74617,16.76389],[104.75901,16.73917],[104.75786,16.72079],[104.76238,16.69478],[104.75474,16.67028],[104.75171,16.6499],[104.7441,16.63832],[104.74033,16.60046],[104.73375,16.56034],[104.73618,16.54257],[104.74266,16.52645],[104.77414,16.49531],[104.80381,16.47598],[104.83527,16.46269],[104.85139,16.44591],[104.86305,16.42003],[104.86483,16.3964],[104.87894,16.377],[104.88761,16.35231],[104.90408,16.33819],[104.92209,16.33755],[104.93048,16.33115],[104.9342,16.3205],[104.9611,16.28952],[104.99089,16.27026],[105.01661,16.24062],[105.01134,16.19705],[105.01422,16.1867],[105.0337,16.1441],[105.04211,16.10877],[105.04722,16.10205],[105.08488,16.08653],[105.08693,16.09041],[105.1029,16.0894],[105.11926,16.07725],[105.13402,16.07928],[105.15337,16.06981],[105.16714,16.06646],[105.21062,16.04952],[105.24524,16.04382],[105.27055,16.04295],[105.29765,16.03911],[105.31222,16.02968],[105.35172,16.02928],[105.36409,16.02092],[105.41136,16.01539],[105.42442,16.00432],[105.4264,15.99309],[105.41653,15.98649],[105.39519,15.9917],[105.37753,15.98378],[105.36678,15.9675],[105.36211,15.95426],[105.35023,15.94419],[105.34352,15.92546],[105.34343,15.91308],[105.35198,15.9071],[105.37693,15.85094],[105.38841,15.83138],[105.39173,15.80718],[105.40224,15.79448],[105.42059,15.78815],[105.42014,15.77433],[105.43354,15.75603],[105.46873,15.74579],[105.49472,15.76572],[105.51044,15.76527],[105.51493,15.75799],[105.53108,15.74918],[105.55264,15.75],[105.56007,15.73862],[105.5942,15.72512],[105.60296,15.71615],[105.6122,15.68799],[105.62543,15.67757],[105.6341,15.66116],[105.63546,15.63115],[105.62627,15.59338],[105.62783,15.58308],[105.62176,15.55782],[105.6077,15.54578],[105.59306,15.51159],[105.60203,15.48131],[105.59767,15.46248],[105.59738,15.44259],[105.59211,15.42618],[105.579,15.40863],[105.56102,15.39876],[105.54211,15.39253],[105.52453,15.39307],[105.49209,15.38566],[105.47736,15.37067],[105.46781,15.35288],[105.47433,15.33449],[105.50388,15.3175],[105.50308,15.31738],[105.48149,15.32058]]]]}},{"type":"Feature","properties":{"code":"04","name":"ลุ่มน้ำชี"},"geometry":{"type":"MultiPolygon","coordinates":[[[[104.286,16.27687],[104.28556,16.26745],[104.29405,16.26211],[104.29014,16.24791],[104.29674,16.23943],[104.27383,16.22438],[104.29188,16.19631],[104.29129,16.18133],[104.2796,16.17422],[104.28273,16.16779],[104.27324,16.1553],[104.26721,16.13242],[104.27016,16.11941],[104.24951,16.09906],[104.24517,16.09053],[104.25199,16.08015],[104.26098,16.07564],[104.25495,16.0484],[104.24378,16.03498],[104.24695,16.0256],[104.24508,16.01131],[104.23718,16.0044],[104.2342,15.99244],[104.2552,15.97808],[104.26096,15.95603],[104.25802,15.94292],[104.25053,15.93052],[104.26598,15.92174],[104.25628,15.9065],[104.2749,15.89558],[104.27237,15.88833],[104.28052,15.88571],[104.28038,15.87827],[104.29147,15.87185],[104.27935,15.85649],[104.29914,15.85227],[104.29891,15.83694],[104.28567,15.82091],[104.28742,15.80869],[104.28249,15.80049],[104.27259,15.80008],[104.24133,15.79196],[104.22176,15.79458],[104.20125,15.76458],[104.21008,15.73947],[104.22642,15.73284],[104.23895,15.73795],[104.25242,15.73726],[104.26941,15.72908],[104.30504,15.70548],[104.30597,15.68776],[104.28903,15.67061],[104.30807,15.65335],[104.31509,15.6384],[104.32362,15.63662],[104.33076,15.62651],[104.34288,15.6205],[104.34481,15.61097],[104.33913,15.59891],[104.35458,15.58844],[104.37989,15.58103],[104.37861,15.56283],[104.39203,15.55824],[104.39358,15.54895],[104.40699,15.53675],[104.40469,15.52259],[104.41253,15.51437],[104.43104,15.5125],[104.4524,15.5201],[104.45557,15.51025],[104.4843,15.49386],[104.4926,15.49633],[104.49424,15.48692],[104.50275,15.49848],[104.51861,15.50356],[104.53352,15.49634],[104.54343,15.4809],[104.54899,15.46143],[104.57161,15.4551],[104.5772,15.43979],[104.59778,15.43528],[104.60255,15.42916],[104.59955,15.42032],[104.60631,15.40978],[104.62493,15.411],[104.62957,15.39551],[104.62554,15.38436],[104.63614,15.38627],[104.65228,15.37979],[104.6384,15.36902],[104.63551,15.35483],[104.6403,15.34148],[104.65869,15.33889],[104.66984,15.3323],[104.66693,15.32016],[104.65095,15.31995],[104.65816,15.30669],[104.65688,15.28512],[104.67937,15.28262],[104.67845,15.26197],[104.67433,15.25116],[104.70827,15.24803],[104.7111,15.23104],[104.72285,15.23052],[104.73149,15.24657],[104.74143,15.23863],[104.76757,15.23058],[104.75673,15.21477],[104.72424,15.18612],[104.70082,15.18095],[104.69603,15.16529],[104.68242,15.15871],[104.68531,15.15058],[104.67416,15.15209],[104.65449,15.16194],[104.62429,15.16936],[104.61136,15.17541],[104.60504,15.19208],[104.59702,15.19427],[104.58951,15.17826],[104.57106,15.17885],[104.55924,15.18885],[104.52703,15.18941],[104.51955,15.19359],[104.51716,15.20739],[104.50892,15.21013],[104.49574,15.22551],[104.49401,15.23865],[104.48449,15.25915],[104.4604,15.27325],[104.45012,15.26684],[104.43198,15.28176],[104.41467,15.28742],[104.41113,15.295],[104.39838,15.29584],[104.37518,15.28691],[104.34317,15.31528],[104.29352,15.31337],[104.2807,15.32301],[104.23834,15.33708],[104.22724,15.33573],[104.2078,15.3408],[104.18814,15.36639],[104.17081,15.38006],[104.16474,15.39775],[104.19188,15.45513],[104.21581,15.46832],[104.21527,15.49822],[104.20911,15.50149],[104.21055,15.51436],[104.19326,15.52243],[104.1935,15.55243],[104.1727,15.55949],[104.16275,15.55623],[104.15978,15.56902],[104.15179,15.57914],[104.13707,15.58712],[104.1436,15.62275],[104.12701,15.63758],[104.11961,15.65652],[104.10281,15.66353],[104.10977,15.67669],[104.09256,15.68987],[104.08168,15.69221],[104.06474,15.70301],[104.06588,15.70997],[104.05794,15.72551],[104.04313,15.73808],[104.0358,15.766],[104.0281,15.76084],[103.98277,15.75544],[103.96118,15.73273],[103.96097,15.72313],[103.95306,15.72086],[103.9402,15.70045],[103.92904,15.70393],[103.92036,15.69704],[103.91295,15.69861],[103.90878,15.71247],[103.89312,15.72076],[103.88335,15.73481],[103.86215,15.73269],[103.8376,15.72616],[103.82725,15.71197],[103.81044,15.70551],[103.80434,15.71101],[103.81175,15.72305],[103.81073,15.756],[103.8066,15.76577],[103.81086,15.78402],[103.7948,15.79083],[103.79169,15.77945],[103.77866,15.76654],[103.76751,15.76996],[103.77122,15.77512],[103.75365,15.78661],[103.74753,15.7954],[103.73808,15.79889],[103.74107,15.81526],[103.7309,15.82052],[103.70536,15.82593],[103.70277,15.83306],[103.68238,15.84108],[103.67826,15.83895],[103.66252,15.84986],[103.65549,15.8368],[103.64686,15.84553],[103.60957,15.85722],[103.60054,15.85463],[103.59199,15.87804],[103.5506,15.89608],[103.54403,15.90722],[103.51087,15.90942],[103.49858,15.90692],[103.48707,15.91381],[103.478,15.93706],[103.46343,15.95028],[103.44818,15.94828],[103.43441,15.95617],[103.41442,15.97773],[103.39702,15.97959],[103.34756,15.9787],[103.33911,15.98417],[103.31737,15.97778],[103.29886,15.96752],[103.28407,15.96427],[103.24787,15.96962],[103.24858,15.97604],[103.2376,15.98749],[103.20124,15.99399],[103.18861,15.99323],[103.17362,15.9982],[103.1614,16.01715],[103.15324,16.01745],[103.15095,16.03917],[103.13926,16.04595],[103.1343,16.05447],[103.11875,16.06865],[103.11237,16.0572],[103.09692,16.0477],[103.08621,16.04952],[103.07898,16.04388],[103.08637,16.027],[103.07003,16.00814],[103.06448,15.9902],[103.05111,15.98144],[103.03833,15.97849],[103.02231,15.98364],[103.00582,15.97964],[102.99132,15.98708],[102.99258,15.99661],[102.97663,15.99883],[102.96895,16.00855],[102.94204,16.01368],[102.93675,16.00472],[102.92462,16.00611],[102.91899,15.99351],[102.91181,15.9945],[102.88422,15.98419],[102.88164,15.97066],[102.86634,15.97076],[102.86354,15.96264],[102.84634,15.94894],[102.83683,15.93044],[102.82633,15.94074],[102.81012,15.94378],[102.79226,15.93248],[102.77433,15.93148],[102.75445,15.92506],[102.7436,15.90833],[102.7352,15.9016],[102.70697,15.9087],[102.68148,15.89581],[102.66613,15.89974],[102.66026,15.90596],[102.64518,15.90464],[102.64355,15.90871],[102.62914,15.90526],[102.62675,15.91043],[102.61033,15.91088],[102.60262,15.89684],[102.59159,15.90154],[102.57819,15.89815],[102.56641,15.88774],[102.56368,15.86326],[102.5555,15.85813],[102.53971,15.85765],[102.51398,15.84055],[102.50302,15.82149],[102.51684,15.8062],[102.50092,15.79512],[102.48914,15.75906],[102.48174,15.757],[102.48209,15.74498],[102.47191,15.74064],[102.47713,15.72642],[102.47256,15.72013],[102.45692,15.72203],[102.44126,15.71581],[102.44351,15.70695],[102.43642,15.69533],[102.44321,15.68001],[102.41844,15.6853],[102.41103,15.68116],[102.40211,15.68694],[102.37058,15.69153],[102.35847,15.68982],[102.34137,15.67778],[102.32567,15.67945],[102.32185,15.68569],[102.31148,15.67521],[102.30298,15.66069],[102.29755,15.64337],[102.26634,15.63214],[102.25658,15.62323],[102.254,15.60496],[102.26545,15.59713],[102.26845,15.55909],[102.25428,15.5516],[102.25031,15.56242],[102.24669,15.54968],[102.22573,15.54043],[102.22085,15.54615],[102.21033,15.53614],[102.21403,15.53067],[102.21312,15.5131],[102.20482,15.49669],[102.18241,15.49225],[102.17337,15.48684],[102.17893,15.46562],[102.16886,15.46339],[102.16512,15.4521],[102.14827,15.43892],[102.13837,15.44103],[102.13096,15.43428],[102.11763,15.43168],[102.10217,15.41698],[102.08056,15.42508],[102.06965,15.41565],[102.05767,15.41282],[102.04166,15.41797],[102.03897,15.43491],[102.03093,15.44256],[102.01615,15.44637],[102.00947,15.45825],[101.99648,15.46618],[101.96788,15.45659],[101.92355,15.45459],[101.92067,15.44038],[101.91097,15.4377],[101.90719,15.42116],[101.89486,15.40469],[101.87793,15.40309],[101.84069,15.41233],[101.83296,15.40176],[101.81229,15.40005],[101.80483,15.39334],[101.79006,15.39725],[101.77935,15.38437],[101.7638,15.3811],[101.74063,15.38177],[101.73951,15.37899],[101.70901,15.38516],[101.68326,15.38397],[101.64933,15.37919],[101.6464,15.37086],[101.6341,15.37059],[101.63701,15.36236],[101.62736,15.34729],[101.60943,15.34358],[101.59854,15.32836],[101.60034,15.31929],[101.57855,15.32086],[101.57328,15.32913],[101.56554,15.31264],[101.5523,15.30953],[101.54836,15.31627],[101.53761,15.30691],[101.52777,15.30851],[101.51129,15.33877],[101.49423,15.34568],[101.48809,15.35502],[101.47807,15.34704],[101.47382,15.33699],[101.46419,15.33078],[101.4597,15.35291],[101.44662,15.3652],[101.43035,15.37291],[101.44216,15.38396],[101.43815,15.39036],[101.44195,15.4091],[101.43185,15.42107],[101.42939,15.43379],[101.42,15.44262],[101.4001,15.42975],[101.39883,15.44251],[101.40858,15.45598],[101.40375,15.45758],[101.41497,15.48518],[101.38553,15.48816],[101.37618,15.51743],[101.36991,15.57317],[101.37212,15.60314],[101.38165,15.62112],[101.38447,15.64418],[101.39073,15.65766],[101.39587,15.69187],[101.40015,15.70821],[101.40315,15.73402],[101.38796,15.73575],[101.36123,15.74356],[101.34577,15.75246],[101.3353,15.75421],[101.33865,15.7664],[101.33164,15.77283],[101.32876,15.78426],[101.31634,15.79121],[101.33011,15.80157],[101.32606,15.81687],[101.33187,15.8278],[101.32408,15.83902],[101.33239,15.87407],[101.33877,15.88756],[101.35061,15.88749],[101.37011,15.91182],[101.37393,15.9216],[101.36047,15.92348],[101.36997,15.93931],[101.37166,15.95405],[101.38006,15.97902],[101.3933,16.00079],[101.39453,16.03215],[101.38062,16.0428],[101.3862,16.06683],[101.39685,16.0752],[101.40654,16.0636],[101.41742,16.06869],[101.41847,16.0781],[101.40286,16.09314],[101.4048,16.10915],[101.38916,16.12047],[101.37992,16.11985],[101.37937,16.13068],[101.3577,16.14061],[101.34847,16.13566],[101.34183,16.15441],[101.34642,16.16585],[101.33585,16.16382],[101.32938,16.17141],[101.29464,16.17973],[101.29382,16.17288],[101.28227,16.16846],[101.25827,16.17229],[101.26365,16.18985],[101.28752,16.18693],[101.29463,16.1915],[101.29767,16.20272],[101.31349,16.2075],[101.31897,16.21301],[101.32631,16.23522],[101.33586,16.23529],[101.34067,16.24256],[101.34221,16.26126],[101.36904,16.27406],[101.36688,16.2923],[101.37855,16.31726],[101.37702,16.34724],[101.38141,16.35979],[101.39217,16.36667],[101.39222,16.37338],[101.40729,16.38007],[101.40843,16.39081],[101.39843,16.40084],[101.40453,16.40331],[101.42032,16.43147],[101.41855,16.46047],[101.41309,16.46696],[101.41252,16.49055],[101.40539,16.49682],[101.41131,16.51357],[101.40637,16.51469],[101.40576,16.53891],[101.39403,16.54206],[101.39387,16.55002],[101.40694,16.57404],[101.42077,16.58231],[101.40824,16.58954],[101.40304,16.59834],[101.41274,16.60476],[101.42937,16.62246],[101.42969,16.63358],[101.43916,16.64102],[101.44314,16.65413],[101.4636,16.65034],[101.48378,16.67524],[101.49655,16.67458],[101.49655,16.66945],[101.5106,16.67693],[101.51596,16.69136],[101.5102,16.71263],[101.51445,16.72557],[101.53033,16.74461],[101.53622,16.73243],[101.55194,16.73692],[101.55979,16.74865],[101.56021,16.77531],[101.5428,16.7738],[101.53296,16.77746],[101.53483,16.78503],[101.52494,16.81363],[101.51853,16.81363],[101.51374,16.8348],[101.5064,16.84792],[101.51728,16.85384],[101.51613,16.86701],[101.5079,16.87515],[101.51406,16.89706],[101.53397,16.89652],[101.53829,16.89133],[101.55447,16.89448],[101.54775,16.91542],[101.55247,16.93151],[101.5471,16.94239],[101.55253,16.94814],[101.56028,16.94494],[101.57125,16.96048],[101.58412,16.9619],[101.60444,16.95912],[101.61282,16.96706],[101.62337,16.95432],[101.64084,16.95106],[101.68658,16.9628],[101.70092,16.98281],[101.71791,16.99682],[101.71717,17.01353],[101.74482,17.02425],[101.75629,17.03338],[101.79005,17.04639],[101.80448,17.03174],[101.81594,17.02584],[101.83656,17.02777],[101.83002,17.03763],[101.84317,17.04723],[101.851,17.06366],[101.84569,17.07134],[101.85466,17.07956],[101.85719,17.09087],[101.86788,17.09844],[101.86881,17.10827],[101.88238,17.10765],[101.9024,17.1193],[101.92492,17.12287],[101.93277,17.13328],[101.93438,17.1565],[101.97742,17.15924],[101.97975,17.17192],[101.97647,17.1878],[101.99809,17.19545],[101.96736,17.21156],[101.94948,17.21269],[101.93641,17.2346],[101.95111,17.24627],[101.95589,17.26031],[101.97855,17.27234],[101.97338,17.28217],[101.97283,17.29696],[101.98287,17.31574],[101.99079,17.31911],[101.99238,17.33467],[102.01124,17.33454],[102.02028,17.34585],[102.01356,17.36374],[102.01802,17.37391],[102.01079,17.38308],[101.97478,17.41811],[101.97711,17.42202],[101.96654,17.44556],[101.94194,17.49443],[101.93992,17.52232],[101.94372,17.5356],[101.95504,17.55099],[101.95545,17.57383],[101.96447,17.57698],[101.95282,17.5969],[101.96138,17.60514],[101.97511,17.60759],[101.97043,17.61608],[101.97258,17.62764],[101.96414,17.64762],[101.97421,17.66413],[101.9824,17.65449],[102.00201,17.65514],[102.00734,17.64546],[102.02234,17.63663],[102.03722,17.64089],[102.04007,17.61417],[102.05066,17.5906],[102.05029,17.5789],[102.04494,17.57521],[102.04586,17.562],[102.05925,17.55107],[102.07142,17.52637],[102.07129,17.51262],[102.06218,17.5014],[102.04584,17.48844],[102.05156,17.4779],[102.03953,17.46794],[102.04467,17.46184],[102.05749,17.46345],[102.07354,17.44154],[102.08364,17.44809],[102.09176,17.43848],[102.09889,17.43771],[102.12636,17.44687],[102.14051,17.44079],[102.14985,17.41906],[102.16163,17.41345],[102.16598,17.42053],[102.17388,17.41868],[102.18841,17.40178],[102.18376,17.38846],[102.1766,17.38141],[102.17676,17.36082],[102.22829,17.31065],[102.243,17.30997],[102.2463,17.3142],[102.26049,17.31283],[102.26895,17.31726],[102.28414,17.3093],[102.28579,17.30326],[102.30362,17.29927],[102.31073,17.29347],[102.31236,17.27981],[102.34089,17.27801],[102.34894,17.26777],[102.37248,17.28532],[102.38213,17.288],[102.38803,17.30596],[102.44036,17.30648],[102.43884,17.28121],[102.45726,17.2818],[102.46135,17.26882],[102.45736,17.25574],[102.47407,17.25139],[102.48333,17.23162],[102.48026,17.22459],[102.49099,17.20812],[102.47319,17.19946],[102.48706,17.17276],[102.50365,17.14775],[102.51743,17.10419],[102.54273,17.06831],[102.57606,17.0427],[102.60163,17.03133],[102.65128,16.99884],[102.66939,16.99369],[102.67954,17.01468],[102.67724,17.03494],[102.67964,17.05055],[102.68811,17.06322],[102.69927,17.07065],[102.70197,17.09486],[102.69466,17.10468],[102.6922,17.12578],[102.69413,17.13808],[102.68003,17.14465],[102.65389,17.1464],[102.65285,17.15409],[102.64342,17.1534],[102.63092,17.16756],[102.62943,17.17665],[102.63522,17.188],[102.64433,17.19227],[102.6436,17.20422],[102.66959,17.2129],[102.67196,17.22703],[102.68312,17.22627],[102.68816,17.23823],[102.70225,17.2457],[102.72627,17.22947],[102.74061,17.23996],[102.76412,17.22965],[102.77526,17.23349],[102.79393,17.24656],[102.80465,17.26161],[102.81856,17.25981],[102.8314,17.26622],[102.84104,17.28034],[102.86262,17.278],[102.88308,17.28244],[102.89408,17.28112],[102.89723,17.29748],[102.91451,17.30065],[102.93126,17.29095],[102.93134,17.28231],[102.94949,17.2769],[102.95192,17.26844],[102.96975,17.26926],[103.00187,17.27541],[103.02273,17.26325],[103.03624,17.25923],[103.04856,17.26481],[103.05507,17.27371],[103.09346,17.2807],[103.10396,17.28525],[103.11353,17.28242],[103.13965,17.29425],[103.14239,17.30421],[103.16982,17.30454],[103.17759,17.30047],[103.208,17.30191],[103.21011,17.28433],[103.21952,17.28113],[103.22401,17.29456],[103.23494,17.29387],[103.24076,17.28045],[103.25714,17.27521],[103.26622,17.26363],[103.25994,17.25587],[103.26035,17.24628],[103.29724,17.20864],[103.29995,17.20129],[103.33032,17.19153],[103.33207,17.19533],[103.36382,17.19492],[103.38233,17.18386],[103.38711,17.17675],[103.40436,17.17536],[103.40964,17.19145],[103.42905,17.20343],[103.44491,17.19534],[103.45272,17.20745],[103.47117,17.20623],[103.47719,17.21604],[103.52306,17.19197],[103.57075,17.15652],[103.59237,17.17141],[103.59806,17.17023],[103.61248,17.15131],[103.62128,17.14829],[103.63647,17.1195],[103.63604,17.11323],[103.65416,17.11538],[103.66708,17.10439],[103.66108,17.08706],[103.6534,17.07718],[103.6612,17.06656],[103.66505,17.05207],[103.6584,17.02771],[103.6694,17.02153],[103.67854,17.03175],[103.68408,17.0282],[103.69425,17.0351],[103.70613,17.02194],[103.7237,17.0147],[103.73008,17.00345],[103.71978,16.98636],[103.72453,16.98029],[103.73184,16.9861],[103.7436,16.97845],[103.74232,16.97155],[103.75175,16.9741],[103.75765,16.96048],[103.76366,16.96457],[103.7715,16.95314],[103.77982,16.95113],[103.77723,16.93943],[103.78212,16.92354],[103.78172,16.90764],[103.78856,16.90438],[103.79193,16.89361],[103.7877,16.8858],[103.80751,16.8852],[103.82575,16.86693],[103.83829,16.8641],[103.83607,16.84943],[103.84584,16.83943],[103.869,16.833],[103.87402,16.8186],[103.88917,16.81568],[103.90161,16.80396],[103.91859,16.79731],[103.92221,16.78997],[103.93647,16.78075],[103.9403,16.77229],[103.95333,16.77973],[103.94912,16.78624],[103.95432,16.80003],[103.95634,16.82084],[103.96115,16.82293],[103.96837,16.81061],[103.97819,16.82336],[103.98093,16.8364],[103.99794,16.8372],[104.02299,16.85749],[104.03328,16.85321],[104.03986,16.84041],[104.047,16.84799],[104.04995,16.8422],[104.06566,16.83666],[104.06877,16.82428],[104.07959,16.81154],[104.09115,16.81087],[104.09173,16.79789],[104.09887,16.78465],[104.11466,16.76856],[104.12008,16.75848],[104.13219,16.76121],[104.13325,16.73413],[104.15098,16.71595],[104.15452,16.69842],[104.17003,16.69762],[104.1618,16.68368],[104.16654,16.67498],[104.18568,16.66979],[104.19861,16.66112],[104.18382,16.63806],[104.17512,16.63589],[104.18025,16.62266],[104.17422,16.61024],[104.17796,16.59732],[104.20626,16.5943],[104.22068,16.57819],[104.21634,16.5589],[104.24023,16.54604],[104.24835,16.5297],[104.23534,16.52764],[104.22758,16.51645],[104.23327,16.50757],[104.2467,16.50158],[104.24845,16.49514],[104.26474,16.49346],[104.27528,16.49856],[104.28999,16.48506],[104.2896,16.47396],[104.29532,16.47166],[104.31168,16.45216],[104.31457,16.43011],[104.31988,16.42407],[104.31569,16.39747],[104.31829,16.37723],[104.32667,16.35573],[104.32787,16.34041],[104.31975,16.3305],[104.32193,16.32554],[104.30347,16.29456],[104.30055,16.29538],[104.286,16.27687]]]]}},{"type":"Feature","properties":{"code":"05","name":"ลุ่มน้ำมูล"},"geometry":{"type":"MultiPolygon","coordinates":[[[[105.50651,15.3019],[105.51745,15.30046],[105.52141,15.28455],[105.51409,15.28228],[105.52071,15.27306],[105.51373,15.24824],[105.53169,15.2441],[105.50944,15.212],[105.49314,15.20416],[105.49051,15.19312],[105.47304,15.17638],[105.47792,15.16781],[105.47108,15.16525],[105.46934,15.15576],[105.48576,15.15043],[105.46924,15.13484],[105.46782,15.12526],[105.48529,15.11401],[105.48175,15.10032],[105.51552,15.08425],[105.51342,15.06378],[105.53024,15.06244],[105.53968,15.06856],[105.55448,15.06207],[105.55302,15.04909],[105.54595,15.03752],[105.55418,15.02926],[105.56153,15.02981],[105.57198,15.01813],[105.56986,14.99889],[105.60365,14.99429],[105.62362,14.9759],[105.60761,14.97034],[105.58898,14.95347],[105.58348,14.94084],[105.569,14.95433],[105.55784,14.95731],[105.55215,14.93999],[105.54275,14.92748],[105.55718,14.92415],[105.57712,14.89614],[105.57869,14.87771],[105.56941,14.88033],[105.54763,14.87181],[105.54358,14.86113],[105.55614,14.83914],[105.54073,14.82833],[105.53738,14.81993],[105.51931,14.82344],[105.51724,14.80965],[105.51075,14.79733],[105.52427,14.78223],[105.51381,14.77457],[105.51162,14.76581],[105.5178,14.76287],[105.51177,14.75526],[105.53268,14.73939],[105.54445,14.73808],[105.53918,14.73209],[105.51815,14.7264],[105.52285,14.70392],[105.5154,14.69761],[105.52659,14.68011],[105.51555,14.66472],[105.51846,14.65083],[105.5306,14.6425],[105.52581,14.63474],[105.53102,14.62189],[105.54244,14.6212],[105.52966,14.60933],[105.52938,14.59603],[105.53906,14.58434],[105.52831,14.57321],[105.53515,14.55921],[105.52298,14.55059],[105.5247,14.53848],[105.51666,14.53848],[105.50103,14.51383],[105.48213,14.50442],[105.48819,14.4984],[105.48072,14.4918],[105.47087,14.47105],[105.45827,14.46304],[105.45635,14.45373],[105.44304,14.44208],[105.44005,14.4274],[105.43011,14.42426],[105.42968,14.41603],[105.41464,14.42639],[105.40771,14.42393],[105.39755,14.40798],[105.38715,14.4105],[105.38598,14.39566],[105.37273,14.40008],[105.3585,14.38629],[105.34219,14.38407],[105.32256,14.39384],[105.3121,14.38693],[105.30391,14.3707],[105.28346,14.36507],[105.28105,14.3539],[105.26837,14.36012],[105.25227,14.36185],[105.23544,14.34847],[105.23356,14.33646],[105.21827,14.33393],[105.19573,14.34701],[105.18654,14.34092],[105.17466,14.34332],[105.16633,14.32836],[105.17736,14.31635],[105.17036,14.30397],[105.16071,14.30009],[105.16063,14.2906],[105.15163,14.28598],[105.15351,14.26864],[105.14352,14.26274],[105.15425,14.25939],[105.15319,14.25149],[105.12839,14.2252],[105.10365,14.21252],[105.0933,14.21552],[105.07791,14.21257],[105.04992,14.21496],[105.04602,14.2271],[105.02577,14.23737],[105.01628,14.27634],[105.00777,14.28637],[105.0,14.30588],[104.98447,14.31864],[104.99281,14.32741],[104.99169,14.34146],[104.99945,14.35305],[105.00189,14.36477],[104.99293,14.37813],[104.9766,14.38742],[104.95766,14.39031],[104.95523,14.38081],[104.94336,14.38362],[104.93866,14.39073],[104.923,14.40001],[104.9055,14.3997],[104.87038,14.41758],[104.86276,14.40926],[104.84292,14.4031],[104.83775,14.4136],[104.81783,14.41812],[104.81636,14.42867],[104.80822,14.4365],[104.78785,14.43261],[104.77907,14.42527],[104.7676,14.42476],[104.75738,14.41585],[104.75205,14.40288],[104.73429,14.4134],[104.72589,14.40147],[104.71976,14.4134],[104.72539,14.42085],[104.71855,14.43076],[104.70061,14.42864],[104.69262,14.41729],[104.67977,14.39076],[104.67222,14.39883],[104.66068,14.39908],[104.65433,14.40607],[104.65189,14.4222],[104.64232,14.42211],[104.62401,14.4041],[104.60525,14.39691],[104.58933,14.38032],[104.57863,14.37356],[104.58126,14.35775],[104.57118,14.35941],[104.56513,14.35269],[104.54585,14.35644],[104.53528,14.3536],[104.51397,14.37103],[104.49969,14.3763],[104.48505,14.36894],[104.47638,14.35829],[104.47878,14.35125],[104.4709,14.3451],[104.46124,14.34816],[104.46192,14.35965],[104.44651,14.35679],[104.43346,14.35893],[104.42134,14.36964],[104.40233,14.36545],[104.39695,14.37408],[104.38281,14.36767],[104.36742,14.36766],[104.35661,14.3717],[104.34292,14.36696],[104.32289,14.37235],[104.30897,14.38136],[104.28987,14.39988],[104.27741,14.40773],[104.2663,14.39639],[104.26102,14.39935],[104.2519,14.3914],[104.24842,14.37802],[104.23297,14.36963],[104.21935,14.36712],[104.20791,14.37113],[104.2023,14.38028],[104.19051,14.3842],[104.17728,14.38085],[104.17437,14.35875],[104.13868,14.35398],[104.13652,14.37536],[104.12141,14.37286],[104.10916,14.37752],[104.0977,14.36523],[104.09473,14.35139],[104.06977,14.34233],[104.01639,14.34185],[104.00843,14.35391],[103.99915,14.35191],[103.99452,14.34433],[103.98301,14.35345],[103.97157,14.34818],[103.94984,14.3491],[103.94621,14.33066],[103.93161,14.3317],[103.91595,14.33754],[103.89925,14.33834],[103.89855,14.34491],[103.88249,14.33778],[103.86106,14.35655],[103.86045,14.36642],[103.83783,14.37287],[103.83044,14.36314],[103.82971,14.35337],[103.80829,14.35297],[103.80345,14.36754],[103.78515,14.36714],[103.78,14.36189],[103.75704,14.37693],[103.75303,14.37166],[103.73596,14.38033],[103.70893,14.37686],[103.69904,14.39011],[103.69925,14.40303],[103.70896,14.42296],[103.70655,14.43313],[103.688,14.43755],[103.68056,14.43334],[103.65671,14.43796],[103.64252,14.42194],[103.6562,14.41879],[103.64863,14.4108],[103.61697,14.39917],[103.60906,14.41586],[103.59704,14.41435],[103.5875,14.42403],[103.55952,14.42353],[103.52819,14.40999],[103.52389,14.39987],[103.51652,14.40351],[103.49657,14.39824],[103.49508,14.38655],[103.4826,14.38715],[103.46601,14.36454],[103.45044,14.3683],[103.44019,14.37849],[103.4346,14.39039],[103.41694,14.38057],[103.41003,14.37111],[103.40931,14.3575],[103.39594,14.35758],[103.37868,14.35225],[103.32468,14.35193],[103.31887,14.35608],[103.28013,14.34816],[103.26405,14.35058],[103.25562,14.34385],[103.2183,14.32405],[103.18747,14.33436],[103.17551,14.3361],[103.16152,14.3315],[103.15372,14.3141],[103.14777,14.32244],[103.13892,14.32438],[103.12829,14.31895],[103.1301,14.30658],[103.11662,14.29997],[103.08198,14.29632],[103.07417,14.28607],[103.05667,14.28502],[103.057,14.27587],[103.03816,14.25167],[103.03647,14.24164],[103.01974,14.22868],[103.01191,14.22716],[102.99868,14.21394],[102.98739,14.21416],[102.95613,14.20902],[102.95192,14.20329],[102.95862,14.19735],[102.93823,14.19444],[102.94068,14.186],[102.93021,14.17558],[102.90491,14.16456],[102.89777,14.16437],[102.8822,14.17427],[102.87309,14.16858],[102.87202,14.14695],[102.85951,14.14852],[102.84769,14.15923],[102.82993,14.16779],[102.82886,14.1578],[102.81555,14.17137],[102.8064,14.17156],[102.8039,14.15924],[102.7908,14.17046],[102.78594,14.15848],[102.78163,14.16348],[102.77371,14.15631],[102.76733,14.14156],[102.75983,14.13855],[102.73285,14.14118],[102.69574,14.13058],[102.68842,14.13513],[102.69071,14.14292],[102.68249,14.15128],[102.65535,14.16562],[102.64671,14.16151],[102.63796,14.14972],[102.6276,14.15217],[102.60802,14.17106],[102.59244,14.16612],[102.58603,14.15689],[102.56418,14.14586],[102.54879,14.13491],[102.52113,14.14302],[102.5092,14.13356],[102.49031,14.13518],[102.48269,14.14173],[102.46965,14.13202],[102.45472,14.1365],[102.45297,14.14326],[102.43431,14.14481],[102.42474,14.15757],[102.40825,14.15537],[102.3998,14.14577],[102.38237,14.14614],[102.36292,14.16623],[102.35758,14.164],[102.36055,14.1514],[102.35794,14.13319],[102.34651,14.12473],[102.33187,14.12008],[102.32754,14.12742],[102.30852,14.12007],[102.29006,14.13458],[102.27333,14.12873],[102.27198,14.14121],[102.26613,14.1468],[102.24613,14.13987],[102.23818,14.14439],[102.21701,14.14427],[102.2106,14.15506],[102.21133,14.17276],[102.2025,14.1772],[102.192,14.19501],[102.17531,14.1904],[102.16667,14.1725],[102.17161,14.15894],[102.16669,14.14187],[102.15361,14.1376],[102.12977,14.13931],[102.12167,14.14775],[102.09917,14.15665],[102.07223,14.16379],[102.03584,14.19656],[102.0081,14.20446],[101.96956,14.22781],[101.97888,14.23381],[101.95788,14.24632],[101.94639,14.24598],[101.94289,14.25211],[101.94864,14.2655],[101.9343,14.27033],[101.93045,14.29264],[101.94933,14.30297],[101.94944,14.31004],[101.95885,14.31539],[101.96002,14.33291],[101.9679,14.33554],[101.97569,14.35203],[101.95385,14.3729],[101.94346,14.36703],[101.94011,14.35882],[101.92733,14.36124],[101.91342,14.35292],[101.90902,14.36325],[101.8995,14.36857],[101.8976,14.37876],[101.88968,14.38504],[101.89136,14.40502],[101.88374,14.39684],[101.87485,14.39665],[101.86606,14.38265],[101.86573,14.37304],[101.84945,14.36998],[101.84481,14.36452],[101.83013,14.36243],[101.82255,14.35024],[101.81115,14.3473],[101.79622,14.35813],[101.78016,14.35737],[101.77288,14.34663],[101.76384,14.34688],[101.75007,14.32637],[101.74932,14.31663],[101.74208,14.30753],[101.713,14.33066],[101.69227,14.35561],[101.65403,14.39266],[101.64705,14.39473],[101.64878,14.40378],[101.63067,14.40614],[101.61818,14.41849],[101.62129,14.42861],[101.59566,14.4386],[101.56579,14.43451],[101.54578,14.43543],[101.53995,14.42503],[101.52954,14.42606],[101.50761,14.43558],[101.48532,14.46263],[101.45964,14.45685],[101.43663,14.44631],[101.43569,14.43998],[101.44694,14.42006],[101.43221,14.38957],[101.40171,14.36607],[101.39348,14.38167],[101.37498,14.38852],[101.38113,14.39342],[101.37183,14.40579],[101.36797,14.42831],[101.35546,14.44156],[101.34111,14.44404],[101.32791,14.43912],[101.31809,14.44155],[101.30695,14.43605],[101.30431,14.44963],[101.28252,14.47293],[101.2845,14.47953],[101.27638,14.49769],[101.27604,14.51262],[101.27458,14.53994],[101.28738,14.54854],[101.30275,14.54859],[101.30481,14.5606],[101.31379,14.56878],[101.3249,14.56866],[101.32056,14.57818],[101.33195,14.5749],[101.35521,14.58311],[101.35963,14.59556],[101.35357,14.60891],[101.36926,14.61191],[101.3672,14.62482],[101.35882,14.64506],[101.35005,14.64567],[101.34491,14.65959],[101.35238,14.67852],[101.33678,14.69258],[101.33512,14.71104],[101.34461,14.72613],[101.3483,14.74288],[101.35601,14.74403],[101.35725,14.76689],[101.38564,14.7826],[101.40071,14.7966],[101.41251,14.79825],[101.42355,14.79328],[101.4512,14.80684],[101.47808,14.81065],[101.4853,14.82171],[101.4849,14.83345],[101.49204,14.84187],[101.48566,14.85761],[101.47536,14.86395],[101.47554,14.87199],[101.46502,14.88171],[101.45682,14.89897],[101.45534,14.91714],[101.44858,14.93017],[101.44389,14.96199],[101.43678,14.97462],[101.43807,14.98453],[101.45359,14.98533],[101.457,14.99278],[101.48427,15.00712],[101.49864,15.02066],[101.48511,15.032],[101.49143,15.04083],[101.50183,15.04001],[101.50586,15.06045],[101.49375,15.06229],[101.48814,15.07193],[101.48166,15.06877],[101.47606,15.07576],[101.46485,15.07604],[101.45337,15.06968],[101.43686,15.07366],[101.43208,15.08057],[101.44366,15.09064],[101.4549,15.09515],[101.46135,15.12247],[101.47422,15.1269],[101.47341,15.13544],[101.46469,15.14969],[101.44856,15.16338],[101.45118,15.1765],[101.4385,15.181],[101.43815,15.20312],[101.42755,15.21091],[101.43442,15.22484],[101.44549,15.2369],[101.44467,15.24465],[101.45206,15.25486],[101.4491,15.26652],[101.45281,15.30165],[101.45167,15.3147],[101.46419,15.33078],[101.47382,15.33699],[101.47807,15.34704],[101.48809,15.35502],[101.49423,15.34568],[101.51129,15.33877],[101.52777,15.30851],[101.53761,15.30691],[101.54836,15.31627],[101.5523,15.30953],[101.56554,15.31264],[101.57328,15.32913],[101.57855,15.32086],[101.60034,15.31929],[101.59854,15.32836],[101.60943,15.34358],[101.62736,15.34729],[101.63701,15.36236],[101.6341,15.37059],[101.6464,15.37086],[101.64933,15.37919],[101.68326,15.38397],[101.70901,15.38516],[101.73951,15.37899],[101.74063,15.38177],[101.7638,15.3811],[101.77935,15.38437],[101.79006,15.39725],[101.80483,15.39334],[101.81229,15.40005],[101.83296,15.40176],[101.84069,15.41233],[101.87793,15.40309],[101.89486,15.40469],[101.90719,15.42116],[101.91097,15.4377],[101.92067,15.44038],[101.92355,15.45459],[101.96788,15.45659],[101.99648,15.46618],[102.00947,15.45825],[102.01615,15.44637],[102.03093,15.44256],[102.03897,15.43491],[102.04166,15.41797],[102.05767,15.41282],[102.06965,15.41565],[102.08056,15.42508],[102.10217,15.41698],[102.11763,15.43168],[102.13096,15.43428],[102.13837,15.44103],[102.14827,15.43892],[102.16512,15.4521],[102.16886,15.46339],[102.17893,15.46562],[102.17337,15.48684],[102.18241,15.49225],[102.20482,15.49669],[102.21312,15.5131],[102.21403,15.53067],[102.21033,15.53614],[102.22085,15.54615],[102.22573,15.54043],[102.24669,15.54968],[102.25031,15.56242],[102.25428,15.5516],[102.26845,15.55909],[102.26545,15.59713],[102.254,15.60496],[102.25658,15.62323],[102.26634,15.63214],[102.29755,15.64337],[102.30298,15.66069],[102.31148,15.67521],[102.32185,15.68569],[102.32567,15.67945],[102.34137,15.67778],[102.35847,15.68982],[102.37058,15.69153],[102.40211,15.68694],[102.41103,15.68116],[102.41844,15.6853],[102.44321,15.68001],[102.43642,15.69533],[102.44351,15.70695],[102.44126,15.71581],[102.45692,15.72203],[102.47256,15.72013],[102.47713,15.72642],[102.47191,15.74064],[102.48209,15.74498],[102.48174,15.757],[102.48914,15.75906],[102.50092,15.79512],[102.51684,15.8062],[102.50302,15.82149],[102.51398,15.84055],[102.53971,15.85765],[102.5555,15.85813],[102.56368,15.86326],[102.56641,15.88774],[102.57819,15.89815],[102.59159,15.90154],[102.60262,15.89684],[102.61033,15.91088],[102.62675,15.91043],[102.62914,15.90526],[102.64355,15.90871],[102.64518,15.90464],[102.66026,15.90596],[102.66613,15.89974],[102.68148,15.89581],[102.70697,15.9087],[102.7352,15.9016],[102.7436,15.90833],[102.75445,15.92506],[102.77433,15.93148],[102.79226,15.93248],[102.81012,15.94378],[102.82633,15.94074],[102.83683,15.93044],[102.84634,15.94894],[102.86354,15.96264],[102.86634,15.97076],[102.88164,15.97066],[102.88422,15.98419],[102.91181,15.9945],[102.91899,15.99351],[102.92462,16.00611],[102.93675,16.00472],[102.94204,16.01368],[102.96895,16.00855],[102.97663,15.99883],[102.99258,15.99661],[102.99132,15.98708],[103.00582,15.97964],[103.02231,15.98364],[103.03833,15.97849],[103.05111,15.98144],[103.06448,15.9902],[103.07003,16.00814],[103.08637,16.027],[103.07898,16.04388],[103.08621,16.04952],[103.09692,16.0477],[103.11237,16.0572],[103.11875,16.06865],[103.1343,16.05447],[103.13926,16.04595],[103.15095,16.03917],[103.15324,16.01745],[103.1614,16.01715],[103.17362,15.9982],[103.18861,15.99323],[103.20124,15.99399],[103.2376,15.98749],[103.24858,15.97604],[103.24787,15.96962],[103.28407,15.96427],[103.29886,15.96752],[103.31737,15.97778],[103.33911,15.98417],[103.34756,15.9787],[103.39702,15.97959],[103.41442,15.97773],[103.43441,15.95617],[103.44818,15.94828],[103.46343,15.95028],[103.478,15.93706],[103.48707,15.91381],[103.49858,15.90692],[103.51087,15.90942],[103.54403,15.90722],[103.5506,15.89608],[103.59199,15.87804],[103.60054,15.85463],[103.60957,15.85722],[103.64686,15.84553],[103.65549,15.8368],[103.66252,15.84986],[103.67826,15.83895],[103.68238,15.84108],[103.70277,15.83306],[103.70536,15.82593],[103.7309,15.82052],[103.74107,15.81526],[103.73808,15.79889],[103.74753,15.7954],[103.75365,15.78661],[103.77122,15.77512],[103.76751,15.76996],[103.77866,15.76654],[103.79169,15.77945],[103.7948,15.79083],[103.81086,15.78402],[103.8066,15.76577],[103.81073,15.756],[103.81175,15.72305],[103.80434,15.71101],[103.81044,15.70551],[103.82725,15.71197],[103.8376,15.72616],[103.86215,15.73269],[103.88335,15.73481],[103.89312,15.72076],[103.90878,15.71247],[103.91295,15.69861],[103.92036,15.69704],[103.92904,15.70393],[103.9402,15.70045],[103.95306,15.72086],[103.96097,15.72313],[103.96118,15.73273],[103.98277,15.75544],[104.0281,15.76084],[104.0358,15.766],[104.04313,15.73808],[104.05794,15.72551],[104.06588,15.70997],[104.06474,15.70301],[104.08168,15.69221],[104.09256,15.68987],[104.10977,15.67669],[104.10281,15.66353],[104.11961,15.65652],[104.12701,15.63758],[104.1436,15.62275],[104.13707,15.58712],[104.15179,15.57914],[104.15978,15.56902],[104.16275,15.55623],[104.1727,15.55949],[104.1935,15.55243],[104.19326,15.52243],[104.21055,15.51436],[104.20911,15.50149],[104.21527,15.49822],[104.21581,15.46832],[104.19188,15.45513],[104.16474,15.39775],[104.17081,15.38006],[104.18814,15.36639],[104.2078,15.3408],[104.22724,15.33573],[104.23834,15.33708],[104.2807,15.32301],[104.29352,15.31337],[104.34317,15.31528],[104.37518,15.28691],[104.39838,15.29584],[104.41113,15.295],[104.41467,15.28742],[104.43198,15.28176],[104.45012,15.26684],[104.4604,15.27325],[104.48449,15.25915],[104.49401,15.23865],[104.49574,15.22551],[104.50892,15.21013],[104.51716,15.20739],[104.51955,15.19359],[104.52703,15.18941],[104.55924,15.18885],[104.57106,15.17885],[104.58951,15.17826],[104.59702,15.19427],[104.60504,15.19208],[104.61136,15.17541],[104.62429,15.16936],[104.65449,15.16194],[104.67416,15.15209],[104.68531,15.15058],[104.68242,15.15871],[104.69603,15.16529],[104.70082,15.18095],[104.72424,15.18612],[104.75673,15.21477],[104.76757,15.23058],[104.74143,15.23863],[104.73149,15.24657],[104.72285,15.23052],[104.7111,15.23104],[104.70827,15.24803],[104.67433,15.25116],[104.67845,15.26197],[104.67937,15.28262],[104.65688,15.28512],[104.65816,15.30669],[104.65095,15.31995],[104.66693,15.32016],[104.66984,15.3323],[104.65869,15.33889],[104.6403,15.34148],[104.63551,15.35483],[104.6384,15.36902],[104.65228,15.37979],[104.63614,15.38627],[104.62554,15.38436],[104.62957,15.39551],[104.62493,15.411],[104.60631,15.40978],[104.59955,15.42032],[104.60255,15.42916],[104.59778,15.43528],[104.5772,15.43979],[104.57161,15.4551],[104.54899,15.46143],[104.54343,15.4809],[104.53352,15.49634],[104.51861,15.50356],[104.50275,15.49848],[104.49424,15.48692],[104.4926,15.49633],[104.4843,15.49386],[104.45557,15.51025],[104.4524,15.5201],[104.43104,15.5125],[104.41253,15.51437],[104.40469,15.52259],[104.40699,15.53675],[104.39358,15.54895],[104.39203,15.55824],[104.37861,15.56283],[104.37989,15.58103],[104.35458,15.58844],[104.33913,15.59891],[104.34481,15.61097],[104.34288,15.6205],[104.33076,15.62651],[104.32362,15.63662],[104.31509,15.6384],[104.30807,15.65335],[104.28903,15.67061],[104.30597,15.68776],[104.30504,15.70548],[104.26941,15.72908],[104.25242,15.73726],[104.23895,15.73795],[104.22642,15.73284],[104.21008,15.73947],[104.20125,15.76458],[104.22176,15.79458],[104.24133,15.79196],[104.27259,15.80008],[104.28249,15.80049],[104.28742,15.80869],[104.28567,15.82091],[104.29891,15.83694],[104.29914,15.85227],[104.27935,15.85649],[104.29147,15.87185],[104.28038,15.87827],[104.28052,15.88571],[104.27237,15.88833],[104.2749,15.89558],[104.25628,15.9065],[104.26598,15.92174],[104.25053,15.93052],[104.25802,15.94292],[104.26096,15.95603],[104.2552,15.97808],[104.2342,15.99244],[104.23718,16.0044],[104.24508,16.01131],[104.24695,16.0256],[104.24378,16.03498],[104.25495,16.0484],[104.26098,16.07564],[104.25199,16.08015],[104.24517,16.09053],[104.24951,16.09906],[104.27016,16.11941],[104.26721,16.13242],[104.27324,16.1553],[104.28273,16.16779],[104.2796,16.17422],[104.29129,16.18133],[104.29188,16.19631],[104.27383,16.22438],[104.29674,16.23943],[104.29014,16.24791],[104.29405,16.26211],[104.28556,16.26745],[104.286,16.27687],[104.30055,16.29538],[104.30341,16.29095],[104.31152,16.29056],[104.33567,16.28145],[104.34386,16.2918],[104.34074,16.3002],[104.35168,16.32815],[104.36696,16.34096],[104.39473,16.35234],[104.41114,16.35424],[104.4143,16.34548],[104.43809,16.34539],[104.44054,16.35176],[104.45253,16.35423],[104.45762,16.36496],[104.48243,16.35097],[104.48378,16.34206],[104.50032,16.34114],[104.50834,16.33013],[104.5094,16.31631],[104.52319,16.31507],[104.53917,16.30526],[104.54953,16.30783],[104.56238,16.28564],[104.56192,16.27726],[104.57014,16.26633],[104.58323,16.26888],[104.58137,16.25428],[104.5751,16.25259],[104.58364,16.23852],[104.60019,16.23922],[104.60184,16.22601],[104.61493,16.21553],[104.63467,16.20998],[104.65038,16.21693],[104.65789,16.22549],[104.66214,16.24108],[104.68161,16.22483],[104.69014,16.22636],[104.691,16.21632],[104.70496,16.2072],[104.75484,16.1984],[104.75598,16.18982],[104.74968,16.18075],[104.75724,16.16013],[104.7256,16.13938],[104.71963,16.12191],[104.70301,16.12578],[104.69523,16.13151],[104.70405,16.10801],[104.71547,16.10605],[104.71449,16.09655],[104.73097,16.09631],[104.74039,16.08029],[104.75575,16.08407],[104.7626,16.0717],[104.77309,16.06856],[104.77068,16.05067],[104.78068,16.05085],[104.79225,16.03082],[104.79898,16.03031],[104.79529,16.01917],[104.8058,16.00706],[104.80539,15.98821],[104.80939,15.9715],[104.80495,15.9686],[104.80634,15.95354],[104.77984,15.94243],[104.78447,15.92836],[104.79677,15.91416],[104.80849,15.92136],[104.83436,15.92697],[104.83543,15.93518],[104.85081,15.93752],[104.89508,15.93816],[104.89508,15.9287],[104.9082,15.9224],[104.91877,15.93697],[104.92767,15.9298],[104.93436,15.93221],[104.95229,15.92491],[104.96398,15.9254],[104.97564,15.93733],[104.978,15.94507],[104.99843,15.94255],[105.00072,15.9244],[105.00899,15.91878],[105.01253,15.9068],[105.03802,15.89998],[105.05106,15.86849],[105.05666,15.86546],[105.07155,15.84597],[105.086,15.83931],[105.1042,15.8515],[105.10789,15.85793],[105.11879,15.8477],[105.11963,15.83893],[105.13325,15.82399],[105.14113,15.82806],[105.14681,15.81633],[105.16257,15.80108],[105.16781,15.78948],[105.16523,15.77561],[105.17978,15.77962],[105.18271,15.7723],[105.1971,15.77781],[105.19581,15.75432],[105.20828,15.75401],[105.21806,15.74685],[105.21739,15.73797],[105.22572,15.73699],[105.24098,15.71523],[105.24929,15.71715],[105.24811,15.70696],[105.25806,15.70108],[105.26316,15.6833],[105.27963,15.67328],[105.28914,15.67687],[105.3008,15.66229],[105.31017,15.66356],[105.31671,15.65625],[105.33831,15.64657],[105.34931,15.65201],[105.361,15.6478],[105.38211,15.65248],[105.38295,15.6367],[105.39294,15.63551],[105.38519,15.62328],[105.38714,15.61306],[105.3822,15.60286],[105.38769,15.59205],[105.37879,15.57967],[105.3813,15.57147],[105.39141,15.5724],[105.39918,15.55927],[105.40768,15.55581],[105.41613,15.54252],[105.41245,15.53403],[105.41579,15.52331],[105.40395,15.51598],[105.40192,15.50878],[105.39014,15.50344],[105.38301,15.47535],[105.40674,15.45457],[105.41135,15.44579],[105.40573,15.42794],[105.41267,15.41947],[105.41128,15.41053],[105.42299,15.4025],[105.42581,15.37627],[105.42412,15.36702],[105.41568,15.35652],[105.42388,15.35048],[105.42192,15.34012],[105.43043,15.3255],[105.47663,15.31495],[105.48149,15.32058],[105.50308,15.31738],[105.50388,15.3175],[105.5048,15.31579],[105.50651,15.3019]]]]}},{"type":"Feature","properties":{"code":"06","name":"ลุ่มน้ำปิง"},"geometry":{"type":"MultiPolygon","coordinates":[[[[99.01645,16.38532],[99.01871,16.41051],[99.02326,16.42089],[99.01731,16.44368],[98.99706,16.45178],[98.99575,16.46309],[98.9891,16.46827],[98.98743,16.48679],[98.99127,16.49976],[99.0035,16.50496],[99.01883,16.48916],[99.02979,16.4941],[99.02178,16.50682],[99.02194,16.5211],[99.03157,16.53157],[99.02598,16.54159],[99.02632,16.5648],[99.022,16.57382],[99.03025,16.58399],[99.03816,16.58556],[99.03631,16.59383],[99.04356,16.60943],[99.0322,16.62149],[99.01609,16.63166],[99.01228,16.65615],[99.02315,16.66158],[99.0077,16.68007],[99.01006,16.68842],[98.99819,16.69893],[99.00207,16.70232],[98.99588,16.71454],[98.98499,16.71195],[98.97279,16.71973],[98.95076,16.73885],[98.94651,16.74966],[98.95229,16.75651],[98.93511,16.76767],[98.92586,16.76754],[98.9283,16.77825],[98.91797,16.78351],[98.90339,16.79715],[98.89673,16.79108],[98.86918,16.82001],[98.87372,16.82844],[98.868,16.83686],[98.84511,16.84454],[98.82858,16.86559],[98.8268,16.8732],[98.84197,16.88441],[98.83078,16.92282],[98.81766,16.92919],[98.81532,16.93984],[98.80011,16.94721],[98.7775,16.9662],[98.76516,16.98083],[98.75456,16.98588],[98.75149,17.00098],[98.74189,17.01702],[98.73048,17.02334],[98.72254,17.03715],[98.70642,17.05348],[98.68145,17.0581],[98.6722,17.06518],[98.65511,17.06988],[98.64705,17.06833],[98.6289,17.0734],[98.62615,17.07974],[98.61131,17.08296],[98.59294,17.09515],[98.58181,17.11183],[98.5695,17.10933],[98.54895,17.11418],[98.53296,17.13195],[98.52637,17.14323],[98.51756,17.14085],[98.5082,17.14608],[98.50452,17.15626],[98.4967,17.15559],[98.47357,17.17017],[98.46987,17.17965],[98.44487,17.19854],[98.43595,17.19894],[98.42077,17.2111],[98.40844,17.22956],[98.40055,17.23108],[98.39087,17.24481],[98.37686,17.2557],[98.36891,17.26861],[98.35815,17.27432],[98.36112,17.28792],[98.33833,17.29706],[98.32288,17.30995],[98.31796,17.3226],[98.33196,17.32899],[98.33421,17.34787],[98.31832,17.36454],[98.31995,17.37564],[98.292,17.40684],[98.30091,17.41288],[98.32282,17.41672],[98.3275,17.42933],[98.31971,17.43562],[98.31977,17.44424],[98.32953,17.46898],[98.32684,17.4904],[98.3169,17.50314],[98.30542,17.54995],[98.29887,17.55305],[98.30244,17.56571],[98.29836,17.57591],[98.26956,17.57953],[98.25171,17.56904],[98.24624,17.58577],[98.2481,17.60152],[98.24487,17.60789],[98.25071,17.62231],[98.24353,17.62938],[98.25067,17.64915],[98.25252,17.6697],[98.26603,17.66971],[98.27781,17.67559],[98.27642,17.6826],[98.28628,17.69667],[98.28824,17.70644],[98.28167,17.70967],[98.26849,17.70424],[98.25034,17.71184],[98.24225,17.71892],[98.22791,17.72139],[98.22621,17.73954],[98.20695,17.77086],[98.1972,17.77791],[98.20583,17.78564],[98.2208,17.78894],[98.21684,17.79451],[98.21708,17.8101],[98.2361,17.82179],[98.23672,17.84593],[98.24316,17.8588],[98.24213,17.87184],[98.2483,17.87808],[98.27026,17.88751],[98.27794,17.8831],[98.29652,17.8913],[98.29994,17.90483],[98.3105,17.91738],[98.3075,17.93758],[98.29513,17.94534],[98.30175,17.9703],[98.31069,17.97326],[98.31576,17.98243],[98.31594,18.00253],[98.33074,18.01013],[98.32518,18.02233],[98.33716,18.031],[98.34997,18.02742],[98.35529,18.03109],[98.36822,18.02436],[98.37773,18.03846],[98.36304,18.04685],[98.35944,18.06985],[98.36804,18.07439],[98.3625,18.09088],[98.37469,18.0946],[98.37558,18.11202],[98.37935,18.1117],[98.37498,18.13433],[98.36244,18.14631],[98.36037,18.15622],[98.34202,18.14879],[98.3311,18.13756],[98.32061,18.14527],[98.31792,18.16393],[98.30601,18.17224],[98.29615,18.16914],[98.26901,18.17422],[98.25163,18.18304],[98.23842,18.17992],[98.23222,18.18338],[98.22756,18.19942],[98.21666,18.2111],[98.21308,18.23957],[98.20588,18.25019],[98.18898,18.24937],[98.18849,18.243],[98.15791,18.22205],[98.1466,18.22729],[98.139,18.24081],[98.1427,18.25102],[98.13549,18.26902],[98.14032,18.29177],[98.12782,18.29804],[98.12639,18.30685],[98.10414,18.31975],[98.09634,18.32957],[98.09894,18.3352],[98.08623,18.35632],[98.06964,18.35735],[98.07085,18.36831],[98.07963,18.3793],[98.07956,18.38868],[98.0885,18.40209],[98.07829,18.41171],[98.08123,18.41737],[98.07408,18.42819],[98.08245,18.44601],[98.10433,18.45745],[98.1126,18.48427],[98.11939,18.49012],[98.12003,18.50004],[98.12771,18.50167],[98.14696,18.51436],[98.15327,18.512],[98.16341,18.52478],[98.17068,18.52591],[98.17372,18.54625],[98.18627,18.54767],[98.194,18.54049],[98.20966,18.53773],[98.22455,18.55454],[98.23211,18.55814],[98.23717,18.57168],[98.22799,18.58599],[98.21245,18.59077],[98.21051,18.60763],[98.1825,18.60977],[98.18366,18.62339],[98.17353,18.62843],[98.1654,18.62576],[98.14574,18.63798],[98.11671,18.63553],[98.10578,18.64842],[98.11239,18.67008],[98.10521,18.67701],[98.1071,18.68899],[98.10047,18.7058],[98.10737,18.71276],[98.10321,18.7183],[98.10076,18.73707],[98.09404,18.73787],[98.10764,18.74609],[98.10738,18.75132],[98.1202,18.75832],[98.12163,18.77398],[98.10863,18.78],[98.09804,18.77516],[98.09193,18.77825],[98.08534,18.79693],[98.08827,18.8048],[98.07951,18.81754],[98.08113,18.83551],[98.08887,18.86122],[98.1021,18.88386],[98.10872,18.88643],[98.12919,18.91174],[98.14393,18.91188],[98.15619,18.91938],[98.15764,18.93782],[98.16637,18.93995],[98.17306,18.96198],[98.16362,18.98163],[98.1703,19.00047],[98.18606,19.01553],[98.18511,19.03188],[98.19113,19.04107],[98.20617,19.05058],[98.22506,19.08027],[98.22683,19.08923],[98.23676,19.09442],[98.23769,19.10163],[98.25094,19.10934],[98.25175,19.11542],[98.24086,19.12735],[98.2421,19.15121],[98.25195,19.16059],[98.26445,19.15269],[98.27056,19.15594],[98.28544,19.15268],[98.30593,19.15281],[98.30594,19.15281],[98.3252,19.15553],[98.33005,19.15037],[98.34299,19.15283],[98.34144,19.13887],[98.34952,19.1315],[98.34327,19.12242],[98.35635,19.09006],[98.37232,19.08365],[98.37179,19.06771],[98.38606,19.06155],[98.40108,19.0403],[98.42221,19.02791],[98.42895,19.04193],[98.43858,19.04797],[98.45674,19.0465],[98.46892,19.04165],[98.47778,19.04335],[98.51231,19.03367],[98.52853,19.02466],[98.5463,19.02676],[98.55496,19.0375],[98.5801,19.0483],[98.59133,19.04305],[98.60276,19.05306],[98.63256,19.06233],[98.64621,19.07631],[98.65167,19.09439],[98.64347,19.10549],[98.64144,19.12801],[98.63221,19.14232],[98.63346,19.15569],[98.62179,19.15785],[98.62089,19.16809],[98.60774,19.17254],[98.60542,19.18058],[98.58238,19.18864],[98.5768,19.20176],[98.56939,19.20584],[98.569,19.2167],[98.57759,19.21494],[98.59843,19.22943],[98.5874,19.25476],[98.59134,19.26712],[98.60388,19.27984],[98.59385,19.28932],[98.59962,19.29843],[98.60141,19.31467],[98.58873,19.33278],[98.59354,19.34033],[98.59004,19.35323],[98.59448,19.3572],[98.58174,19.36543],[98.57374,19.39099],[98.57936,19.39928],[98.58603,19.39755],[98.59607,19.4071],[98.58671,19.4142],[98.58937,19.42227],[98.58453,19.44422],[98.59888,19.47012],[98.59253,19.4843],[98.5949,19.48896],[98.58426,19.50536],[98.57513,19.51215],[98.56865,19.50701],[98.56273,19.5288],[98.56602,19.54704],[98.54242,19.55868],[98.5359,19.60248],[98.53979,19.6091],[98.52656,19.61371],[98.52106,19.62613],[98.50501,19.63095],[98.49106,19.64166],[98.48007,19.6555],[98.46887,19.66209],[98.47175,19.67645],[98.46689,19.69263],[98.48385,19.70362],[98.51766,19.71571],[98.53817,19.69389],[98.56592,19.67185],[98.57177,19.70444],[98.59002,19.71561],[98.60785,19.70895],[98.61636,19.71739],[98.62354,19.71363],[98.6253,19.72673],[98.63499,19.72895],[98.654,19.74016],[98.65832,19.73611],[98.66351,19.74667],[98.67212,19.75188],[98.7036,19.75778],[98.71114,19.76868],[98.72024,19.7611],[98.73983,19.75409],[98.75035,19.76021],[98.7746,19.75221],[98.78087,19.75377],[98.79555,19.77355],[98.81166,19.78012],[98.82988,19.79562],[98.82795,19.80233],[98.83448,19.81216],[98.84876,19.80835],[98.85578,19.79631],[98.87224,19.79143],[98.8765,19.78196],[98.88387,19.78158],[98.91061,19.76209],[98.92626,19.76806],[98.93036,19.76305],[98.92603,19.75193],[98.91187,19.73694],[98.91421,19.73035],[98.90928,19.71151],[98.91597,19.71068],[98.90784,19.69413],[98.92139,19.68955],[98.92693,19.68158],[98.94569,19.67964],[98.9549,19.67202],[98.96997,19.68863],[98.98323,19.67754],[98.99903,19.69401],[99.01332,19.68859],[99.01508,19.6758],[99.0273,19.67064],[99.03312,19.68853],[99.03749,19.68266],[99.05315,19.68203],[99.06925,19.65815],[99.07881,19.65752],[99.07643,19.63771],[99.08941,19.63329],[99.10317,19.61457],[99.10509,19.60268],[99.1264,19.58244],[99.1351,19.56993],[99.15821,19.58278],[99.1678,19.5752],[99.17757,19.5764],[99.17458,19.54962],[99.18581,19.54816],[99.18941,19.53966],[99.19832,19.53933],[99.20375,19.52971],[99.21385,19.52369],[99.23068,19.53602],[99.23045,19.5488],[99.24806,19.55465],[99.25135,19.56305],[99.26908,19.56954],[99.27218,19.56451],[99.28524,19.56481],[99.29644,19.53616],[99.31172,19.52865],[99.30167,19.5174],[99.2949,19.49863],[99.30072,19.48654],[99.3081,19.48617],[99.30619,19.47302],[99.31068,19.47125],[99.31735,19.45462],[99.30914,19.42929],[99.31997,19.40709],[99.32858,19.39715],[99.32601,19.38848],[99.3318,19.37744],[99.33249,19.36141],[99.31655,19.35125],[99.32866,19.32687],[99.32895,19.31397],[99.33801,19.29854],[99.3372,19.28416],[99.34216,19.26624],[99.33742,19.25556],[99.32275,19.24401],[99.31729,19.22795],[99.30986,19.21781],[99.31488,19.20916],[99.30969,19.20559],[99.30611,19.17659],[99.31646,19.17036],[99.32344,19.14256],[99.32108,19.12349],[99.32959,19.11785],[99.34279,19.09474],[99.36493,19.07927],[99.36567,19.06905],[99.38305,19.06452],[99.38319,19.04302],[99.38991,19.02069],[99.39502,19.01823],[99.401,18.99969],[99.37709,18.98751],[99.37376,18.97289],[99.37536,18.95923],[99.38418,18.95178],[99.38489,18.9336],[99.3782,18.9213],[99.39116,18.88551],[99.38806,18.87397],[99.37298,18.85726],[99.35248,18.84669],[99.35052,18.83562],[99.35513,18.82756],[99.35902,18.80049],[99.36412,18.79761],[99.37115,18.7809],[99.36645,18.76889],[99.37121,18.75339],[99.34811,18.73486],[99.34847,18.72422],[99.34051,18.7162],[99.34108,18.70582],[99.33346,18.70138],[99.33642,18.69376],[99.32735,18.68498],[99.333,18.66959],[99.34893,18.65531],[99.33299,18.64997],[99.32817,18.64153],[99.3275,18.61885],[99.34785,18.61708],[99.3594,18.6065],[99.34903,18.59141],[99.35204,18.57858],[99.33221,18.57576],[99.32795,18.56582],[99.32713,18.54439],[99.31711,18.53214],[99.31979,18.50114],[99.2982,18.48931],[99.28572,18.49314],[99.28382,18.49887],[99.25822,18.49576],[99.24232,18.47933],[99.23766,18.44905],[99.22108,18.4299],[99.19876,18.42071],[99.18845,18.39493],[99.1895,18.38821],[99.16749,18.37496],[99.16947,18.34759],[99.15391,18.33057],[99.15158,18.31526],[99.12675,18.3138],[99.12478,18.30444],[99.11345,18.29433],[99.11683,18.274],[99.10659,18.26543],[99.09381,18.27946],[99.08448,18.27979],[99.08042,18.26883],[99.06727,18.27265],[99.05231,18.26619],[99.02944,18.26515],[99.01856,18.25237],[99.027,18.23267],[99.02907,18.21574],[99.0377,18.19901],[99.04404,18.19579],[99.05673,18.17498],[99.05184,18.16135],[99.06486,18.14068],[99.06726,18.09768],[99.07191,18.09361],[99.07036,18.0644],[99.08328,18.04249],[99.08406,18.02974],[99.09203,18.02501],[99.10014,17.99885],[99.09525,17.99646],[99.10157,17.98219],[99.09529,17.97643],[99.09433,17.95789],[99.09817,17.94958],[99.11427,17.94797],[99.11605,17.93728],[99.11128,17.91796],[99.14714,17.90989],[99.14916,17.895],[99.1628,17.88526],[99.16343,17.87679],[99.18389,17.85945],[99.18327,17.85049],[99.16127,17.8468],[99.16449,17.83046],[99.17373,17.81989],[99.1732,17.80977],[99.15875,17.80853],[99.13495,17.82087],[99.10383,17.81233],[99.1102,17.79288],[99.12354,17.77958],[99.1235,17.76877],[99.11122,17.76573],[99.11093,17.75406],[99.10379,17.74073],[99.0915,17.74217],[99.084,17.73413],[99.08577,17.70123],[99.06452,17.69261],[99.06184,17.68271],[99.0658,17.67394],[99.05964,17.66078],[99.06352,17.64393],[99.05925,17.62706],[99.04997,17.61238],[99.01937,17.61479],[99.00883,17.62269],[98.99991,17.63541],[98.99145,17.63352],[98.97255,17.6421],[98.96214,17.63943],[98.94686,17.64597],[98.93992,17.63989],[98.91777,17.64211],[98.90865,17.64862],[98.88293,17.62684],[98.88044,17.60525],[98.88661,17.60261],[98.88822,17.59007],[98.91016,17.58274],[98.90476,17.56179],[98.90779,17.54003],[98.92333,17.52871],[98.92289,17.51353],[98.92829,17.50628],[98.92682,17.49205],[98.93257,17.48275],[98.93998,17.45617],[98.95186,17.45441],[98.95487,17.43765],[98.94877,17.42953],[98.94544,17.40797],[98.94118,17.40268],[98.94768,17.38739],[98.9566,17.38663],[98.96499,17.37876],[98.97237,17.36337],[98.98258,17.35819],[98.98741,17.34091],[98.97188,17.33142],[98.97083,17.31387],[98.97419,17.30348],[98.98979,17.30455],[99.00337,17.27718],[99.01487,17.27613],[99.03774,17.26857],[99.03886,17.25467],[99.0526,17.25067],[99.05623,17.23598],[99.07198,17.22711],[99.07413,17.21296],[99.08187,17.20641],[99.0968,17.2052],[99.08976,17.18471],[99.09526,17.16606],[99.08789,17.15784],[99.08528,17.14628],[99.08966,17.13648],[99.08576,17.12947],[99.06115,17.12421],[99.06958,17.1117],[99.08003,17.10908],[99.08024,17.09413],[99.09045,17.07933],[99.10619,17.08244],[99.11479,17.07658],[99.14713,17.0727],[99.15646,17.05828],[99.16945,17.07133],[99.17323,17.09123],[99.18101,17.10157],[99.18086,17.1131],[99.19311,17.12518],[99.19919,17.13857],[99.19826,17.14861],[99.21017,17.15298],[99.22014,17.16214],[99.23352,17.18508],[99.23678,17.18269],[99.24425,17.20257],[99.26111,17.21635],[99.25997,17.22248],[99.27119,17.23276],[99.27713,17.26154],[99.28445,17.26631],[99.28418,17.2829],[99.29786,17.28666],[99.30316,17.27305],[99.3162,17.26936],[99.32107,17.24379],[99.32001,17.22989],[99.31388,17.21865],[99.31631,17.21075],[99.31211,17.18705],[99.31881,17.15735],[99.31438,17.14652],[99.31409,17.14593],[99.32812,17.13631],[99.32056,17.1267],[99.31906,17.09718],[99.32806,17.07885],[99.32074,17.07591],[99.31977,17.05681],[99.32549,17.05122],[99.32118,17.0364],[99.32506,17.0257],[99.3234,17.01189],[99.33269,17.00505],[99.33316,16.99388],[99.34391,16.99324],[99.34568,16.9793],[99.35442,16.95018],[99.35267,16.94018],[99.36177,16.93383],[99.36814,16.92139],[99.3834,16.91782],[99.38859,16.90507],[99.40511,16.90414],[99.40726,16.89814],[99.42169,16.89361],[99.42221,16.88375],[99.43069,16.8753],[99.44127,16.88399],[99.44856,16.8751],[99.46689,16.8701],[99.47704,16.86291],[99.48847,16.86369],[99.49724,16.84216],[99.50499,16.83696],[99.51185,16.84038],[99.52984,16.8307],[99.52796,16.82051],[99.51649,16.82438],[99.50845,16.81025],[99.49565,16.80077],[99.49509,16.77016],[99.48545,16.76206],[99.4911,16.74966],[99.5072,16.7406],[99.50072,16.72805],[99.50379,16.72027],[99.49264,16.716],[99.4931,16.69957],[99.48872,16.68589],[99.49441,16.68251],[99.49544,16.67037],[99.50245,16.65868],[99.49236,16.65458],[99.49096,16.6413],[99.50933,16.58943],[99.50738,16.55826],[99.50982,16.53908],[99.51508,16.5325],[99.51586,16.51943],[99.52302,16.51854],[99.5507,16.47888],[99.55046,16.47449],[99.54705,16.46688],[99.56915,16.45213],[99.57102,16.46007],[99.58164,16.46125],[99.60294,16.44958],[99.60627,16.44354],[99.62559,16.43912],[99.62904,16.42647],[99.64181,16.41831],[99.63919,16.41094],[99.65152,16.40637],[99.64494,16.37801],[99.66022,16.35042],[99.66966,16.33939],[99.67529,16.31961],[99.69253,16.30152],[99.70091,16.27792],[99.71716,16.24981],[99.73168,16.23597],[99.72825,16.21964],[99.74549,16.20855],[99.76824,16.20276],[99.78345,16.17767],[99.79487,16.17452],[99.8028,16.16237],[99.82739,16.16371],[99.8456,16.14435],[99.86172,16.13961],[99.86204,16.13339],[99.88616,16.13339],[99.89948,16.12213],[99.90263,16.10768],[99.91393,16.08345],[99.9233,16.07074],[99.93002,16.07083],[99.93728,16.06102],[99.95431,16.05987],[99.96997,16.04967],[99.97042,16.04105],[99.98986,16.01751],[100.00297,16.00848],[100.01218,15.99503],[100.02293,15.99247],[100.02947,15.98187],[100.0465,15.96611],[100.08034,15.94265],[100.09937,15.94016],[100.11199,15.93248],[100.12173,15.92106],[100.12274,15.90985],[100.11652,15.90151],[100.11747,15.84161],[100.12061,15.82025],[100.10777,15.80039],[100.11421,15.77974],[100.12391,15.76638],[100.1394,15.7605],[100.13841,15.74968],[100.15093,15.73574],[100.14694,15.70574],[100.14212,15.70103],[100.13297,15.71271],[100.11916,15.71118],[100.11436,15.72584],[100.1005,15.73177],[100.09645,15.74318],[100.07968,15.75755],[100.0879,15.76942],[100.07684,15.7862],[100.06576,15.78854],[100.06138,15.79803],[100.05142,15.80392],[100.04988,15.83179],[100.05466,15.84129],[100.04831,15.85283],[100.05215,15.86669],[100.04634,15.88233],[100.03393,15.88977],[100.0153,15.89072],[100.00802,15.89496],[99.99552,15.91299],[99.97117,15.9003],[99.96494,15.90277],[99.95814,15.89014],[99.95154,15.89382],[99.94507,15.90954],[99.93622,15.91941],[99.91853,15.93131],[99.90831,15.94341],[99.89925,15.9436],[99.88711,15.95093],[99.87552,15.97151],[99.84325,15.98971],[99.82133,15.99965],[99.81445,16.01304],[99.80311,16.0248],[99.77591,16.0273],[99.73797,16.06232],[99.69347,16.07541],[99.67363,16.08711],[99.66348,16.08641],[99.6492,16.09281],[99.64,16.10422],[99.61266,16.11209],[99.59938,16.10914],[99.57547,16.10954],[99.54805,16.11701],[99.51811,16.10895],[99.52013,16.10178],[99.50974,16.09495],[99.51158,16.07975],[99.50374,16.07953],[99.50121,16.06695],[99.48958,16.05179],[99.48778,16.03885],[99.4764,16.03044],[99.46177,16.00956],[99.46174,16.00141],[99.44548,15.99164],[99.42934,15.98777],[99.43141,15.98172],[99.41376,15.97995],[99.40675,15.96918],[99.399,15.96925],[99.39679,15.94901],[99.35636,15.94572],[99.33797,15.95259],[99.33386,15.96482],[99.31745,15.96913],[99.31167,15.97569],[99.31285,15.9892],[99.29848,15.99802],[99.28861,15.98698],[99.25866,15.98302],[99.2568,15.96485],[99.23772,15.97389],[99.24228,15.98749],[99.23213,15.99785],[99.23034,16.00838],[99.21545,16.01716],[99.2078,16.03538],[99.19786,16.04332],[99.20163,16.04715],[99.18282,16.05894],[99.17553,16.05545],[99.16079,16.06427],[99.14558,16.07823],[99.14501,16.08794],[99.13656,16.09414],[99.12616,16.09443],[99.10821,16.08535],[99.10877,16.09867],[99.09556,16.10244],[99.09555,16.10244],[99.09459,16.10268],[99.08105,16.12396],[99.0683,16.13274],[99.05163,16.13581],[99.05122,16.1614],[99.06775,16.16557],[99.07362,16.19608],[99.08055,16.20134],[99.08306,16.21288],[99.07455,16.22191],[99.06391,16.2411],[99.05489,16.24682],[99.04951,16.25784],[99.04243,16.29412],[99.0535,16.30954],[99.04988,16.33554],[99.04233,16.33851],[99.04161,16.3742],[99.03411,16.38471],[99.02652,16.3827],[99.01645,16.38532]]]]}},{"type":"Feature","properties":{"code":"07","name":"ลุ่มน้ำวัง"},"geometry":{"type":"MultiPolygon","coordinates":[[[[99.75268,19.04408],[99.75743,19.02712],[99.76575,19.01388],[99.75563,19.00704],[99.76046,18.98241],[99.75379,18.96341],[99.75868,18.95143],[99.77279,18.93637],[99.75673,18.92482],[99.77161,18.90965],[99.78021,18.91218],[99.78849,18.90341],[99.78729,18.88545],[99.80009,18.8816],[99.79798,18.86471],[99.80475,18.85263],[99.80097,18.83765],[99.80474,18.80832],[99.79445,18.79706],[99.79652,18.78787],[99.79613,18.75822],[99.78639,18.74217],[99.7763,18.7355],[99.77684,18.70644],[99.78664,18.70214],[99.79556,18.70476],[99.8114,18.69135],[99.8156,18.67497],[99.83696,18.65733],[99.82516,18.6383],[99.82622,18.6306],[99.81819,18.62467],[99.81413,18.60582],[99.80337,18.59455],[99.80311,18.57554],[99.79383,18.56604],[99.80605,18.55374],[99.81905,18.54964],[99.82631,18.52885],[99.82051,18.5149],[99.82322,18.50554],[99.81913,18.49578],[99.83409,18.48073],[99.8456,18.48734],[99.86777,18.48901],[99.87659,18.50424],[99.89245,18.49832],[99.8909,18.49001],[99.8982,18.48251],[99.89725,18.47302],[99.90845,18.47143],[99.91183,18.45747],[99.90743,18.45297],[99.91632,18.43058],[99.91758,18.41341],[99.90439,18.39177],[99.91294,18.38731],[99.93302,18.38534],[99.93297,18.377],[99.95262,18.37092],[99.95102,18.35671],[99.93924,18.35111],[99.93619,18.32773],[99.92394,18.31087],[99.91123,18.28558],[99.90559,18.27974],[99.88939,18.28291],[99.87369,18.27825],[99.85847,18.28428],[99.85861,18.276],[99.83263,18.23593],[99.82104,18.23759],[99.80136,18.21504],[99.799,18.19996],[99.75351,18.14058],[99.75367,18.13043],[99.76149,18.12337],[99.73859,18.10782],[99.72004,18.07005],[99.70456,18.0704],[99.68943,18.06416],[99.69171,18.05594],[99.6798,18.04557],[99.65681,18.04072],[99.64958,18.05683],[99.6276,18.06076],[99.61879,18.04859],[99.61066,18.04948],[99.59683,18.03818],[99.58608,18.03576],[99.58829,18.02205],[99.59497,18.00974],[99.56487,17.99124],[99.55692,17.97397],[99.54784,17.97176],[99.53932,17.96084],[99.53286,17.96226],[99.5045,17.93965],[99.49296,17.92413],[99.48395,17.91786],[99.47532,17.89421],[99.45143,17.87742],[99.44897,17.86923],[99.4213,17.85052],[99.41215,17.82485],[99.39361,17.81557],[99.38566,17.79005],[99.36793,17.77335],[99.38063,17.76489],[99.38407,17.7544],[99.38016,17.74316],[99.3863,17.74157],[99.38303,17.72983],[99.3694,17.71355],[99.37892,17.71037],[99.37976,17.70293],[99.39035,17.69915],[99.387,17.68998],[99.3723,17.67948],[99.34221,17.64771],[99.3382,17.63429],[99.32873,17.63703],[99.31825,17.63326],[99.31706,17.62233],[99.30705,17.61917],[99.30548,17.60747],[99.29276,17.59998],[99.28217,17.57467],[99.26527,17.55905],[99.25359,17.55429],[99.24979,17.54582],[99.23641,17.54269],[99.24225,17.53138],[99.23735,17.52716],[99.22971,17.50208],[99.23628,17.48785],[99.25185,17.48253],[99.25171,17.45999],[99.24085,17.4569],[99.24537,17.44878],[99.23704,17.43972],[99.24006,17.43196],[99.251,17.43158],[99.25697,17.42501],[99.26724,17.42615],[99.26903,17.40554],[99.27541,17.38118],[99.27041,17.36231],[99.27116,17.34872],[99.27762,17.34516],[99.27664,17.33082],[99.29322,17.30805],[99.29936,17.29526],[99.29786,17.28666],[99.28418,17.2829],[99.28445,17.26631],[99.27713,17.26154],[99.27119,17.23276],[99.25997,17.22248],[99.26111,17.21635],[99.24425,17.20257],[99.23678,17.18269],[99.23352,17.18508],[99.22014,17.16214],[99.21017,17.15298],[99.19826,17.14861],[99.19919,17.13857],[99.19311,17.12518],[99.18086,17.1131],[99.18101,17.10157],[99.17323,17.09123],[99.16945,17.07133],[99.15646,17.05828],[99.14713,17.0727],[99.11479,17.07658],[99.10619,17.08244],[99.09045,17.07933],[99.08024,17.09413],[99.08003,17.10908],[99.06958,17.1117],[99.06115,17.12421],[99.08576,17.12947],[99.08966,17.13648],[99.08528,17.14628],[99.08789,17.15784],[99.09526,17.16606],[99.08976,17.18471],[99.0968,17.2052],[99.08187,17.20641],[99.07413,17.21296],[99.07198,17.22711],[99.05623,17.23598],[99.0526,17.25067],[99.03886,17.25467],[99.03774,17.26857],[99.01487,17.27613],[99.00337,17.27718],[98.98979,17.30455],[98.97419,17.30348],[98.97083,17.31387],[98.97188,17.33142],[98.98741,17.34091],[98.98258,17.35819],[98.97237,17.36337],[98.96499,17.37876],[98.9566,17.38663],[98.94768,17.38739],[98.94118,17.40268],[98.94544,17.40797],[98.94877,17.42953],[98.95487,17.43765],[98.95186,17.45441],[98.93998,17.45617],[98.93257,17.48275],[98.92682,17.49205],[98.92829,17.50628],[98.92289,17.51353],[98.92333,17.52871],[98.90779,17.54003],[98.90476,17.56179],[98.91016,17.58274],[98.88822,17.59007],[98.88661,17.60261],[98.88044,17.60525],[98.88293,17.62684],[98.90865,17.64862],[98.91777,17.64211],[98.93992,17.63989],[98.94686,17.64597],[98.96214,17.63943],[98.97255,17.6421],[98.99145,17.63352],[98.99991,17.63541],[99.00883,17.62269],[99.01937,17.61479],[99.04997,17.61238],[99.05925,17.62706],[99.06352,17.64393],[99.05964,17.66078],[99.0658,17.67394],[99.06184,17.68271],[99.06452,17.69261],[99.08577,17.70123],[99.084,17.73413],[99.0915,17.74217],[99.10379,17.74073],[99.11093,17.75406],[99.11122,17.76573],[99.1235,17.76877],[99.12354,17.77958],[99.1102,17.79288],[99.10383,17.81233],[99.13495,17.82087],[99.15875,17.80853],[99.1732,17.80977],[99.17373,17.81989],[99.16449,17.83046],[99.16127,17.8468],[99.18327,17.85049],[99.18389,17.85945],[99.16343,17.87679],[99.1628,17.88526],[99.14916,17.895],[99.14714,17.90989],[99.11128,17.91796],[99.11605,17.93728],[99.11427,17.94797],[99.09817,17.94958],[99.09433,17.95789],[99.09529,17.97643],[99.10157,17.98219],[99.09525,17.99646],[99.10014,17.99885],[99.09203,18.02501],[99.08406,18.02974],[99.08328,18.04249],[99.07036,18.0644],[99.07191,18.09361],[99.06726,18.09768],[99.06486,18.14068],[99.05184,18.16135],[99.05673,18.17498],[99.04404,18.19579],[99.0377,18.19901],[99.02907,18.21574],[99.027,18.23267],[99.01856,18.25237],[99.02944,18.26515],[99.05231,18.26619],[99.06727,18.27265],[99.08042,18.26883],[99.08448,18.27979],[99.09381,18.27946],[99.10659,18.26543],[99.11683,18.274],[99.11345,18.29433],[99.12478,18.30444],[99.12675,18.3138],[99.15158,18.31526],[99.15391,18.33057],[99.16947,18.34759],[99.16749,18.37496],[99.1895,18.38821],[99.18845,18.39493],[99.19876,18.42071],[99.22108,18.4299],[99.23766,18.44905],[99.24232,18.47933],[99.25822,18.49576],[99.28382,18.49887],[99.28572,18.49314],[99.2982,18.48931],[99.31979,18.50114],[99.31711,18.53214],[99.32713,18.54439],[99.32795,18.56582],[99.33221,18.57576],[99.35204,18.57858],[99.34903,18.59141],[99.3594,18.6065],[99.34785,18.61708],[99.3275,18.61885],[99.32817,18.64153],[99.33299,18.64997],[99.34893,18.65531],[99.333,18.66959],[99.32735,18.68498],[99.33642,18.69376],[99.33346,18.70138],[99.34108,18.70582],[99.34051,18.7162],[99.34847,18.72422],[99.34811,18.73486],[99.37121,18.75339],[99.36645,18.76889],[99.37115,18.7809],[99.36412,18.79761],[99.35902,18.80049],[99.35513,18.82756],[99.35052,18.83562],[99.35248,18.84669],[99.37298,18.85726],[99.38806,18.87397],[99.39116,18.88551],[99.3782,18.9213],[99.38489,18.9336],[99.38418,18.95178],[99.37536,18.95923],[99.37376,18.97289],[99.37709,18.98751],[99.401,18.99969],[99.43633,19.00765],[99.43823,19.01437],[99.46087,19.03505],[99.46523,19.03577],[99.4839,19.07031],[99.49429,19.07726],[99.52927,19.07616],[99.53621,19.08513],[99.53729,19.10941],[99.5448,19.114],[99.55708,19.12988],[99.55996,19.14277],[99.55396,19.1445],[99.54828,19.15696],[99.53598,19.16229],[99.54267,19.19453],[99.54074,19.20607],[99.5458,19.2398],[99.5522,19.25786],[99.55884,19.25778],[99.55971,19.2716],[99.57103,19.29317],[99.57747,19.29237],[99.58017,19.31083],[99.57558,19.32746],[99.58107,19.33832],[99.57357,19.34474],[99.57922,19.34902],[99.57538,19.36249],[99.57599,19.38897],[99.5637,19.40364],[99.56939,19.4438],[99.58678,19.46246],[99.58477,19.47772],[99.59128,19.48105],[99.60536,19.50625],[99.61723,19.51262],[99.6424,19.51022],[99.64315,19.48256],[99.65168,19.47782],[99.65164,19.46525],[99.66493,19.47087],[99.66672,19.46134],[99.68225,19.45847],[99.68289,19.41706],[99.69061,19.38796],[99.69608,19.38031],[99.69212,19.36407],[99.70074,19.34723],[99.70714,19.34503],[99.70839,19.33057],[99.70143,19.31773],[99.69882,19.30178],[99.7027,19.29705],[99.70553,19.27495],[99.70284,19.25391],[99.70485,19.24088],[99.7109,19.23765],[99.72214,19.19258],[99.72922,19.18119],[99.72641,19.16941],[99.73851,19.15933],[99.7426,19.14443],[99.75723,19.13487],[99.75695,19.12195],[99.76868,19.07755],[99.77381,19.07641],[99.77353,19.06427],[99.75268,19.04408]]]]}},{"type":"Feature","properties":{"code":"08","name":"ลุ่มน้ำยม"},"geometry":{"type":"MultiPolygon","coordinates":[[[[99.29936,17.29526],[99.29322,17.30805],[99.27664,17.33082],[99.27762,17.34516],[99.27116,17.34872],[99.27041,17.36231],[99.27541,17.38118],[99.26903,17.40554],[99.26724,17.42615],[99.25697,17.42501],[99.251,17.43158],[99.24006,17.43196],[99.23704,17.43972],[99.24537,17.44878],[99.24085,17.4569],[99.25171,17.45999],[99.25185,17.48253],[99.23628,17.48785],[99.22971,17.50208],[99.23735,17.52716],[99.24225,17.53138],[99.23641,17.54269],[99.24979,17.54582],[99.25359,17.55429],[99.26527,17.55905],[99.28217,17.57467],[99.29276,17.59998],[99.30548,17.60747],[99.30705,17.61917],[99.31706,17.62233],[99.31825,17.63326],[99.32873,17.63703],[99.3382,17.63429],[99.34221,17.64771],[99.3723,17.67948],[99.387,17.68998],[99.39035,17.69915],[99.37976,17.70293],[99.37892,17.71037],[99.3694,17.71355],[99.38303,17.72983],[99.3863,17.74157],[99.38016,17.74316],[99.38407,17.7544],[99.38063,17.76489],[99.36793,17.77335],[99.38566,17.79005],[99.39361,17.81557],[99.41215,17.82485],[99.4213,17.85052],[99.44897,17.86923],[99.45143,17.87742],[99.47532,17.89421],[99.48395,17.91786],[99.49296,17.92413],[99.5045,17.93965],[99.53286,17.96226],[99.53932,17.96084],[99.54784,17.97176],[99.55692,17.97397],[99.56487,17.99124],[99.59497,18.00974],[99.58829,18.02205],[99.58608,18.03576],[99.59683,18.03818],[99.61066,18.04948],[99.61879,18.04859],[99.6276,18.06076],[99.64958,18.05683],[99.65681,18.04072],[99.6798,18.04557],[99.69171,18.05594],[99.68943,18.06416],[99.70456,18.0704],[99.72004,18.07005],[99.73859,18.10782],[99.76149,18.12337],[99.75367,18.13043],[99.75351,18.14058],[99.799,18.19996],[99.80136,18.21504],[99.82104,18.23759],[99.83263,18.23593],[99.85861,18.276],[99.85847,18.28428],[99.87369,18.27825],[99.88939,18.28291],[99.90559,18.27974],[99.91123,18.28558],[99.92394,18.31087],[99.93619,18.32773],[99.93924,18.35111],[99.95102,18.35671],[99.95262,18.37092],[99.93297,18.377],[99.93302,18.38534],[99.91294,18.38731],[99.90439,18.39177],[99.91758,18.41341],[99.91632,18.43058],[99.90743,18.45297],[99.91183,18.45747],[99.90845,18.47143],[99.89725,18.47302],[99.8982,18.48251],[99.8909,18.49001],[99.89245,18.49832],[99.87659,18.50424],[99.86777,18.48901],[99.8456,18.48734],[99.83409,18.48073],[99.81913,18.49578],[99.82322,18.50554],[99.82051,18.5149],[99.82631,18.52885],[99.81905,18.54964],[99.80605,18.55374],[99.79383,18.56604],[99.80311,18.57554],[99.80337,18.59455],[99.81413,18.60582],[99.81819,18.62467],[99.82622,18.6306],[99.82516,18.6383],[99.83696,18.65733],[99.8156,18.67497],[99.8114,18.69135],[99.79556,18.70476],[99.78664,18.70214],[99.77684,18.70644],[99.7763,18.7355],[99.78639,18.74217],[99.79613,18.75822],[99.79652,18.78787],[99.79445,18.79706],[99.80474,18.80832],[99.80097,18.83765],[99.80475,18.85263],[99.79798,18.86471],[99.80009,18.8816],[99.78729,18.88545],[99.78849,18.90341],[99.78021,18.91218],[99.77161,18.90965],[99.75673,18.92482],[99.77279,18.93637],[99.75868,18.95143],[99.75379,18.96341],[99.76046,18.98241],[99.75563,19.00704],[99.76575,19.01388],[99.75743,19.02712],[99.75268,19.04408],[99.77353,19.06427],[99.79433,19.05348],[99.82006,19.0604],[99.82037,19.04674],[99.83294,19.04042],[99.83416,19.02793],[99.82973,19.0105],[99.83839,19.00152],[99.85523,19.00269],[99.87106,18.99657],[99.88219,19.00036],[99.88924,18.98888],[99.9061,18.9834],[99.91001,18.98822],[99.92577,18.9798],[99.93902,18.96135],[99.94506,18.94322],[99.98022,18.92001],[99.99642,18.90554],[100.00833,18.90532],[100.01673,18.89632],[100.0333,18.90264],[100.04441,18.90081],[100.0583,18.91695],[100.05721,18.9294],[100.0833,18.93622],[100.09642,18.9268],[100.11344,18.92881],[100.11986,18.93623],[100.12212,18.96513],[100.12578,18.9743],[100.1144,18.97792],[100.11858,18.98766],[100.10887,19.00123],[100.10531,19.01464],[100.11243,19.02633],[100.11113,19.03356],[100.11929,19.03763],[100.12503,19.0586],[100.11343,19.06635],[100.10727,19.0761],[100.1106,19.09111],[100.11411,19.1561],[100.12537,19.15516],[100.13168,19.16897],[100.13551,19.18982],[100.14241,19.20127],[100.16339,19.21533],[100.17282,19.21667],[100.18557,19.22824],[100.19799,19.23124],[100.21312,19.22812],[100.22486,19.26488],[100.23667,19.26536],[100.24244,19.25899],[100.26437,19.26257],[100.26053,19.28787],[100.24369,19.30348],[100.2457,19.3132],[100.23272,19.32031],[100.22768,19.33319],[100.23561,19.34554],[100.24871,19.35109],[100.25394,19.34513],[100.2765,19.33316],[100.28489,19.34283],[100.31038,19.33974],[100.31303,19.36422],[100.3309,19.37123],[100.34725,19.35803],[100.35631,19.37061],[100.35805,19.39268],[100.3803,19.3784],[100.38989,19.38756],[100.38733,19.39436],[100.41117,19.39758],[100.42043,19.40203],[100.44276,19.39376],[100.46619,19.40013],[100.4922,19.39894],[100.52576,19.4086],[100.53996,19.41592],[100.54803,19.39389],[100.55764,19.38533],[100.56069,19.36661],[100.56948,19.35411],[100.56924,19.34094],[100.55913,19.33561],[100.55847,19.31988],[100.57112,19.30496],[100.58709,19.3147],[100.59142,19.32694],[100.60909,19.33399],[100.61652,19.32266],[100.61242,19.31315],[100.61015,19.28033],[100.60442,19.26834],[100.60583,19.25744],[100.60019,19.25197],[100.61652,19.22643],[100.62109,19.19935],[100.61793,19.18359],[100.62566,19.17333],[100.62997,19.14818],[100.64127,19.14293],[100.64214,19.12626],[100.66136,19.11527],[100.67979,19.08833],[100.66488,19.07675],[100.66249,19.06411],[100.65549,19.0584],[100.63242,19.06154],[100.61469,19.04191],[100.61951,19.03403],[100.60549,19.02034],[100.58159,19.03046],[100.56966,19.02856],[100.55785,19.04358],[100.54795,19.03966],[100.53846,19.04618],[100.53461,19.03201],[100.52624,19.02009],[100.52867,19.00359],[100.52391,18.99762],[100.54424,18.96348],[100.53427,18.95734],[100.53949,18.94694],[100.53051,18.9319],[100.5187,18.9315],[100.52402,18.91951],[100.53091,18.91617],[100.52668,18.89954],[100.53192,18.86089],[100.52806,18.85517],[100.53253,18.84185],[100.52745,18.83372],[100.50655,18.81979],[100.5084,18.79366],[100.50343,18.78362],[100.50142,18.75876],[100.4941,18.73597],[100.47815,18.72856],[100.46254,18.72869],[100.45058,18.74642],[100.43777,18.74125],[100.42063,18.74678],[100.40628,18.73925],[100.3918,18.74037],[100.3886,18.72662],[100.3815,18.72578],[100.3716,18.71095],[100.36355,18.70681],[100.35972,18.69089],[100.35242,18.68041],[100.35498,18.6627],[100.3599,18.65962],[100.3619,18.64449],[100.37486,18.63706],[100.39278,18.63832],[100.39684,18.62709],[100.38281,18.62364],[100.37825,18.61115],[100.37828,18.58503],[100.37057,18.56593],[100.38765,18.55818],[100.3878,18.54301],[100.39556,18.52585],[100.38685,18.51269],[100.39359,18.50752],[100.39906,18.48686],[100.4144,18.48227],[100.42214,18.49558],[100.43579,18.50067],[100.44398,18.49028],[100.44603,18.49602],[100.46019,18.4914],[100.4765,18.49557],[100.4818,18.48283],[100.49279,18.47531],[100.51657,18.47538],[100.53507,18.48969],[100.54238,18.48755],[100.54551,18.46289],[100.54966,18.45603],[100.54726,18.44103],[100.55033,18.41579],[100.53643,18.3907],[100.51965,18.39243],[100.51385,18.38886],[100.5053,18.36199],[100.49733,18.35304],[100.48131,18.3508],[100.48278,18.34393],[100.49336,18.33899],[100.48017,18.31983],[100.48641,18.29893],[100.48299,18.29241],[100.4942,18.27897],[100.47863,18.26804],[100.46774,18.23801],[100.4538,18.21485],[100.45965,18.19443],[100.4514,18.18391],[100.45233,18.17362],[100.44052,18.15334],[100.41834,18.15589],[100.41053,18.14236],[100.39783,18.13666],[100.39163,18.11833],[100.39997,18.10016],[100.39564,18.0861],[100.40946,18.07492],[100.40341,18.06612],[100.40772,18.0477],[100.41472,18.03806],[100.41416,18.02233],[100.39187,18.02134],[100.38026,18.01212],[100.37766,18.00233],[100.36796,17.99354],[100.34532,17.98064],[100.32209,17.98243],[100.30182,17.96693],[100.28351,17.96396],[100.28078,17.95802],[100.26167,17.95331],[100.24662,17.96162],[100.22597,17.94706],[100.21967,17.93812],[100.2145,17.92069],[100.20253,17.91808],[100.19551,17.90781],[100.15878,17.88392],[100.14475,17.8669],[100.12883,17.85774],[100.11971,17.85913],[100.10101,17.84705],[100.09541,17.85082],[100.08911,17.84291],[100.07754,17.83837],[100.06201,17.83934],[100.05741,17.83367],[100.04791,17.84813],[100.01326,17.83393],[100.00622,17.83679],[99.99317,17.83105],[99.9883,17.83493],[99.98845,17.81993],[99.993,17.81097],[99.9756,17.79718],[99.96355,17.79845],[99.95655,17.77946],[99.95651,17.76664],[99.92941,17.75516],[99.9294,17.74508],[99.94505,17.72323],[99.96302,17.71189],[99.96845,17.68345],[99.97736,17.65667],[99.96842,17.64084],[99.96694,17.62804],[99.97579,17.62211],[99.9619,17.61285],[99.95677,17.60477],[99.94066,17.59207],[99.9246,17.58745],[99.90217,17.59552],[99.88716,17.60762],[99.86884,17.60359],[99.8654,17.57544],[99.87046,17.55121],[99.87671,17.54747],[99.88131,17.52961],[99.88136,17.50593],[99.874,17.49466],[99.85589,17.4904],[99.86424,17.47039],[99.8548,17.46193],[99.86098,17.45555],[99.83989,17.44814],[99.82495,17.43186],[99.82597,17.41706],[99.8547,17.42332],[99.87524,17.43557],[99.89257,17.43664],[99.89216,17.4534],[99.90067,17.45977],[99.90961,17.45536],[99.91294,17.47402],[99.92238,17.48187],[99.92921,17.50215],[99.94102,17.50889],[99.94465,17.50014],[99.95352,17.5069],[99.95918,17.49683],[99.97103,17.49497],[99.98108,17.48472],[99.97977,17.4742],[99.9975,17.46637],[100.00178,17.45633],[99.99412,17.44225],[99.996,17.41776],[99.98959,17.40731],[99.99421,17.39466],[100.00234,17.39148],[100.00814,17.38143],[99.99931,17.37065],[100.00326,17.36496],[99.99924,17.35303],[100.00696,17.34055],[100.02769,17.25853],[100.0393,17.25042],[100.02883,17.22625],[100.02883,17.218],[100.03825,17.2172],[100.05631,17.20678],[100.05845,17.19017],[100.06475,17.17307],[100.07964,17.15794],[100.08849,17.1358],[100.10095,17.12437],[100.1132,17.12298],[100.12872,17.11328],[100.14922,17.08921],[100.14892,17.07927],[100.16757,17.0726],[100.17102,17.06012],[100.16205,17.05205],[100.16472,17.03551],[100.17471,17.02912],[100.17619,17.01148],[100.18931,17.00057],[100.19263,16.98371],[100.19697,16.98068],[100.1955,16.95372],[100.20306,16.92903],[100.21468,16.92746],[100.20627,16.91187],[100.21407,16.89324],[100.22677,16.89152],[100.23475,16.88271],[100.23683,16.86436],[100.21958,16.85341],[100.24864,16.8312],[100.24528,16.82055],[100.21665,16.80326],[100.19501,16.77775],[100.20629,16.74722],[100.22245,16.74221],[100.24359,16.70995],[100.2614,16.69857],[100.26593,16.68863],[100.25124,16.68155],[100.24771,16.67248],[100.23152,16.65855],[100.23974,16.63216],[100.24873,16.62462],[100.24267,16.58942],[100.2331,16.58088],[100.24453,16.55273],[100.24972,16.54548],[100.24828,16.52978],[100.26851,16.51748],[100.27116,16.5088],[100.26818,16.49464],[100.28381,16.48373],[100.28602,16.47174],[100.30417,16.45665],[100.31821,16.45135],[100.31946,16.44461],[100.29262,16.42535],[100.30515,16.40826],[100.30692,16.39748],[100.2968,16.36738],[100.31975,16.36214],[100.32351,16.33399],[100.31112,16.32791],[100.31805,16.31436],[100.31885,16.30032],[100.31195,16.29091],[100.29407,16.28823],[100.29261,16.2628],[100.29832,16.25213],[100.31317,16.24499],[100.31239,16.23586],[100.3048,16.23161],[100.30532,16.21988],[100.29763,16.21336],[100.29269,16.19293],[100.29602,16.17372],[100.29109,16.16443],[100.30819,16.14544],[100.3063,16.13325],[100.32678,16.1142],[100.32603,16.10168],[100.33432,16.09657],[100.34755,16.09621],[100.34342,16.08554],[100.34541,16.0719],[100.33624,16.05793],[100.31916,16.06245],[100.29511,16.05359],[100.29016,16.04177],[100.28964,16.02823],[100.27764,16.02217],[100.2779,16.00911],[100.27253,15.99663],[100.27232,15.97509],[100.26142,15.9692],[100.25354,15.95623],[100.25945,15.95406],[100.25188,15.94524],[100.26948,15.93027],[100.27892,15.93002],[100.28153,15.90337],[100.27521,15.90214],[100.2605,15.87904],[100.26355,15.86869],[100.24292,15.87785],[100.24043,15.88468],[100.2594,15.88474],[100.24797,15.9033],[100.24177,15.90553],[100.24292,15.91785],[100.25603,15.92062],[100.26095,15.91514],[100.26312,15.9322],[100.25027,15.94135],[100.24765,15.95115],[100.25803,15.96414],[100.25259,15.9724],[100.25896,15.98009],[100.25422,15.99377],[100.26463,15.99879],[100.2632,16.01751],[100.25404,16.02234],[100.24165,16.03737],[100.24187,16.05381],[100.21642,16.05039],[100.21157,16.0759],[100.20128,16.07877],[100.16012,16.1047],[100.13103,16.13317],[100.1264,16.1314],[100.10548,16.14706],[100.09232,16.16979],[100.06265,16.17727],[100.04951,16.18316],[100.03747,16.19977],[100.0363,16.21306],[100.02164,16.22015],[100.00785,16.21934],[99.99551,16.22805],[99.97693,16.23142],[99.96921,16.22841],[99.95344,16.2359],[99.93996,16.23313],[99.94211,16.24995],[99.93044,16.25419],[99.92599,16.26366],[99.92792,16.27829],[99.91749,16.28304],[99.91514,16.29203],[99.90494,16.30256],[99.90676,16.30784],[99.89466,16.32544],[99.88424,16.32183],[99.8723,16.32533],[99.86744,16.33516],[99.87048,16.34756],[99.85439,16.37059],[99.84894,16.3897],[99.84666,16.41155],[99.83391,16.43204],[99.80724,16.43073],[99.78619,16.43679],[99.78867,16.44591],[99.77349,16.45554],[99.76489,16.46531],[99.75099,16.46017],[99.73709,16.47442],[99.7384,16.48294],[99.70697,16.48878],[99.70889,16.49934],[99.69392,16.50237],[99.69688,16.51775],[99.66979,16.52259],[99.66521,16.49552],[99.65774,16.49078],[99.60954,16.48078],[99.55046,16.47449],[99.5507,16.47888],[99.52302,16.51854],[99.51586,16.51943],[99.51508,16.5325],[99.50982,16.53908],[99.50738,16.55826],[99.50933,16.58943],[99.49096,16.6413],[99.49236,16.65458],[99.50245,16.65868],[99.49544,16.67037],[99.49441,16.68251],[99.48872,16.68589],[99.4931,16.69957],[99.49264,16.716],[99.50379,16.72027],[99.50072,16.72805],[99.5072,16.7406],[99.4911,16.74966],[99.48545,16.76206],[99.49509,16.77016],[99.49565,16.80077],[99.50845,16.81025],[99.51649,16.82438],[99.52796,16.82051],[99.52984,16.8307],[99.51185,16.84038],[99.50499,16.83696],[99.49724,16.84216],[99.48847,16.86369],[99.47704,16.86291],[99.46689,16.8701],[99.44856,16.8751],[99.44127,16.88399],[99.43069,16.8753],[99.42221,16.88375],[99.42169,16.89361],[99.40726,16.89814],[99.40511,16.90414],[99.38859,16.90507],[99.3834,16.91782],[99.36814,16.92139],[99.36177,16.93383],[99.35267,16.94018],[99.35442,16.95018],[99.34568,16.9793],[99.34391,16.99324],[99.33316,16.99388],[99.33269,17.00505],[99.3234,17.01189],[99.32506,17.0257],[99.32118,17.0364],[99.32549,17.05122],[99.31977,17.05681],[99.32074,17.07591],[99.32806,17.07885],[99.31906,17.09718],[99.32056,17.1267],[99.32812,17.13631],[99.31409,17.14593],[99.31438,17.14652],[99.31881,17.15735],[99.31211,17.18705],[99.31631,17.21075],[99.31388,17.21865],[99.32001,17.22989],[99.32107,17.24379],[99.3162,17.26936],[99.30316,17.27305],[99.29786,17.28666],[99.29936,17.29526]]]]}},{"type":"Feature","properties":{"code":"09","name":"ลุ่มน้ำน่าน"},"geometry":{"type":"MultiPolygon","coordinates":[[[[101.07377,16.88997],[101.06511,16.8877],[101.05892,16.87392],[101.06159,16.86094],[101.05856,16.84836],[101.05715,16.82197],[101.04771,16.82043],[101.04429,16.80893],[101.03357,16.80229],[101.04974,16.79201],[101.05776,16.7562],[101.05342,16.74176],[101.05857,16.73525],[101.06241,16.70309],[101.05866,16.68683],[101.04378,16.66904],[101.03536,16.67292],[101.02285,16.66583],[101.02147,16.64892],[101.01342,16.64701],[101.01813,16.63385],[101.01431,16.62434],[101.02202,16.62374],[101.02713,16.61442],[101.02484,16.59998],[101.0365,16.5941],[101.03955,16.58084],[101.03733,16.56948],[101.02516,16.55578],[101.02441,16.54337],[101.00457,16.54321],[100.99326,16.54625],[100.9933,16.5404],[100.98249,16.53059],[100.99216,16.51946],[101.00462,16.48287],[101.01061,16.45635],[101.00415,16.43966],[101.01161,16.4287],[101.00899,16.41442],[100.99483,16.40884],[100.99212,16.39236],[100.98566,16.37713],[100.99424,16.36538],[100.99295,16.35285],[100.96288,16.3145],[100.94249,16.3087],[100.96402,16.2805],[100.96111,16.27346],[100.96607,16.26322],[100.98016,16.25744],[100.98387,16.24161],[100.9827,16.22626],[100.99208,16.22597],[100.99347,16.21093],[100.98185,16.18534],[100.98611,16.18195],[100.98227,16.15291],[100.98634,16.13886],[100.97754,16.13462],[100.97271,16.14577],[100.95275,16.13461],[100.94575,16.13718],[100.94149,16.12604],[100.92332,16.13128],[100.90772,16.10878],[100.91483,16.09093],[100.92645,16.07636],[100.91537,16.06441],[100.89808,16.06208],[100.87914,16.06897],[100.85845,16.0852],[100.85059,16.07925],[100.83136,16.08412],[100.82217,16.07997],[100.78904,16.05794],[100.78957,16.04776],[100.77247,16.04959],[100.76013,16.02942],[100.72847,16.02655],[100.70172,16.03059],[100.69049,16.02825],[100.66047,16.03613],[100.64522,16.03624],[100.60764,16.02839],[100.60222,16.0158],[100.58522,15.99383],[100.55543,15.97411],[100.54317,15.97354],[100.53406,15.96632],[100.50793,15.95536],[100.49408,15.96088],[100.45207,15.97285],[100.44099,15.97922],[100.43316,15.95094],[100.42261,15.96002],[100.42196,15.97073],[100.40309,15.97015],[100.40148,15.96031],[100.39229,15.94375],[100.3734,15.94536],[100.36415,15.91838],[100.35809,15.893],[100.34314,15.89849],[100.3104,15.89604],[100.29572,15.88803],[100.28233,15.87559],[100.2723,15.87195],[100.26843,15.86192],[100.25862,15.86171],[100.25383,15.85092],[100.26081,15.8426],[100.25623,15.8341],[100.25932,15.82509],[100.25518,15.81068],[100.26008,15.79959],[100.26063,15.77018],[100.25515,15.75038],[100.23042,15.7381],[100.22545,15.72969],[100.20968,15.72479],[100.20037,15.73412],[100.18836,15.73814],[100.18404,15.7233],[100.15105,15.69914],[100.14212,15.70103],[100.14694,15.70574],[100.15093,15.73574],[100.13841,15.74968],[100.1394,15.7605],[100.12391,15.76638],[100.11421,15.77974],[100.10777,15.80039],[100.12061,15.82025],[100.11747,15.84161],[100.11652,15.90151],[100.12274,15.90985],[100.12173,15.92106],[100.11199,15.93248],[100.09937,15.94016],[100.08034,15.94265],[100.0465,15.96611],[100.02947,15.98187],[100.02293,15.99247],[100.01218,15.99503],[100.00297,16.00848],[99.98986,16.01751],[99.97042,16.04105],[99.96997,16.04967],[99.95431,16.05987],[99.93728,16.06102],[99.93002,16.07083],[99.9233,16.07074],[99.91393,16.08345],[99.90263,16.10768],[99.89948,16.12213],[99.88616,16.13339],[99.86204,16.13339],[99.86172,16.13961],[99.8456,16.14435],[99.82739,16.16371],[99.8028,16.16237],[99.79487,16.17452],[99.78345,16.17767],[99.76824,16.20276],[99.74549,16.20855],[99.72825,16.21964],[99.73168,16.23597],[99.71716,16.24981],[99.70091,16.27792],[99.69253,16.30152],[99.67529,16.31961],[99.66966,16.33939],[99.66022,16.35042],[99.64494,16.37801],[99.65152,16.40637],[99.63919,16.41094],[99.64181,16.41831],[99.62904,16.42647],[99.62559,16.43912],[99.60627,16.44354],[99.60294,16.44958],[99.58164,16.46125],[99.57102,16.46007],[99.56915,16.45213],[99.54705,16.46688],[99.55046,16.47449],[99.60954,16.48078],[99.65774,16.49078],[99.66521,16.49552],[99.66979,16.52259],[99.69688,16.51775],[99.69392,16.50237],[99.70889,16.49934],[99.70697,16.48878],[99.7384,16.48294],[99.73709,16.47442],[99.75099,16.46017],[99.76489,16.46531],[99.77349,16.45554],[99.78867,16.44591],[99.78619,16.43679],[99.80724,16.43073],[99.83391,16.43204],[99.84666,16.41155],[99.84894,16.3897],[99.85439,16.37059],[99.87048,16.34756],[99.86744,16.33516],[99.8723,16.32533],[99.88424,16.32183],[99.89466,16.32544],[99.90676,16.30784],[99.90494,16.30256],[99.91514,16.29203],[99.91749,16.28304],[99.92792,16.27829],[99.92599,16.26366],[99.93044,16.25419],[99.94211,16.24995],[99.93996,16.23313],[99.95344,16.2359],[99.96921,16.22841],[99.97693,16.23142],[99.99551,16.22805],[100.00785,16.21934],[100.02164,16.22015],[100.0363,16.21306],[100.03747,16.19977],[100.04951,16.18316],[100.06265,16.17727],[100.09232,16.16979],[100.10548,16.14706],[100.1264,16.1314],[100.13103,16.13317],[100.16012,16.1047],[100.20128,16.07877],[100.21157,16.0759],[100.21642,16.05039],[100.24187,16.05381],[100.24165,16.03737],[100.25404,16.02234],[100.2632,16.01751],[100.26463,15.99879],[100.25422,15.99377],[100.25896,15.98009],[100.25259,15.9724],[100.25803,15.96414],[100.24765,15.95115],[100.25027,15.94135],[100.26312,15.9322],[100.26095,15.91514],[100.25603,15.92062],[100.24292,15.91785],[100.24177,15.90553],[100.24797,15.9033],[100.2594,15.88474],[100.24043,15.88468],[100.24292,15.87785],[100.26355,15.86869],[100.2605,15.87904],[100.27521,15.90214],[100.28153,15.90337],[100.27892,15.93002],[100.26948,15.93027],[100.25188,15.94524],[100.25945,15.95406],[100.25354,15.95623],[100.26142,15.9692],[100.27232,15.97509],[100.27253,15.99663],[100.2779,16.00911],[100.27764,16.02217],[100.28964,16.02823],[100.29016,16.04177],[100.29511,16.05359],[100.31916,16.06245],[100.33624,16.05793],[100.34541,16.0719],[100.34342,16.08554],[100.34755,16.09621],[100.33432,16.09657],[100.32603,16.10168],[100.32678,16.1142],[100.3063,16.13325],[100.30819,16.14544],[100.29109,16.16443],[100.29602,16.17372],[100.29269,16.19293],[100.29763,16.21336],[100.30532,16.21988],[100.3048,16.23161],[100.31239,16.23586],[100.31317,16.24499],[100.29832,16.25213],[100.29261,16.2628],[100.29407,16.28823],[100.31195,16.29091],[100.31885,16.30032],[100.31805,16.31436],[100.31112,16.32791],[100.32351,16.33399],[100.31975,16.36214],[100.2968,16.36738],[100.30692,16.39748],[100.30515,16.40826],[100.29262,16.42535],[100.31946,16.44461],[100.31821,16.45135],[100.30417,16.45665],[100.28602,16.47174],[100.28381,16.48373],[100.26818,16.49464],[100.27116,16.5088],[100.26851,16.51748],[100.24828,16.52978],[100.24972,16.54548],[100.24453,16.55273],[100.2331,16.58088],[100.24267,16.58942],[100.24873,16.62462],[100.23974,16.63216],[100.23152,16.65855],[100.24771,16.67248],[100.25124,16.68155],[100.26593,16.68863],[100.2614,16.69857],[100.24359,16.70995],[100.22245,16.74221],[100.20629,16.74722],[100.19501,16.77775],[100.21665,16.80326],[100.24528,16.82055],[100.24864,16.8312],[100.21958,16.85341],[100.23683,16.86436],[100.23475,16.88271],[100.22677,16.89152],[100.21407,16.89324],[100.20627,16.91187],[100.21468,16.92746],[100.20306,16.92903],[100.1955,16.95372],[100.19697,16.98068],[100.19263,16.98371],[100.18931,17.00057],[100.17619,17.01148],[100.17471,17.02912],[100.16472,17.03551],[100.16205,17.05205],[100.17102,17.06012],[100.16757,17.0726],[100.14892,17.07927],[100.14922,17.08921],[100.12872,17.11328],[100.1132,17.12298],[100.10095,17.12437],[100.08849,17.1358],[100.07964,17.15794],[100.06475,17.17307],[100.05845,17.19017],[100.05631,17.20678],[100.03825,17.2172],[100.02883,17.218],[100.02883,17.22625],[100.0393,17.25042],[100.02769,17.25853],[100.00696,17.34055],[99.99924,17.35303],[100.00326,17.36496],[99.99931,17.37065],[100.00814,17.38143],[100.00234,17.39148],[99.99421,17.39466],[99.98959,17.40731],[99.996,17.41776],[99.99412,17.44225],[100.00178,17.45633],[99.9975,17.46637],[99.97977,17.4742],[99.98108,17.48472],[99.97103,17.49497],[99.95918,17.49683],[99.95352,17.5069],[99.94465,17.50014],[99.94102,17.50889],[99.92921,17.50215],[99.92238,17.48187],[99.91294,17.47402],[99.90961,17.45536],[99.90067,17.45977],[99.89216,17.4534],[99.89257,17.43664],[99.87524,17.43557],[99.8547,17.42332],[99.82597,17.41706],[99.82495,17.43186],[99.83989,17.44814],[99.86098,17.45555],[99.8548,17.46193],[99.86424,17.47039],[99.85589,17.4904],[99.874,17.49466],[99.88136,17.50593],[99.88131,17.52961],[99.87671,17.54747],[99.87046,17.55121],[99.8654,17.57544],[99.86884,17.60359],[99.88716,17.60762],[99.90217,17.59552],[99.9246,17.58745],[99.94066,17.59207],[99.95677,17.60477],[99.9619,17.61285],[99.97579,17.62211],[99.96694,17.62804],[99.96842,17.64084],[99.97736,17.65667],[99.96845,17.68345],[99.96302,17.71189],[99.94505,17.72323],[99.9294,17.74508],[99.92941,17.75516],[99.95651,17.76664],[99.95655,17.77946],[99.96355,17.79845],[99.9756,17.79718],[99.993,17.81097],[99.98845,17.81993],[99.9883,17.83493],[99.99317,17.83105],[100.00622,17.83679],[100.01326,17.83393],[100.04791,17.84813],[100.05741,17.83367],[100.06201,17.83934],[100.07754,17.83837],[100.08911,17.84291],[100.09541,17.85082],[100.10101,17.84705],[100.11971,17.85913],[100.12883,17.85774],[100.14475,17.8669],[100.15878,17.88392],[100.19551,17.90781],[100.20253,17.91808],[100.2145,17.92069],[100.21967,17.93812],[100.22597,17.94706],[100.24662,17.96162],[100.26167,17.95331],[100.28078,17.95802],[100.28351,17.96396],[100.30182,17.96693],[100.32209,17.98243],[100.34532,17.98064],[100.36796,17.99354],[100.37766,18.00233],[100.38026,18.01212],[100.39187,18.02134],[100.41416,18.02233],[100.41472,18.03806],[100.40772,18.0477],[100.40341,18.06612],[100.40946,18.07492],[100.39564,18.0861],[100.39997,18.10016],[100.39163,18.11833],[100.39783,18.13666],[100.41053,18.14236],[100.41834,18.15589],[100.44052,18.15334],[100.45233,18.17362],[100.4514,18.18391],[100.45965,18.19443],[100.4538,18.21485],[100.46774,18.23801],[100.47863,18.26804],[100.4942,18.27897],[100.48299,18.29241],[100.48641,18.29893],[100.48017,18.31983],[100.49336,18.33899],[100.48278,18.34393],[100.48131,18.3508],[100.49733,18.35304],[100.5053,18.36199],[100.51385,18.38886],[100.51965,18.39243],[100.53643,18.3907],[100.55033,18.41579],[100.54726,18.44103],[100.54966,18.45603],[100.54551,18.46289],[100.54238,18.48755],[100.53507,18.48969],[100.51657,18.47538],[100.49279,18.47531],[100.4818,18.48283],[100.4765,18.49557],[100.46019,18.4914],[100.44603,18.49602],[100.44398,18.49028],[100.43579,18.50067],[100.42214,18.49558],[100.4144,18.48227],[100.39906,18.48686],[100.39359,18.50752],[100.38685,18.51269],[100.39556,18.52585],[100.3878,18.54301],[100.38765,18.55818],[100.37057,18.56593],[100.37828,18.58503],[100.37825,18.61115],[100.38281,18.62364],[100.39684,18.62709],[100.39278,18.63832],[100.37486,18.63706],[100.3619,18.64449],[100.3599,18.65962],[100.35498,18.6627],[100.35242,18.68041],[100.35972,18.69089],[100.36355,18.70681],[100.3716,18.71095],[100.3815,18.72578],[100.3886,18.72662],[100.3918,18.74037],[100.40628,18.73925],[100.42063,18.74678],[100.43777,18.74125],[100.45058,18.74642],[100.46254,18.72869],[100.47815,18.72856],[100.4941,18.73597],[100.50142,18.75876],[100.50343,18.78362],[100.5084,18.79366],[100.50655,18.81979],[100.52745,18.83372],[100.53253,18.84185],[100.52806,18.85517],[100.53192,18.86089],[100.52668,18.89954],[100.53091,18.91617],[100.52402,18.91951],[100.5187,18.9315],[100.53051,18.9319],[100.53949,18.94694],[100.53427,18.95734],[100.54424,18.96348],[100.52391,18.99762],[100.52867,19.00359],[100.52624,19.02009],[100.53461,19.03201],[100.53846,19.04618],[100.54795,19.03966],[100.55785,19.04358],[100.56966,19.02856],[100.58159,19.03046],[100.60549,19.02034],[100.61951,19.03403],[100.61469,19.04191],[100.63242,19.06154],[100.65549,19.0584],[100.66249,19.06411],[100.66488,19.07675],[100.67979,19.08833],[100.66136,19.11527],[100.64214,19.12626],[100.64127,19.14293],[100.62997,19.14818],[100.62566,19.17333],[100.61793,19.18359],[100.62109,19.19935],[100.61652,19.22643],[100.60019,19.25197],[100.60583,19.25744],[100.60442,19.26834],[100.61015,19.28033],[100.61242,19.31315],[100.61652,19.32266],[100.60909,19.33399],[100.59142,19.32694],[100.58709,19.3147],[100.57112,19.30496],[100.55847,19.31988],[100.55913,19.33561],[100.56924,19.34094],[100.56948,19.35411],[100.56069,19.36661],[100.55764,19.38533],[100.54803,19.39389],[100.53996,19.41592],[100.56524,19.43745],[100.56553,19.45497],[100.58181,19.47359],[100.60262,19.47924],[100.59869,19.51022],[100.60231,19.52976],[100.6109,19.53553],[100.60867,19.54801],[100.62972,19.55585],[100.65186,19.55735],[100.66046,19.54763],[100.6733,19.54954],[100.69295,19.53602],[100.70894,19.53539],[100.71079,19.53079],[100.73155,19.52545],[100.74123,19.51597],[100.76514,19.5],[100.77077,19.48716],[100.78033,19.49326],[100.79054,19.50999],[100.81663,19.52462],[100.81897,19.53319],[100.83264,19.54573],[100.84789,19.56879],[100.85986,19.57334],[100.85825,19.58258],[100.866,19.58508],[100.87245,19.59985],[100.88329,19.60612],[100.8919,19.63721],[100.91305,19.62702],[100.9165,19.62211],[100.93068,19.62575],[100.96435,19.62401],[100.97481,19.61908],[100.98226,19.62719],[101.01465,19.62017],[101.02352,19.63008],[101.03514,19.629],[101.04945,19.62064],[101.05582,19.62184],[101.06653,19.61288],[101.06647,19.60501],[101.07779,19.60516],[101.08919,19.59774],[101.09185,19.58691],[101.11321,19.58497],[101.12306,19.57266],[101.16977,19.58615],[101.17858,19.57857],[101.19761,19.57731],[101.20356,19.58744],[101.20686,19.60589],[101.21602,19.60248],[101.24362,19.603],[101.24674,19.59477],[101.26229,19.5938],[101.28087,19.58217],[101.28796,19.56898],[101.27454,19.54913],[101.28496,19.53421],[101.26719,19.50374],[101.26925,19.48369],[101.2659,19.46959],[101.25534,19.47359],[101.2264,19.47244],[101.21372,19.47567],[101.20553,19.45702],[101.21474,19.43256],[101.19827,19.40621],[101.19685,19.39886],[101.18715,19.40045],[101.19066,19.37731],[101.198,19.37139],[101.2051,19.34916],[101.21925,19.34395],[101.22825,19.3478],[101.24147,19.3243],[101.2309,19.31778],[101.2271,19.30881],[101.22991,19.2964],[101.23932,19.28486],[101.24274,19.26426],[101.251,19.2413],[101.25954,19.22952],[101.25052,19.20659],[101.2524,19.19204],[101.24565,19.18058],[101.25738,19.15013],[101.25643,19.12511],[101.27253,19.11371],[101.29491,19.10296],[101.29805,19.09332],[101.31646,19.07986],[101.32561,19.08042],[101.32686,19.07242],[101.33886,19.07045],[101.35041,19.05225],[101.35821,19.05113],[101.34085,19.02242],[101.33585,19.0045],[101.30971,19.00225],[101.30626,18.99074],[101.29248,18.98148],[101.29583,18.95812],[101.29415,18.93716],[101.27411,18.92993],[101.27328,18.91578],[101.25428,18.90643],[101.24718,18.89209],[101.25488,18.84734],[101.24499,18.83794],[101.2449,18.82071],[101.25824,18.8089],[101.24859,18.78853],[101.2487,18.77498],[101.24013,18.76452],[101.23497,18.74002],[101.2238,18.73063],[101.23286,18.72302],[101.23501,18.71182],[101.24789,18.7107],[101.26718,18.69848],[101.27274,18.68809],[101.25899,18.67742],[101.25,18.65643],[101.24112,18.64956],[101.24296,18.64054],[101.22517,18.62394],[101.18217,18.61213],[101.18051,18.59078],[101.18651,18.5809],[101.17971,18.55841],[101.15122,18.55407],[101.13879,18.52781],[101.12706,18.52448],[101.11023,18.52596],[101.10324,18.52104],[101.09002,18.49108],[101.09202,18.47782],[101.08235,18.47539],[101.06735,18.46083],[101.05394,18.44111],[101.05123,18.42544],[101.07755,18.40675],[101.08309,18.39753],[101.08326,18.38217],[101.09358,18.38131],[101.10854,18.37098],[101.13167,18.36615],[101.14799,18.34737],[101.15319,18.34926],[101.18198,18.34047],[101.17456,18.32068],[101.16822,18.32076],[101.15909,18.31035],[101.16123,18.30495],[101.1478,18.29372],[101.16323,18.27861],[101.15142,18.26959],[101.14492,18.25866],[101.15963,18.24458],[101.16654,18.23024],[101.16444,18.21825],[101.17378,18.21759],[101.17923,18.22452],[101.19257,18.21283],[101.17213,18.16277],[101.16836,18.13887],[101.16101,18.12286],[101.16615,18.1132],[101.16723,18.09825],[101.17512,18.07213],[101.18433,18.06607],[101.16049,18.02986],[101.15538,18.03741],[101.14097,18.02716],[101.13943,18.02061],[101.12193,17.99976],[101.11827,17.97042],[101.11505,17.97044],[101.11774,17.95101],[101.10496,17.9473],[101.09521,17.93741],[101.08971,17.92449],[101.06746,17.92179],[101.06072,17.91376],[101.04886,17.91355],[101.01971,17.89202],[101.01737,17.87931],[101.03444,17.86031],[101.02972,17.82873],[101.01741,17.82921],[101.00286,17.82451],[100.99275,17.80389],[101.00246,17.79551],[101.00636,17.78436],[100.99827,17.77073],[100.98256,17.76909],[100.97742,17.75232],[100.98663,17.74844],[100.99564,17.73547],[101.00723,17.73012],[101.00016,17.69929],[100.98727,17.69433],[100.98073,17.68653],[100.95907,17.67508],[100.95927,17.65548],[100.95359,17.65482],[100.94288,17.64133],[100.91664,17.61676],[100.90866,17.61615],[100.90074,17.59687],[100.87767,17.58307],[100.86745,17.56869],[100.86052,17.54645],[100.87133,17.53153],[100.86503,17.5163],[100.84527,17.5033],[100.84385,17.49122],[100.83281,17.47916],[100.83504,17.46808],[100.85586,17.45124],[100.87416,17.44956],[100.89508,17.46247],[100.91626,17.45108],[100.91469,17.43528],[100.92125,17.43129],[100.92305,17.40278],[100.9183,17.40184],[100.91402,17.37532],[100.91727,17.3592],[100.91415,17.3428],[100.92888,17.33572],[100.94558,17.341],[100.95471,17.33538],[100.96988,17.34135],[100.98709,17.33865],[100.99168,17.3415],[101.00625,17.33436],[101.01092,17.31559],[101.02757,17.30997],[101.04974,17.28414],[101.08194,17.27578],[101.0963,17.26482],[101.09541,17.24848],[101.1096,17.2323],[101.10481,17.20828],[101.11376,17.19995],[101.11394,17.19277],[101.09742,17.18268],[101.10195,17.17234],[101.09076,17.16554],[101.08019,17.16731],[101.07769,17.13662],[101.07155,17.13228],[101.0709,17.11474],[101.05688,17.09457],[101.05789,17.08562],[101.05126,17.07654],[101.0589,17.0608],[101.05464,17.04333],[101.05802,17.02935],[101.05131,17.02909],[101.04785,17.01721],[101.03038,17.00942],[101.04326,16.9826],[101.04934,16.97485],[101.04461,16.96665],[101.05243,16.95708],[101.0421,16.94828],[101.02926,16.94475],[101.03851,16.92973],[101.06278,16.92903],[101.07134,16.92446],[101.06867,16.90514],[101.07864,16.89869],[101.07377,16.88997]]]]}},{"type":"Feature","properties":{"code":"10","name":"ลุ่มน้ำเจ้าพระยา"},"geometry":{"type":"MultiPolygon","coordinates":[[[[100.05479,15.26413],[100.05196,15.2859],[100.05531,15.28612],[100.05965,15.28212],[100.07658,15.29747],[100.0803,15.30585],[100.07611,15.31907],[100.08331,15.33055],[100.0934,15.3313],[100.09861,15.33803],[100.0974,15.34968],[100.07491,15.36627],[100.07227,15.377],[100.07647,15.3843],[100.08849,15.38217],[100.09288,15.38762],[100.0794,15.39628],[100.08452,15.40502],[100.08285,15.4171],[100.09044,15.41848],[100.09208,15.435],[100.10479,15.44156],[100.11053,15.45163],[100.10478,15.46196],[100.11474,15.50724],[100.0957,15.51277],[100.0907,15.53864],[100.08174,15.54138],[100.0574,15.53301],[100.05548,15.54221],[100.045,15.54722],[100.00163,15.53379],[99.97413,15.52369],[99.95687,15.51196],[99.94639,15.51542],[99.94088,15.53132],[99.94023,15.5588],[99.94221,15.57172],[99.93739,15.59963],[99.94176,15.62411],[99.93731,15.63749],[99.93124,15.6778],[99.92735,15.68559],[99.92923,15.70827],[99.94504,15.71853],[99.9441,15.72948],[99.93311,15.74697],[99.9108,15.7457],[99.89469,15.74927],[99.87912,15.74525],[99.87768,15.75325],[99.86556,15.75179],[99.85178,15.7444],[99.84876,15.75099],[99.83026,15.74848],[99.81119,15.75634],[99.79903,15.75098],[99.78249,15.75356],[99.77984,15.75004],[99.74823,15.75452],[99.7133,15.77721],[99.6955,15.80024],[99.69122,15.81545],[99.67461,15.82114],[99.65877,15.84064],[99.64193,15.85069],[99.64108,15.86702],[99.64782,15.88297],[99.65579,15.88907],[99.64054,15.92334],[99.62889,15.92741],[99.62169,15.93734],[99.60517,15.92927],[99.59695,15.93764],[99.58756,15.95911],[99.57736,15.96337],[99.56192,15.96145],[99.55933,15.97418],[99.55121,15.98023],[99.53352,15.98304],[99.52219,15.97795],[99.51511,15.98487],[99.49321,15.98562],[99.49115,15.97062],[99.4712,15.97645],[99.45122,15.96797],[99.43692,15.96625],[99.43141,15.98172],[99.42934,15.98777],[99.44548,15.99164],[99.46174,16.00141],[99.46177,16.00956],[99.4764,16.03044],[99.48778,16.03885],[99.48958,16.05179],[99.50121,16.06695],[99.50374,16.07953],[99.51158,16.07975],[99.50974,16.09495],[99.52013,16.10178],[99.51811,16.10895],[99.54805,16.11701],[99.57547,16.10954],[99.59938,16.10914],[99.61266,16.11209],[99.64,16.10422],[99.6492,16.09281],[99.66348,16.08641],[99.67363,16.08711],[99.69347,16.07541],[99.73797,16.06232],[99.77591,16.0273],[99.80311,16.0248],[99.81445,16.01304],[99.82133,15.99965],[99.84325,15.98971],[99.87552,15.97151],[99.88711,15.95093],[99.89925,15.9436],[99.90831,15.94341],[99.91853,15.93131],[99.93622,15.91941],[99.94507,15.90954],[99.95154,15.89382],[99.95814,15.89014],[99.96494,15.90277],[99.97117,15.9003],[99.99552,15.91299],[100.00802,15.89496],[100.0153,15.89072],[100.03393,15.88977],[100.04634,15.88233],[100.05215,15.86669],[100.04831,15.85283],[100.05466,15.84129],[100.04988,15.83179],[100.05142,15.80392],[100.06138,15.79803],[100.06576,15.78854],[100.07684,15.7862],[100.0879,15.76942],[100.07968,15.75755],[100.09645,15.74318],[100.1005,15.73177],[100.11436,15.72584],[100.11916,15.71118],[100.13297,15.71271],[100.14212,15.70103],[100.15105,15.69914],[100.18404,15.7233],[100.18836,15.73814],[100.20037,15.73412],[100.20968,15.72479],[100.22545,15.72969],[100.23042,15.7381],[100.25515,15.75038],[100.26063,15.77018],[100.26008,15.79959],[100.25518,15.81068],[100.25932,15.82509],[100.25623,15.8341],[100.26081,15.8426],[100.25383,15.85092],[100.25862,15.86171],[100.26843,15.86192],[100.2723,15.87195],[100.28233,15.87559],[100.29572,15.88803],[100.3104,15.89604],[100.34314,15.89849],[100.35809,15.893],[100.36415,15.91838],[100.3734,15.94536],[100.39229,15.94375],[100.40148,15.96031],[100.40309,15.97015],[100.42196,15.97073],[100.42261,15.96002],[100.43316,15.95094],[100.44099,15.97922],[100.45207,15.97285],[100.49408,15.96088],[100.50793,15.95536],[100.53406,15.96632],[100.54317,15.97354],[100.55543,15.97411],[100.58522,15.99383],[100.60222,16.0158],[100.60764,16.02839],[100.64522,16.03624],[100.66047,16.03613],[100.69049,16.02825],[100.70172,16.03059],[100.72847,16.02655],[100.76013,16.02942],[100.77247,16.04959],[100.78957,16.04776],[100.78904,16.05794],[100.82217,16.07997],[100.83136,16.08412],[100.85059,16.07925],[100.85845,16.0852],[100.87914,16.06897],[100.89808,16.06208],[100.91537,16.06441],[100.92645,16.07636],[100.93128,16.06356],[100.93997,16.06357],[100.94535,16.07145],[100.97376,16.06],[100.98203,16.06616],[100.97853,16.05582],[100.98864,16.04195],[100.98414,16.02415],[100.98606,16.00212],[100.96489,15.99087],[100.94542,15.98356],[100.93086,15.97138],[100.91826,15.96989],[100.90765,15.95383],[100.8977,15.9545],[100.8923,15.94596],[100.89126,15.92978],[100.89821,15.91615],[100.90011,15.90206],[100.90747,15.89757],[100.91054,15.87306],[100.91933,15.85414],[100.92754,15.82199],[100.93862,15.80984],[100.94125,15.7845],[100.94487,15.78089],[100.93474,15.75065],[100.94669,15.72475],[100.95412,15.71439],[100.94546,15.7063],[100.92631,15.69935],[100.91877,15.70213],[100.90623,15.69182],[100.90811,15.67929],[100.89924,15.64729],[100.88193,15.64919],[100.87057,15.63095],[100.84843,15.61793],[100.82564,15.61502],[100.81715,15.60128],[100.837,15.58985],[100.84377,15.58205],[100.85439,15.57901],[100.86574,15.58534],[100.88845,15.56753],[100.88817,15.55025],[100.90425,15.53859],[100.91297,15.52836],[100.92744,15.52785],[100.93325,15.51866],[100.91529,15.49075],[100.89118,15.47437],[100.88764,15.45952],[100.88151,15.4535],[100.8851,15.43935],[100.88527,15.41859],[100.89104,15.40459],[100.89305,15.38705],[100.89736,15.38377],[100.90096,15.35759],[100.92169,15.32683],[100.92347,15.30148],[100.93174,15.29217],[100.94851,15.29478],[100.96356,15.28074],[100.96655,15.26411],[100.97859,15.25939],[100.98341,15.24605],[100.96372,15.21995],[100.97732,15.2061],[100.96818,15.19178],[100.95426,15.18268],[100.95245,15.16958],[100.93596,15.16692],[100.93082,15.1445],[100.93467,15.12115],[100.9296,15.11696],[100.9312,15.10074],[100.92428,15.09764],[100.9275,15.08659],[100.92397,15.0707],[100.90969,15.06217],[100.91095,15.05297],[100.90348,15.03767],[100.89118,15.04031],[100.87479,15.02593],[100.88553,15.00564],[100.87031,14.99039],[100.87335,14.95784],[100.86006,14.95325],[100.84655,14.93748],[100.83234,14.92972],[100.83392,14.92249],[100.82626,14.91398],[100.80654,14.90953],[100.79305,14.91084],[100.77467,14.90425],[100.77489,14.88867],[100.7836,14.8781],[100.79276,14.87587],[100.79427,14.86368],[100.80783,14.85489],[100.82449,14.828],[100.83317,14.82234],[100.84192,14.79303],[100.8183,14.80003],[100.81023,14.79802],[100.80591,14.7849],[100.78271,14.75709],[100.77493,14.75983],[100.76545,14.75187],[100.75624,14.7353],[100.72971,14.72406],[100.72823,14.71624],[100.70921,14.71791],[100.7245,14.68835],[100.73771,14.67798],[100.74304,14.64542],[100.73251,14.62298],[100.72655,14.62706],[100.69896,14.63125],[100.68925,14.60893],[100.65172,14.58917],[100.63662,14.59169],[100.63815,14.60386],[100.62683,14.62148],[100.61837,14.62121],[100.58682,14.61062],[100.59012,14.59525],[100.5868,14.58207],[100.5927,14.56341],[100.57104,14.53967],[100.58528,14.52481],[100.59017,14.51085],[100.60085,14.49305],[100.60018,14.47591],[100.60921,14.47201],[100.5977,14.46374],[100.5958,14.42457],[100.59022,14.41139],[100.57883,14.3975],[100.58245,14.39048],[100.57274,14.37887],[100.58297,14.3633],[100.58384,14.37325],[100.59249,14.38606],[100.58703,14.39876],[100.59449,14.40883],[100.6068,14.44385],[100.62646,14.47256],[100.62662,14.4884],[100.63471,14.4941],[100.6459,14.49103],[100.67749,14.49955],[100.67575,14.50763],[100.68161,14.52242],[100.6895,14.528],[100.70077,14.52721],[100.7107,14.53263],[100.72109,14.52975],[100.74445,14.53087],[100.76015,14.54478],[100.76212,14.55507],[100.76933,14.55697],[100.80965,14.55666],[100.82068,14.55016],[100.86502,14.55024],[100.89043,14.53612],[100.91254,14.529],[100.91731,14.50809],[100.91494,14.48803],[100.93495,14.47157],[100.9461,14.45727],[100.95519,14.43851],[100.94774,14.43535],[100.95517,14.42601],[100.97036,14.4217],[100.98345,14.43001],[100.9912,14.41889],[100.99546,14.42265],[101.01671,14.41005],[101.02869,14.41334],[101.06156,14.41482],[101.07715,14.38858],[101.08679,14.38271],[101.08887,14.3701],[101.07176,14.3234],[101.07182,14.31127],[101.05739,14.29959],[101.04678,14.28664],[101.03445,14.26464],[101.01064,14.24649],[101.00567,14.23418],[100.9547,14.19817],[100.97629,14.15967],[100.98698,14.14754],[100.99491,14.1314],[101.00983,14.12804],[100.9955,14.11788],[100.95507,14.09784],[100.82473,14.05197],[100.76143,14.03035],[100.68799,13.99954],[100.6165,13.98329],[100.62666,13.92709],[100.63228,13.91939],[100.63897,13.93089],[100.68946,13.93061],[100.68713,13.92153],[100.70717,13.922],[100.72169,13.91303],[100.72224,13.85882],[100.73188,13.8597],[100.73617,13.83525],[100.74168,13.82137],[100.75152,13.81541],[100.73678,13.81237],[100.74589,13.7957],[100.74659,13.72256],[100.74064,13.71647],[100.72227,13.6766],[100.71174,13.63856],[100.7,13.60585],[100.69831,13.58809],[100.6884,13.53353],[100.6786,13.50768],[100.65304,13.51683],[100.63095,13.52061],[100.60917,13.54103],[100.59214,13.55107],[100.58452,13.54234],[100.58534,13.52683],[100.57384,13.51543],[100.53525,13.51255],[100.53189,13.50975],[100.49653,13.50849],[100.48042,13.50108],[100.45253,13.5036],[100.43032,13.49587],[100.42291,13.49726],[100.39626,13.49104],[100.38637,13.49183],[100.38814,13.52283],[100.38833,13.58996],[100.3801,13.61617],[100.38032,13.62528],[100.36945,13.6414],[100.35416,13.65332],[100.34475,13.65232],[100.34053,13.67348],[100.34532,13.67829],[100.34021,13.70119],[100.33073,13.70443],[100.32711,13.80096],[100.32031,13.80138],[100.32258,13.81307],[100.31194,13.82918],[100.27559,13.90917],[100.2553,13.92388],[100.25284,13.93044],[100.26365,13.94678],[100.27157,13.96645],[100.26523,13.99098],[100.2589,13.9874],[100.25135,13.99452],[100.25698,14.01444],[100.27315,14.02927],[100.2588,14.04162],[100.25855,14.05232],[100.27445,14.06865],[100.2771,14.07526],[100.27727,14.10161],[100.27987,14.12535],[100.28944,14.12566],[100.29142,14.1693],[100.25736,14.17323],[100.26366,14.22251],[100.252,14.24991],[100.2521,14.25591],[100.26776,14.27826],[100.27013,14.29008],[100.25952,14.30503],[100.25356,14.32246],[100.26431,14.33555],[100.26592,14.34647],[100.25778,14.35663],[100.26651,14.38337],[100.28251,14.40853],[100.28335,14.41848],[100.2665,14.45804],[100.27841,14.50439],[100.25774,14.57112],[100.26176,14.57957],[100.28271,14.60307],[100.28495,14.62722],[100.29339,14.64198],[100.29099,14.65407],[100.27256,14.66835],[100.26111,14.66595],[100.26483,14.67678],[100.25884,14.68243],[100.27233,14.69312],[100.27224,14.70739],[100.26473,14.71046],[100.26596,14.7201],[100.27509,14.73369],[100.27368,14.74293],[100.26575,14.7477],[100.2687,14.75613],[100.26018,14.76142],[100.25336,14.77703],[100.23732,14.77623],[100.23529,14.78537],[100.22409,14.79854],[100.21823,14.79742],[100.21415,14.80755],[100.20472,14.80967],[100.21351,14.81582],[100.21338,14.83371],[100.22259,14.84379],[100.22466,14.8672],[100.22175,14.87495],[100.22699,14.88459],[100.21946,14.89355],[100.22462,14.90101],[100.22133,14.90931],[100.19393,14.90382],[100.18619,14.90725],[100.18163,14.93505],[100.19721,14.93988],[100.20203,14.9557],[100.19948,14.96052],[100.1687,14.95847],[100.163,14.96299],[100.16684,14.9799],[100.15715,14.99742],[100.14487,15.00753],[100.14481,15.03138],[100.15296,15.05682],[100.14065,15.08256],[100.13642,15.10175],[100.14886,15.11719],[100.13996,15.14735],[100.14431,15.16204],[100.12324,15.16334],[100.10335,15.19337],[100.08888,15.20519],[100.08839,15.21705],[100.07907,15.22148],[100.07547,15.21185],[100.04979,15.2343],[100.04527,15.2577],[100.04509,15.25881],[100.05479,15.26413]]]]}},{"type":"Feature","properties":{"code":"11","name":"ลุ่มน้ำสะแกกรัง"},"geometry":{"type":"MultiPolygon","coordinates":[[[[100.04143,15.3029],[100.04093,15.31412],[100.01426,15.31184],[100.00399,15.31543],[99.97125,15.31601],[99.96641,15.32228],[99.94387,15.32142],[99.92581,15.32426],[99.92075,15.31638],[99.89918,15.31435],[99.89107,15.31737],[99.88035,15.30579],[99.86443,15.30469],[99.85264,15.31385],[99.85251,15.32247],[99.83287,15.32912],[99.81911,15.32752],[99.80014,15.31932],[99.79256,15.33108],[99.76844,15.33726],[99.75765,15.36076],[99.74384,15.36202],[99.73702,15.37662],[99.71372,15.3916],[99.71306,15.39976],[99.68516,15.41711],[99.67087,15.41363],[99.65324,15.41457],[99.63534,15.39978],[99.61692,15.4005],[99.60593,15.41103],[99.59746,15.41216],[99.591,15.43014],[99.59258,15.43589],[99.58294,15.44092],[99.55802,15.44233],[99.5463,15.43621],[99.52854,15.44046],[99.52345,15.43593],[99.50433,15.43402],[99.4969,15.44108],[99.46895,15.41753],[99.46336,15.40917],[99.44127,15.39466],[99.42427,15.39218],[99.41123,15.39484],[99.4044,15.40962],[99.38859,15.4037],[99.37884,15.38881],[99.37475,15.37117],[99.36451,15.36714],[99.34443,15.38164],[99.34191,15.42498],[99.35022,15.43619],[99.33077,15.464],[99.31948,15.49217],[99.29726,15.48761],[99.26804,15.49341],[99.25585,15.48754],[99.24489,15.50013],[99.2425,15.51119],[99.25146,15.52563],[99.25713,15.54622],[99.24948,15.56132],[99.24882,15.578],[99.25541,15.59689],[99.24977,15.63603],[99.23862,15.63693],[99.22441,15.65354],[99.22661,15.66753],[99.21825,15.6812],[99.22575,15.6942],[99.22411,15.70247],[99.21056,15.71101],[99.21154,15.7383],[99.20657,15.74934],[99.20777,15.76552],[99.20063,15.76822],[99.18628,15.78362],[99.16581,15.77758],[99.1639,15.78985],[99.14672,15.79688],[99.13375,15.79822],[99.12305,15.81483],[99.10298,15.82137],[99.09475,15.83684],[99.09875,15.85379],[99.09445,15.85857],[99.09726,15.87149],[99.08614,15.88498],[99.08663,15.91491],[99.09689,15.93093],[99.08873,15.94536],[99.07499,15.95231],[99.07445,15.9597],[99.08873,15.97982],[99.08145,16.00728],[99.08359,16.02665],[99.08877,16.04399],[99.10496,16.04932],[99.1147,16.06061],[99.11609,16.07602],[99.10821,16.08535],[99.12616,16.09443],[99.13656,16.09414],[99.14501,16.08794],[99.14558,16.07823],[99.16079,16.06427],[99.17553,16.05545],[99.18282,16.05894],[99.20163,16.04715],[99.19786,16.04332],[99.2078,16.03538],[99.21545,16.01716],[99.23034,16.00838],[99.23213,15.99785],[99.24228,15.98749],[99.23772,15.97389],[99.2568,15.96485],[99.25866,15.98302],[99.28861,15.98698],[99.29848,15.99802],[99.31285,15.9892],[99.31167,15.97569],[99.31745,15.96913],[99.33386,15.96482],[99.33797,15.95259],[99.35636,15.94572],[99.39679,15.94901],[99.399,15.96925],[99.40675,15.96918],[99.41376,15.97995],[99.43141,15.98172],[99.43692,15.96625],[99.45122,15.96797],[99.4712,15.97645],[99.49115,15.97062],[99.49321,15.98562],[99.51511,15.98487],[99.52219,15.97795],[99.53352,15.98304],[99.55121,15.98023],[99.55933,15.97418],[99.56192,15.96145],[99.57736,15.96337],[99.58756,15.95911],[99.59695,15.93764],[99.60517,15.92927],[99.62169,15.93734],[99.62889,15.92741],[99.64054,15.92334],[99.65579,15.88907],[99.64782,15.88297],[99.64108,15.86702],[99.64193,15.85069],[99.65877,15.84064],[99.67461,15.82114],[99.69122,15.81545],[99.6955,15.80024],[99.7133,15.77721],[99.74823,15.75452],[99.77984,15.75004],[99.78249,15.75356],[99.79903,15.75098],[99.81119,15.75634],[99.83026,15.74848],[99.84876,15.75099],[99.85178,15.7444],[99.86556,15.75179],[99.87768,15.75325],[99.87912,15.74525],[99.89469,15.74927],[99.9108,15.7457],[99.93311,15.74697],[99.9441,15.72948],[99.94504,15.71853],[99.92923,15.70827],[99.92735,15.68559],[99.93124,15.6778],[99.93731,15.63749],[99.94176,15.62411],[99.93739,15.59963],[99.94221,15.57172],[99.94023,15.5588],[99.94088,15.53132],[99.94639,15.51542],[99.95687,15.51196],[99.97413,15.52369],[100.00163,15.53379],[100.045,15.54722],[100.05548,15.54221],[100.0574,15.53301],[100.08174,15.54138],[100.0907,15.53864],[100.0957,15.51277],[100.11474,15.50724],[100.10478,15.46196],[100.11053,15.45163],[100.10479,15.44156],[100.09208,15.435],[100.09044,15.41848],[100.08285,15.4171],[100.08452,15.40502],[100.0794,15.39628],[100.09288,15.38762],[100.08849,15.38217],[100.07647,15.3843],[100.07227,15.377],[100.07491,15.36627],[100.0974,15.34968],[100.09861,15.33803],[100.0934,15.3313],[100.08331,15.33055],[100.07611,15.31907],[100.0803,15.30585],[100.07658,15.29747],[100.05965,15.28212],[100.05531,15.28612],[100.04143,15.3029]]]]}},{"type":"Feature","properties":{"code":"12","name":"ลุ่มน้ำป่าสัก"},"geometry":{"type":"MultiPolygon","coordinates":[[[[101.26666,14.50291],[101.24479,14.49014],[101.24328,14.47216],[101.22591,14.47302],[101.21405,14.48154],[101.2073,14.49444],[101.19468,14.50798],[101.17916,14.51917],[101.16066,14.51204],[101.15637,14.49529],[101.14641,14.48904],[101.14767,14.4827],[101.13892,14.47233],[101.13272,14.47239],[101.12624,14.45174],[101.11899,14.44825],[101.10399,14.45137],[101.09797,14.44463],[101.08523,14.44569],[101.07854,14.43601],[101.07225,14.43734],[101.06143,14.4297],[101.06156,14.41482],[101.02869,14.41334],[101.01671,14.41005],[100.99546,14.42265],[100.9912,14.41889],[100.98345,14.43001],[100.97036,14.4217],[100.95517,14.42601],[100.94774,14.43535],[100.95519,14.43851],[100.9461,14.45727],[100.93495,14.47157],[100.91494,14.48803],[100.91731,14.50809],[100.91254,14.529],[100.89043,14.53612],[100.86502,14.55024],[100.82068,14.55016],[100.80965,14.55666],[100.76933,14.55697],[100.76212,14.55507],[100.76015,14.54478],[100.74445,14.53087],[100.72109,14.52975],[100.7107,14.53263],[100.70077,14.52721],[100.6895,14.528],[100.68161,14.52242],[100.67575,14.50763],[100.67749,14.49955],[100.6459,14.49103],[100.63471,14.4941],[100.62662,14.4884],[100.62646,14.47256],[100.6068,14.44385],[100.59449,14.40883],[100.58703,14.39876],[100.59249,14.38606],[100.58384,14.37325],[100.58297,14.3633],[100.57274,14.37887],[100.58245,14.39048],[100.57883,14.3975],[100.59022,14.41139],[100.5958,14.42457],[100.5977,14.46374],[100.60921,14.47201],[100.60018,14.47591],[100.60085,14.49305],[100.59017,14.51085],[100.58528,14.52481],[100.57104,14.53967],[100.5927,14.56341],[100.5868,14.58207],[100.59012,14.59525],[100.58682,14.61062],[100.61837,14.62121],[100.62683,14.62148],[100.63815,14.60386],[100.63662,14.59169],[100.65172,14.58917],[100.68925,14.60893],[100.69896,14.63125],[100.72655,14.62706],[100.73251,14.62298],[100.74304,14.64542],[100.73771,14.67798],[100.7245,14.68835],[100.70921,14.71791],[100.72823,14.71624],[100.72971,14.72406],[100.75624,14.7353],[100.76545,14.75187],[100.77493,14.75983],[100.78271,14.75709],[100.80591,14.7849],[100.81023,14.79802],[100.8183,14.80003],[100.84192,14.79303],[100.83317,14.82234],[100.82449,14.828],[100.80783,14.85489],[100.79427,14.86368],[100.79276,14.87587],[100.7836,14.8781],[100.77489,14.88867],[100.77467,14.90425],[100.79305,14.91084],[100.80654,14.90953],[100.82626,14.91398],[100.83392,14.92249],[100.83234,14.92972],[100.84655,14.93748],[100.86006,14.95325],[100.87335,14.95784],[100.87031,14.99039],[100.88553,15.00564],[100.87479,15.02593],[100.89118,15.04031],[100.90348,15.03767],[100.91095,15.05297],[100.90969,15.06217],[100.92397,15.0707],[100.9275,15.08659],[100.92428,15.09764],[100.9312,15.10074],[100.9296,15.11696],[100.93467,15.12115],[100.93082,15.1445],[100.93596,15.16692],[100.95245,15.16958],[100.95426,15.18268],[100.96818,15.19178],[100.97732,15.2061],[100.96372,15.21995],[100.98341,15.24605],[100.97859,15.25939],[100.96655,15.26411],[100.96356,15.28074],[100.94851,15.29478],[100.93174,15.29217],[100.92347,15.30148],[100.92169,15.32683],[100.90096,15.35759],[100.89736,15.38377],[100.89305,15.38705],[100.89104,15.40459],[100.88527,15.41859],[100.8851,15.43935],[100.88151,15.4535],[100.88764,15.45952],[100.89118,15.47437],[100.91529,15.49075],[100.93325,15.51866],[100.92744,15.52785],[100.91297,15.52836],[100.90425,15.53859],[100.88817,15.55025],[100.88845,15.56753],[100.86574,15.58534],[100.85439,15.57901],[100.84377,15.58205],[100.837,15.58985],[100.81715,15.60128],[100.82564,15.61502],[100.84843,15.61793],[100.87057,15.63095],[100.88193,15.64919],[100.89924,15.64729],[100.90811,15.67929],[100.90623,15.69182],[100.91877,15.70213],[100.92631,15.69935],[100.94546,15.7063],[100.95412,15.71439],[100.94669,15.72475],[100.93474,15.75065],[100.94487,15.78089],[100.94125,15.7845],[100.93862,15.80984],[100.92754,15.82199],[100.91933,15.85414],[100.91054,15.87306],[100.90747,15.89757],[100.90011,15.90206],[100.89821,15.91615],[100.89126,15.92978],[100.8923,15.94596],[100.8977,15.9545],[100.90765,15.95383],[100.91826,15.96989],[100.93086,15.97138],[100.94542,15.98356],[100.96489,15.99087],[100.98606,16.00212],[100.98414,16.02415],[100.98864,16.04195],[100.97853,16.05582],[100.98203,16.06616],[100.97376,16.06],[100.94535,16.07145],[100.93997,16.06357],[100.93128,16.06356],[100.92645,16.07636],[100.91483,16.09093],[100.90772,16.10878],[100.92332,16.13128],[100.94149,16.12604],[100.94575,16.13718],[100.95275,16.13461],[100.97271,16.14577],[100.97754,16.13462],[100.98634,16.13886],[100.98227,16.15291],[100.98611,16.18195],[100.98185,16.18534],[100.99347,16.21093],[100.99208,16.22597],[100.9827,16.22626],[100.98387,16.24161],[100.98016,16.25744],[100.96607,16.26322],[100.96111,16.27346],[100.96402,16.2805],[100.94249,16.3087],[100.96288,16.3145],[100.99295,16.35285],[100.99424,16.36538],[100.98566,16.37713],[100.99212,16.39236],[100.99483,16.40884],[101.00899,16.41442],[101.01161,16.4287],[101.00415,16.43966],[101.01061,16.45635],[101.00462,16.48287],[100.99216,16.51946],[100.98249,16.53059],[100.9933,16.5404],[100.99326,16.54625],[101.00457,16.54321],[101.02441,16.54337],[101.02516,16.55578],[101.03733,16.56948],[101.03955,16.58084],[101.0365,16.5941],[101.02484,16.59998],[101.02713,16.61442],[101.02202,16.62374],[101.01431,16.62434],[101.01813,16.63385],[101.01342,16.64701],[101.02147,16.64892],[101.02285,16.66583],[101.03536,16.67292],[101.04378,16.66904],[101.05866,16.68683],[101.06241,16.70309],[101.05857,16.73525],[101.05342,16.74176],[101.05776,16.7562],[101.04974,16.79201],[101.03357,16.80229],[101.04429,16.80893],[101.04771,16.82043],[101.05715,16.82197],[101.05856,16.84836],[101.06159,16.86094],[101.05892,16.87392],[101.06511,16.8877],[101.07377,16.88997],[101.07864,16.89869],[101.09417,16.89223],[101.10766,16.8981],[101.11294,16.92243],[101.12798,16.92751],[101.13057,16.96511],[101.13553,16.98692],[101.13718,17.0206],[101.1335,17.03715],[101.14064,17.07052],[101.14408,17.1153],[101.15274,17.13626],[101.14576,17.16919],[101.13726,17.17718],[101.1418,17.187],[101.13245,17.19774],[101.13208,17.20678],[101.14386,17.22385],[101.15979,17.23038],[101.18851,17.23781],[101.20278,17.21968],[101.23096,17.25246],[101.2501,17.25779],[101.25106,17.26872],[101.25796,17.26721],[101.28074,17.24712],[101.2794,17.23962],[101.28711,17.22849],[101.2987,17.22512],[101.30964,17.23264],[101.30949,17.24286],[101.31578,17.24852],[101.34926,17.2604],[101.36133,17.25561],[101.36491,17.26879],[101.37305,17.26538],[101.37901,17.24978],[101.39119,17.25088],[101.39992,17.27611],[101.40736,17.2723],[101.4148,17.24361],[101.42004,17.23668],[101.41803,17.2094],[101.42349,17.19831],[101.43396,17.19775],[101.43765,17.19023],[101.45429,17.18466],[101.45657,17.16576],[101.44674,17.14558],[101.45285,17.1408],[101.45252,17.13091],[101.46297,17.12174],[101.45797,17.11705],[101.46503,17.09386],[101.47782,17.08669],[101.48069,17.07407],[101.48998,17.05537],[101.50708,17.052],[101.51229,17.03412],[101.50468,17.03096],[101.49924,17.0198],[101.50426,17.01025],[101.49654,17.00759],[101.50943,16.99125],[101.51758,16.99303],[101.53165,16.96924],[101.52769,16.95495],[101.53166,16.9448],[101.5471,16.94239],[101.55247,16.93151],[101.54775,16.91542],[101.55447,16.89448],[101.53829,16.89133],[101.53397,16.89652],[101.51406,16.89706],[101.5079,16.87515],[101.51613,16.86701],[101.51728,16.85384],[101.5064,16.84792],[101.51374,16.8348],[101.51853,16.81363],[101.52494,16.81363],[101.53483,16.78503],[101.53296,16.77746],[101.5428,16.7738],[101.56021,16.77531],[101.55979,16.74865],[101.55194,16.73692],[101.53622,16.73243],[101.53033,16.74461],[101.51445,16.72557],[101.5102,16.71263],[101.51596,16.69136],[101.5106,16.67693],[101.49655,16.66945],[101.49655,16.67458],[101.48378,16.67524],[101.4636,16.65034],[101.44314,16.65413],[101.43916,16.64102],[101.42969,16.63358],[101.42937,16.62246],[101.41274,16.60476],[101.40304,16.59834],[101.40824,16.58954],[101.42077,16.58231],[101.40694,16.57404],[101.39387,16.55002],[101.39403,16.54206],[101.40576,16.53891],[101.40637,16.51469],[101.41131,16.51357],[101.40539,16.49682],[101.41252,16.49055],[101.41309,16.46696],[101.41855,16.46047],[101.42032,16.43147],[101.40453,16.40331],[101.39843,16.40084],[101.40843,16.39081],[101.40729,16.38007],[101.39222,16.37338],[101.39217,16.36667],[101.38141,16.35979],[101.37702,16.34724],[101.37855,16.31726],[101.36688,16.2923],[101.36904,16.27406],[101.34221,16.26126],[101.34067,16.24256],[101.33586,16.23529],[101.32631,16.23522],[101.31897,16.21301],[101.31349,16.2075],[101.29767,16.20272],[101.29463,16.1915],[101.28752,16.18693],[101.26365,16.18985],[101.25827,16.17229],[101.28227,16.16846],[101.29382,16.17288],[101.29464,16.17973],[101.32938,16.17141],[101.33585,16.16382],[101.34642,16.16585],[101.34183,16.15441],[101.34847,16.13566],[101.3577,16.14061],[101.37937,16.13068],[101.37992,16.11985],[101.38916,16.12047],[101.4048,16.10915],[101.40286,16.09314],[101.41847,16.0781],[101.41742,16.06869],[101.40654,16.0636],[101.39685,16.0752],[101.3862,16.06683],[101.38062,16.0428],[101.39453,16.03215],[101.3933,16.00079],[101.38006,15.97902],[101.37166,15.95405],[101.36997,15.93931],[101.36047,15.92348],[101.37393,15.9216],[101.37011,15.91182],[101.35061,15.88749],[101.33877,15.88756],[101.33239,15.87407],[101.32408,15.83902],[101.33187,15.8278],[101.32606,15.81687],[101.33011,15.80157],[101.31634,15.79121],[101.32876,15.78426],[101.33164,15.77283],[101.33865,15.7664],[101.3353,15.75421],[101.34577,15.75246],[101.36123,15.74356],[101.38796,15.73575],[101.40315,15.73402],[101.40015,15.70821],[101.39587,15.69187],[101.39073,15.65766],[101.38447,15.64418],[101.38165,15.62112],[101.37212,15.60314],[101.36991,15.57317],[101.37618,15.51743],[101.38553,15.48816],[101.41497,15.48518],[101.40375,15.45758],[101.40858,15.45598],[101.39883,15.44251],[101.4001,15.42975],[101.42,15.44262],[101.42939,15.43379],[101.43185,15.42107],[101.44195,15.4091],[101.43815,15.39036],[101.44216,15.38396],[101.43035,15.37291],[101.44662,15.3652],[101.4597,15.35291],[101.46419,15.33078],[101.45167,15.3147],[101.45281,15.30165],[101.4491,15.26652],[101.45206,15.25486],[101.44467,15.24465],[101.44549,15.2369],[101.43442,15.22484],[101.42755,15.21091],[101.43815,15.20312],[101.4385,15.181],[101.45118,15.1765],[101.44856,15.16338],[101.46469,15.14969],[101.47341,15.13544],[101.47422,15.1269],[101.46135,15.12247],[101.4549,15.09515],[101.44366,15.09064],[101.43208,15.08057],[101.43686,15.07366],[101.45337,15.06968],[101.46485,15.07604],[101.47606,15.07576],[101.48166,15.06877],[101.48814,15.07193],[101.49375,15.06229],[101.50586,15.06045],[101.50183,15.04001],[101.49143,15.04083],[101.48511,15.032],[101.49864,15.02066],[101.48427,15.00712],[101.457,14.99278],[101.45359,14.98533],[101.43807,14.98453],[101.43678,14.97462],[101.44389,14.96199],[101.44858,14.93017],[101.45534,14.91714],[101.45682,14.89897],[101.46502,14.88171],[101.47554,14.87199],[101.47536,14.86395],[101.48566,14.85761],[101.49204,14.84187],[101.4849,14.83345],[101.4853,14.82171],[101.47808,14.81065],[101.4512,14.80684],[101.42355,14.79328],[101.41251,14.79825],[101.40071,14.7966],[101.38564,14.7826],[101.35725,14.76689],[101.35601,14.74403],[101.3483,14.74288],[101.34461,14.72613],[101.33512,14.71104],[101.33678,14.69258],[101.35238,14.67852],[101.34491,14.65959],[101.35005,14.64567],[101.35882,14.64506],[101.3672,14.62482],[101.36926,14.61191],[101.35357,14.60891],[101.35963,14.59556],[101.35521,14.58311],[101.33195,14.5749],[101.32056,14.57818],[101.3249,14.56866],[101.31379,14.56878],[101.30481,14.5606],[101.30275,14.54859],[101.28738,14.54854],[101.27458,14.53994],[101.27604,14.51262],[101.26666,14.50291]]]]}},{"type":"Feature","properties":{"code":"13","name":"ลุ่มน้ำท่าจีน"},"geometry":{"type":"MultiPolygon","coordinates":[[[[99.37475,15.37117],[99.37884,15.38881],[99.38859,15.4037],[99.4044,15.40962],[99.41123,15.39484],[99.42427,15.39218],[99.44127,15.39466],[99.46336,15.40917],[99.46895,15.41753],[99.4969,15.44108],[99.50433,15.43402],[99.52345,15.43593],[99.52854,15.44046],[99.5463,15.43621],[99.55802,15.44233],[99.58294,15.44092],[99.59258,15.43589],[99.591,15.43014],[99.59746,15.41216],[99.60593,15.41103],[99.61692,15.4005],[99.63534,15.39978],[99.65324,15.41457],[99.67087,15.41363],[99.68516,15.41711],[99.71306,15.39976],[99.71372,15.3916],[99.73702,15.37662],[99.74384,15.36202],[99.75765,15.36076],[99.76844,15.33726],[99.79256,15.33108],[99.80014,15.31932],[99.81911,15.32752],[99.83287,15.32912],[99.85251,15.32247],[99.85264,15.31385],[99.86443,15.30469],[99.88035,15.30579],[99.89107,15.31737],[99.89918,15.31435],[99.92075,15.31638],[99.92581,15.32426],[99.94387,15.32142],[99.96641,15.32228],[99.97125,15.31601],[100.00399,15.31543],[100.01426,15.31184],[100.04093,15.31412],[100.04143,15.3029],[100.05531,15.28612],[100.05196,15.2859],[100.05479,15.26413],[100.04509,15.25881],[100.04517,15.25831],[100.04527,15.2577],[100.04979,15.2343],[100.07547,15.21185],[100.07907,15.22148],[100.08839,15.21705],[100.08888,15.20519],[100.10335,15.19337],[100.12324,15.16334],[100.14431,15.16204],[100.13996,15.14735],[100.14886,15.11719],[100.13642,15.10175],[100.14065,15.08256],[100.15296,15.05682],[100.14481,15.03138],[100.14487,15.00753],[100.15715,14.99742],[100.16684,14.9799],[100.163,14.96299],[100.1687,14.95847],[100.19948,14.96052],[100.20203,14.9557],[100.19721,14.93988],[100.18163,14.93505],[100.18619,14.90725],[100.19393,14.90382],[100.22133,14.90931],[100.22462,14.90101],[100.21946,14.89355],[100.22699,14.88459],[100.22175,14.87495],[100.22466,14.8672],[100.22259,14.84379],[100.21338,14.83371],[100.21351,14.81582],[100.20472,14.80967],[100.21415,14.80755],[100.21823,14.79742],[100.22409,14.79854],[100.23529,14.78537],[100.23732,14.77623],[100.25336,14.77703],[100.26018,14.76142],[100.2687,14.75613],[100.26575,14.7477],[100.27368,14.74293],[100.27509,14.73369],[100.26596,14.7201],[100.26473,14.71046],[100.27224,14.70739],[100.27233,14.69312],[100.25884,14.68243],[100.26483,14.67678],[100.26111,14.66595],[100.27256,14.66835],[100.29099,14.65407],[100.29339,14.64198],[100.28495,14.62722],[100.28271,14.60307],[100.26176,14.57957],[100.25774,14.57112],[100.27841,14.50439],[100.2665,14.45804],[100.28335,14.41848],[100.28251,14.40853],[100.26651,14.38337],[100.25778,14.35663],[100.26592,14.34647],[100.26431,14.33555],[100.25356,14.32246],[100.25952,14.30503],[100.27013,14.29008],[100.26776,14.27826],[100.2521,14.25591],[100.252,14.24991],[100.26366,14.22251],[100.25736,14.17323],[100.29142,14.1693],[100.28944,14.12566],[100.27987,14.12535],[100.27727,14.10161],[100.2771,14.07526],[100.27445,14.06865],[100.25855,14.05232],[100.2588,14.04162],[100.27315,14.02927],[100.25698,14.01444],[100.25135,13.99452],[100.2589,13.9874],[100.26523,13.99098],[100.27157,13.96645],[100.26365,13.94678],[100.25284,13.93044],[100.2553,13.92388],[100.27559,13.90917],[100.31194,13.82918],[100.32258,13.81307],[100.32031,13.80138],[100.32711,13.80096],[100.33073,13.70443],[100.34021,13.70119],[100.34532,13.67829],[100.34053,13.67348],[100.34475,13.65232],[100.35416,13.65332],[100.36945,13.6414],[100.38032,13.62528],[100.3801,13.61617],[100.38833,13.58996],[100.38814,13.52283],[100.38637,13.49183],[100.33027,13.48642],[100.31266,13.49085],[100.28317,13.50511],[100.27857,13.51379],[100.26829,13.48688],[100.24553,13.47305],[100.22275,13.46946],[100.22333,13.46681],[100.13892,13.44466],[100.06739,13.42108],[100.04788,13.40863],[100.03998,13.39471],[100.034,13.37157],[100.02303,13.36222],[99.99523,13.37622],[99.9977,13.38953],[100.00905,13.40134],[100.03818,13.42507],[100.07155,13.4443],[100.11423,13.4726],[100.12659,13.50303],[100.13092,13.50768],[100.18749,13.52548],[100.19099,13.53312],[100.12016,13.55974],[100.09924,13.60358],[100.09238,13.63928],[100.08737,13.68065],[100.07627,13.71231],[100.07962,13.73076],[100.08783,13.75154],[100.09712,13.81387],[100.08003,13.81908],[100.03958,13.82342],[100.03379,13.83401],[99.99598,13.87739],[99.98228,13.88539],[99.97259,13.8852],[99.96022,13.89212],[99.93636,13.88731],[99.91968,13.89378],[99.90457,13.88938],[99.88787,13.90935],[99.87779,13.90947],[99.8714,13.9219],[99.84108,13.93259],[99.83818,13.94122],[99.82617,13.94198],[99.82023,13.95388],[99.80624,13.95738],[99.79554,13.95178],[99.78061,13.95741],[99.75966,13.94438],[99.75,13.96641],[99.71575,13.96815],[99.64109,13.97964],[99.629,14.00747],[99.62897,14.02925],[99.63496,14.06239],[99.65794,14.07782],[99.65773,14.10084],[99.67428,14.11316],[99.66334,14.12304],[99.65199,14.1396],[99.64602,14.17052],[99.63411,14.19096],[99.63721,14.19912],[99.62062,14.22069],[99.60543,14.23218],[99.59578,14.23334],[99.58235,14.24236],[99.58757,14.25207],[99.58075,14.26578],[99.58526,14.27441],[99.57656,14.27197],[99.56018,14.27872],[99.55651,14.29433],[99.56274,14.298],[99.56984,14.31343],[99.55221,14.31958],[99.54215,14.33186],[99.54792,14.34074],[99.54015,14.35981],[99.54913,14.36028],[99.54164,14.3781],[99.55459,14.40726],[99.55944,14.42618],[99.56145,14.44756],[99.56819,14.45452],[99.57479,14.47047],[99.58569,14.52583],[99.58984,14.52748],[99.59618,14.5465],[99.59859,14.57722],[99.57904,14.59399],[99.57875,14.63196],[99.57009,14.63716],[99.56886,14.65622],[99.56101,14.66404],[99.55049,14.68882],[99.54421,14.69726],[99.54244,14.71603],[99.54963,14.72167],[99.55295,14.73303],[99.53904,14.74526],[99.54218,14.76093],[99.53591,14.77284],[99.52705,14.77972],[99.51846,14.79342],[99.51383,14.81114],[99.5154,14.8218],[99.50361,14.8295],[99.49513,14.84361],[99.48519,14.84375],[99.46834,14.87226],[99.46283,14.87355],[99.46576,14.89197],[99.45815,14.90654],[99.45958,14.91325],[99.45084,14.92407],[99.45546,14.93516],[99.45302,14.95048],[99.43898,14.96158],[99.42999,14.97556],[99.43825,14.97517],[99.44455,14.9836],[99.43893,14.98703],[99.4262,15.00688],[99.41574,15.03903],[99.4167,15.04993],[99.40468,15.04415],[99.38135,15.05217],[99.36144,15.05017],[99.348,15.07228],[99.33947,15.07981],[99.34351,15.08823],[99.3414,15.10836],[99.36988,15.1237],[99.37138,15.13927],[99.35815,15.159],[99.34564,15.16292],[99.34513,15.18002],[99.35743,15.194],[99.35733,15.2118],[99.3527,15.23129],[99.37097,15.25638],[99.3616,15.27094],[99.3705,15.28178],[99.36337,15.29521],[99.36997,15.30546],[99.36945,15.33194],[99.37448,15.3433],[99.36492,15.35579],[99.36451,15.36714],[99.37475,15.37117]]]]}},{"type":"Feature","properties":{"code":"14","name":"ลุ่มน้ำแม่กลอง"},"geometry":{"type":"MultiPolygon","coordinates":[[[[99.09556,16.10244],[99.10877,16.09867],[99.10821,16.08535],[99.11609,16.07602],[99.1147,16.06061],[99.10496,16.04932],[99.08877,16.04399],[99.08359,16.02665],[99.08145,16.00728],[99.08873,15.97982],[99.07445,15.9597],[99.07499,15.95231],[99.08873,15.94536],[99.09689,15.93093],[99.08663,15.91491],[99.08614,15.88498],[99.09726,15.87149],[99.09445,15.85857],[99.09875,15.85379],[99.09475,15.83684],[99.10298,15.82137],[99.12305,15.81483],[99.13375,15.79822],[99.14672,15.79688],[99.1639,15.78985],[99.16581,15.77758],[99.18628,15.78362],[99.20063,15.76822],[99.20777,15.76552],[99.20657,15.74934],[99.21154,15.7383],[99.21056,15.71101],[99.22411,15.70247],[99.22575,15.6942],[99.21825,15.6812],[99.22661,15.66753],[99.22441,15.65354],[99.23862,15.63693],[99.24977,15.63603],[99.25541,15.59689],[99.24882,15.578],[99.24948,15.56132],[99.25713,15.54622],[99.25146,15.52563],[99.2425,15.51119],[99.24489,15.50013],[99.25585,15.48754],[99.26804,15.49341],[99.29726,15.48761],[99.31948,15.49217],[99.33077,15.464],[99.35022,15.43619],[99.34191,15.42498],[99.34443,15.38164],[99.36451,15.36714],[99.36492,15.35579],[99.37448,15.3433],[99.36945,15.33194],[99.36997,15.30546],[99.36337,15.29521],[99.3705,15.28178],[99.3616,15.27094],[99.37097,15.25638],[99.3527,15.23129],[99.35733,15.2118],[99.35743,15.194],[99.34513,15.18002],[99.34564,15.16292],[99.35815,15.159],[99.37138,15.13927],[99.36988,15.1237],[99.3414,15.10836],[99.34351,15.08823],[99.33947,15.07981],[99.348,15.07228],[99.36144,15.05017],[99.38135,15.05217],[99.40468,15.04415],[99.4167,15.04993],[99.41574,15.03903],[99.4262,15.00688],[99.43893,14.98703],[99.44455,14.9836],[99.43825,14.97517],[99.42999,14.97556],[99.43898,14.96158],[99.45302,14.95048],[99.45546,14.93516],[99.45084,14.92407],[99.45958,14.91325],[99.45815,14.90654],[99.46576,14.89197],[99.46283,14.87355],[99.46834,14.87226],[99.48519,14.84375],[99.49513,14.84361],[99.50361,14.8295],[99.5154,14.8218],[99.51383,14.81114],[99.51846,14.79342],[99.52705,14.77972],[99.53591,14.77284],[99.54218,14.76093],[99.53904,14.74526],[99.55295,14.73303],[99.54963,14.72167],[99.54244,14.71603],[99.54421,14.69726],[99.55049,14.68882],[99.56101,14.66404],[99.56886,14.65622],[99.57009,14.63716],[99.57875,14.63196],[99.57904,14.59399],[99.59859,14.57722],[99.59618,14.5465],[99.58984,14.52748],[99.58569,14.52583],[99.57479,14.47047],[99.56819,14.45452],[99.56145,14.44756],[99.55944,14.42618],[99.55459,14.40726],[99.54164,14.3781],[99.54913,14.36028],[99.54015,14.35981],[99.54792,14.34074],[99.54215,14.33186],[99.55221,14.31958],[99.56984,14.31343],[99.56274,14.298],[99.55651,14.29433],[99.56018,14.27872],[99.57656,14.27197],[99.58526,14.27441],[99.58075,14.26578],[99.58757,14.25207],[99.58235,14.24236],[99.59578,14.23334],[99.60543,14.23218],[99.62062,14.22069],[99.63721,14.19912],[99.63411,14.19096],[99.64602,14.17052],[99.65199,14.1396],[99.66334,14.12304],[99.67428,14.11316],[99.65773,14.10084],[99.65794,14.07782],[99.63496,14.06239],[99.62897,14.02925],[99.629,14.00747],[99.64109,13.97964],[99.71575,13.96815],[99.75,13.96641],[99.75966,13.94438],[99.78061,13.95741],[99.79554,13.95178],[99.80624,13.95738],[99.82023,13.95388],[99.82617,13.94198],[99.83818,13.94122],[99.84108,13.93259],[99.8714,13.9219],[99.87779,13.90947],[99.88787,13.90935],[99.90457,13.88938],[99.91968,13.89378],[99.93636,13.88731],[99.96022,13.89212],[99.97259,13.8852],[99.98228,13.88539],[99.99598,13.87739],[100.03379,13.83401],[100.03958,13.82342],[100.08003,13.81908],[100.09712,13.81387],[100.08783,13.75154],[100.07962,13.73076],[100.07627,13.71231],[100.08737,13.68065],[100.09238,13.63928],[100.09924,13.60358],[100.12016,13.55974],[100.19099,13.53312],[100.18749,13.52548],[100.13092,13.50768],[100.12659,13.50303],[100.11423,13.4726],[100.07155,13.4443],[100.03818,13.42507],[100.00905,13.40134],[99.9977,13.38953],[99.99523,13.37622],[100.02303,13.36222],[99.99928,13.36805],[100.0,13.35785],[99.9805,13.38396],[99.9836,13.39561],[99.94549,13.39164],[99.93807,13.39431],[99.88703,13.38597],[99.87025,13.37427],[99.83818,13.37167],[99.82729,13.3673],[99.80066,13.36372],[99.79696,13.37039],[99.78093,13.37887],[99.76016,13.3992],[99.7524,13.39434],[99.74016,13.39768],[99.72339,13.42368],[99.73347,13.42741],[99.73577,13.44],[99.72718,13.44719],[99.72077,13.46281],[99.70385,13.46712],[99.69339,13.45843],[99.66804,13.45492],[99.65249,13.43971],[99.63528,13.43429],[99.62202,13.43379],[99.61797,13.42171],[99.59774,13.40857],[99.58675,13.40895],[99.58083,13.38685],[99.55981,13.38051],[99.55605,13.36847],[99.54859,13.37547],[99.53782,13.36554],[99.52302,13.36327],[99.52778,13.35151],[99.51884,13.34193],[99.51664,13.31701],[99.50541,13.312],[99.50499,13.29513],[99.49182,13.29796],[99.47988,13.28452],[99.48783,13.26703],[99.48738,13.25302],[99.49459,13.23594],[99.49062,13.2242],[99.4974,13.20814],[99.49473,13.19814],[99.48489,13.19093],[99.47841,13.20092],[99.45441,13.18486],[99.43689,13.18581],[99.4319,13.19568],[99.41127,13.20056],[99.40789,13.21113],[99.399,13.21776],[99.39414,13.21271],[99.37115,13.22076],[99.36764,13.23414],[99.35893,13.23238],[99.35115,13.24321],[99.3384,13.23268],[99.32609,13.23211],[99.31858,13.20771],[99.31873,13.1892],[99.32379,13.17704],[99.31042,13.17147],[99.30505,13.16379],[99.29631,13.16266],[99.28143,13.15223],[99.27013,13.14874],[99.22914,13.20306],[99.21564,13.2011],[99.21103,13.20717],[99.21057,13.20738],[99.20562,13.21561],[99.20919,13.22517],[99.20541,13.24049],[99.19632,13.25452],[99.20254,13.26158],[99.21165,13.26131],[99.18717,13.29061],[99.18986,13.29384],[99.19227,13.32281],[99.20695,13.33953],[99.20298,13.35506],[99.20599,13.36598],[99.20511,13.40567],[99.21027,13.41534],[99.20067,13.42758],[99.20439,13.43289],[99.19726,13.45069],[99.20681,13.46141],[99.20414,13.47926],[99.18695,13.4969],[99.19185,13.5173],[99.1895,13.53026],[99.19246,13.54501],[99.17978,13.55477],[99.16362,13.57437],[99.17827,13.58451],[99.16561,13.61284],[99.17245,13.63005],[99.16728,13.65366],[99.17064,13.67198],[99.16484,13.68257],[99.17166,13.68819],[99.16697,13.69786],[99.16943,13.70772],[99.16724,13.72602],[99.15455,13.73532],[99.15344,13.75585],[99.14166,13.7576],[99.13286,13.76729],[99.12178,13.7725],[99.11727,13.79641],[99.12224,13.80007],[99.12151,13.81352],[99.11611,13.81655],[99.11425,13.83079],[99.09952,13.83794],[99.10101,13.85436],[99.11041,13.86532],[99.10876,13.89066],[99.10516,13.89532],[99.0947,13.88948],[99.07698,13.89446],[99.06734,13.90623],[99.05913,13.9296],[99.04388,13.94166],[99.0207,13.9457],[99.01479,13.96101],[99.01485,13.97515],[99.00918,13.99415],[98.99608,14.0136],[98.99771,14.01865],[98.9719,14.03327],[98.97395,14.03904],[98.96793,14.08266],[98.9592,14.09667],[98.94639,14.09271],[98.93618,14.10233],[98.91809,14.11052],[98.89955,14.1078],[98.89716,14.11241],[98.87435,14.1289],[98.86709,14.14796],[98.86229,14.14708],[98.83458,14.17208],[98.81392,14.17509],[98.79995,14.19182],[98.77721,14.19966],[98.77582,14.20759],[98.7571,14.2138],[98.74319,14.2326],[98.71706,14.24394],[98.70011,14.26021],[98.70052,14.27331],[98.68661,14.27139],[98.67565,14.28245],[98.64596,14.30157],[98.63041,14.31609],[98.61378,14.31268],[98.59711,14.32785],[98.59293,14.3446],[98.59724,14.36833],[98.57709,14.36848],[98.57362,14.3804],[98.56461,14.38445],[98.56263,14.39719],[98.55675,14.40298],[98.55726,14.4203],[98.54802,14.42241],[98.54945,14.43239],[98.54181,14.44458],[98.53357,14.44281],[98.52431,14.45521],[98.52035,14.47019],[98.51165,14.47708],[98.51025,14.48969],[98.50449,14.49576],[98.50345,14.51091],[98.49698,14.51138],[98.49637,14.52602],[98.49144,14.54088],[98.48691,14.53572],[98.46984,14.5359],[98.46095,14.53217],[98.45849,14.56047],[98.45929,14.57762],[98.44423,14.59255],[98.43727,14.61301],[98.42087,14.62288],[98.37908,14.65459],[98.36584,14.66741],[98.36246,14.68757],[98.3339,14.71132],[98.33023,14.70486],[98.29775,14.74962],[98.2947,14.76973],[98.28555,14.77116],[98.27656,14.79333],[98.26137,14.8108],[98.25445,14.81335],[98.24606,14.83064],[98.25815,14.84264],[98.25874,14.8595],[98.24367,14.87233],[98.22975,14.88921],[98.25197,14.91621],[98.24342,14.92283],[98.24268,14.94046],[98.23086,14.94288],[98.2287,14.95128],[98.23302,14.96693],[98.20867,14.98058],[98.21292,15.02022],[98.22386,15.02599],[98.23077,15.04645],[98.22062,15.05469],[98.21139,15.07568],[98.19236,15.07823],[98.19394,15.08679],[98.18373,15.09627],[98.18198,15.10784],[98.18852,15.12991],[98.19167,15.15254],[98.19835,15.15439],[98.20215,15.1663],[98.21356,15.18307],[98.20864,15.18919],[98.21011,15.20002],[98.19929,15.21029],[98.20193,15.21554],[98.19814,15.23403],[98.21316,15.2371],[98.22024,15.22524],[98.23336,15.21939],[98.25855,15.2245],[98.25965,15.2339],[98.26796,15.24813],[98.2818,15.26292],[98.28309,15.272],[98.29535,15.27295],[98.30416,15.28065],[98.29392,15.29714],[98.30042,15.30381],[98.29699,15.31333],[98.30667,15.31285],[98.32765,15.30229],[98.33607,15.29494],[98.35395,15.29369],[98.38564,15.30133],[98.40119,15.30853],[98.39986,15.32188],[98.38983,15.33071],[98.39458,15.34448],[98.41543,15.35663],[98.41524,15.363],[98.43069,15.36746],[98.4432,15.36502],[98.45149,15.3755],[98.45088,15.38323],[98.46452,15.383],[98.46594,15.3743],[98.48206,15.37799],[98.47418,15.38395],[98.48063,15.39689],[98.5013,15.40421],[98.53123,15.37954],[98.54785,15.35795],[98.54784,15.34307],[98.55322,15.33535],[98.56008,15.33688],[98.58068,15.37747],[98.58548,15.47113],[98.58013,15.49945],[98.55297,15.60162],[98.56151,15.64144],[98.54793,15.68188],[98.56666,15.76636],[98.58361,15.81636],[98.61086,15.87684],[98.59533,15.87526],[98.59722,15.88524],[98.58914,15.89221],[98.58903,15.90746],[98.5841,15.91885],[98.59246,15.93871],[98.59378,15.95942],[98.60578,15.96505],[98.60883,15.97305],[98.60465,15.99098],[98.59706,16.00812],[98.57671,16.01999],[98.56115,16.03321],[98.56794,16.05747],[98.57811,16.05945],[98.58014,16.06932],[98.58942,16.07601],[98.59964,16.07328],[98.60814,16.06014],[98.60864,16.04183],[98.61422,16.03972],[98.63045,16.04967],[98.62638,16.063],[98.65943,16.07232],[98.66002,16.0842],[98.67192,16.09043],[98.67388,16.09963],[98.66493,16.11163],[98.67706,16.11189],[98.67751,16.12637],[98.7021,16.13589],[98.71425,16.13151],[98.71707,16.12401],[98.74423,16.11805],[98.74811,16.12111],[98.76961,16.12092],[98.77705,16.12889],[98.78817,16.11069],[98.80556,16.10443],[98.82937,16.11617],[98.83331,16.12675],[98.84886,16.12801],[98.85414,16.15638],[98.85116,16.16046],[98.86153,16.16994],[98.86075,16.19464],[98.85139,16.22333],[98.85731,16.22463],[98.87298,16.23905],[98.87676,16.22989],[98.88706,16.2478],[98.90403,16.25448],[98.91074,16.26782],[98.90718,16.27632],[98.91578,16.3055],[98.92422,16.30686],[98.93184,16.32973],[98.92623,16.34427],[98.91135,16.34375],[98.92017,16.36927],[98.9184,16.38471],[98.92824,16.38987],[98.94405,16.38356],[98.95807,16.38258],[98.98495,16.37373],[98.99111,16.37723],[99.00483,16.36956],[99.00752,16.38208],[99.02652,16.3827],[99.03411,16.38471],[99.04161,16.3742],[99.04233,16.33851],[99.04988,16.33554],[99.0535,16.30954],[99.04243,16.29412],[99.04951,16.25784],[99.05489,16.24682],[99.06391,16.2411],[99.07455,16.22191],[99.08306,16.21288],[99.08055,16.20134],[99.07362,16.19608],[99.06775,16.16557],[99.05122,16.1614],[99.05163,16.13581],[99.0683,16.13274],[99.08105,16.12396],[99.09459,16.10268],[99.09555,16.10244],[99.09556,16.10244]]]]}},{"type":"Feature","properties":{"code":"15","name":"ลุ่มน้ำบางปะกง"},"geometry":{"type":"MultiPolygon","coordinates":[[[[100.6884,13.53353],[100.69831,13.58809],[100.7,13.60585],[100.71174,13.63856],[100.72227,13.6766],[100.74064,13.71647],[100.74659,13.72256],[100.74589,13.7957],[100.73678,13.81237],[100.75152,13.81541],[100.74168,13.82137],[100.73617,13.83525],[100.73188,13.8597],[100.72224,13.85882],[100.72169,13.91303],[100.70717,13.922],[100.68713,13.92153],[100.68946,13.93061],[100.63897,13.93089],[100.63228,13.91939],[100.62666,13.92709],[100.6165,13.98329],[100.68799,13.99954],[100.76143,14.03035],[100.82473,14.05197],[100.95507,14.09784],[100.9955,14.11788],[101.00983,14.12804],[100.99491,14.1314],[100.98698,14.14754],[100.97629,14.15967],[100.9547,14.19817],[101.00567,14.23418],[101.01064,14.24649],[101.03445,14.26464],[101.04678,14.28664],[101.05739,14.29959],[101.07182,14.31127],[101.07176,14.3234],[101.08887,14.3701],[101.08679,14.38271],[101.07715,14.38858],[101.06156,14.41482],[101.06143,14.4297],[101.07225,14.43734],[101.07854,14.43601],[101.08523,14.44569],[101.09797,14.44463],[101.10399,14.45137],[101.11899,14.44825],[101.12624,14.45174],[101.13272,14.47239],[101.13892,14.47233],[101.14767,14.4827],[101.14641,14.48904],[101.15637,14.49529],[101.16066,14.51204],[101.17916,14.51917],[101.19468,14.50798],[101.2073,14.49444],[101.21405,14.48154],[101.22591,14.47302],[101.24328,14.47216],[101.24479,14.49014],[101.26666,14.50291],[101.27604,14.51262],[101.27638,14.49769],[101.2845,14.47953],[101.28252,14.47293],[101.30431,14.44963],[101.30695,14.43605],[101.31809,14.44155],[101.32791,14.43912],[101.34111,14.44404],[101.35546,14.44156],[101.36797,14.42831],[101.37183,14.40579],[101.38113,14.39342],[101.37498,14.38852],[101.39348,14.38167],[101.40171,14.36607],[101.43221,14.38957],[101.44694,14.42006],[101.43569,14.43998],[101.43663,14.44631],[101.45964,14.45685],[101.48532,14.46263],[101.50761,14.43558],[101.52954,14.42606],[101.53995,14.42503],[101.54578,14.43543],[101.56579,14.43451],[101.59566,14.4386],[101.62129,14.42861],[101.61818,14.41849],[101.63067,14.40614],[101.64878,14.40378],[101.64705,14.39473],[101.65403,14.39266],[101.69227,14.35561],[101.713,14.33066],[101.74208,14.30753],[101.74932,14.31663],[101.75007,14.32637],[101.76384,14.34688],[101.77288,14.34663],[101.78016,14.35737],[101.79622,14.35813],[101.81115,14.3473],[101.82255,14.35024],[101.83013,14.36243],[101.84481,14.36452],[101.84945,14.36998],[101.86573,14.37304],[101.86606,14.38265],[101.87485,14.39665],[101.88374,14.39684],[101.89136,14.40502],[101.88968,14.38504],[101.8976,14.37876],[101.8995,14.36857],[101.90902,14.36325],[101.91342,14.35292],[101.92733,14.36124],[101.94011,14.35882],[101.94346,14.36703],[101.95385,14.3729],[101.97569,14.35203],[101.9679,14.33554],[101.96002,14.33291],[101.95885,14.31539],[101.94944,14.31004],[101.94933,14.30297],[101.93045,14.29264],[101.9343,14.27033],[101.94864,14.2655],[101.94289,14.25211],[101.94639,14.24598],[101.95788,14.24632],[101.97888,14.23381],[101.96956,14.22781],[102.0081,14.20446],[102.03584,14.19656],[102.07223,14.16379],[102.09917,14.15665],[102.12167,14.14775],[102.12977,14.13931],[102.15361,14.1376],[102.16669,14.14187],[102.17161,14.15894],[102.16667,14.1725],[102.17531,14.1904],[102.192,14.19501],[102.2025,14.1772],[102.21133,14.17276],[102.2106,14.15506],[102.21701,14.14427],[102.23818,14.14439],[102.24613,14.13987],[102.26613,14.1468],[102.27198,14.14121],[102.27333,14.12873],[102.29006,14.13458],[102.30852,14.12007],[102.32754,14.12742],[102.33187,14.12008],[102.34651,14.12473],[102.35794,14.13319],[102.36055,14.1514],[102.35758,14.164],[102.36292,14.16623],[102.38237,14.14614],[102.3998,14.14577],[102.40825,14.15537],[102.42474,14.15757],[102.43431,14.14481],[102.45297,14.14326],[102.45472,14.1365],[102.46965,14.13202],[102.46588,14.12327],[102.45089,14.11853],[102.4483,14.1115],[102.43693,14.10401],[102.43121,14.09415],[102.43522,14.07892],[102.45096,14.06794],[102.44507,14.05698],[102.45602,14.04361],[102.47063,14.03493],[102.48825,14.03402],[102.50411,14.04303],[102.51708,14.03946],[102.5275,14.0306],[102.53665,14.04309],[102.54686,14.03878],[102.54934,14.02095],[102.53856,14.02259],[102.52991,14.01447],[102.51759,14.02029],[102.50177,14.00535],[102.48645,13.9996],[102.47574,13.95965],[102.46059,13.95483],[102.45746,13.94128],[102.46028,13.93278],[102.44729,13.92269],[102.43862,13.9277],[102.42513,13.90876],[102.41182,13.8967],[102.37741,13.89458],[102.37436,13.87603],[102.35944,13.86867],[102.34645,13.85678],[102.33546,13.83663],[102.31297,13.8368],[102.30823,13.8484],[102.287,13.8419],[102.26052,13.83723],[102.25387,13.82913],[102.26167,13.82719],[102.27175,13.81052],[102.26329,13.79993],[102.25922,13.77692],[102.27616,13.76362],[102.28,13.75024],[102.27457,13.73376],[102.26247,13.73162],[102.2554,13.71025],[102.24595,13.70781],[102.2462,13.69349],[102.23663,13.68944],[102.21689,13.68879],[102.22121,13.67254],[102.21631,13.65598],[102.22444,13.65589],[102.23262,13.64769],[102.24008,13.65006],[102.24329,13.63177],[102.25824,13.60741],[102.25515,13.59282],[102.28383,13.58759],[102.28845,13.58104],[102.28251,13.57469],[102.28547,13.56474],[102.29642,13.55332],[102.29609,13.53531],[102.28878,13.52277],[102.30942,13.50036],[102.30507,13.49239],[102.3144,13.49325],[102.31384,13.48167],[102.30763,13.47826],[102.31819,13.4655],[102.33353,13.45735],[102.34319,13.44434],[102.34837,13.42335],[102.33892,13.40366],[102.32988,13.40221],[102.32631,13.38747],[102.31666,13.37141],[102.32183,13.35688],[102.31695,13.35317],[102.32237,13.33314],[102.34745,13.29901],[102.339,13.29851],[102.31868,13.27647],[102.31227,13.25995],[102.29627,13.25711],[102.30075,13.25098],[102.29344,13.24532],[102.3009,13.22206],[102.30651,13.22012],[102.30792,13.20666],[102.29284,13.19143],[102.2797,13.18708],[102.27564,13.17633],[102.26868,13.17278],[102.27169,13.1541],[102.27804,13.14739],[102.27974,13.13414],[102.28985,13.1261],[102.28723,13.11414],[102.27597,13.12009],[102.25098,13.11794],[102.24194,13.1108],[102.23227,13.11444],[102.22341,13.11052],[102.21882,13.10056],[102.20783,13.0923],[102.20879,13.08443],[102.20198,13.07257],[102.20752,13.06035],[102.19895,13.04967],[102.17425,13.03841],[102.16696,13.03793],[102.16607,13.03907],[102.16602,13.03921],[102.16589,13.03932],[102.16448,13.04015],[102.16384,13.04045],[102.16346,13.04092],[102.16158,13.04186],[102.16026,13.04286],[102.1602,13.04305],[102.16006,13.04338],[102.16062,13.04456],[102.1609,13.04531],[102.16104,13.04565],[102.16039,13.04518],[102.15916,13.04562],[102.15821,13.0468],[102.15797,13.04758],[102.15788,13.04779],[102.15592,13.05059],[102.15594,13.05225],[102.15591,13.05341],[102.15594,13.0536],[102.15594,13.05373],[102.1561,13.05419],[102.15616,13.05431],[102.15632,13.0546],[102.15643,13.05552],[102.15645,13.05601],[102.15595,13.05733],[102.15554,13.05819],[102.15559,13.05891],[102.15551,13.05932],[102.15488,13.06173],[102.15473,13.06214],[102.15465,13.0627],[102.15448,13.06345],[102.15507,13.0654],[102.1554,13.06561],[102.15545,13.06569],[102.15577,13.06671],[102.15566,13.06698],[102.15389,13.0694],[102.15361,13.0696],[102.15264,13.07001],[102.15222,13.07069],[102.15187,13.07277],[102.15182,13.07289],[102.15149,13.07339],[102.15159,13.07452],[102.15222,13.0752],[102.15313,13.07596],[102.15358,13.07699],[102.15398,13.07756],[102.15406,13.07792],[102.15414,13.07841],[102.15418,13.07885],[102.15421,13.07917],[102.15418,13.07932],[102.15408,13.07996],[102.15409,13.08017],[102.15409,13.08051],[102.15403,13.08176],[102.15397,13.08232],[102.15376,13.08338],[102.15248,13.08586],[102.15239,13.08596],[102.15169,13.0874],[102.15155,13.08767],[102.14976,13.09094],[102.14884,13.09194],[102.14622,13.09426],[102.14619,13.09451],[102.14606,13.09519],[102.14597,13.09533],[102.14557,13.0959],[102.14538,13.09613],[102.14532,13.09617],[102.14455,13.09641],[102.14419,13.09673],[102.14397,13.09687],[102.1439,13.09691],[102.14379,13.09691],[102.14367,13.09691],[102.14318,13.09705],[102.14314,13.09722],[102.14288,13.0978],[102.14248,13.09814],[102.14238,13.09822],[102.14195,13.09854],[102.14034,13.09927],[102.13981,13.0994],[102.13935,13.09941],[102.13911,13.09939],[102.13866,13.09947],[102.13849,13.09957],[102.13785,13.09975],[102.13762,13.10006],[102.13723,13.10038],[102.13681,13.10055],[102.13642,13.10068],[102.13551,13.10083],[102.1341,13.10177],[102.13409,13.10329],[102.13323,13.10399],[102.13293,13.10419],[102.13269,13.10404],[102.13158,13.10384],[102.13036,13.10454],[102.12993,13.10473],[102.12953,13.10475],[102.12907,13.10466],[102.1287,13.10452],[102.12808,13.10395],[102.12747,13.10494],[102.1275,13.10506],[102.12758,13.10518],[102.12759,13.10538],[102.12757,13.10608],[102.1278,13.10616],[102.12815,13.10649],[102.12838,13.10733],[102.12824,13.10764],[102.12804,13.10775],[102.12786,13.10785],[102.12787,13.10804],[102.12783,13.1084],[102.12771,13.10871],[102.12761,13.1089],[102.12748,13.10907],[102.12581,13.11033],[102.12655,13.11057],[102.12703,13.11099],[102.12743,13.11132],[102.12802,13.11199],[102.12788,13.1124],[102.12756,13.11294],[102.12693,13.11323],[102.12654,13.11327],[102.12597,13.11405],[102.12601,13.11425],[102.12613,13.1148],[102.12628,13.11519],[102.12607,13.11591],[102.12602,13.11604],[102.12585,13.1162],[102.12556,13.11637],[102.12475,13.11663],[102.12437,13.11694],[102.12426,13.11794],[102.12431,13.11817],[102.12435,13.11844],[102.12411,13.11952],[102.12406,13.11995],[102.12405,13.12039],[102.1241,13.12078],[102.12395,13.12167],[102.12398,13.12194],[102.12425,13.12248],[102.12434,13.1227],[102.12376,13.12447],[102.12349,13.12494],[102.12232,13.12616],[102.12244,13.12668],[102.12228,13.12712],[102.12239,13.12761],[102.12189,13.12791],[102.12226,13.12917],[102.11987,13.13125],[102.11947,13.13167],[102.11911,13.13216],[102.1187,13.13217],[102.1176,13.13203],[102.11668,13.13212],[102.11642,13.1315],[102.11638,13.13129],[102.11469,13.12935],[102.11446,13.1293],[102.11481,13.1275],[102.11465,13.12725],[102.11465,13.12494],[102.11487,13.12438],[102.11489,13.12407],[102.11434,13.12339],[102.11376,13.12311],[102.11301,13.12274],[102.11257,13.12269],[102.11223,13.12261],[102.11208,13.12253],[102.11168,13.12207],[102.11128,13.12031],[102.11072,13.12032],[102.1105,13.12022],[102.11021,13.12],[102.11007,13.11978],[102.11008,13.1195],[102.11031,13.11886],[102.11044,13.11848],[102.10898,13.11774],[102.10851,13.11789],[102.10822,13.11799],[102.10735,13.11822],[102.10689,13.11887],[102.10605,13.11923],[102.1058,13.12029],[102.10608,13.12149],[102.10609,13.12187],[102.10608,13.1223],[102.10553,13.12264],[102.10493,13.12264],[102.10446,13.12283],[102.10427,13.12283],[102.10399,13.1228],[102.10365,13.12236],[102.10241,13.1223],[102.10136,13.12251],[102.10003,13.12318],[102.09984,13.12374],[102.09939,13.12412],[102.09919,13.12417],[102.0965,13.12482],[102.09539,13.12511],[102.09293,13.12685],[102.09274,13.12696],[102.09227,13.12694],[102.09069,13.12635],[102.08885,13.12715],[102.08815,13.12685],[102.08694,13.12691],[102.08632,13.12661],[102.08621,13.12662],[102.08592,13.12662],[102.08488,13.12617],[102.08392,13.12512],[102.0831,13.12498],[102.08178,13.12438],[102.0816,13.12434],[102.08135,13.12435],[102.07952,13.12476],[102.07875,13.12488],[102.07677,13.12475],[102.07655,13.12472],[102.07614,13.12464],[102.07572,13.12451],[102.07547,13.12438],[102.07463,13.1267],[102.07506,13.12748],[102.07509,13.12762],[102.07476,13.12828],[102.07453,13.1284],[102.07367,13.12858],[102.07317,13.12857],[102.07272,13.12931],[102.07251,13.1295],[102.0726,13.1299],[102.07236,13.13068],[102.07111,13.13158],[102.0711,13.13246],[102.07114,13.1326],[102.07137,13.13309],[102.07142,13.13327],[102.0714,13.13347],[102.0708,13.13377],[102.07048,13.1344],[102.0705,13.13491],[102.07041,13.13496],[102.06982,13.13502],[102.06936,13.13485],[102.06752,13.13636],[102.06648,13.13657],[102.06615,13.13661],[102.06428,13.13637],[102.06426,13.13671],[102.0643,13.1372],[102.0644,13.13753],[102.06455,13.13806],[102.06488,13.13882],[102.06486,13.13902],[102.06479,13.13926],[102.0647,13.13952],[102.06469,13.13997],[102.06349,13.14109],[102.0636,13.14187],[102.06382,13.14261],[102.06393,13.14344],[102.06364,13.14357],[102.06339,13.14366],[102.06322,13.14375],[102.06307,13.14445],[102.06229,13.14664],[102.06173,13.14792],[102.06173,13.14824],[102.06165,13.14845],[102.06164,13.14858],[102.06162,13.14877],[102.0613,13.14976],[102.06111,13.15037],[102.05848,13.15311],[102.05823,13.15315],[102.05803,13.15321],[102.05669,13.15536],[102.05648,13.15617],[102.05627,13.15655],[102.05608,13.15681],[102.05559,13.1569],[102.05514,13.15669],[102.0544,13.15651],[102.05186,13.15739],[102.04944,13.16034],[102.04851,13.16002],[102.04783,13.1601],[102.04692,13.16033],[102.0457,13.1608],[102.04531,13.16094],[102.04505,13.16102],[102.04376,13.16129],[102.04346,13.16131],[102.04243,13.16112],[102.04203,13.16098],[102.04131,13.161],[102.03842,13.16134],[102.03842,13.16168],[102.03874,13.16226],[102.0389,13.16289],[102.03882,13.16322],[102.03793,13.16334],[102.03676,13.16324],[102.03645,13.16342],[102.03583,13.16554],[102.03558,13.16592],[102.03536,13.16618],[102.03506,13.16645],[102.03469,13.16667],[102.03365,13.16689],[102.03322,13.16891],[102.03314,13.16988],[102.03311,13.17065],[102.0329,13.17131],[102.03267,13.17156],[102.03041,13.17334],[102.03071,13.17391],[102.03093,13.17406],[102.03181,13.17464],[102.03199,13.17494],[102.03207,13.17526],[102.03208,13.17548],[102.0321,13.17572],[102.03208,13.17604],[102.03205,13.17634],[102.0319,13.1769],[102.03176,13.1772],[102.03111,13.17836],[102.03104,13.17877],[102.0311,13.17916],[102.03127,13.1795],[102.03154,13.17992],[102.03182,13.18022],[102.03211,13.1804],[102.03239,13.18054],[102.03326,13.18092],[102.03359,13.18105],[102.03556,13.18173],[102.03623,13.18195],[102.03652,13.18202],[102.03991,13.1827],[102.04021,13.18326],[102.04028,13.18399],[102.04012,13.18459],[102.03997,13.18492],[102.03954,13.18556],[102.03937,13.18575],[102.03876,13.18635],[102.03768,13.18775],[102.03754,13.18801],[102.03735,13.18865],[102.03736,13.18891],[102.03736,13.18892],[102.03748,13.18924],[102.03792,13.18975],[102.03897,13.19184],[102.03882,13.19221],[102.03853,13.19264],[102.03752,13.19353],[102.03713,13.19387],[102.0369,13.19405],[102.03656,13.19426],[102.03622,13.19444],[102.03598,13.19458],[102.03538,13.19495],[102.03484,13.19524],[102.03454,13.19542],[102.03437,13.19559],[102.03329,13.19723],[102.03324,13.19732],[102.03311,13.19756],[102.03212,13.20074],[102.03229,13.20194],[102.03231,13.20269],[102.03261,13.20359],[102.0328,13.20391],[102.03317,13.20511],[102.03327,13.20605],[102.0333,13.20632],[102.03331,13.20664],[102.03333,13.20724],[102.03323,13.20761],[102.03206,13.21026],[102.03208,13.21069],[102.03228,13.2112],[102.0325,13.21165],[102.03311,13.21274],[102.03368,13.21321],[102.0341,13.21397],[102.03429,13.21426],[102.03449,13.21454],[102.03497,13.21509],[102.03527,13.21543],[102.03589,13.21669],[102.03606,13.2175],[102.03594,13.21777],[102.03575,13.21798],[102.03538,13.21816],[102.03499,13.21832],[102.03196,13.21966],[102.03099,13.22024],[102.03075,13.2204],[102.0299,13.22252],[102.03023,13.22328],[102.03035,13.22353],[102.03049,13.22378],[102.03061,13.22401],[102.03061,13.22402],[102.03071,13.2243],[102.03079,13.22481],[102.03069,13.22558],[102.03061,13.22577],[102.03053,13.22597],[102.03037,13.22628],[102.03017,13.22664],[102.02982,13.22828],[102.02975,13.22858],[102.02945,13.22907],[102.02738,13.23069],[102.02665,13.23126],[102.02649,13.23208],[102.02697,13.233],[102.02712,13.23327],[102.02784,13.2344],[102.02832,13.23503],[102.02866,13.23589],[102.02861,13.23635],[102.02678,13.23921],[102.02682,13.24021],[102.02857,13.24271],[102.02872,13.24324],[102.02877,13.24366],[102.02886,13.24434],[102.02834,13.2469],[102.02846,13.2482],[102.02956,13.24951],[102.0296,13.2499],[102.02941,13.25418],[102.02936,13.25503],[102.0292,13.25594],[102.02871,13.25732],[102.02882,13.25814],[102.03011,13.26005],[102.03208,13.27182],[102.03421,13.27649],[102.03536,13.27916],[102.0356,13.27998],[102.03454,13.28415],[102.03423,13.28466],[102.03383,13.28505],[102.03327,13.28549],[102.03253,13.28585],[102.03218,13.28596],[102.03108,13.28618],[102.02933,13.28732],[102.02889,13.28759],[102.02832,13.28771],[102.02766,13.2878],[102.02694,13.2878],[102.02438,13.28696],[102.02396,13.28696],[102.02355,13.28702],[102.02159,13.28867],[102.02128,13.28888],[102.0203,13.2889],[102.0181,13.28882],[102.01789,13.28894],[102.01764,13.28907],[102.01707,13.28977],[102.01582,13.29049],[102.01445,13.2924],[102.01418,13.29251],[102.01382,13.29241],[102.01338,13.29193],[102.01296,13.28938],[102.01035,13.29158],[102.00955,13.29616],[102.00945,13.29656],[102.00935,13.29698],[102.00644,13.30478],[102.0045,13.30965],[102.00232,13.31514],[102.00163,13.31652],[102.00086,13.31722],[102.00074,13.31728],[101.99929,13.31804],[101.9981,13.31939],[101.99802,13.31948],[101.99772,13.31987],[101.99675,13.32111],[101.99544,13.32177],[101.9944,13.32228],[101.99126,13.3265],[101.99093,13.32778],[101.99002,13.3328],[101.98984,13.33324],[101.9889,13.3344],[101.98815,13.33414],[101.98789,13.33392],[101.98744,13.33343],[101.98704,13.33357],[101.98682,13.33364],[101.98655,13.33364],[101.98615,13.33351],[101.98551,13.33339],[101.98481,13.33327],[101.98442,13.33314],[101.98437,13.33292],[101.98401,13.33203],[101.98375,13.33212],[101.98303,13.33211],[101.98237,13.33204],[101.98055,13.3329],[101.97954,13.33307],[101.97735,13.3347],[101.97694,13.33519],[101.97591,13.33527],[101.97553,13.3353],[101.97507,13.33404],[101.97463,13.33353],[101.97393,13.33285],[101.97325,13.33227],[101.97295,13.33149],[101.97335,13.32954],[101.97467,13.32721],[101.97135,13.32592],[101.97096,13.32589],[101.97038,13.32585],[101.96907,13.3257],[101.96801,13.32549],[101.9677,13.32538],[101.96742,13.32523],[101.96685,13.32467],[101.96614,13.32307],[101.96512,13.32256],[101.96487,13.32223],[101.96522,13.32144],[101.96528,13.32106],[101.96522,13.32068],[101.96511,13.32019],[101.96495,13.31979],[101.96457,13.31901],[101.96421,13.31841],[101.9639,13.31789],[101.96296,13.31549],[101.96267,13.31456],[101.96222,13.31461],[101.96114,13.31313],[101.96081,13.31262],[101.96108,13.31045],[101.9609,13.30928],[101.96027,13.30834],[101.95964,13.30769],[101.95712,13.30571],[101.95671,13.30491],[101.95606,13.30304],[101.95583,13.30266],[101.95529,13.30166],[101.95502,13.30109],[101.95472,13.30067],[101.95445,13.3004],[101.95401,13.30006],[101.95328,13.29954],[101.95292,13.29929],[101.952,13.29861],[101.95111,13.29763],[101.95065,13.29714],[101.94981,13.29603],[101.94934,13.2955],[101.94892,13.29497],[101.94845,13.29445],[101.94639,13.29314],[101.94489,13.29288],[101.94439,13.29267],[101.94339,13.29253],[101.94288,13.2925],[101.94191,13.29268],[101.94162,13.29311],[101.94079,13.29368],[101.94023,13.294],[101.9399,13.29392],[101.93971,13.29382],[101.93868,13.2935],[101.93647,13.29482],[101.93611,13.29478],[101.93572,13.29461],[101.93544,13.29444],[101.93444,13.29343],[101.93392,13.29322],[101.93277,13.29223],[101.93178,13.29269],[101.92978,13.29334],[101.92718,13.29385],[101.92743,13.29467],[101.92757,13.295],[101.92767,13.29541],[101.92704,13.29565],[101.92653,13.29545],[101.92619,13.29524],[101.92577,13.29505],[101.9247,13.29467],[101.92363,13.29417],[101.92231,13.29373],[101.9215,13.29353],[101.92066,13.29322],[101.92017,13.29303],[101.91916,13.29262],[101.91824,13.29201],[101.91757,13.29051],[101.91716,13.29041],[101.91536,13.29066],[101.91426,13.29093],[101.91408,13.2904],[101.91373,13.28976],[101.91245,13.28874],[101.91175,13.2887],[101.91112,13.2886],[101.90981,13.2884],[101.90651,13.28774],[101.90602,13.2876],[101.90601,13.28771],[101.90448,13.28661],[101.90424,13.2859],[101.90412,13.28556],[101.90408,13.28373],[101.90462,13.28253],[101.90483,13.28218],[101.90507,13.28183],[101.90527,13.28129],[101.90535,13.28101],[101.90537,13.28071],[101.90532,13.28044],[101.9051,13.28004],[101.90498,13.27925],[101.90501,13.27889],[101.90532,13.27858],[101.90523,13.2783],[101.90511,13.27805],[101.90503,13.27792],[101.9049,13.27773],[101.90484,13.27754],[101.90484,13.27741],[101.90487,13.27731],[101.90497,13.27696],[101.90588,13.27536],[101.90585,13.27499],[101.90589,13.27445],[101.90591,13.27397],[101.90534,13.27363],[101.90524,13.27328],[101.90552,13.2732],[101.90563,13.27315],[101.90568,13.27307],[101.90576,13.27278],[101.90576,13.27262],[101.90541,13.2716],[101.90523,13.27131],[101.90507,13.27109],[101.90507,13.27019],[101.90477,13.27017],[101.90464,13.27011],[101.90454,13.26997],[101.90446,13.26927],[101.90216,13.26748],[101.90168,13.26706],[101.9011,13.26653],[101.90083,13.26658],[101.90066,13.26662],[101.90015,13.26668],[101.89977,13.26667],[101.89942,13.2667],[101.89814,13.26657],[101.89793,13.26654],[101.89779,13.26648],[101.89754,13.26635],[101.89726,13.26612],[101.89714,13.26523],[101.89723,13.26505],[101.89727,13.26487],[101.89724,13.26421],[101.89717,13.26388],[101.8971,13.26368],[101.89708,13.26355],[101.89702,13.26342],[101.89724,13.26285],[101.89746,13.26275],[101.8976,13.26254],[101.89765,13.26241],[101.89769,13.26213],[101.89776,13.26157],[101.89777,13.26147],[101.89774,13.26126],[101.89776,13.26111],[101.89779,13.261],[101.89789,13.26034],[101.89787,13.25997],[101.89783,13.25971],[101.89782,13.25944],[101.89776,13.25929],[101.89772,13.25918],[101.89759,13.2589],[101.89747,13.25867],[101.89715,13.25831],[101.89701,13.25819],[101.89693,13.25811],[101.89678,13.25765],[101.89687,13.25746],[101.89693,13.25743],[101.89709,13.25732],[101.89716,13.25724],[101.89707,13.25604],[101.897,13.25575],[101.8969,13.25485],[101.89686,13.2546],[101.8967,13.25387],[101.89653,13.2533],[101.8964,13.25299],[101.89606,13.2497],[101.89661,13.24843],[101.88937,13.24204],[101.88901,13.24163],[101.88858,13.24107],[101.88844,13.24078],[101.88877,13.23985],[101.88871,13.23854],[101.88873,13.23829],[101.88899,13.23523],[101.88891,13.23457],[101.88911,13.23302],[101.88895,13.233],[101.88745,13.23506],[101.88687,13.2357],[101.88587,13.23651],[101.88444,13.23677],[101.88378,13.2367],[101.88314,13.23662],[101.8824,13.23644],[101.88095,13.23586],[101.88013,13.23532],[101.87962,13.23466],[101.87882,13.23216],[101.8787,13.22854],[101.87955,13.22559],[101.87952,13.22538],[101.87918,13.22514],[101.87872,13.22438],[101.87861,13.22419],[101.87828,13.22361],[101.87774,13.22373],[101.87758,13.22376],[101.87666,13.2238],[101.87654,13.22343],[101.87647,13.22331],[101.87617,13.22302],[101.87557,13.2228],[101.87482,13.2231],[101.87401,13.22307],[101.87347,13.2227],[101.87275,13.22278],[101.87263,13.22286],[101.87248,13.22301],[101.87235,13.2231],[101.87206,13.22358],[101.87186,13.2238],[101.8717,13.22403],[101.87137,13.22447],[101.87128,13.22456],[101.87151,13.22521],[101.87182,13.2258],[101.8722,13.22709],[101.87222,13.22762],[101.87221,13.22803],[101.87213,13.2286],[101.87219,13.22889],[101.87233,13.22933],[101.87242,13.22967],[101.8725,13.23011],[101.87254,13.23036],[101.87249,13.23073],[101.87249,13.231],[101.87249,13.23168],[101.87256,13.23196],[101.87258,13.23239],[101.87274,13.23297],[101.87292,13.23365],[101.87297,13.23582],[101.87298,13.23582],[101.87299,13.23584],[101.8731,13.23642],[101.87312,13.23657],[101.87315,13.23683],[101.87326,13.23725],[101.87326,13.23741],[101.87334,13.23853],[101.8732,13.23989],[101.87287,13.24083],[101.8727,13.24113],[101.87192,13.24203],[101.87155,13.24222],[101.87097,13.24258],[101.86995,13.24606],[101.86994,13.24686],[101.86996,13.24791],[101.86921,13.25018],[101.86901,13.2504],[101.86869,13.25048],[101.86836,13.25042],[101.86804,13.25028],[101.86779,13.24998],[101.8674,13.24887],[101.86728,13.24762],[101.86706,13.24741],[101.86665,13.24735],[101.86581,13.24834],[101.86557,13.24851],[101.86464,13.24898],[101.86432,13.24913],[101.86418,13.24918],[101.8637,13.24951],[101.86265,13.25016],[101.86252,13.25022],[101.86223,13.25029],[101.86195,13.25061],[101.86143,13.25069],[101.8612,13.2507],[101.86059,13.25032],[101.86023,13.2503],[101.85777,13.25068],[101.85708,13.25233],[101.85648,13.25232],[101.85586,13.2523],[101.85536,13.25247],[101.85471,13.25239],[101.85302,13.25273],[101.85284,13.25273],[101.85257,13.25248],[101.8519,13.25186],[101.85118,13.25091],[101.85081,13.2507],[101.85068,13.25044],[101.85029,13.25013],[101.84956,13.24954],[101.84928,13.24941],[101.84896,13.24874],[101.84931,13.24815],[101.84942,13.24795],[101.84919,13.24745],[101.84912,13.24729],[101.84882,13.24708],[101.84836,13.24675],[101.84796,13.24624],[101.84762,13.24537],[101.84718,13.24296],[101.8465,13.24221],[101.84594,13.2411],[101.84475,13.24012],[101.844,13.23979],[101.84379,13.23971],[101.84333,13.23939],[101.84317,13.23925],[101.84288,13.23901],[101.8424,13.23892],[101.84194,13.23902],[101.84061,13.2401],[101.84053,13.24016],[101.84015,13.24026],[101.83982,13.24015],[101.83924,13.23972],[101.83983,13.23802],[101.84001,13.23796],[101.84004,13.23771],[101.83973,13.23752],[101.83917,13.23732],[101.83876,13.23721],[101.83846,13.23709],[101.83813,13.23692],[101.83759,13.23644],[101.83737,13.23576],[101.83719,13.23521],[101.83696,13.23504],[101.83654,13.23453],[101.8364,13.23438],[101.83588,13.23405],[101.83528,13.23511],[101.83513,13.23527],[101.83424,13.23651],[101.83319,13.23781],[101.83306,13.23794],[101.83224,13.23821],[101.83182,13.23855],[101.83173,13.2386],[101.83158,13.23853],[101.83075,13.23844],[101.82924,13.23835],[101.82776,13.23819],[101.82756,13.23814],[101.82721,13.23804],[101.82689,13.23803],[101.82667,13.23788],[101.82641,13.23762],[101.82632,13.2375],[101.82627,13.23741],[101.82626,13.23718],[101.82627,13.23685],[101.8263,13.23671],[101.82635,13.23659],[101.8264,13.23643],[101.82641,13.23635],[101.82458,13.23296],[101.82463,13.2322],[101.82471,13.23066],[101.82467,13.22956],[101.82467,13.22909],[101.82437,13.22824],[101.82414,13.22787],[101.82387,13.22761],[101.82368,13.22732],[101.82372,13.227],[101.82372,13.22682],[101.82371,13.22652],[101.82356,13.22602],[101.82352,13.22587],[101.8233,13.22538],[101.82295,13.22465],[101.82248,13.22443],[101.82098,13.22266],[101.82029,13.2221],[101.81862,13.22153],[101.81592,13.22143],[101.81383,13.2218],[101.81224,13.22191],[101.81062,13.22177],[101.80694,13.22052],[101.8051,13.21532],[101.80218,13.21244],[101.80068,13.21044],[101.79966,13.20956],[101.798,13.20781],[101.79632,13.20442],[101.79603,13.20242],[101.79507,13.20192],[101.79286,13.2022],[101.79155,13.20271],[101.79112,13.2029],[101.79036,13.20294],[101.79004,13.20282],[101.78921,13.20224],[101.78873,13.20187],[101.78833,13.20151],[101.78456,13.19766],[101.78375,13.19629],[101.78299,13.19574],[101.78066,13.19357],[101.77977,13.19295],[101.77683,13.19041],[101.77595,13.19013],[101.77565,13.18891],[101.77559,13.18878],[101.77537,13.18839],[101.77473,13.18818],[101.77493,13.18776],[101.77493,13.18755],[101.77491,13.1864],[101.77425,13.18571],[101.77395,13.1852],[101.77361,13.18482],[101.7732,13.18446],[101.77173,13.18408],[101.76983,13.18528],[101.7697,13.18559],[101.76883,13.18532],[101.76838,13.18502],[101.7681,13.18533],[101.76798,13.1854],[101.76739,13.18566],[101.7673,13.18581],[101.76716,13.18587],[101.76697,13.18587],[101.76648,13.18578],[101.76491,13.18637],[101.76467,13.18636],[101.76432,13.18634],[101.76398,13.18626],[101.76359,13.18606],[101.76226,13.18713],[101.76192,13.18779],[101.76151,13.1878],[101.76134,13.18802],[101.76047,13.18855],[101.76019,13.18869],[101.75984,13.18895],[101.75967,13.18904],[101.75951,13.18909],[101.75907,13.18923],[101.75897,13.18903],[101.75763,13.18845],[101.75226,13.18929],[101.75179,13.18959],[101.75117,13.18981],[101.75043,13.19003],[101.74862,13.18988],[101.74542,13.19102],[101.74412,13.19139],[101.74295,13.19123],[101.74199,13.1911],[101.74074,13.19092],[101.74001,13.19072],[101.73936,13.19052],[101.7376,13.19067],[101.73745,13.19067],[101.73726,13.19064],[101.73699,13.19057],[101.73691,13.19064],[101.73665,13.19072],[101.73649,13.19082],[101.73643,13.19085],[101.73639,13.19086],[101.73626,13.19085],[101.73586,13.1908],[101.73576,13.19072],[101.73554,13.18943],[101.73391,13.18807],[101.73361,13.18753],[101.73287,13.18693],[101.73265,13.18663],[101.73127,13.18682],[101.73066,13.18716],[101.73023,13.18739],[101.73002,13.18727],[101.72988,13.1872],[101.72958,13.18711],[101.72914,13.18688],[101.72878,13.18655],[101.72847,13.18642],[101.72842,13.18612],[101.72796,13.18615],[101.72736,13.18611],[101.72725,13.18608],[101.72718,13.18602],[101.72675,13.18561],[101.72661,13.18539],[101.72625,13.18503],[101.72491,13.18423],[101.72476,13.1841],[101.72337,13.18281],[101.72295,13.18251],[101.72192,13.18449],[101.72174,13.18437],[101.72129,13.18423],[101.72102,13.18421],[101.72074,13.18416],[101.72064,13.18403],[101.72033,13.1832],[101.72007,13.18258],[101.71989,13.18257],[101.71979,13.1826],[101.71957,13.18264],[101.71936,13.18267],[101.71886,13.18277],[101.71861,13.18291],[101.7185,13.18293],[101.71836,13.18298],[101.71811,13.1829],[101.71778,13.18268],[101.71762,13.18262],[101.71751,13.1826],[101.7173,13.18259],[101.71566,13.18415],[101.71567,13.18437],[101.71565,13.18443],[101.71552,13.18463],[101.71547,13.18497],[101.71505,13.18714],[101.71455,13.18946],[101.71378,13.19052],[101.71381,13.19097],[101.71396,13.19121],[101.71304,13.19173],[101.71258,13.1922],[101.71281,13.19339],[101.713,13.19466],[101.71303,13.19489],[101.71352,13.19506],[101.7138,13.19518],[101.71357,13.19586],[101.71365,13.19606],[101.71367,13.19615],[101.71366,13.19637],[101.71348,13.1966],[101.71296,13.19718],[101.7127,13.19741],[101.71269,13.19745],[101.71233,13.19835],[101.71287,13.19881],[101.71328,13.19945],[101.71326,13.19994],[101.71333,13.20035],[101.71332,13.20069],[101.71337,13.20086],[101.71357,13.20111],[101.71356,13.20168],[101.71314,13.20245],[101.71331,13.20263],[101.71377,13.2038],[101.71388,13.20401],[101.71398,13.20439],[101.71408,13.2048],[101.71418,13.20519],[101.71417,13.20532],[101.71413,13.20542],[101.71408,13.20555],[101.71379,13.2057],[101.71343,13.20574],[101.71288,13.20599],[101.71243,13.20649],[101.71186,13.20681],[101.71179,13.20687],[101.71154,13.20689],[101.71126,13.20693],[101.711,13.20696],[101.7108,13.20696],[101.71035,13.20684],[101.71017,13.2068],[101.70995,13.20674],[101.70764,13.20701],[101.70712,13.20718],[101.70653,13.20796],[101.7063,13.20808],[101.7062,13.20811],[101.70604,13.20816],[101.70595,13.20818],[101.7054,13.20844],[101.70527,13.20848],[101.70474,13.20873],[101.70466,13.20889],[101.7046,13.20908],[101.70449,13.20927],[101.70443,13.20936],[101.70438,13.20942],[101.70388,13.20986],[101.70359,13.21006],[101.7034,13.21016],[101.70319,13.21022],[101.70236,13.21205],[101.70249,13.21333],[101.70239,13.21394],[101.70193,13.21584],[101.70183,13.21612],[101.70169,13.21627],[101.70141,13.21638],[101.70118,13.21646],[101.70094,13.21654],[101.69957,13.21806],[101.69948,13.21814],[101.69933,13.21823],[101.69895,13.21832],[101.69689,13.2197],[101.69568,13.22044],[101.69435,13.22113],[101.69407,13.22135],[101.69399,13.22244],[101.69386,13.22308],[101.69358,13.22331],[101.69342,13.22344],[101.69237,13.22465],[101.69212,13.22512],[101.69149,13.22587],[101.691,13.22641],[101.69081,13.22659],[101.69002,13.22859],[101.68991,13.22907],[101.68981,13.22941],[101.68924,13.23007],[101.68832,13.23105],[101.68838,13.2314],[101.68847,13.23165],[101.68856,13.23253],[101.68845,13.23473],[101.68766,13.2373],[101.68768,13.23772],[101.68771,13.23805],[101.68783,13.2386],[101.68791,13.2392],[101.68789,13.23935],[101.68646,13.24382],[101.68658,13.24441],[101.68661,13.2447],[101.68661,13.24501],[101.68662,13.24512],[101.68668,13.24536],[101.68673,13.24546],[101.68678,13.2456],[101.6869,13.24683],[101.68694,13.24719],[101.68678,13.24765],[101.68667,13.24833],[101.68609,13.25011],[101.68588,13.25027],[101.68431,13.25104],[101.68336,13.25207],[101.68305,13.25253],[101.68287,13.25265],[101.68251,13.25254],[101.68217,13.25245],[101.68066,13.2526],[101.6799,13.25302],[101.6776,13.25477],[101.6773,13.25497],[101.67628,13.25546],[101.67569,13.25574],[101.67507,13.25638],[101.67476,13.25665],[101.67407,13.25755],[101.67389,13.25774],[101.67365,13.25798],[101.67338,13.2583],[101.67334,13.25831],[101.67237,13.26075],[101.67232,13.26136],[101.67224,13.26161],[101.67202,13.26217],[101.67136,13.26348],[101.67109,13.26413],[101.67049,13.26556],[101.67048,13.26589],[101.67048,13.26602],[101.67047,13.26616],[101.67041,13.26651],[101.66939,13.26939],[101.66939,13.26952],[101.66941,13.26971],[101.66937,13.27082],[101.66929,13.27107],[101.66759,13.27356],[101.66733,13.27391],[101.66702,13.27405],[101.66677,13.27411],[101.66646,13.27413],[101.66626,13.27416],[101.66597,13.2743],[101.66554,13.27435],[101.66516,13.27432],[101.66496,13.2743],[101.66445,13.27416],[101.66426,13.27403],[101.66215,13.2749],[101.66144,13.2749],[101.65981,13.27478],[101.6583,13.27492],[101.65804,13.27503],[101.65779,13.27515],[101.65668,13.27594],[101.65623,13.2764],[101.65577,13.27696],[101.65542,13.27754],[101.65478,13.2787],[101.65406,13.28035],[101.65387,13.28066],[101.65364,13.28094],[101.65345,13.28113],[101.65324,13.28131],[101.65187,13.28238],[101.6514,13.28302],[101.65121,13.28373],[101.65114,13.28399],[101.65103,13.28424],[101.65082,13.28453],[101.65062,13.28471],[101.65054,13.28478],[101.65042,13.28487],[101.64972,13.28509],[101.64969,13.2851],[101.64932,13.28512],[101.64803,13.28516],[101.64767,13.2852],[101.64663,13.28559],[101.64647,13.28563],[101.64632,13.28564],[101.64628,13.28586],[101.6461,13.28673],[101.64611,13.2869],[101.6461,13.28704],[101.64607,13.28717],[101.64597,13.28731],[101.64586,13.28737],[101.64572,13.28744],[101.64558,13.28755],[101.64542,13.28767],[101.64511,13.28768],[101.64451,13.28795],[101.6441,13.28814],[101.64323,13.2887],[101.64177,13.29007],[101.64147,13.29047],[101.64116,13.29083],[101.64007,13.29269],[101.63984,13.29297],[101.63951,13.29313],[101.63915,13.29311],[101.6388,13.29299],[101.63847,13.29282],[101.63743,13.29229],[101.63745,13.29213],[101.63741,13.2921],[101.63717,13.29198],[101.6362,13.29171],[101.63578,13.29179],[101.63559,13.29216],[101.63523,13.29246],[101.63374,13.29358],[101.63376,13.29389],[101.63381,13.294],[101.63387,13.29409],[101.6339,13.29419],[101.63393,13.29429],[101.63391,13.29446],[101.63387,13.29454],[101.63377,13.29462],[101.63296,13.29503],[101.63182,13.29559],[101.6315,13.29587],[101.63128,13.29605],[101.63105,13.29621],[101.63072,13.29636],[101.63041,13.29636],[101.63049,13.29666],[101.63066,13.29754],[101.63061,13.29808],[101.62999,13.30069],[101.63007,13.30103],[101.63003,13.30133],[101.62999,13.30149],[101.62992,13.30166],[101.62979,13.30196],[101.62968,13.3021],[101.62947,13.30227],[101.62926,13.30242],[101.62897,13.30259],[101.6287,13.30276],[101.62823,13.30315],[101.62744,13.30394],[101.62562,13.30565],[101.62528,13.30588],[101.62462,13.30615],[101.62449,13.30616],[101.62332,13.30597],[101.62128,13.30606],[101.62042,13.30558],[101.61966,13.30527],[101.61923,13.30534],[101.61823,13.30577],[101.61776,13.30592],[101.61533,13.30778],[101.61525,13.30816],[101.61517,13.30834],[101.61503,13.30853],[101.61417,13.30934],[101.61405,13.3094],[101.61375,13.30954],[101.61359,13.30981],[101.61347,13.30989],[101.61307,13.30992],[101.61287,13.30989],[101.6125,13.30997],[101.61242,13.30987],[101.61229,13.30976],[101.61109,13.3092],[101.61055,13.30939],[101.60984,13.30969],[101.60903,13.30935],[101.60871,13.30899],[101.60855,13.30876],[101.60658,13.30804],[101.6061,13.30732],[101.60596,13.30772],[101.6058,13.30789],[101.60567,13.30804],[101.60557,13.30813],[101.60529,13.30822],[101.60513,13.30822],[101.60436,13.30818],[101.60419,13.30814],[101.60394,13.30798],[101.60359,13.30792],[101.60323,13.30805],[101.60306,13.30804],[101.60276,13.30786],[101.60261,13.30783],[101.60224,13.30788],[101.60147,13.30777],[101.60147,13.30752],[101.60149,13.30742],[101.60149,13.30732],[101.60118,13.30711],[101.60108,13.30703],[101.60085,13.3069],[101.60052,13.306],[101.5999,13.30574],[101.59959,13.30557],[101.59868,13.30519],[101.59876,13.30553],[101.59872,13.30567],[101.5984,13.30643],[101.59949,13.30729],[101.5996,13.30749],[101.59997,13.30827],[101.60007,13.30997],[101.59932,13.30975],[101.59802,13.30995],[101.59754,13.30999],[101.59763,13.31048],[101.59761,13.31076],[101.59756,13.311],[101.59732,13.31123],[101.59726,13.31127],[101.59699,13.31141],[101.59585,13.3116],[101.59569,13.3116],[101.59556,13.31156],[101.59542,13.3115],[101.59528,13.31141],[101.5952,13.31131],[101.59502,13.31142],[101.59415,13.31218],[101.59457,13.31309],[101.5946,13.31349],[101.59452,13.31364],[101.59111,13.31421],[101.59112,13.31454],[101.59099,13.31477],[101.59068,13.31483],[101.59066,13.3152],[101.59065,13.31548],[101.59058,13.31607],[101.59057,13.31615],[101.59044,13.31681],[101.59005,13.31752],[101.58997,13.31759],[101.58952,13.31789],[101.58933,13.31886],[101.58903,13.31906],[101.58881,13.31901],[101.58815,13.31879],[101.58682,13.31886],[101.5869,13.319],[101.58724,13.31946],[101.58719,13.32004],[101.58651,13.32055],[101.58652,13.32071],[101.58652,13.32084],[101.58525,13.32124],[101.58517,13.32133],[101.58507,13.32143],[101.58442,13.3218],[101.58422,13.3219],[101.58405,13.32197],[101.58285,13.32181],[101.58294,13.32234],[101.58324,13.32373],[101.58343,13.32488],[101.58364,13.32517],[101.58374,13.32534],[101.58384,13.32564],[101.58391,13.32643],[101.58361,13.32664],[101.58358,13.32715],[101.58346,13.3274],[101.58332,13.32765],[101.58326,13.32778],[101.58316,13.32794],[101.58292,13.32817],[101.583,13.32849],[101.58318,13.32877],[101.58234,13.32988],[101.58182,13.32984],[101.58065,13.32964],[101.57979,13.32928],[101.57958,13.3293],[101.57837,13.32944],[101.57821,13.32917],[101.57814,13.32892],[101.57833,13.32814],[101.57828,13.32807],[101.57808,13.32768],[101.57683,13.32834],[101.57639,13.32839],[101.57603,13.328],[101.57549,13.32649],[101.5751,13.32627],[101.57455,13.32672],[101.57426,13.32717],[101.57436,13.3279],[101.57429,13.33125],[101.5742,13.33146],[101.5723,13.33266],[101.57203,13.33282],[101.57092,13.3334],[101.57081,13.33359],[101.57039,13.33407],[101.57009,13.33392],[101.56985,13.33374],[101.56923,13.33283],[101.56891,13.33288],[101.5686,13.33288],[101.56837,13.33285],[101.56816,13.33279],[101.56654,13.33223],[101.56633,13.33207],[101.56596,13.33189],[101.56567,13.33169],[101.56537,13.33129],[101.56543,13.33095],[101.56535,13.33045],[101.56535,13.3303],[101.56544,13.32998],[101.56553,13.32984],[101.56562,13.32978],[101.56578,13.32964],[101.56587,13.32954],[101.56592,13.32942],[101.56595,13.32927],[101.56588,13.32913],[101.56586,13.329],[101.56567,13.32824],[101.5655,13.32812],[101.56535,13.32801],[101.56513,13.32747],[101.56562,13.32731],[101.56594,13.32666],[101.56596,13.32615],[101.56593,13.32575],[101.56561,13.32541],[101.5646,13.32509],[101.5644,13.32513],[101.56432,13.32518],[101.5642,13.32538],[101.56416,13.32543],[101.56396,13.32559],[101.56373,13.32545],[101.56363,13.32545],[101.56341,13.32554],[101.56328,13.32559],[101.5632,13.32559],[101.56312,13.32558],[101.563,13.32547],[101.56248,13.32418],[101.56258,13.32405],[101.56261,13.32398],[101.56268,13.32383],[101.56269,13.3237],[101.5627,13.32358],[101.56267,13.32311],[101.56294,13.32201],[101.56295,13.32159],[101.56286,13.32122],[101.56329,13.32089],[101.56338,13.32084],[101.56352,13.32076],[101.56365,13.32056],[101.56381,13.32003],[101.56436,13.31977],[101.56458,13.3196],[101.56478,13.31933],[101.56518,13.31918],[101.56583,13.31903],[101.56612,13.31895],[101.5663,13.31885],[101.56651,13.31868],[101.56666,13.31847],[101.567,13.31794],[101.56706,13.31779],[101.56699,13.31749],[101.56685,13.31729],[101.56714,13.31708],[101.56729,13.31685],[101.56735,13.31668],[101.56733,13.31642],[101.56731,13.31618],[101.56728,13.31567],[101.56737,13.31534],[101.56773,13.31364],[101.56788,13.31336],[101.56791,13.31322],[101.56792,13.31304],[101.56783,13.31282],[101.56772,13.31265],[101.56764,13.31172],[101.56776,13.31148],[101.56778,13.31138],[101.56751,13.31129],[101.56737,13.31117],[101.56711,13.31086],[101.56689,13.31072],[101.56719,13.30992],[101.56722,13.3098],[101.56726,13.30963],[101.56731,13.30937],[101.56731,13.3087],[101.56729,13.30821],[101.56727,13.30797],[101.5672,13.30776],[101.56687,13.30698],[101.56657,13.30684],[101.56643,13.30674],[101.56614,13.30644],[101.56533,13.30667],[101.5653,13.30621],[101.56474,13.30515],[101.56361,13.30527],[101.5634,13.30449],[101.56351,13.30419],[101.56351,13.30384],[101.56327,13.30352],[101.5633,13.3033],[101.56318,13.30289],[101.56303,13.30264],[101.56291,13.30255],[101.56245,13.30244],[101.56215,13.30228],[101.56205,13.30218],[101.5624,13.30134],[101.56244,13.30119],[101.56247,13.30102],[101.56227,13.30062],[101.56245,13.30028],[101.5625,13.30014],[101.56251,13.3],[101.56237,13.29895],[101.56221,13.29872],[101.56203,13.2987],[101.5617,13.29856],[101.56137,13.29832],[101.56091,13.29833],[101.56026,13.29824],[101.55984,13.29802],[101.55934,13.29786],[101.559,13.29766],[101.55863,13.29746],[101.55851,13.29737],[101.55842,13.29703],[101.55745,13.29681],[101.55746,13.29709],[101.55746,13.29717],[101.5574,13.29721],[101.55673,13.29737],[101.55616,13.29706],[101.5556,13.29686],[101.55308,13.29676],[101.55195,13.29681],[101.55161,13.29621],[101.54923,13.29512],[101.54805,13.29563],[101.54778,13.29562],[101.54737,13.29547],[101.54609,13.29489],[101.54533,13.29437],[101.54494,13.29417],[101.54434,13.29043],[101.54306,13.29018],[101.54245,13.28987],[101.54074,13.28786],[101.53918,13.2868],[101.53873,13.28532],[101.53713,13.2863],[101.53519,13.28622],[101.53507,13.28692],[101.53495,13.28741],[101.5347,13.28801],[101.53428,13.28857],[101.5335,13.28893],[101.53193,13.28892],[101.53043,13.29],[101.53004,13.28962],[101.53002,13.28912],[101.52764,13.28704],[101.52818,13.28642],[101.5284,13.28593],[101.52821,13.28429],[101.52747,13.28358],[101.52558,13.28279],[101.52513,13.2824],[101.52461,13.28179],[101.52436,13.28152],[101.52393,13.28137],[101.52253,13.28025],[101.52188,13.27996],[101.52158,13.28082],[101.52125,13.28172],[101.52094,13.28225],[101.52011,13.2834],[101.51913,13.28417],[101.5183,13.28409],[101.51804,13.28403],[101.5178,13.28396],[101.5171,13.28372],[101.51341,13.2835],[101.50917,13.28482],[101.50845,13.28469],[101.50705,13.28428],[101.5071,13.28357],[101.50665,13.28242],[101.50799,13.28027],[101.50765,13.27888],[101.50722,13.278],[101.5069,13.27732],[101.50754,13.27554],[101.50758,13.27366],[101.50719,13.27094],[101.50625,13.2696],[101.50657,13.26913],[101.50697,13.26845],[101.50714,13.26769],[101.50705,13.2671],[101.50657,13.26617],[101.50632,13.26505],[101.50533,13.26426],[101.50527,13.26414],[101.50518,13.26404],[101.50475,13.26394],[101.50465,13.2639],[101.50446,13.26368],[101.50434,13.26365],[101.50421,13.26359],[101.50409,13.26337],[101.50472,13.26301],[101.50509,13.26277],[101.5052,13.26263],[101.50533,13.26234],[101.50536,13.26219],[101.50643,13.25922],[101.50748,13.25814],[101.50798,13.25788],[101.50817,13.25781],[101.50847,13.25777],[101.50861,13.25771],[101.50913,13.25732],[101.50936,13.25691],[101.51039,13.25582],[101.51049,13.25559],[101.51048,13.25528],[101.51066,13.25453],[101.51094,13.25436],[101.51114,13.2543],[101.51131,13.25346],[101.51153,13.25272],[101.51226,13.2501],[101.51395,13.24971],[101.51491,13.24861],[101.51559,13.24697],[101.51562,13.24667],[101.51563,13.24637],[101.51585,13.24597],[101.51685,13.24496],[101.51668,13.24436],[101.5166,13.24381],[101.51523,13.24357],[101.51473,13.2431],[101.5146,13.24294],[101.51467,13.24243],[101.51478,13.24217],[101.51439,13.24199],[101.51384,13.24128],[101.51364,13.24067],[101.51337,13.24002],[101.51201,13.23866],[101.5113,13.23831],[101.51078,13.23809],[101.51053,13.23785],[101.51024,13.23751],[101.50966,13.23699],[101.50842,13.23666],[101.50717,13.23602],[101.50699,13.23581],[101.50686,13.23561],[101.50669,13.23548],[101.50659,13.23545],[101.50613,13.23543],[101.50599,13.23532],[101.5059,13.23511],[101.50588,13.23501],[101.50567,13.23476],[101.50555,13.2347],[101.50544,13.2346],[101.5053,13.23451],[101.50501,13.23443],[101.50455,13.23478],[101.50444,13.23482],[101.50387,13.23473],[101.50361,13.23462],[101.50326,13.23434],[101.50317,13.23423],[101.50279,13.23409],[101.50232,13.23385],[101.50213,13.23386],[101.50202,13.23388],[101.50097,13.23343],[101.501,13.23324],[101.50183,13.2308],[101.50197,13.2307],[101.50277,13.22982],[101.50308,13.22967],[101.50341,13.22959],[101.50355,13.22954],[101.50398,13.2293],[101.5041,13.22921],[101.50544,13.22878],[101.50571,13.22817],[101.5058,13.22793],[101.5059,13.22754],[101.50595,13.22745],[101.50622,13.22728],[101.50785,13.22543],[101.50764,13.22516],[101.50749,13.22479],[101.50678,13.22472],[101.50665,13.22467],[101.50606,13.22429],[101.50579,13.22406],[101.50535,13.22352],[101.50503,13.2232],[101.50493,13.22312],[101.50465,13.22262],[101.50451,13.2221],[101.5041,13.22121],[101.50433,13.22092],[101.50676,13.22002],[101.50745,13.21923],[101.50763,13.21825],[101.50737,13.21786],[101.50646,13.21684],[101.50611,13.21591],[101.50612,13.21547],[101.50624,13.21519],[101.50672,13.21388],[101.50682,13.21388],[101.50708,13.2139],[101.50722,13.21385],[101.50733,13.21284],[101.50721,13.21228],[101.50702,13.21207],[101.50677,13.21154],[101.50676,13.2112],[101.50674,13.21105],[101.50661,13.21087],[101.50644,13.21067],[101.50634,13.21047],[101.50621,13.21025],[101.50608,13.2096],[101.50576,13.20838],[101.5053,13.20754],[101.50484,13.20701],[101.50429,13.20718],[101.50372,13.20732],[101.50372,13.20717],[101.50346,13.20667],[101.50322,13.20368],[101.50318,13.20345],[101.50285,13.2033],[101.50243,13.20283],[101.50233,13.20224],[101.50255,13.20183],[101.50258,13.20174],[101.50256,13.20165],[101.50255,13.20162],[101.50275,13.2011],[101.50278,13.2007],[101.50272,13.20055],[101.50236,13.20047],[101.50222,13.20041],[101.50216,13.20036],[101.50205,13.20027],[101.5018,13.19997],[101.5015,13.19876],[101.50156,13.19851],[101.50146,13.19811],[101.50147,13.19773],[101.50171,13.19737],[101.49999,13.19665],[101.49905,13.19562],[101.49816,13.19442],[101.49791,13.19428],[101.49563,13.19394],[101.49482,13.19378],[101.49377,13.19288],[101.49273,13.19099],[101.49118,13.19171],[101.49095,13.19185],[101.49032,13.19231],[101.49,13.19328],[101.48932,13.19334],[101.48871,13.19338],[101.48838,13.19349],[101.48808,13.19353],[101.4879,13.19355],[101.48765,13.19333],[101.48722,13.19324],[101.48664,13.19304],[101.48579,13.19289],[101.48448,13.19281],[101.4843,13.19243],[101.48425,13.19232],[101.48419,13.19214],[101.48415,13.19181],[101.48415,13.19169],[101.48553,13.18989],[101.48558,13.18979],[101.48562,13.18964],[101.48576,13.18951],[101.48588,13.18929],[101.4858,13.18921],[101.48556,13.18865],[101.48546,13.18852],[101.48506,13.18822],[101.4844,13.18767],[101.48414,13.1875],[101.48359,13.18739],[101.48221,13.18735],[101.48144,13.18759],[101.47991,13.18721],[101.47751,13.18661],[101.47772,13.18559],[101.474,13.18392],[101.47333,13.18118],[101.47342,13.17987],[101.47292,13.1792],[101.47249,13.17887],[101.47264,13.1778],[101.47255,13.17535],[101.46736,13.17423],[101.46285,13.17304],[101.462,13.17263],[101.46083,13.1653],[101.4608,13.16458],[101.46083,13.16371],[101.46147,13.1629],[101.46212,13.15929],[101.46046,13.15802],[101.45969,13.15785],[101.45919,13.15768],[101.45873,13.15744],[101.45794,13.15734],[101.45723,13.15724],[101.45683,13.15714],[101.4563,13.15686],[101.4562,13.15678],[101.45604,13.15663],[101.45593,13.15651],[101.45561,13.15636],[101.4553,13.15594],[101.45485,13.15559],[101.45401,13.15555],[101.45356,13.15517],[101.45301,13.15549],[101.45276,13.15561],[101.45253,13.15582],[101.45159,13.15575],[101.4509,13.15527],[101.45079,13.1552],[101.44983,13.15494],[101.4493,13.1549],[101.4491,13.15481],[101.44889,13.15466],[101.44805,13.15433],[101.44732,13.1545],[101.44651,13.15452],[101.44616,13.15449],[101.44572,13.15477],[101.44547,13.15478],[101.44499,13.15515],[101.44324,13.15597],[101.44256,13.15735],[101.44266,13.15768],[101.44276,13.158],[101.44276,13.15856],[101.44274,13.15879],[101.44267,13.15898],[101.44241,13.15902],[101.44234,13.159],[101.44224,13.15895],[101.44195,13.15876],[101.44182,13.15866],[101.44168,13.15857],[101.44152,13.15838],[101.44097,13.15794],[101.44053,13.15774],[101.44042,13.15767],[101.44035,13.15762],[101.4403,13.15754],[101.44027,13.15744],[101.44023,13.15735],[101.43985,13.15732],[101.43944,13.15728],[101.43911,13.15724],[101.43899,13.15725],[101.43874,13.15727],[101.4383,13.15704],[101.43793,13.15732],[101.4365,13.15736],[101.4359,13.15711],[101.43572,13.15691],[101.43568,13.15657],[101.43634,13.15487],[101.43653,13.15426],[101.43658,13.15399],[101.43665,13.15364],[101.43672,13.15338],[101.4368,13.15312],[101.43691,13.15277],[101.437,13.15242],[101.43708,13.15207],[101.43715,13.15171],[101.43735,13.15076],[101.43715,13.1501],[101.43718,13.14937],[101.43718,13.14924],[101.43716,13.14918],[101.43711,13.1491],[101.43704,13.14876],[101.43701,13.14869],[101.4369,13.14879],[101.43683,13.14891],[101.43671,13.14907],[101.43645,13.14928],[101.43606,13.14956],[101.43576,13.14976],[101.43566,13.1498],[101.43557,13.14983],[101.43465,13.15053],[101.43421,13.15084],[101.43325,13.15148],[101.43238,13.15229],[101.4322,13.15248],[101.43174,13.15291],[101.43164,13.15287],[101.43161,13.15284],[101.43149,13.15271],[101.42696,13.15658],[101.42694,13.15667],[101.42686,13.1569],[101.42635,13.1577],[101.4262,13.15782],[101.42531,13.1581],[101.42515,13.15804],[101.42492,13.15764],[101.42466,13.15731],[101.4244,13.1571],[101.42433,13.15703],[101.42427,13.15693],[101.42404,13.15738],[101.42396,13.15772],[101.42391,13.15781],[101.42381,13.158],[101.42222,13.15971],[101.42177,13.16011],[101.42105,13.16068],[101.42038,13.16101],[101.41977,13.16153],[101.41807,13.16286],[101.41796,13.16295],[101.4163,13.16411],[101.4164,13.16437],[101.41646,13.16447],[101.41651,13.16457],[101.41659,13.16483],[101.41659,13.16495],[101.41629,13.16537],[101.41621,13.16545],[101.41589,13.16574],[101.41575,13.16583],[101.41564,13.16583],[101.41531,13.16587],[101.41636,13.16676],[101.41653,13.16702],[101.41665,13.16732],[101.41663,13.16753],[101.41677,13.16776],[101.41677,13.16785],[101.41677,13.16795],[101.4168,13.16803],[101.41686,13.16847],[101.41664,13.16888],[101.41643,13.16926],[101.41623,13.1695],[101.41615,13.16957],[101.41605,13.16966],[101.41539,13.17028],[101.41534,13.17039],[101.4153,13.17065],[101.41529,13.17073],[101.41525,13.17085],[101.41511,13.17111],[101.41499,13.17126],[101.41456,13.17173],[101.41429,13.1722],[101.41422,13.17237],[101.41415,13.17249],[101.41406,13.1726],[101.41383,13.17287],[101.41339,13.17359],[101.41263,13.17483],[101.41252,13.17512],[101.41222,13.17611],[101.41192,13.17668],[101.41183,13.17678],[101.4125,13.17723],[101.41226,13.1776],[101.41192,13.17801],[101.41173,13.17861],[101.4114,13.17933],[101.41073,13.18062],[101.4107,13.18076],[101.40996,13.18061],[101.40979,13.18088],[101.40938,13.18137],[101.40919,13.18157],[101.40894,13.18183],[101.40868,13.18209],[101.40842,13.18235],[101.40822,13.18253],[101.40802,13.18272],[101.40612,13.18444],[101.40567,13.18489],[101.40548,13.18508],[101.40528,13.18527],[101.40488,13.18565],[101.40449,13.18603],[101.40349,13.18696],[101.40296,13.18747],[101.40085,13.18961],[101.39974,13.19094],[101.39815,13.19294],[101.39745,13.19383],[101.3971,13.19398],[101.39671,13.19421],[101.39682,13.19463],[101.39652,13.19502],[101.3948,13.19748],[101.39458,13.19777],[101.39435,13.19805],[101.39372,13.19842],[101.393,13.19829],[101.39265,13.19818],[101.39218,13.19789],[101.39165,13.19797],[101.39109,13.1983],[101.38955,13.20029],[101.38899,13.20124],[101.38884,13.20162],[101.38852,13.20227],[101.3879,13.20323],[101.3877,13.20343],[101.38724,13.20421],[101.38706,13.20455],[101.38695,13.20486],[101.38689,13.20562],[101.38684,13.20578],[101.38676,13.20591],[101.38658,13.20623],[101.38639,13.20654],[101.38624,13.20677],[101.38609,13.20699],[101.38594,13.20722],[101.38579,13.20745],[101.38563,13.20767],[101.38548,13.2079],[101.38527,13.20819],[101.38526,13.2082],[101.38502,13.20849],[101.38472,13.20877],[101.38454,13.20895],[101.38441,13.20906],[101.38389,13.20973],[101.38369,13.21007],[101.38352,13.21039],[101.38243,13.21164],[101.3817,13.21246],[101.37951,13.21552],[101.37915,13.21551],[101.37903,13.21549],[101.37889,13.21546],[101.37882,13.21541],[101.37843,13.2154],[101.37819,13.21539],[101.37814,13.21538],[101.37767,13.21491],[101.37756,13.21476],[101.37742,13.21445],[101.37734,13.21439],[101.37716,13.21436],[101.37687,13.21433],[101.37589,13.21413],[101.37559,13.2142],[101.37548,13.21427],[101.37455,13.21481],[101.3743,13.21476],[101.37412,13.21492],[101.37396,13.21499],[101.37388,13.21498],[101.37364,13.21477],[101.3734,13.2145],[101.37301,13.21389],[101.37279,13.21308],[101.37234,13.21267],[101.37226,13.2125],[101.37216,13.2123],[101.3727,13.21118],[101.37286,13.2103],[101.37252,13.20895],[101.37126,13.20775],[101.37049,13.20684],[101.37025,13.20661],[101.36936,13.20635],[101.36836,13.20349],[101.36682,13.20293],[101.36637,13.20214],[101.36554,13.20139],[101.36462,13.20093],[101.36317,13.19983],[101.36284,13.19949],[101.36251,13.19926],[101.36231,13.19927],[101.35992,13.1971],[101.35961,13.19695],[101.3594,13.19692],[101.35907,13.19685],[101.35843,13.19599],[101.35752,13.19508],[101.35678,13.19504],[101.35591,13.19606],[101.35566,13.19624],[101.35517,13.19632],[101.35492,13.19615],[101.35475,13.19589],[101.35275,13.19282],[101.3527,13.19238],[101.35261,13.19236],[101.35203,13.1923],[101.3518,13.19219],[101.35143,13.19188],[101.35143,13.19168],[101.35143,13.19145],[101.35141,13.19134],[101.35132,13.19123],[101.35092,13.19107],[101.3507,13.19073],[101.3507,13.19049],[101.35071,13.19026],[101.35071,13.18997],[101.35065,13.18972],[101.3504,13.18926],[101.35025,13.1889],[101.35019,13.18862],[101.34997,13.18805],[101.34952,13.18833],[101.34912,13.18851],[101.34905,13.18893],[101.34857,13.18915],[101.34807,13.18932],[101.34761,13.18975],[101.34735,13.19021],[101.34725,13.19057],[101.34628,13.19165],[101.34476,13.19134],[101.34388,13.19145],[101.34354,13.19202],[101.34345,13.19214],[101.34313,13.19247],[101.34343,13.19323],[101.3425,13.19259],[101.34224,13.19233],[101.34197,13.19183],[101.33957,13.19285],[101.33921,13.19304],[101.33894,13.19314],[101.33873,13.19334],[101.33862,13.19368],[101.3378,13.19394],[101.33737,13.19363],[101.337,13.19317],[101.33681,13.1924],[101.33682,13.19178],[101.33675,13.19134],[101.33631,13.19045],[101.33595,13.18936],[101.33516,13.18799],[101.33511,13.1874],[101.33396,13.18574],[101.33574,13.18051],[101.33536,13.17979],[101.33753,13.17641],[101.33746,13.17606],[101.33742,13.17569],[101.33655,13.17488],[101.3363,13.17441],[101.33602,13.17365],[101.33582,13.17325],[101.33549,13.17218],[101.33493,13.16821],[101.33482,13.1673],[101.33433,13.16405],[101.33422,13.16347],[101.32853,13.16218],[101.3277,13.16146],[101.32629,13.16088],[101.32574,13.15984],[101.32553,13.15926],[101.32547,13.15849],[101.32671,13.15696],[101.32679,13.15653],[101.3268,13.15617],[101.3268,13.15596],[101.3257,13.15478],[101.32442,13.15449],[101.32465,13.15375],[101.32488,13.15057],[101.32485,13.15008],[101.32486,13.14992],[101.32525,13.14948],[101.32463,13.1489],[101.32439,13.14878],[101.32284,13.14644],[101.3226,13.14533],[101.32222,13.14409],[101.32222,13.14351],[101.32213,13.14283],[101.32199,13.14242],[101.32163,13.14274],[101.3196,13.14285],[101.31945,13.14229],[101.31992,13.14169],[101.3201,13.14145],[101.3202,13.14118],[101.3196,13.13959],[101.31851,13.13743],[101.31853,13.1372],[101.31855,13.13673],[101.31831,13.13623],[101.31791,13.13559],[101.31775,13.13543],[101.31742,13.1354],[101.31706,13.13344],[101.31722,13.1314],[101.31767,13.13108],[101.31984,13.13069],[101.31965,13.12845],[101.32091,13.12771],[101.32099,13.12761],[101.32113,13.12733],[101.32062,13.12726],[101.32039,13.12715],[101.31987,13.1266],[101.31812,13.12656],[101.31631,13.12625],[101.31418,13.12521],[101.31256,13.12502],[101.31115,13.125],[101.31035,13.12482],[101.30957,13.12423],[101.30868,13.12373],[101.30649,13.12305],[101.30526,13.12242],[101.30328,13.1213],[101.3024,13.12087],[101.30006,13.12089],[101.2997,13.12033],[101.29915,13.11991],[101.29852,13.11972],[101.29711,13.1197],[101.29517,13.11979],[101.29382,13.12152],[101.29293,13.12493],[101.29266,13.12563],[101.28991,13.12572],[101.28752,13.12661],[101.28502,13.12549],[101.28396,13.12664],[101.28305,13.12707],[101.2815,13.1284],[101.2813,13.12856],[101.28011,13.12872],[101.27692,13.12695],[101.27653,13.12562],[101.27633,13.12525],[101.27498,13.12324],[101.27569,13.12106],[101.27596,13.12048],[101.27444,13.12025],[101.27268,13.11947],[101.27158,13.11837],[101.26922,13.11683],[101.26851,13.11639],[101.26699,13.11593],[101.2648,13.11388],[101.26418,13.11322],[101.26457,13.11169],[101.2646,13.11156],[101.26455,13.11137],[101.26358,13.11066],[101.26353,13.11032],[101.26219,13.10949],[101.26181,13.10956],[101.26137,13.10962],[101.26055,13.10943],[101.26013,13.10964],[101.25992,13.10975],[101.25946,13.11006],[101.25926,13.11033],[101.25916,13.11041],[101.25794,13.11023],[101.25737,13.11051],[101.25713,13.11053],[101.2561,13.11026],[101.25527,13.10985],[101.25477,13.10967],[101.25448,13.10967],[101.25376,13.10938],[101.25319,13.10945],[101.25187,13.10921],[101.2506,13.10923],[101.24868,13.10893],[101.24844,13.10914],[101.24825,13.10932],[101.24769,13.10953],[101.24744,13.10957],[101.24636,13.11075],[101.24601,13.11104],[101.24103,13.1146],[101.24079,13.11456],[101.24004,13.11432],[101.23897,13.11288],[101.23925,13.11174],[101.23871,13.1107],[101.23849,13.11042],[101.23295,13.10692],[101.23107,13.10676],[101.23115,13.10772],[101.22959,13.10951],[101.22939,13.10969],[101.22886,13.10973],[101.22583,13.11024],[101.22595,13.11068],[101.22606,13.11208],[101.22582,13.11253],[101.22546,13.11289],[101.22438,13.11359],[101.22322,13.11552],[101.22267,13.11566],[101.22194,13.11596],[101.22154,13.11688],[101.22134,13.11724],[101.22002,13.11885],[101.21951,13.11921],[101.21778,13.12037],[101.21597,13.12037],[101.21467,13.12176],[101.21347,13.12251],[101.21276,13.12293],[101.21204,13.12333],[101.21155,13.12384],[101.21133,13.12423],[101.21021,13.12507],[101.20983,13.12519],[101.2093,13.12519],[101.2091,13.12532],[101.20893,13.12579],[101.20893,13.12595],[101.209,13.12672],[101.20643,13.12894],[101.2065,13.12936],[101.2065,13.12966],[101.20646,13.12989],[101.20638,13.13003],[101.20624,13.13021],[101.20607,13.13044],[101.20456,13.13241],[101.20529,13.13373],[101.20549,13.1339],[101.20587,13.13416],[101.20597,13.13433],[101.20501,13.13497],[101.20491,13.13518],[101.20454,13.13619],[101.20436,13.13654],[101.20296,13.13849],[101.20176,13.13937],[101.20182,13.14017],[101.2018,13.14041],[101.20155,13.14139],[101.20144,13.14156],[101.20092,13.14211],[101.20064,13.14274],[101.20064,13.14324],[101.20079,13.14395],[101.20068,13.14464],[101.20073,13.14515],[101.20081,13.14567],[101.20083,13.146],[101.19999,13.14678],[101.19923,13.14741],[101.199,13.14778],[101.19891,13.14788],[101.19872,13.14802],[101.19842,13.14813],[101.19752,13.14843],[101.19652,13.14901],[101.19629,13.14912],[101.19513,13.14981],[101.19425,13.15045],[101.19279,13.1513],[101.19264,13.15142],[101.19164,13.15182],[101.1912,13.15212],[101.19105,13.15218],[101.19099,13.15223],[101.1906,13.15272],[101.18988,13.15347],[101.19035,13.15176],[101.19036,13.15165],[101.19034,13.15139],[101.19034,13.15115],[101.19054,13.15037],[101.19065,13.14989],[101.19051,13.14923],[101.19007,13.14865],[101.18931,13.14819],[101.1885,13.14766],[101.18781,13.14718],[101.18511,13.14622],[101.18492,13.14601],[101.18474,13.14584],[101.18461,13.14567],[101.18405,13.14553],[101.18375,13.14542],[101.18314,13.14492],[101.18246,13.145],[101.18129,13.14554],[101.18073,13.14564],[101.18026,13.14628],[101.18004,13.14605],[101.17927,13.14546],[101.17897,13.14528],[101.17849,13.14512],[101.17682,13.1453],[101.17664,13.1451],[101.17655,13.14493],[101.17645,13.1447],[101.17581,13.14443],[101.17505,13.14433],[101.17431,13.14394],[101.17414,13.14345],[101.17359,13.14257],[101.17297,13.1416],[101.17278,13.14144],[101.17188,13.14137],[101.1704,13.14145],[101.16989,13.14135],[101.16955,13.14112],[101.16883,13.14121],[101.16735,13.13891],[101.15211,13.14234],[101.15162,13.14239],[101.1513,13.1423],[101.1507,13.14206],[101.15049,13.14188],[101.15018,13.14159],[101.149,13.14089],[101.14877,13.14138],[101.14821,13.1425],[101.14788,13.14307],[101.14746,13.14488],[101.14738,13.14556],[101.14727,13.14612],[101.14702,13.14719],[101.14688,13.14768],[101.14664,13.14816],[101.14607,13.1486],[101.14521,13.14903],[101.14452,13.14958],[101.14452,13.14994],[101.14457,13.15084],[101.14457,13.15121],[101.14457,13.15157],[101.14456,13.15184],[101.14454,13.15211],[101.14448,13.15265],[101.14418,13.15425],[101.14404,13.15569],[101.14408,13.15636],[101.14429,13.15675],[101.14429,13.15683],[101.14426,13.15713],[101.14426,13.1574],[101.14428,13.15762],[101.1443,13.1578],[101.14419,13.15799],[101.14382,13.15821],[101.14375,13.15893],[101.14373,13.1592],[101.14371,13.15947],[101.14367,13.15983],[101.14365,13.1601],[101.14362,13.16037],[101.14359,13.16064],[101.14347,13.16181],[101.14333,13.16252],[101.14327,13.16269],[101.14292,13.16373],[101.14275,13.16401],[101.1415,13.16522],[101.1409,13.16579],[101.1407,13.16597],[101.14052,13.1662],[101.14047,13.16704],[101.1405,13.16741],[101.14043,13.16772],[101.14034,13.16789],[101.14022,13.16784],[101.14,13.16774],[101.13944,13.16746],[101.13807,13.16684],[101.13763,13.16663],[101.1374,13.16652],[101.1373,13.1668],[101.1372,13.16694],[101.13667,13.16756],[101.13611,13.16822],[101.13526,13.17052],[101.13527,13.17111],[101.13505,13.17172],[101.13493,13.17198],[101.13452,13.17253],[101.13413,13.17288],[101.13391,13.17304],[101.13327,13.17318],[101.13282,13.1734],[101.1323,13.17363],[101.13213,13.1737],[101.13151,13.17387],[101.13133,13.17388],[101.13026,13.17459],[101.13006,13.17495],[101.12972,13.17581],[101.12946,13.17668],[101.12936,13.17703],[101.12925,13.17737],[101.12913,13.17772],[101.12899,13.17805],[101.12898,13.17808],[101.1289,13.17889],[101.12855,13.18023],[101.12849,13.18052],[101.12719,13.18077],[101.127,13.18079],[101.12672,13.18082],[101.12636,13.18083],[101.12611,13.18081],[101.12595,13.18076],[101.12583,13.18073],[101.12571,13.1807],[101.12525,13.18045],[101.1247,13.1804],[101.12434,13.18033],[101.12407,13.18027],[101.12262,13.17999],[101.12243,13.18008],[101.12121,13.18074],[101.12088,13.1809],[101.12057,13.181],[101.1203,13.18106],[101.1197,13.18117],[101.11864,13.18132],[101.11756,13.18142],[101.11685,13.18147],[101.1166,13.18146],[101.11613,13.18135],[101.11592,13.18128],[101.11518,13.18097],[101.11488,13.18078],[101.11435,13.18093],[101.1133,13.18126],[101.11315,13.18153],[101.11297,13.18176],[101.11283,13.18184],[101.11156,13.18119],[101.11039,13.18064],[101.10877,13.18093],[101.10813,13.18125],[101.10707,13.18164],[101.10576,13.18231],[101.10543,13.18247],[101.10475,13.18279],[101.10447,13.18291],[101.10424,13.18295],[101.10388,13.18304],[101.10314,13.18311],[101.10278,13.18309],[101.10241,13.18304],[101.10205,13.18296],[101.10109,13.18263],[101.10085,13.18263],[101.10051,13.1827],[101.10006,13.18329],[101.09986,13.1833],[101.09947,13.18323],[101.09934,13.1832],[101.09924,13.18316],[101.09856,13.18291],[101.09821,13.18293],[101.09743,13.18294],[101.09717,13.18291],[101.09678,13.18288],[101.09561,13.1825],[101.09097,13.1842],[101.09039,13.1842],[101.09007,13.18431],[101.0898,13.18437],[101.08944,13.18445],[101.08834,13.18461],[101.0875,13.18498],[101.08693,13.18543],[101.08674,13.18563],[101.08655,13.18583],[101.08531,13.18762],[101.08513,13.18793],[101.08494,13.18824],[101.08371,13.19016],[101.08349,13.19044],[101.08325,13.19061],[101.08303,13.19077],[101.08242,13.19118],[101.08174,13.19159],[101.08183,13.19186],[101.08156,13.19315],[101.08149,13.1933],[101.08128,13.19351],[101.08112,13.19362],[101.08103,13.19367],[101.08079,13.19368],[101.0802,13.19398],[101.08009,13.19397],[101.07986,13.19391],[101.07951,13.19454],[101.07892,13.19587],[101.0788,13.19621],[101.07866,13.19654],[101.07849,13.19686],[101.07845,13.19723],[101.07842,13.19733],[101.07835,13.19747],[101.07828,13.19753],[101.07802,13.19761],[101.07771,13.19809],[101.07726,13.19885],[101.07725,13.19939],[101.07722,13.19949],[101.07711,13.19961],[101.07703,13.1998],[101.07633,13.2005],[101.07624,13.20063],[101.0761,13.20073],[101.07492,13.20137],[101.07403,13.2017],[101.07391,13.20171],[101.07049,13.20295],[101.07057,13.20406],[101.07049,13.20441],[101.07037,13.20475],[101.07033,13.20494],[101.07032,13.20513],[101.07029,13.20527],[101.07004,13.2058],[101.06985,13.20608],[101.06981,13.20628],[101.06984,13.20645],[101.06997,13.20678],[101.07044,13.20828],[101.07087,13.20886],[101.07104,13.20908],[101.0712,13.2093],[101.07143,13.20959],[101.07166,13.20987],[101.07202,13.21028],[101.07237,13.21065],[101.07328,13.21122],[101.07412,13.21138],[101.07447,13.21147],[101.07449,13.21177],[101.07452,13.21197],[101.07453,13.21212],[101.07455,13.21225],[101.07464,13.21241],[101.07431,13.21268],[101.07468,13.21304],[101.07504,13.21414],[101.07529,13.21644],[101.07509,13.21692],[101.07505,13.21698],[101.07504,13.21712],[101.07497,13.21748],[101.07493,13.21766],[101.07499,13.21781],[101.07498,13.21797],[101.07497,13.21804],[101.07469,13.21831],[101.07469,13.21832],[101.07468,13.21833],[101.07449,13.21853],[101.07423,13.21863],[101.07386,13.21864],[101.0735,13.21863],[101.07313,13.21861],[101.07285,13.21859],[101.07257,13.21857],[101.07193,13.21852],[101.07165,13.2185],[101.07092,13.21846],[101.07055,13.21844],[101.07018,13.21841],[101.06963,13.21834],[101.06953,13.21834],[101.06916,13.21863],[101.06851,13.219],[101.0677,13.21927],[101.06753,13.2192],[101.06645,13.22045],[101.06594,13.22097],[101.06568,13.22097],[101.06541,13.22095],[101.06501,13.22088],[101.06421,13.2211],[101.06377,13.22117],[101.06301,13.22204],[101.06296,13.22227],[101.0627,13.22388],[101.06273,13.22525],[101.06241,13.22584],[101.06225,13.22646],[101.0621,13.22698],[101.06215,13.22771],[101.06221,13.22793],[101.0622,13.22799],[101.06215,13.22811],[101.0613,13.22919],[101.06124,13.22945],[101.06117,13.22972],[101.06096,13.2306],[101.06088,13.23089],[101.06171,13.23201],[101.05904,13.23666],[101.06006,13.23761],[101.0617,13.23741],[101.06225,13.23755],[101.06262,13.23791],[101.06264,13.23856],[101.06259,13.23891],[101.06245,13.23944],[101.06203,13.24082],[101.06207,13.24179],[101.06218,13.24205],[101.06241,13.24253],[101.06251,13.24285],[101.06229,13.2437],[101.06204,13.24439],[101.06174,13.24491],[101.0611,13.24577],[101.06096,13.2459],[101.06084,13.24593],[101.06047,13.24588],[101.0604,13.24586],[101.06036,13.24678],[101.06039,13.24705],[101.06075,13.24817],[101.06091,13.24849],[101.06108,13.24881],[101.0612,13.24906],[101.06131,13.2493],[101.06132,13.24933],[101.06145,13.24957],[101.06172,13.24978],[101.06186,13.24992],[101.06308,13.25112],[101.06317,13.25303],[101.06312,13.25329],[101.06283,13.2533],[101.06181,13.2533],[101.05979,13.25412],[101.0596,13.25416],[101.05929,13.25414],[101.05879,13.25432],[101.05886,13.25512],[101.05859,13.257],[101.0585,13.25725],[101.05838,13.25755],[101.05827,13.25766],[101.05801,13.25861],[101.05818,13.25876],[101.05684,13.25948],[101.05746,13.26038],[101.05762,13.2607],[101.05763,13.26097],[101.05759,13.26124],[101.05743,13.26176],[101.05729,13.26209],[101.05717,13.26234],[101.05645,13.2637],[101.05648,13.26442],[101.05669,13.26492],[101.05677,13.26518],[101.05683,13.26545],[101.05688,13.2658],[101.05679,13.26652],[101.05672,13.26688],[101.05667,13.26703],[101.0566,13.26722],[101.05646,13.26745],[101.05635,13.26758],[101.05627,13.26766],[101.05569,13.26811],[101.05545,13.26825],[101.05521,13.26838],[101.05451,13.2686],[101.05396,13.26868],[101.05289,13.26896],[101.05254,13.26908],[101.05249,13.26924],[101.05244,13.26937],[101.0519,13.26931],[101.05184,13.26907],[101.05121,13.26878],[101.0495,13.26839],[101.0474,13.26782],[101.04622,13.26782],[101.04598,13.26789],[101.04556,13.26814],[101.04544,13.26835],[101.0445,13.27074],[101.04402,13.27076],[101.04361,13.27076],[101.04285,13.27072],[101.04233,13.27056],[101.04182,13.27031],[101.03934,13.27179],[101.03586,13.27254],[101.03498,13.27263],[101.03304,13.27347],[101.03261,13.27412],[101.03209,13.27455],[101.0317,13.27465],[101.03163,13.27479],[101.03159,13.2749],[101.03151,13.27497],[101.03122,13.27516],[101.03007,13.27558],[101.02999,13.27635],[101.02995,13.27643],[101.02919,13.2767],[101.02893,13.27687],[101.02827,13.2772],[101.02777,13.27711],[101.0276,13.27724],[101.02671,13.27778],[101.02659,13.27794],[101.02611,13.27875],[101.02603,13.27886],[101.02597,13.27895],[101.02588,13.27902],[101.02575,13.27906],[101.02553,13.27909],[101.02512,13.2802],[101.02498,13.28053],[101.02485,13.28078],[101.0247,13.28101],[101.02448,13.28129],[101.02419,13.28152],[101.02369,13.28175],[101.02341,13.28177],[101.02351,13.28217],[101.02364,13.2825],[101.02389,13.28275],[101.02464,13.28312],[101.02491,13.28317],[101.02583,13.28327],[101.0262,13.28331],[101.02656,13.28335],[101.02786,13.28346],[101.0285,13.28377],[101.02855,13.28413],[101.02846,13.28439],[101.02787,13.28551],[101.02542,13.28744],[101.02506,13.28841],[101.0259,13.28901],[101.02686,13.28905],[101.02725,13.28914],[101.0274,13.28922],[101.02745,13.28929],[101.02766,13.28956],[101.02767,13.28969],[101.02741,13.29107],[101.02785,13.29169],[101.02846,13.29281],[101.02855,13.29316],[101.02862,13.29351],[101.02866,13.29387],[101.02868,13.29414],[101.0287,13.29441],[101.02886,13.29469],[101.02905,13.29517],[101.02911,13.29572],[101.02878,13.29758],[101.02881,13.29771],[101.02886,13.2978],[101.02912,13.29808],[101.02938,13.29829],[101.02949,13.29857],[101.02946,13.29888],[101.02958,13.29901],[101.03009,13.2994],[101.03035,13.29965],[101.03057,13.29994],[101.03127,13.30037],[101.03137,13.30048],[101.0317,13.30116],[101.03194,13.3014],[101.03228,13.30159],[101.0325,13.30167],[101.03302,13.30201],[101.03373,13.30245],[101.03431,13.30293],[101.03446,13.30317],[101.03417,13.30375],[101.03412,13.30384],[101.03408,13.30402],[101.03379,13.30524],[101.03354,13.30585],[101.0335,13.30595],[101.03343,13.30602],[101.03338,13.30608],[101.03334,13.30626],[101.03327,13.30646],[101.03376,13.30673],[101.03394,13.30683],[101.03422,13.30695],[101.03434,13.307],[101.03452,13.30704],[101.03464,13.30703],[101.03508,13.30702],[101.0353,13.30711],[101.03538,13.30722],[101.03542,13.30735],[101.03543,13.30745],[101.03539,13.30762],[101.03536,13.30777],[101.03536,13.30791],[101.03538,13.30804],[101.03555,13.3084],[101.0357,13.3085],[101.03591,13.30858],[101.03607,13.30864],[101.03709,13.30982],[101.03785,13.31062],[101.03792,13.31084],[101.03819,13.31104],[101.03893,13.31103],[101.03926,13.31116],[101.03971,13.31127],[101.03974,13.31131],[101.03977,13.3114],[101.03976,13.31154],[101.03974,13.31169],[101.03969,13.31183],[101.03963,13.31198],[101.03956,13.31216],[101.03954,13.31281],[101.03959,13.31309],[101.0396,13.31321],[101.03953,13.31335],[101.03944,13.31346],[101.03887,13.31421],[101.03877,13.31503],[101.03875,13.31515],[101.03863,13.31576],[101.03872,13.31592],[101.03886,13.31615],[101.03898,13.31639],[101.03922,13.31672],[101.03951,13.3171],[101.04005,13.31878],[101.04051,13.31926],[101.04067,13.31992],[101.04062,13.32074],[101.04103,13.32202],[101.041,13.3224],[101.04099,13.32244],[101.04085,13.32327],[101.04064,13.32382],[101.04016,13.32463],[101.03989,13.32617],[101.03951,13.32702],[101.03952,13.32717],[101.03957,13.32732],[101.04099,13.32836],[101.0412,13.32876],[101.04219,13.33057],[101.04208,13.33133],[101.04197,13.3318],[101.04184,13.33203],[101.04164,13.33237],[101.04208,13.3335],[101.04211,13.33385],[101.0421,13.33412],[101.04204,13.33471],[101.04198,13.33503],[101.04179,13.33534],[101.04122,13.33605],[101.04114,13.33729],[101.04109,13.33767],[101.04103,13.33781],[101.04022,13.339],[101.04007,13.3393],[101.03994,13.33975],[101.03985,13.34005],[101.03933,13.34061],[101.03665,13.34206],[101.03661,13.34243],[101.03635,13.34325],[101.03599,13.34428],[101.03549,13.34439],[101.03441,13.34464],[101.02892,13.34616],[101.0334,13.35458],[101.03269,13.35524],[101.03267,13.35526],[101.03143,13.35602],[101.02992,13.35769],[101.02931,13.35908],[101.02915,13.35972],[101.02885,13.36064],[101.02835,13.3619],[101.02829,13.36199],[101.0281,13.3621],[101.02742,13.36248],[101.02707,13.36258],[101.02656,13.3626],[101.02479,13.36281],[101.01873,13.36914],[101.01878,13.36941],[101.0195,13.37364],[101.01985,13.37572],[101.02003,13.37677],[101.02017,13.37946],[101.02004,13.38004],[101.01993,13.38045],[101.01979,13.38092],[101.01961,13.38132],[101.01932,13.38181],[101.01873,13.38265],[101.01532,13.38715],[101.01505,13.38752],[101.01286,13.39043],[101.01212,13.39143],[101.01024,13.39396],[101.00532,13.40061],[101.00496,13.40108],[101.0038,13.40262],[101.00095,13.40857],[100.99922,13.41371],[100.99897,13.41449],[100.99864,13.4154],[100.99757,13.41901],[100.99747,13.41984],[100.99752,13.42016],[100.99807,13.42187],[100.99935,13.42329],[101.0,13.42402],[101.00117,13.42538],[101.00182,13.42611],[101.00243,13.42704],[101.00266,13.42755],[101.00281,13.42802],[101.00293,13.42862],[101.00297,13.4291],[101.00297,13.42912],[101.00297,13.42962],[101.00288,13.43027],[101.00174,13.43534],[101.00155,13.43617],[101.00146,13.43657],[101.0013,13.43723],[101.00089,13.43901],[101.0005,13.44084],[101.00017,13.4423],[101.0,13.44339],[100.99705,13.4568],[100.99654,13.45897],[100.99472,13.46126],[100.99414,13.4624],[100.99307,13.46459],[100.99303,13.46474],[100.993,13.46486],[100.99295,13.46511],[100.99328,13.47098],[100.99099,13.47102],[100.99034,13.47105],[100.98978,13.47104],[100.98946,13.47099],[100.98854,13.47076],[100.98563,13.47061],[100.98279,13.47063],[100.97201,13.47803],[100.95718,13.4676],[100.93612,13.4626],[100.88837,13.46839],[100.85073,13.47821],[100.83206,13.48105],[100.81278,13.48955],[100.80529,13.48767],[100.73349,13.50068],[100.6786,13.50768],[100.6884,13.53353]]]]}},{"type":"Feature","properties":{"code":"16","name":"ลุ่มน้ำโตนเลสาบ"},"geometry":{"type":"MultiPolygon","coordinates":[[[[102.50008,12.7396],[102.4996,12.74009],[102.4981,12.74158],[102.49777,12.74186],[102.49631,12.7447],[102.49619,12.74507],[102.49548,12.7458],[102.49508,12.74653],[102.49473,12.74755],[102.49406,12.74901],[102.49396,12.74944],[102.49382,12.75173],[102.49385,12.75185],[102.49391,12.75217],[102.49374,12.75273],[102.49378,12.75317],[102.4938,12.75376],[102.49383,12.7542],[102.49383,12.75442],[102.49376,12.75462],[102.49257,12.75741],[102.49156,12.75702],[102.48819,12.75661],[102.48753,12.75646],[102.48623,12.756],[102.485,12.75552],[102.48418,12.75524],[102.48384,12.75507],[102.48346,12.75454],[102.48299,12.75384],[102.48272,12.75368],[102.4824,12.75354],[102.48179,12.75335],[102.47949,12.75338],[102.47914,12.75356],[102.47882,12.75372],[102.47767,12.75433],[102.47718,12.75458],[102.47546,12.75542],[102.47488,12.75552],[102.47406,12.75517],[102.47333,12.75552],[102.47308,12.75573],[102.47273,12.756],[102.47251,12.75614],[102.47245,12.75618],[102.47211,12.75637],[102.47146,12.75682],[102.47109,12.75708],[102.47075,12.7573],[102.47002,12.75776],[102.46821,12.75895],[102.46767,12.75938],[102.46739,12.75952],[102.46734,12.75953],[102.46422,12.76068],[102.46397,12.76083],[102.46382,12.76093],[102.46372,12.76099],[102.46347,12.76112],[102.46312,12.76127],[102.46285,12.76137],[102.46257,12.76145],[102.46181,12.7616],[102.45972,12.76218],[102.45926,12.7623],[102.45891,12.76237],[102.45855,12.76241],[102.45827,12.76242],[102.45801,12.76242],[102.45736,12.76231],[102.45707,12.76222],[102.45674,12.76208],[102.45641,12.76191],[102.4552,12.76114],[102.45476,12.76086],[102.45304,12.75958],[102.45229,12.75925],[102.45193,12.75913],[102.4496,12.759],[102.4489,12.75912],[102.44864,12.75916],[102.44838,12.75919],[102.44812,12.75921],[102.44742,12.75922],[102.44705,12.75919],[102.44676,12.75913],[102.44616,12.75874],[102.44597,12.75843],[102.44516,12.75718],[102.44379,12.75816],[102.44345,12.75853],[102.44339,12.75858],[102.44317,12.75874],[102.44293,12.75888],[102.44175,12.75954],[102.44141,12.75972],[102.44078,12.75996],[102.43989,12.7602],[102.43964,12.76028],[102.43891,12.76056],[102.43859,12.76071],[102.43668,12.76274],[102.43648,12.76293],[102.43623,12.76309],[102.43596,12.76322],[102.43569,12.7633],[102.43317,12.76466],[102.43286,12.76475],[102.43254,12.76479],[102.43219,12.76474],[102.43133,12.76432],[102.42864,12.7629],[102.42829,12.76288],[102.42722,12.76289],[102.42694,12.76289],[102.42645,12.76291],[102.42557,12.76285],[102.42528,12.76257],[102.4252,12.76228],[102.42522,12.76158],[102.42538,12.7609],[102.42552,12.76048],[102.42568,12.75997],[102.42575,12.75963],[102.42578,12.7593],[102.42575,12.75861],[102.4257,12.75846],[102.42546,12.75802],[102.42522,12.75783],[102.42425,12.75796],[102.4236,12.75881],[102.42216,12.76127],[102.4221,12.76138],[102.42183,12.76177],[102.42154,12.76216],[102.42127,12.76247],[102.4208,12.76292],[102.42038,12.76332],[102.41923,12.76503],[102.41925,12.76607],[102.41914,12.76635],[102.41894,12.76665],[102.41682,12.76883],[102.41617,12.77098],[102.41601,12.77119],[102.41596,12.77125],[102.41569,12.77137],[102.41533,12.77136],[102.41472,12.77116],[102.41429,12.7711],[102.41398,12.77113],[102.41389,12.77114],[102.41359,12.77123],[102.41354,12.77124],[102.41261,12.7719],[102.41183,12.77259],[102.41076,12.77295],[102.40996,12.77287],[102.40927,12.77269],[102.40895,12.77256],[102.40867,12.77242],[102.40836,12.77222],[102.40814,12.77202],[102.40789,12.77173],[102.4074,12.77112],[102.40714,12.77084],[102.40691,12.77062],[102.40639,12.77027],[102.40568,12.77008],[102.40531,12.76997],[102.40493,12.76978],[102.40464,12.76955],[102.40437,12.76923],[102.40285,12.76711],[102.40256,12.76683],[102.40233,12.7666],[102.4021,12.76636],[102.40167,12.76587],[102.40139,12.76553],[102.40093,12.7649],[102.40072,12.76457],[102.40058,12.76435],[102.40043,12.76407],[102.40028,12.76375],[102.40015,12.76339],[102.40003,12.76296],[102.3998,12.76233],[102.39959,12.76199],[102.39896,12.76122],[102.39882,12.76106],[102.39857,12.76079],[102.39761,12.75992],[102.39677,12.75924],[102.3954,12.75803],[102.3929,12.75622],[102.39243,12.75614],[102.39012,12.75726],[102.38972,12.75774],[102.38949,12.75801],[102.38924,12.75826],[102.38901,12.75845],[102.38865,12.75869],[102.38761,12.75935],[102.38715,12.7597],[102.38685,12.75994],[102.38639,12.76024],[102.38602,12.76043],[102.38563,12.76055],[102.38538,12.7606],[102.38519,12.76064],[102.38476,12.76065],[102.38447,12.76064],[102.38386,12.76056],[102.38355,12.7605],[102.3816,12.76038],[102.37998,12.76075],[102.37908,12.76085],[102.37794,12.76121],[102.37805,12.76155],[102.37836,12.76228],[102.37837,12.76258],[102.37829,12.76292],[102.37817,12.76323],[102.37798,12.76357],[102.37772,12.76393],[102.37719,12.76445],[102.37588,12.76818],[102.37603,12.76861],[102.37621,12.76902],[102.37643,12.7695],[102.37631,12.77015],[102.37323,12.77665],[102.37303,12.77697],[102.37281,12.77728],[102.37281,12.77729],[102.37256,12.77758],[102.3714,12.77885],[102.37127,12.7792],[102.37118,12.77964],[102.37092,12.7806],[102.37086,12.78076],[102.37076,12.78101],[102.3701,12.78205],[102.37033,12.7824],[102.37184,12.78255],[102.3721,12.7827],[102.37255,12.78334],[102.37291,12.78405],[102.3732,12.78448],[102.37358,12.78472],[102.37403,12.78499],[102.37404,12.78501],[102.37426,12.78521],[102.37501,12.78636],[102.37545,12.78684],[102.37577,12.78708],[102.37604,12.78725],[102.37627,12.7874],[102.37658,12.78821],[102.37587,12.78999],[102.37593,12.79087],[102.37582,12.79149],[102.37569,12.79176],[102.37564,12.79187],[102.37486,12.79311],[102.37466,12.79342],[102.37442,12.79373],[102.37417,12.794],[102.37391,12.79425],[102.37366,12.79446],[102.37342,12.79465],[102.37302,12.79497],[102.37261,12.79529],[102.37209,12.79567],[102.37178,12.7959],[102.37106,12.7964],[102.37034,12.7969],[102.36881,12.79818],[102.3688,12.79819],[102.368,12.79913],[102.36782,12.79946],[102.36754,12.8008],[102.36758,12.80199],[102.36755,12.80232],[102.36748,12.80264],[102.36734,12.80302],[102.36695,12.80366],[102.36665,12.80401],[102.36642,12.80424],[102.36618,12.80447],[102.36584,12.80475],[102.36548,12.805],[102.3652,12.80518],[102.36493,12.80533],[102.36312,12.80636],[102.36163,12.80729],[102.36137,12.80746],[102.36112,12.80758],[102.36025,12.8077],[102.3592,12.80779],[102.35891,12.80851],[102.3587,12.80881],[102.35839,12.80901],[102.35804,12.80907],[102.3571,12.80909],[102.356,12.80957],[102.3558,12.80976],[102.3531,12.81307],[102.3527,12.81352],[102.35241,12.81387],[102.3521,12.81416],[102.35178,12.81422],[102.35094,12.81352],[102.35049,12.81225],[102.35028,12.81165],[102.3498,12.81106],[102.34862,12.81073],[102.34833,12.81073],[102.34795,12.8107],[102.34748,12.8106],[102.34707,12.81046],[102.34677,12.81031],[102.34649,12.81014],[102.34572,12.80968],[102.34546,12.80961],[102.34507,12.80959],[102.34357,12.80994],[102.34322,12.8101],[102.34289,12.81019],[102.3421,12.81011],[102.34044,12.80951],[102.34011,12.80956],[102.33781,12.81089],[102.33716,12.81165],[102.33707,12.81191],[102.33695,12.81251],[102.33685,12.81282],[102.33676,12.81306],[102.33655,12.81335],[102.33617,12.8136],[102.33585,12.81367],[102.33564,12.81365],[102.33554,12.81364],[102.33522,12.8135],[102.33471,12.81297],[102.3344,12.81248],[102.33423,12.81223],[102.33319,12.81159],[102.33268,12.81214],[102.33244,12.81233],[102.33157,12.81281],[102.33106,12.81315],[102.33077,12.81334],[102.33045,12.81353],[102.33014,12.81369],[102.32984,12.8138],[102.32954,12.81388],[102.32887,12.81394],[102.32841,12.81392],[102.32806,12.81386],[102.32773,12.81378],[102.327,12.81349],[102.32665,12.81327],[102.32654,12.8133],[102.32616,12.81264],[102.32605,12.81234],[102.32595,12.81158],[102.32591,12.81135],[102.32579,12.81112],[102.32567,12.81066],[102.32565,12.81044],[102.32506,12.80945],[102.32482,12.80919],[102.32432,12.80887],[102.32403,12.80877],[102.32304,12.80867],[102.32197,12.80868],[102.32153,12.80867],[102.32142,12.80887],[102.32135,12.80901],[102.31978,12.81005],[102.31995,12.81055],[102.31999,12.81082],[102.31993,12.81099],[102.31973,12.81137],[102.31975,12.81155],[102.3198,12.81176],[102.31988,12.81198],[102.31992,12.81229],[102.3199,12.81357],[102.31921,12.81447],[102.31876,12.8148],[102.31863,12.81524],[102.31248,12.81769],[102.31248,12.81826],[102.31242,12.81838],[102.31199,12.81865],[102.3117,12.81885],[102.3095,12.82032],[102.30955,12.82105],[102.30983,12.82136],[102.31004,12.82262],[102.30949,12.82332],[102.30936,12.82418],[102.3095,12.82452],[102.30957,12.82487],[102.30937,12.82544],[102.30978,12.82591],[102.30989,12.82606],[102.31001,12.82684],[102.31007,12.82744],[102.31019,12.82785],[102.3102,12.82792],[102.31021,12.8285],[102.31003,12.82903],[102.30992,12.82925],[102.30985,12.8302],[102.30992,12.83042],[102.31003,12.8306],[102.3102,12.83098],[102.3099,12.83166],[102.3097,12.83199],[102.30958,12.83208],[102.30828,12.83314],[102.30784,12.8334],[102.30754,12.83345],[102.30719,12.83347],[102.3069,12.83356],[102.30639,12.83371],[102.30496,12.83446],[102.30465,12.8349],[102.30428,12.83531],[102.30363,12.83568],[102.30336,12.83573],[102.30245,12.83589],[102.30214,12.83625],[102.30136,12.8368],[102.30106,12.83699],[102.30006,12.83752],[102.29976,12.83872],[102.29529,12.84377],[102.29512,12.84395],[102.295,12.84407],[102.29481,12.84416],[102.29469,12.84419],[102.29386,12.84402],[102.29332,12.84399],[102.29303,12.84387],[102.29281,12.84379],[102.29246,12.84384],[102.29202,12.84424],[102.29177,12.84423],[102.29161,12.84422],[102.29143,12.84413],[102.29066,12.84408],[102.2903,12.84386],[102.29025,12.84376],[102.29012,12.84353],[102.28999,12.84344],[102.28978,12.84344],[102.28934,12.84355],[102.289,12.84359],[102.28855,12.84362],[102.28838,12.84363],[102.28822,12.84362],[102.28804,12.84357],[102.28794,12.84332],[102.28767,12.84307],[102.28727,12.84318],[102.28647,12.8432],[102.28619,12.84315],[102.28499,12.84352],[102.28468,12.84346],[102.28449,12.84346],[102.28432,12.84344],[102.28393,12.84341],[102.28316,12.84333],[102.28305,12.84332],[102.28292,12.84329],[102.28251,12.84307],[102.28224,12.84366],[102.28204,12.84404],[102.28237,12.84486],[102.28231,12.84498],[102.28194,12.84519],[102.27973,12.84674],[102.27977,12.84746],[102.27969,12.84767],[102.27969,12.84794],[102.27969,12.84815],[102.27962,12.84841],[102.27951,12.84889],[102.27964,12.84912],[102.27963,12.84925],[102.27959,12.84936],[102.27963,12.8497],[102.27972,12.84984],[102.28006,12.85013],[102.27956,12.85081],[102.27962,12.85112],[102.27983,12.85135],[102.27996,12.85141],[102.27999,12.85151],[102.27996,12.85161],[102.27989,12.85181],[102.27969,12.85231],[102.27959,12.85248],[102.27934,12.85274],[102.27922,12.85348],[102.27935,12.85364],[102.2797,12.85425],[102.2794,12.85461],[102.27935,12.85495],[102.27938,12.85529],[102.27922,12.85542],[102.27909,12.8555],[102.27872,12.85571],[102.27834,12.8561],[102.27835,12.85621],[102.27831,12.85703],[102.27819,12.85721],[102.27746,12.85755],[102.27746,12.85814],[102.27764,12.85868],[102.27765,12.85888],[102.27759,12.8589],[102.27746,12.8589],[102.27732,12.85889],[102.27704,12.85877],[102.27672,12.85886],[102.27658,12.85896],[102.2766,12.85996],[102.27705,12.86058],[102.27716,12.8609],[102.27727,12.8617],[102.27767,12.86204],[102.27771,12.8623],[102.27767,12.86254],[102.27702,12.86423],[102.27686,12.86444],[102.27644,12.86512],[102.27646,12.8653],[102.27652,12.8662],[102.27642,12.86649],[102.27618,12.8668],[102.2749,12.86716],[102.27336,12.86708],[102.27321,12.86681],[102.27303,12.86641],[102.27279,12.86615],[102.27239,12.86546],[102.27218,12.86518],[102.27195,12.86486],[102.2716,12.86451],[102.27118,12.86426],[102.27077,12.86414],[102.27012,12.86376],[102.26965,12.86424],[102.26907,12.86468],[102.26888,12.86491],[102.26864,12.86573],[102.26847,12.86614],[102.26819,12.86645],[102.26768,12.8666],[102.26718,12.86666],[102.26716,12.86809],[102.26726,12.86865],[102.26709,12.86917],[102.26691,12.8694],[102.26572,12.87086],[102.26555,12.8708],[102.26495,12.87052],[102.2636,12.87072],[102.26293,12.87073],[102.26259,12.87087],[102.26239,12.87093],[102.26216,12.87096],[102.26197,12.87095],[102.26176,12.87091],[102.26139,12.87107],[102.26105,12.87081],[102.26086,12.87059],[102.26041,12.87055],[102.25986,12.87081],[102.25952,12.87039],[102.25902,12.86914],[102.25873,12.86845],[102.25856,12.86827],[102.25834,12.8683],[102.25695,12.86881],[102.25641,12.86882],[102.2559,12.86909],[102.2552,12.86985],[102.25475,12.87025],[102.25429,12.87057],[102.25389,12.87097],[102.25379,12.87105],[102.25361,12.87117],[102.25291,12.87042],[102.25127,12.87077],[102.25062,12.87314],[102.25102,12.87476],[102.25123,12.87515],[102.25151,12.87541],[102.25193,12.87567],[102.25232,12.876],[102.25271,12.87652],[102.25268,12.87673],[102.24942,12.88119],[102.24875,12.88109],[102.24812,12.88137],[102.24796,12.88139],[102.24798,12.88182],[102.2479,12.88236],[102.24797,12.88292],[102.24797,12.88385],[102.24808,12.88426],[102.24816,12.88438],[102.24856,12.88457],[102.24924,12.88466],[102.25027,12.88505],[102.25036,12.88518],[102.25041,12.88559],[102.25073,12.88648],[102.25173,12.88642],[102.2519,12.88627],[102.25205,12.88596],[102.25233,12.88578],[102.25568,12.88508],[102.25615,12.88562],[102.25623,12.88579],[102.25624,12.886],[102.2563,12.88607],[102.25637,12.88613],[102.25717,12.88677],[102.25723,12.88702],[102.25715,12.88748],[102.25696,12.88777],[102.25669,12.88806],[102.25648,12.88817],[102.25609,12.88833],[102.25561,12.88879],[102.2553,12.88925],[102.25549,12.8903],[102.25557,12.89039],[102.25572,12.89052],[102.25583,12.89058],[102.2559,12.89063],[102.256,12.89074],[102.25593,12.89115],[102.25547,12.89174],[102.25532,12.89172],[102.25401,12.89109],[102.25264,12.89152],[102.25214,12.89269],[102.252,12.89275],[102.2519,12.89277],[102.2518,12.89276],[102.25143,12.89262],[102.25123,12.89262],[102.25114,12.89279],[102.25109,12.89375],[102.25097,12.89396],[102.25088,12.89405],[102.24862,12.8952],[102.2489,12.89558],[102.24908,12.89613],[102.2492,12.89671],[102.24967,12.89732],[102.24955,12.89762],[102.24934,12.89823],[102.24911,12.89885],[102.24929,12.89904],[102.24943,12.89927],[102.24949,12.89944],[102.24953,12.89967],[102.25001,12.90045],[102.25037,12.9008],[102.25018,12.90077],[102.24952,12.90071],[102.24909,12.90062],[102.24841,12.90064],[102.24349,12.90269],[102.24239,12.90306],[102.23584,12.90522],[102.23452,12.9054],[102.23329,12.90563],[102.23239,12.90569],[102.23154,12.90554],[102.22886,12.90434],[102.22859,12.90421],[102.2274,12.90506],[102.21946,12.91299],[102.21945,12.91376],[102.21968,12.9145],[102.21976,12.91492],[102.21975,12.91541],[102.21569,12.91855],[102.2147,12.91909],[102.21297,12.91975],[102.21221,12.92043],[102.2118,12.92078],[102.21154,12.92096],[102.21122,12.92112],[102.21035,12.92154],[102.20998,12.92163],[102.20838,12.92164],[102.20817,12.92158],[102.20803,12.92148],[102.20776,12.92126],[102.20757,12.92111],[102.20667,12.92111],[102.20259,12.92604],[102.20218,12.92864],[102.20271,12.92947],[102.20284,12.93015],[102.20284,12.93031],[102.20262,12.9306],[102.20219,12.93116],[102.20206,12.93186],[102.20081,12.93466],[102.20026,12.93511],[102.20015,12.9353],[102.19979,12.93576],[102.19943,12.93608],[102.19879,12.9365],[102.1987,12.93662],[102.19859,12.93679],[102.19786,12.93774],[102.19772,12.93789],[102.19707,12.93839],[102.19593,12.93986],[102.19553,12.94034],[102.19539,12.94043],[102.19512,12.94057],[102.19432,12.94115],[102.19153,12.94313],[102.1914,12.94441],[102.19148,12.94649],[102.19172,12.94685],[102.19178,12.94694],[102.19191,12.94778],[102.19192,12.94838],[102.19209,12.94891],[102.19212,12.94921],[102.1921,12.94956],[102.19203,12.94985],[102.19189,12.95009],[102.19129,12.95029],[102.18889,12.95093],[102.18854,12.95099],[102.18708,12.95198],[102.18683,12.95242],[102.18645,12.9528],[102.18599,12.95328],[102.18525,12.95381],[102.18372,12.95576],[102.18357,12.95592],[102.18295,12.95647],[102.18246,12.95793],[102.18133,12.96097],[102.18157,12.96148],[102.18174,12.96203],[102.18175,12.96223],[102.18175,12.96235],[102.18175,12.9627],[102.18186,12.96332],[102.18168,12.96349],[102.18151,12.96364],[102.18128,12.96382],[102.18098,12.96399],[102.18051,12.96422],[102.1802,12.96428],[102.17976,12.96477],[102.17782,12.96602],[102.17687,12.96834],[102.17662,12.96894],[102.17607,12.97],[102.1756,12.97248],[102.17551,12.97272],[102.17459,12.9738],[102.17422,12.97387],[102.17369,12.97681],[102.174,12.97752],[102.17419,12.97885],[102.17426,12.97907],[102.17448,12.97952],[102.17479,12.98029],[102.1748,12.98032],[102.17498,12.98059],[102.17531,12.981],[102.17557,12.98172],[102.17565,12.98231],[102.17536,12.9833],[102.17551,12.98399],[102.17556,12.98431],[102.17556,12.98433],[102.17621,12.98503],[102.17662,12.98547],[102.17785,12.98649],[102.17814,12.98672],[102.1788,12.98705],[102.17934,12.98744],[102.18088,12.98878],[102.18101,12.98892],[102.18106,12.98971],[102.18117,12.98985],[102.18134,12.98996],[102.18172,12.99059],[102.18182,12.99153],[102.18197,12.99191],[102.1823,12.99252],[102.18241,12.99298],[102.18246,12.99357],[102.18269,12.99377],[102.18375,12.99445],[102.18402,12.99452],[102.18435,12.99468],[102.18519,12.99518],[102.18597,12.99556],[102.1864,12.99562],[102.18655,12.99568],[102.186,12.99706],[102.18604,12.99745],[102.18589,12.99766],[102.18392,12.99844],[102.18258,12.99912],[102.1807,12.99999],[102.17992,13.00034],[102.17933,13.00136],[102.17873,13.00215],[102.17839,13.00337],[102.17846,13.00467],[102.17802,13.00734],[102.17798,13.00868],[102.17758,13.009],[102.17606,13.00979],[102.17576,13.00993],[102.17489,13.00977],[102.17163,13.01381],[102.17188,13.01518],[102.17382,13.0183],[102.1742,13.0187],[102.17407,13.02046],[102.17388,13.0212],[102.17334,13.02208],[102.17256,13.02391],[102.17243,13.02421],[102.17224,13.02455],[102.17205,13.02481],[102.17185,13.02502],[102.17086,13.02567],[102.16943,13.0265],[102.16831,13.03034],[102.16814,13.03124],[102.16811,13.03178],[102.1681,13.03192],[102.168,13.03222],[102.16795,13.03235],[102.16794,13.03259],[102.16696,13.03793],[102.17425,13.03841],[102.19895,13.04967],[102.20752,13.06035],[102.20198,13.07257],[102.20879,13.08443],[102.20783,13.0923],[102.21882,13.10056],[102.22341,13.11052],[102.23227,13.11444],[102.24194,13.1108],[102.25098,13.11794],[102.27597,13.12009],[102.28723,13.11414],[102.28985,13.1261],[102.27974,13.13414],[102.27804,13.14739],[102.27169,13.1541],[102.26868,13.17278],[102.27564,13.17633],[102.2797,13.18708],[102.29284,13.19143],[102.30792,13.20666],[102.30651,13.22012],[102.3009,13.22206],[102.29344,13.24532],[102.30075,13.25098],[102.29627,13.25711],[102.31227,13.25995],[102.31868,13.27647],[102.339,13.29851],[102.34745,13.29901],[102.32237,13.33314],[102.31695,13.35317],[102.32183,13.35688],[102.31666,13.37141],[102.32631,13.38747],[102.32988,13.40221],[102.33892,13.40366],[102.34837,13.42335],[102.34319,13.44434],[102.33353,13.45735],[102.31819,13.4655],[102.30763,13.47826],[102.31384,13.48167],[102.3144,13.49325],[102.30507,13.49239],[102.30942,13.50036],[102.28878,13.52277],[102.29609,13.53531],[102.29642,13.55332],[102.28547,13.56474],[102.28251,13.57469],[102.28845,13.58104],[102.28383,13.58759],[102.25515,13.59282],[102.25824,13.60741],[102.24329,13.63177],[102.24008,13.65006],[102.23262,13.64769],[102.22444,13.65589],[102.21631,13.65598],[102.22121,13.67254],[102.21689,13.68879],[102.23663,13.68944],[102.2462,13.69349],[102.24595,13.70781],[102.2554,13.71025],[102.26247,13.73162],[102.27457,13.73376],[102.28,13.75024],[102.27616,13.76362],[102.25922,13.77692],[102.26329,13.79993],[102.27175,13.81052],[102.26167,13.82719],[102.25387,13.82913],[102.26052,13.83723],[102.287,13.8419],[102.30823,13.8484],[102.31297,13.8368],[102.33546,13.83663],[102.34645,13.85678],[102.35944,13.86867],[102.37436,13.87603],[102.37741,13.89458],[102.41182,13.8967],[102.42513,13.90876],[102.43862,13.9277],[102.44729,13.92269],[102.46028,13.93278],[102.45746,13.94128],[102.46059,13.95483],[102.47574,13.95965],[102.48645,13.9996],[102.50177,14.00535],[102.51759,14.02029],[102.52991,14.01447],[102.53856,14.02259],[102.54934,14.02095],[102.54686,14.03878],[102.53665,14.04309],[102.5275,14.0306],[102.51708,14.03946],[102.50411,14.04303],[102.48825,14.03402],[102.47063,14.03493],[102.45602,14.04361],[102.44507,14.05698],[102.45096,14.06794],[102.43522,14.07892],[102.43121,14.09415],[102.43693,14.10401],[102.4483,14.1115],[102.45089,14.11853],[102.46588,14.12327],[102.46965,14.13202],[102.48269,14.14173],[102.49031,14.13518],[102.5092,14.13356],[102.52113,14.14302],[102.54879,14.13491],[102.56418,14.14586],[102.58603,14.15689],[102.59244,14.16612],[102.60802,14.17106],[102.6276,14.15217],[102.63796,14.14972],[102.64671,14.16151],[102.65535,14.16562],[102.68249,14.15128],[102.69071,14.14292],[102.68842,14.13513],[102.69574,14.13058],[102.73285,14.14118],[102.75983,14.13855],[102.76733,14.14156],[102.77371,14.15631],[102.78163,14.16348],[102.78594,14.15848],[102.7908,14.17046],[102.8039,14.15924],[102.8064,14.17156],[102.81555,14.17137],[102.82886,14.1578],[102.82993,14.16779],[102.84769,14.15923],[102.85951,14.14852],[102.87202,14.14695],[102.87309,14.16858],[102.8822,14.17427],[102.89777,14.16437],[102.90491,14.16456],[102.93021,14.17558],[102.9414,14.15572],[102.93985,14.14643],[102.9253,14.13318],[102.92491,14.11001],[102.91307,14.09618],[102.90804,14.09598],[102.90105,14.08295],[102.90282,14.06778],[102.89767,14.05152],[102.90274,14.04166],[102.90959,14.01584],[102.90185,14.01565],[102.89351,14.00697],[102.88611,14.01023],[102.8802,14.00409],[102.86726,14.00393],[102.84934,13.98628],[102.81572,13.96553],[102.80327,13.94327],[102.78338,13.93318],[102.76703,13.85668],[102.75659,13.84703],[102.72357,13.79324],[102.73228,13.78572],[102.73181,13.77342],[102.71624,13.77405],[102.6874,13.75038],[102.68043,13.74931],[102.59909,13.70742],[102.59174,13.70722],[102.57576,13.69207],[102.56288,13.68373],[102.54857,13.66037],[102.55758,13.64878],[102.57033,13.64202],[102.57585,13.62943],[102.58616,13.63034],[102.60663,13.61671],[102.62163,13.61283],[102.62316,13.60813],[102.6081,13.60512],[102.58577,13.60669],[102.57266,13.60194],[102.57321,13.59322],[102.56296,13.57895],[102.55053,13.57703],[102.53696,13.5662],[102.52395,13.56539],[102.50478,13.57065],[102.48427,13.57062],[102.45825,13.56095],[102.43165,13.56162],[102.42484,13.56989],[102.39535,13.56636],[102.37874,13.57665],[102.365,13.57763],[102.35557,13.5631],[102.34058,13.55975],[102.33398,13.54067],[102.34738,13.52872],[102.35086,13.51981],[102.363,13.50716],[102.36304,13.49231],[102.35694,13.47954],[102.35495,13.46174],[102.3626,13.42548],[102.36062,13.40191],[102.35471,13.38786],[102.35555,13.37765],[102.34742,13.36252],[102.34553,13.34653],[102.35131,13.34186],[102.35892,13.30917],[102.35018,13.29408],[102.35085,13.27625],[102.36613,13.26273],[102.37021,13.23638],[102.38997,13.21134],[102.39507,13.1891],[102.3932,13.17685],[102.39829,13.17171],[102.40048,13.15028],[102.41579,13.13964],[102.41535,13.12506],[102.42391,13.10884],[102.43109,13.10503],[102.43391,13.09153],[102.44169,13.0845],[102.45847,13.08269],[102.49187,13.01475],[102.50665,13.01428],[102.51004,13.00965],[102.53062,13.00277],[102.5227,12.99656],[102.50102,12.99033],[102.48545,12.9789],[102.50153,12.9602],[102.49744,12.95297],[102.48595,12.94768],[102.49052,12.93005],[102.50156,12.91548],[102.49993,12.91085],[102.50878,12.8828],[102.50753,12.86562],[102.4978,12.85973],[102.50186,12.84918],[102.51632,12.83932],[102.51468,12.82406],[102.52961,12.81761],[102.53245,12.81027],[102.52823,12.79658],[102.53629,12.78389],[102.53264,12.76695],[102.51773,12.75189],[102.50768,12.75302],[102.50021,12.73934],[102.50008,12.7396]]]]}},{"type":"Feature","properties":{"code":"17","name":"ลุ่มน้ำชายฝั่งทะเลตะวันออก"},"geometry":{"type":"MultiPolygon","coordinates":[[[[101.02489,13.28824],[101.02787,13.28551],[101.02855,13.28413],[101.0285,13.28377],[101.02656,13.28335],[101.02491,13.28317],[101.02341,13.28177],[101.02659,13.27794],[101.02777,13.27711],[101.02919,13.2767],[101.0317,13.27465],[101.03498,13.27263],[101.04285,13.27072],[101.04556,13.26814],[101.04622,13.26782],[101.0474,13.26782],[101.05121,13.26878],[101.0519,13.26931],[101.05254,13.26908],[101.05487,13.26851],[101.05677,13.26518],[101.05648,13.26442],[101.05645,13.2637],[101.05746,13.26038],[101.05827,13.25766],[101.05879,13.25432],[101.06179,13.2533],[101.06308,13.25112],[101.06172,13.24978],[101.06145,13.24957],[101.06075,13.24817],[101.06084,13.24593],[101.06251,13.24285],[101.06241,13.24253],[101.06207,13.24179],[101.06196,13.24124],[101.06259,13.23891],[101.05904,13.23666],[101.05905,13.23566],[101.06182,13.23209],[101.06088,13.23089],[101.0613,13.22919],[101.06221,13.22793],[101.06203,13.2272],[101.06241,13.22584],[101.06296,13.22227],[101.06377,13.22117],[101.06478,13.22088],[101.06594,13.22097],[101.06746,13.21918],[101.0677,13.21927],[101.06953,13.21834],[101.07193,13.21852],[101.07449,13.21853],[101.07478,13.21822],[101.07497,13.21804],[101.07493,13.21766],[101.07505,13.21698],[101.07431,13.21268],[101.07464,13.21241],[101.07453,13.21212],[101.07447,13.21147],[101.07104,13.20908],[101.07044,13.20828],[101.06985,13.20608],[101.07029,13.20527],[101.07064,13.2037],[101.07703,13.1998],[101.07727,13.1993],[101.07726,13.19876],[101.07802,13.19761],[101.07828,13.19753],[101.07866,13.19654],[101.07928,13.19503],[101.08009,13.19397],[101.08128,13.19351],[101.08174,13.19159],[101.08273,13.19098],[101.08349,13.19044],[101.08371,13.19016],[101.08513,13.18793],[101.08693,13.18543],[101.09334,13.18264],[101.09561,13.1825],[101.09678,13.18288],[101.09743,13.18294],[101.09856,13.18291],[101.10006,13.18329],[101.10085,13.18263],[101.10109,13.18263],[101.10388,13.18304],[101.10447,13.18291],[101.10576,13.18231],[101.10707,13.18164],[101.10864,13.18098],[101.11283,13.18184],[101.11322,13.18128],[101.11435,13.18093],[101.12088,13.1809],[101.12262,13.17999],[101.12434,13.18033],[101.12533,13.18045],[101.12571,13.1807],[101.12611,13.18081],[101.12849,13.18052],[101.12898,13.17808],[101.12972,13.17581],[101.12992,13.17517],[101.13026,13.17459],[101.13151,13.17387],[101.13213,13.1737],[101.13332,13.17316],[101.13505,13.17172],[101.13527,13.17111],[101.13611,13.16822],[101.1374,13.16652],[101.14034,13.16789],[101.1405,13.16741],[101.14052,13.1662],[101.1409,13.16579],[101.14275,13.16401],[101.14382,13.15819],[101.14426,13.1574],[101.14429,13.15683],[101.14423,13.15658],[101.14398,13.15624],[101.14418,13.15425],[101.14454,13.15211],[101.14455,13.14919],[101.14688,13.14768],[101.14788,13.14307],[101.149,13.14089],[101.16955,13.14112],[101.1704,13.14145],[101.17158,13.14131],[101.17278,13.14144],[101.17297,13.1416],[101.17414,13.14345],[101.17505,13.14433],[101.17581,13.14443],[101.17655,13.14493],[101.18026,13.14628],[101.18129,13.14554],[101.18314,13.14492],[101.18474,13.14584],[101.18511,13.14622],[101.18714,13.14668],[101.19007,13.14865],[101.19051,13.14923],[101.19034,13.15115],[101.19036,13.15165],[101.18988,13.15347],[101.1906,13.15272],[101.19099,13.15223],[101.19164,13.15182],[101.19264,13.15142],[101.19354,13.15076],[101.19629,13.14912],[101.19752,13.14843],[101.199,13.14778],[101.20083,13.146],[101.20068,13.14464],[101.20064,13.14324],[101.20092,13.14211],[101.20176,13.13937],[101.20491,13.13518],[101.20597,13.13433],[101.20501,13.13344],[101.20447,13.13227],[101.20646,13.12989],[101.2065,13.12936],[101.209,13.12672],[101.2091,13.12532],[101.21597,13.12037],[101.21778,13.12037],[101.22194,13.11596],[101.22322,13.11552],[101.22546,13.11289],[101.22583,13.11024],[101.22939,13.10969],[101.23115,13.10772],[101.23849,13.11042],[101.23972,13.11417],[101.24868,13.10893],[101.2506,13.10923],[101.25409,13.10946],[101.2561,13.11026],[101.25946,13.11006],[101.26072,13.10937],[101.26219,13.10949],[101.26347,13.10981],[101.26418,13.11322],[101.26851,13.11639],[101.27444,13.12025],[101.27596,13.12048],[101.27456,13.12347],[101.27653,13.12562],[101.27693,13.12736],[101.28502,13.12549],[101.28752,13.12661],[101.29266,13.12563],[101.29382,13.12152],[101.29517,13.11979],[101.29852,13.11972],[101.30006,13.12089],[101.3024,13.12087],[101.31035,13.12482],[101.31987,13.1266],[101.32113,13.12733],[101.31965,13.12845],[101.31775,13.13543],[101.31851,13.13743],[101.3187,13.1378],[101.31936,13.13839],[101.3202,13.14118],[101.31945,13.14229],[101.32199,13.14242],[101.32222,13.14351],[101.32222,13.14409],[101.32284,13.14644],[101.32463,13.1489],[101.32486,13.14992],[101.32488,13.15057],[101.32442,13.15449],[101.3268,13.15596],[101.3268,13.15617],[101.32549,13.15815],[101.32629,13.16088],[101.3277,13.16146],[101.33483,13.16788],[101.33742,13.17569],[101.33753,13.17641],[101.3349,13.17731],[101.33516,13.18799],[101.33566,13.1887],[101.33682,13.19178],[101.33806,13.19417],[101.33894,13.19314],[101.34096,13.19171],[101.34197,13.19183],[101.34224,13.19233],[101.34343,13.19323],[101.3431,13.19277],[101.3436,13.19174],[101.34628,13.19165],[101.34807,13.18932],[101.34912,13.18851],[101.34997,13.18805],[101.35008,13.18824],[101.35025,13.1889],[101.35071,13.18997],[101.3507,13.19073],[101.35143,13.19145],[101.35143,13.19188],[101.35203,13.1923],[101.3527,13.19238],[101.35364,13.19519],[101.35492,13.19615],[101.35678,13.19504],[101.35961,13.19695],[101.36317,13.19983],[101.36836,13.20349],[101.36936,13.20635],[101.37025,13.20661],[101.37252,13.20895],[101.37216,13.2123],[101.37301,13.21389],[101.37455,13.21481],[101.37559,13.2142],[101.37608,13.21414],[101.37742,13.21445],[101.37874,13.21537],[101.37889,13.21546],[101.38152,13.21266],[101.38352,13.21039],[101.38389,13.20973],[101.38441,13.20906],[101.38502,13.20849],[101.38695,13.20486],[101.38744,13.2038],[101.38852,13.20227],[101.38899,13.20124],[101.38984,13.19974],[101.39218,13.19789],[101.39435,13.19805],[101.39682,13.19463],[101.39974,13.19094],[101.40215,13.18821],[101.40449,13.18603],[101.40528,13.18527],[101.40652,13.18405],[101.40996,13.18061],[101.41069,13.18077],[101.41073,13.18062],[101.41173,13.17861],[101.41192,13.17801],[101.4125,13.17723],[101.4125,13.17713],[101.41183,13.17678],[101.41222,13.17611],[101.41289,13.17422],[101.41383,13.17287],[101.41422,13.17237],[101.41456,13.17173],[101.41534,13.17039],[101.41623,13.1695],[101.4168,13.16803],[101.41663,13.16753],[101.41589,13.16574],[101.41629,13.16537],[101.41651,13.16457],[101.41629,13.16392],[101.41891,13.16194],[101.42177,13.16011],[101.42427,13.15693],[101.42492,13.15764],[101.42635,13.1577],[101.42696,13.15658],[101.43149,13.15271],[101.43671,13.14907],[101.43708,13.14856],[101.43704,13.14876],[101.43706,13.14896],[101.43718,13.14924],[101.43715,13.1501],[101.43735,13.15076],[101.43653,13.15426],[101.43568,13.15657],[101.43572,13.15691],[101.43944,13.15728],[101.44023,13.15735],[101.44035,13.15762],[101.44097,13.15794],[101.44195,13.15876],[101.44241,13.15902],[101.44276,13.158],[101.44283,13.15628],[101.44547,13.15478],[101.44616,13.15449],[101.44686,13.15455],[101.44805,13.15433],[101.45204,13.1559],[101.45356,13.15517],[101.45485,13.15559],[101.4563,13.15686],[101.46046,13.15802],[101.46083,13.16371],[101.462,13.17263],[101.47255,13.17535],[101.47262,13.1781],[101.47342,13.17987],[101.47295,13.18182],[101.474,13.18392],[101.47751,13.18661],[101.48414,13.1875],[101.4844,13.18767],[101.48546,13.18852],[101.48588,13.18929],[101.48537,13.19004],[101.48419,13.19214],[101.48441,13.19273],[101.48629,13.19291],[101.48765,13.19333],[101.4879,13.19355],[101.48932,13.19334],[101.49032,13.19231],[101.49208,13.19108],[101.49273,13.19099],[101.49482,13.19378],[101.49816,13.19442],[101.50147,13.19773],[101.50168,13.19971],[101.50205,13.20027],[101.50272,13.20055],[101.50255,13.20162],[101.50233,13.20224],[101.50318,13.20345],[101.50346,13.20667],[101.50372,13.20732],[101.50484,13.20701],[101.50567,13.2082],[101.50576,13.20838],[101.50621,13.21025],[101.50644,13.21067],[101.50721,13.21228],[101.50736,13.2136],[101.50648,13.21429],[101.50608,13.2157],[101.50611,13.21591],[101.50673,13.21733],[101.50451,13.2221],[101.50478,13.22296],[101.50606,13.22429],[101.50665,13.22467],[101.50749,13.22479],[101.50622,13.22728],[101.50595,13.22745],[101.50544,13.22878],[101.5041,13.22921],[101.50277,13.22982],[101.50183,13.2308],[101.50112,13.2321],[101.50097,13.23343],[101.50202,13.23388],[101.50232,13.23385],[101.50317,13.23423],[101.50326,13.23434],[101.50361,13.23462],[101.5053,13.23451],[101.50581,13.23488],[101.50588,13.23501],[101.50613,13.23543],[101.50686,13.23561],[101.51024,13.23751],[101.51078,13.23809],[101.5146,13.24294],[101.5166,13.24381],[101.51685,13.24496],[101.51563,13.24637],[101.51156,13.25119],[101.51114,13.2543],[101.51066,13.25453],[101.51039,13.25582],[101.50913,13.25732],[101.50798,13.25788],[101.50748,13.25814],[101.50559,13.25991],[101.5054,13.26201],[101.50533,13.26234],[101.50409,13.26337],[101.50465,13.2639],[101.50508,13.26399],[101.50606,13.26469],[101.50632,13.26505],[101.50705,13.2671],[101.50625,13.2696],[101.50758,13.27366],[101.50754,13.27554],[101.5069,13.27732],[101.50765,13.27888],[101.50665,13.28242],[101.50705,13.28428],[101.51496,13.28325],[101.51913,13.28417],[101.52188,13.27996],[101.52436,13.28152],[101.52513,13.2824],[101.52747,13.28358],[101.52764,13.28704],[101.52979,13.29035],[101.53519,13.28622],[101.53873,13.28532],[101.53878,13.28647],[101.54434,13.29043],[101.54494,13.29417],[101.54609,13.29489],[101.54923,13.29512],[101.55673,13.29737],[101.55745,13.29681],[101.55863,13.29746],[101.55934,13.29786],[101.56026,13.29824],[101.56137,13.29832],[101.56221,13.29872],[101.56227,13.30062],[101.56205,13.30218],[101.56291,13.30255],[101.5634,13.30449],[101.56533,13.30667],[101.56624,13.30639],[101.56687,13.30698],[101.56729,13.30821],[101.56689,13.31072],[101.56778,13.31138],[101.56753,13.31225],[101.56792,13.31304],[101.56728,13.31567],[101.56729,13.31591],[101.56735,13.31668],[101.56685,13.31729],[101.56699,13.31749],[101.56706,13.31779],[101.56381,13.32003],[101.56329,13.32089],[101.56286,13.32122],[101.56268,13.32383],[101.56248,13.32418],[101.56355,13.32547],[101.56396,13.32559],[101.56432,13.32518],[101.56544,13.32509],[101.56593,13.32575],[101.56594,13.32666],[101.56513,13.32747],[101.56557,13.32815],[101.56588,13.32913],[101.56587,13.32954],[101.56553,13.32984],[101.56544,13.32998],[101.56535,13.3303],[101.56535,13.33045],[101.56538,13.33137],[101.56654,13.33223],[101.56923,13.33283],[101.57039,13.33407],[101.57111,13.3332],[101.57421,13.32689],[101.57455,13.32672],[101.5751,13.32627],[101.57639,13.32839],[101.57775,13.32703],[101.57833,13.32814],[101.57837,13.32944],[101.58234,13.32988],[101.58336,13.32952],[101.58292,13.32817],[101.58332,13.32765],[101.58398,13.32619],[101.58343,13.32488],[101.58285,13.32181],[101.58405,13.32197],[101.58602,13.32082],[101.58652,13.32084],[101.58654,13.32047],[101.58741,13.31979],[101.58682,13.31886],[101.58815,13.31879],[101.59067,13.31532],[101.59112,13.31454],[101.59111,13.31421],[101.59119,13.31403],[101.5952,13.31131],[101.59756,13.311],[101.59754,13.30999],[101.59932,13.30975],[101.59997,13.30827],[101.5984,13.30643],[101.59845,13.30484],[101.59881,13.30518],[101.5999,13.30574],[101.60052,13.306],[101.60149,13.30732],[101.60147,13.30777],[101.60224,13.30788],[101.60323,13.30805],[101.60366,13.30759],[101.60394,13.30798],[101.60567,13.30804],[101.60596,13.30772],[101.60829,13.30847],[101.60903,13.30935],[101.61084,13.30919],[101.6125,13.30997],[101.61717,13.30613],[101.61966,13.30527],[101.62128,13.30606],[101.62462,13.30615],[101.62562,13.30565],[101.6287,13.30276],[101.62926,13.30242],[101.63007,13.30103],[101.63041,13.29636],[101.63387,13.29409],[101.63376,13.29389],[101.63372,13.29344],[101.63578,13.29179],[101.63649,13.29169],[101.6388,13.29299],[101.64091,13.29114],[101.64177,13.29007],[101.64511,13.28768],[101.64542,13.28767],[101.64607,13.28717],[101.64611,13.2869],[101.64609,13.28626],[101.64632,13.28564],[101.64725,13.28527],[101.65024,13.28497],[101.6514,13.28302],[101.65478,13.2787],[101.65577,13.27696],[101.65843,13.27487],[101.66426,13.27403],[101.66626,13.27416],[101.66702,13.27405],[101.66941,13.26971],[101.67047,13.26616],[101.67049,13.26556],[101.67323,13.25844],[101.67341,13.25827],[101.67467,13.25671],[101.67569,13.25574],[101.68066,13.2526],[101.68217,13.25245],[101.68301,13.25262],[101.68483,13.25069],[101.68694,13.24719],[101.68677,13.24553],[101.68668,13.24536],[101.68662,13.24512],[101.68646,13.24382],[101.68711,13.2406],[101.68845,13.23473],[101.68838,13.2314],[101.68832,13.23105],[101.68981,13.22941],[101.69055,13.22691],[101.69386,13.22308],[101.69407,13.22135],[101.69961,13.21801],[101.70094,13.21654],[101.70141,13.21638],[101.70249,13.21333],[101.70236,13.21205],[101.70319,13.21022],[101.7046,13.20908],[101.70474,13.20873],[101.70595,13.20818],[101.7063,13.20808],[101.70653,13.20796],[101.70995,13.20674],[101.7108,13.20696],[101.71179,13.20687],[101.71288,13.20599],[101.71365,13.2057],[101.71417,13.20532],[101.71408,13.2048],[101.71312,13.20249],[101.71356,13.20168],[101.71396,13.20138],[101.71348,13.20103],[101.71326,13.19994],[101.7132,13.19925],[101.71287,13.19881],[101.71233,13.19835],[101.71271,13.19741],[101.71366,13.19637],[101.71367,13.19615],[101.71303,13.19489],[101.71258,13.1922],[101.71327,13.19148],[101.71396,13.19121],[101.71378,13.19052],[101.71547,13.18497],[101.71565,13.18413],[101.71836,13.18298],[101.71861,13.18291],[101.71886,13.18277],[101.71936,13.18267],[101.71979,13.1826],[101.72022,13.18281],[101.72074,13.18416],[101.72144,13.18425],[101.72192,13.18449],[101.72198,13.18393],[101.72295,13.18251],[101.72414,13.18296],[101.72625,13.18503],[101.72725,13.18608],[101.72842,13.18612],[101.72847,13.18642],[101.72914,13.18688],[101.73023,13.18739],[101.7321,13.18633],[101.73265,13.18663],[101.73287,13.18693],[101.73544,13.18906],[101.73576,13.19072],[101.73586,13.1908],[101.73639,13.19086],[101.73699,13.19057],[101.73936,13.19052],[101.75226,13.18929],[101.75907,13.18923],[101.75984,13.18895],[101.76151,13.1878],[101.76173,13.1878],[101.76226,13.18713],[101.76359,13.18606],[101.76648,13.18578],[101.76697,13.18587],[101.76716,13.18587],[101.76838,13.18502],[101.76883,13.18532],[101.77173,13.18408],[101.7732,13.18446],[101.77491,13.1864],[101.77493,13.18776],[101.77473,13.18818],[101.77537,13.18839],[101.77565,13.18891],[101.77977,13.19295],[101.78375,13.19629],[101.78365,13.19682],[101.78509,13.19782],[101.78921,13.20224],[101.79004,13.20282],[101.79112,13.2029],[101.79186,13.20254],[101.79335,13.20199],[101.79507,13.20192],[101.79599,13.20329],[101.79697,13.20642],[101.8051,13.21532],[101.80661,13.22023],[101.82029,13.2221],[101.82098,13.22266],[101.82223,13.22425],[101.82312,13.22477],[101.82331,13.22547],[101.82352,13.22587],[101.82371,13.22652],[101.82368,13.22732],[101.82422,13.22797],[101.82467,13.22909],[101.82471,13.23066],[101.82463,13.2322],[101.82641,13.23635],[101.82627,13.23685],[101.82626,13.23718],[101.82689,13.23803],[101.83103,13.23837],[101.83173,13.2386],[101.83243,13.23813],[101.83528,13.23511],[101.83588,13.23405],[101.8374,13.23536],[101.83737,13.23576],[101.83759,13.23644],[101.83876,13.23721],[101.83973,13.23752],[101.84194,13.23902],[101.84475,13.24012],[101.84594,13.2411],[101.84718,13.24296],[101.84912,13.24729],[101.84942,13.24795],[101.84896,13.24874],[101.84897,13.24915],[101.84956,13.24954],[101.85068,13.25044],[101.85118,13.25091],[101.8519,13.25186],[101.85284,13.25273],[101.85586,13.2523],[101.8612,13.2507],[101.86265,13.25016],[101.86418,13.24918],[101.86557,13.24851],[101.86706,13.24741],[101.86921,13.25018],[101.86996,13.24791],[101.86995,13.24606],[101.87097,13.24258],[101.87192,13.24203],[101.87334,13.23853],[101.87326,13.23725],[101.87315,13.23683],[101.8731,13.23642],[101.87285,13.23512],[101.87292,13.23365],[101.87258,13.23239],[101.87243,13.23153],[101.87254,13.23036],[101.87213,13.2286],[101.87217,13.22658],[101.87151,13.22521],[101.87128,13.22456],[101.87186,13.2238],[101.8723,13.22315],[101.87263,13.22286],[101.87347,13.2227],[101.87482,13.2231],[101.87523,13.22286],[101.87567,13.22278],[101.87617,13.22302],[101.87647,13.22331],[101.87666,13.22394],[101.87828,13.22361],[101.87861,13.22419],[101.87893,13.22488],[101.87952,13.22538],[101.87955,13.22559],[101.87877,13.22637],[101.87862,13.23092],[101.88745,13.23506],[101.88911,13.23275],[101.88891,13.23457],[101.88873,13.23829],[101.88884,13.23952],[101.88844,13.24078],[101.89661,13.24843],[101.89607,13.252],[101.8967,13.25387],[101.89707,13.25604],[101.89687,13.25746],[101.89678,13.25765],[101.89715,13.25831],[101.89747,13.25867],[101.89772,13.25918],[101.89782,13.25944],[101.89789,13.26034],[101.89776,13.26111],[101.89774,13.26126],[101.8976,13.26254],[101.89724,13.26285],[101.89702,13.26342],[101.89717,13.26388],[101.89713,13.26534],[101.90015,13.26668],[101.90066,13.26662],[101.9011,13.26653],[101.90446,13.26927],[101.90507,13.27019],[101.90507,13.27109],[101.90561,13.27184],[101.90525,13.27353],[101.90591,13.27397],[101.90585,13.27499],[101.90589,13.27549],[101.90497,13.27696],[101.90484,13.27741],[101.9049,13.27773],[101.90511,13.27805],[101.90523,13.2783],[101.90532,13.27858],[101.90498,13.27925],[101.90507,13.28183],[101.90408,13.28373],[101.90412,13.28556],[101.90433,13.2863],[101.91245,13.28874],[101.91426,13.29093],[101.91936,13.29264],[101.9215,13.29353],[101.92231,13.29373],[101.92577,13.29505],[101.92704,13.29565],[101.92718,13.29385],[101.93277,13.29223],[101.93544,13.29444],[101.93923,13.29328],[101.93971,13.29382],[101.94023,13.294],[101.94191,13.29268],[101.94288,13.2925],[101.94339,13.29253],[101.94639,13.29314],[101.94845,13.29445],[101.94981,13.29603],[101.95065,13.29714],[101.952,13.29861],[101.95445,13.3004],[101.95502,13.30109],[101.9555,13.30211],[101.95612,13.30315],[101.95678,13.30534],[101.95964,13.30769],[101.96004,13.30805],[101.9609,13.30928],[101.96108,13.31045],[101.96081,13.31262],[101.96267,13.31456],[101.9639,13.31789],[101.96487,13.32223],[101.96595,13.32261],[101.967,13.32489],[101.97485,13.32683],[101.97335,13.32954],[101.97325,13.33227],[101.97553,13.3353],[101.97694,13.33519],[101.97954,13.33307],[101.98055,13.3329],[101.98237,13.33204],[101.98401,13.33203],[101.98442,13.33314],[101.98481,13.33327],[101.98615,13.33351],[101.98744,13.33343],[101.99002,13.3328],[101.99126,13.3265],[101.9944,13.32228],[101.99929,13.31804],[102.00086,13.31722],[102.00163,13.31652],[102.01035,13.29158],[102.01221,13.28916],[102.01382,13.29241],[102.01445,13.2924],[102.01568,13.29055],[102.01764,13.28907],[102.0181,13.28882],[102.02355,13.28702],[102.02694,13.2878],[102.03327,13.28549],[102.03536,13.27916],[102.02912,13.26621],[102.03011,13.26005],[102.02871,13.25732],[102.0292,13.25594],[102.02834,13.24712],[102.02834,13.24666],[102.02886,13.24434],[102.02872,13.24324],[102.02847,13.24237],[102.02678,13.23921],[102.02861,13.23635],[102.02866,13.23589],[102.02649,13.23148],[102.02945,13.22907],[102.03004,13.22691],[102.03053,13.22597],[102.03071,13.2243],[102.0299,13.22252],[102.03006,13.22083],[102.03147,13.21994],[102.03246,13.21941],[102.03601,13.21692],[102.03527,13.21543],[102.03469,13.2148],[102.03206,13.21026],[102.03302,13.20444],[102.03242,13.2032],[102.03231,13.20269],[102.03231,13.20155],[102.03212,13.20074],[102.03484,13.19524],[102.03598,13.19458],[102.03656,13.19426],[102.03882,13.19221],[102.03942,13.18247],[102.03111,13.17836],[102.0321,13.17572],[102.03207,13.17526],[102.03059,13.17291],[102.03304,13.17105],[102.03365,13.16689],[102.03645,13.16342],[102.03676,13.16324],[102.03859,13.16336],[102.03859,13.16095],[102.04203,13.16098],[102.04376,13.16129],[102.04783,13.1601],[102.04944,13.16034],[102.0544,13.15651],[102.05559,13.1569],[102.0564,13.15635],[102.05679,13.15513],[102.06165,13.14845],[102.06322,13.14375],[102.06339,13.14366],[102.06393,13.14344],[102.06349,13.14109],[102.06469,13.13997],[102.06484,13.1386],[102.06455,13.13806],[102.0643,13.1372],[102.06426,13.13671],[102.06428,13.13637],[102.06936,13.13485],[102.0705,13.13491],[102.0714,13.13347],[102.07104,13.13201],[102.07547,13.12438],[102.07875,13.12488],[102.0816,13.12434],[102.08392,13.12512],[102.08632,13.12661],[102.08694,13.12691],[102.09293,13.12685],[102.09459,13.12541],[102.0984,13.12399],[102.10368,13.12268],[102.10553,13.12264],[102.10608,13.1223],[102.10608,13.12149],[102.10572,13.12007],[102.10605,13.11923],[102.10822,13.11799],[102.11059,13.11868],[102.11008,13.1195],[102.11301,13.12274],[102.11434,13.12339],[102.11481,13.1275],[102.11446,13.1293],[102.11648,13.1321],[102.11911,13.13216],[102.12226,13.12917],[102.12223,13.12595],[102.12434,13.1227],[102.12398,13.12194],[102.1241,13.12078],[102.12435,13.11844],[102.12425,13.11775],[102.12437,13.11694],[102.12602,13.11604],[102.12604,13.11353],[102.12756,13.11294],[102.12802,13.11199],[102.12743,13.11132],[102.12655,13.11057],[102.12786,13.10785],[102.12757,13.10608],[102.12758,13.10518],[102.12808,13.10395],[102.12993,13.10473],[102.13158,13.10384],[102.13208,13.10384],[102.13293,13.10419],[102.1341,13.10177],[102.13551,13.10083],[102.13785,13.09975],[102.13911,13.09939],[102.14367,13.09691],[102.1439,13.09691],[102.14455,13.09641],[102.14606,13.09519],[102.14608,13.09501],[102.14628,13.09409],[102.14976,13.09094],[102.15376,13.08338],[102.15408,13.07996],[102.15421,13.07917],[102.15414,13.07841],[102.15149,13.07339],[102.15545,13.06569],[102.15452,13.06318],[102.15503,13.06027],[102.15632,13.0546],[102.15594,13.05373],[102.15582,13.05116],[102.15594,13.05018],[102.15821,13.0468],[102.15916,13.04562],[102.16039,13.04518],[102.16104,13.04565],[102.16006,13.04324],[102.16026,13.04286],[102.16346,13.04092],[102.16384,13.04045],[102.16448,13.04015],[102.16795,13.03235],[102.1681,13.03192],[102.16814,13.03124],[102.16875,13.02782],[102.16943,13.0265],[102.17185,13.02502],[102.17388,13.0212],[102.17382,13.0183],[102.17163,13.01381],[102.17873,13.00215],[102.17933,13.00136],[102.17992,13.00034],[102.18612,12.99563],[102.18375,12.99445],[102.18269,12.99377],[102.18241,12.99348],[102.18172,12.99059],[102.18117,12.98985],[102.18088,12.98878],[102.17662,12.98547],[102.17556,12.98433],[102.17536,12.9833],[102.17425,12.97382],[102.17782,12.96602],[102.1802,12.96428],[102.18133,12.96097],[102.18295,12.95647],[102.18599,12.95328],[102.18683,12.95242],[102.18854,12.95099],[102.19191,12.94778],[102.19178,12.94694],[102.19148,12.94649],[102.19243,12.94191],[102.19772,12.93789],[102.19879,12.9365],[102.19979,12.93576],[102.20043,12.93493],[102.20262,12.9306],[102.20259,12.92604],[102.20667,12.92111],[102.20817,12.92158],[102.21975,12.91541],[102.21941,12.91331],[102.22847,12.9042],[102.23329,12.90563],[102.23584,12.90522],[102.24739,12.90064],[102.24909,12.90062],[102.25037,12.9008],[102.2496,12.89986],[102.24943,12.89927],[102.24929,12.89904],[102.24899,12.89877],[102.24934,12.89823],[102.24973,12.89712],[102.24933,12.89694],[102.24862,12.8952],[102.25088,12.89405],[102.25117,12.89265],[102.25214,12.89269],[102.25239,12.89158],[102.25453,12.89108],[102.25532,12.89172],[102.25547,12.89174],[102.2559,12.89063],[102.25527,12.88955],[102.25561,12.88879],[102.25609,12.88833],[102.25715,12.88748],[102.25708,12.88665],[102.2563,12.88607],[102.25615,12.88562],[102.25568,12.88508],[102.24797,12.88292],[102.24796,12.88139],[102.24875,12.88109],[102.24942,12.88119],[102.25232,12.876],[102.25123,12.87515],[102.2508,12.8713],[102.25174,12.87021],[102.25361,12.87117],[102.25596,12.86893],[102.25695,12.86881],[102.25834,12.8683],[102.25873,12.86845],[102.25902,12.86914],[102.25911,12.87007],[102.25986,12.87081],[102.26105,12.87081],[102.26126,12.87123],[102.2616,12.87093],[102.26239,12.87093],[102.26293,12.87073],[102.26716,12.86809],[102.26718,12.86666],[102.26819,12.86645],[102.26907,12.86468],[102.27012,12.86376],[102.2716,12.86451],[102.27218,12.86518],[102.27303,12.86641],[102.27618,12.8668],[102.27646,12.8653],[102.27644,12.86512],[102.27686,12.86444],[102.27702,12.86423],[102.27771,12.8623],[102.27767,12.86204],[102.27704,12.86157],[102.27634,12.85974],[102.27658,12.85896],[102.27704,12.85877],[102.27746,12.85755],[102.27834,12.8561],[102.27872,12.85571],[102.27922,12.85542],[102.2797,12.85425],[102.27905,12.85312],[102.27959,12.85248],[102.27996,12.85141],[102.28006,12.85013],[102.27963,12.8497],[102.27951,12.84889],[102.27969,12.84815],[102.27969,12.84794],[102.27969,12.84767],[102.27973,12.84674],[102.28219,12.84307],[102.28468,12.84346],[102.28531,12.84362],[102.2859,12.84316],[102.28778,12.8431],[102.28804,12.84357],[102.28978,12.84344],[102.29161,12.84422],[102.29202,12.84424],[102.29246,12.84384],[102.29469,12.84419],[102.29976,12.83872],[102.30006,12.83752],[102.30259,12.8358],[102.30363,12.83568],[102.30507,12.83443],[102.30614,12.83377],[102.30719,12.83347],[102.30754,12.83345],[102.30958,12.83208],[102.3102,12.83098],[102.30985,12.8302],[102.30937,12.82544],[102.30936,12.82418],[102.30949,12.82332],[102.31004,12.82262],[102.3095,12.82032],[102.3117,12.81885],[102.31242,12.81838],[102.31269,12.81739],[102.31876,12.8148],[102.31988,12.81198],[102.31973,12.81137],[102.31993,12.81099],[102.31995,12.81055],[102.31978,12.81005],[102.32017,12.80942],[102.32135,12.80901],[102.32153,12.80867],[102.32331,12.80868],[102.32482,12.80919],[102.32591,12.81135],[102.32605,12.81234],[102.33384,12.81173],[102.33494,12.81326],[102.34011,12.80956],[102.34322,12.8101],[102.34546,12.80961],[102.34748,12.8106],[102.34947,12.81086],[102.35094,12.81352],[102.35241,12.81387],[102.3531,12.81307],[102.3571,12.80909],[102.35839,12.80901],[102.35891,12.80851],[102.3592,12.80779],[102.36312,12.80636],[102.3652,12.80518],[102.368,12.79913],[102.36863,12.79837],[102.36897,12.79802],[102.37048,12.7968],[102.37592,12.79112],[102.37577,12.78708],[102.37403,12.78499],[102.37295,12.78413],[102.37184,12.78255],[102.37033,12.7824],[102.37127,12.7792],[102.3714,12.77885],[102.37281,12.77729],[102.37303,12.77697],[102.37643,12.7695],[102.37588,12.76818],[102.37595,12.7652],[102.37836,12.76228],[102.37822,12.76091],[102.38125,12.76043],[102.38386,12.76056],[102.38476,12.76065],[102.38519,12.76064],[102.38563,12.76055],[102.38639,12.76024],[102.38783,12.75919],[102.38901,12.75845],[102.39065,12.75679],[102.39243,12.75614],[102.3929,12.75622],[102.39393,12.75681],[102.39857,12.76079],[102.39959,12.76199],[102.40058,12.76435],[102.4021,12.76636],[102.40285,12.76711],[102.40493,12.76978],[102.40671,12.77045],[102.40714,12.77084],[102.40814,12.77202],[102.40867,12.77242],[102.41354,12.77124],[102.41389,12.77114],[102.41429,12.7711],[102.41682,12.76883],[102.42425,12.75796],[102.42579,12.75897],[102.42538,12.7609],[102.42522,12.76158],[102.42557,12.76285],[102.42722,12.76289],[102.43448,12.76377],[102.43623,12.76309],[102.43939,12.76037],[102.44141,12.75972],[102.44516,12.75718],[102.44616,12.75874],[102.44994,12.75891],[102.45334,12.75977],[102.4552,12.76114],[102.46372,12.76099],[102.46452,12.76049],[102.46739,12.75952],[102.46881,12.75846],[102.47211,12.75637],[102.47333,12.75552],[102.47517,12.75552],[102.47914,12.75356],[102.48051,12.75318],[102.48272,12.75368],[102.48418,12.75524],[102.48669,12.75619],[102.49096,12.75665],[102.49374,12.75273],[102.49382,12.75173],[102.49384,12.74971],[102.49508,12.74653],[102.49548,12.7458],[102.49619,12.74507],[102.49718,12.74217],[102.4996,12.74009],[102.50021,12.73934],[102.50456,12.73095],[102.50384,12.71307],[102.49756,12.70366],[102.51031,12.69037],[102.50506,12.6841],[102.51036,12.67049],[102.53374,12.6527],[102.54447,12.65575],[102.55305,12.6524],[102.56843,12.65822],[102.58089,12.65247],[102.58284,12.64474],[102.60601,12.62809],[102.61668,12.61559],[102.62986,12.61016],[102.64619,12.61037],[102.64813,12.60015],[102.64439,12.58581],[102.66148,12.58355],[102.66868,12.5634],[102.68559,12.54765],[102.67824,12.54288],[102.69748,12.52698],[102.697,12.51946],[102.71494,12.50717],[102.72424,12.51334],[102.72879,12.50887],[102.72008,12.48653],[102.73369,12.4893],[102.74048,12.4824],[102.73773,12.46575],[102.74605,12.45731],[102.7654,12.45634],[102.77448,12.43445],[102.78211,12.4342],[102.78779,12.41079],[102.78501,12.40029],[102.77418,12.39576],[102.74997,12.39219],[102.74341,12.38807],[102.72789,12.36632],[102.72362,12.34997],[102.72697,12.32408],[102.72501,12.29389],[102.71407,12.26545],[102.71828,12.24952],[102.71781,12.22107],[102.7139,12.22156],[102.70911,12.20481],[102.7126,12.19702],[102.70493,12.17272],[102.70901,12.1678],[102.71183,12.14978],[102.72042,12.13531],[102.72947,12.13047],[102.73711,12.10712],[102.75232,12.0945],[102.75804,12.08059],[102.77087,12.07426],[102.7744,12.05506],[102.77436,12.03376],[102.78078,12.02342],[102.77695,12.00281],[102.78393,11.97789],[102.79062,11.97716],[102.80093,11.94835],[102.80982,11.94349],[102.8154,11.93123],[102.81395,11.9213],[102.82241,11.9054],[102.82004,11.89194],[102.83475,11.85455],[102.84478,11.84548],[102.85266,11.82614],[102.86258,11.82163],[102.868,11.80495],[102.88619,11.80002],[102.88095,11.79156],[102.89229,11.78665],[102.90332,11.77077],[102.91065,11.74245],[102.91222,11.70318],[102.91072,11.68139],[102.91414,11.65103],[102.90912,11.64994],[102.90089,11.68375],[102.90669,11.71184],[102.9006,11.733],[102.88681,11.76243],[102.8675,11.79319],[102.83268,11.83561],[102.80956,11.86693],[102.77701,11.907],[102.7728,11.9205],[102.78143,11.92926],[102.78455,11.94253],[102.77876,11.96122],[102.76593,11.98344],[102.77112,11.99184],[102.76602,12.0051],[102.76617,12.02194],[102.74393,12.05222],[102.67584,12.10786],[102.65902,12.12412],[102.64064,12.1347],[102.6255,12.14888],[102.62704,12.1555],[102.64578,12.15439],[102.64417,12.17645],[102.63645,12.18353],[102.5992,12.20422],[102.59248,12.21138],[102.57833,12.2032],[102.55733,12.20555],[102.56131,12.18557],[102.57354,12.16573],[102.55733,12.1649],[102.5609,12.1423],[102.55604,12.13124],[102.56661,12.11732],[102.56011,12.10843],[102.55875,12.09538],[102.57278,12.08719],[102.58849,12.05895],[102.58361,12.04328],[102.57854,12.04941],[102.54754,12.05877],[102.55121,12.08265],[102.5365,12.10821],[102.51817,12.12279],[102.48294,12.13659],[102.46765,12.15175],[102.47177,12.16458],[102.45579,12.1636],[102.43517,12.16906],[102.39813,12.16804],[102.36885,12.19353],[102.34753,12.19886],[102.33386,12.1966],[102.32621,12.19013],[102.32749,12.18291],[102.31346,12.18231],[102.30686,12.18863],[102.3001,12.18604],[102.28878,12.19106],[102.27713,12.20509],[102.28218,12.21268],[102.2787,12.22366],[102.28513,12.22149],[102.28864,12.22969],[102.27991,12.25064],[102.26918,12.26483],[102.25898,12.28926],[102.25602,12.30499],[102.24312,12.31233],[102.21197,12.33543],[102.18959,12.36564],[102.15381,12.39996],[102.13783,12.40725],[102.12519,12.40331],[102.11578,12.40941],[102.12382,12.41521],[102.11739,12.42658],[102.10777,12.4224],[102.11325,12.43431],[102.09105,12.46348],[102.06939,12.47788],[102.05739,12.47992],[102.06078,12.46996],[102.04293,12.47258],[102.03961,12.48735],[102.0428,12.49696],[102.02902,12.51471],[102.00412,12.53233],[101.97211,12.54299],[101.94934,12.54001],[101.95757,12.55961],[101.95334,12.57086],[101.96237,12.58476],[101.9503,12.59632],[101.95977,12.60908],[101.95281,12.60611],[101.93328,12.58194],[101.94108,12.575],[101.94644,12.55242],[101.94891,12.51641],[101.94397,12.53225],[101.92923,12.53642],[101.92178,12.54926],[101.89941,12.56907],[101.88565,12.57519],[101.89246,12.58129],[101.90127,12.57217],[101.90918,12.57728],[101.90448,12.59727],[101.89477,12.60299],[101.88325,12.60144],[101.88443,12.58711],[101.87808,12.60128],[101.86992,12.60812],[101.86466,12.61997],[101.8632,12.6424],[101.85263,12.65311],[101.82616,12.67237],[101.79501,12.68897],[101.77363,12.69712],[101.76701,12.70342],[101.74846,12.70765],[101.72746,12.70284],[101.7244,12.70548],[101.70406,12.69599],[101.69087,12.69483],[101.67136,12.68318],[101.64571,12.64211],[101.62231,12.64855],[101.59324,12.65341],[101.57269,12.65083],[101.56394,12.64464],[101.56611,12.63355],[101.55646,12.62706],[101.52835,12.63074],[101.49644,12.62956],[101.47408,12.63302],[101.45064,12.63093],[101.43653,12.62664],[101.423,12.61331],[101.42482,12.60087],[101.41852,12.58327],[101.40413,12.59961],[101.36667,12.62055],[101.31995,12.64126],[101.28382,12.65474],[101.23179,12.66568],[101.19276,12.66962],[101.15799,12.67088],[101.15806,12.66172],[101.16687,12.66174],[101.16676,12.63951],[101.15715,12.63975],[101.15719,12.65806],[101.15136,12.6581],[101.15148,12.67327],[101.1395,12.67339],[101.14004,12.6584],[101.13251,12.66533],[101.1326,12.67475],[101.10086,12.67854],[101.0934,12.67515],[101.06757,12.6748],[101.04491,12.66548],[101.00239,12.65875],[100.97176,12.645],[100.96619,12.63282],[100.96804,12.61619],[100.96413,12.59551],[100.94459,12.6017],[100.92468,12.61184],[100.91418,12.6285],[100.92703,12.63338],[100.92697,12.64452],[100.91839,12.65681],[100.89659,12.66096],[100.88528,12.65418],[100.85196,12.64827],[100.84935,12.65642],[100.85838,12.66075],[100.85238,12.67429],[100.84261,12.67097],[100.83926,12.68266],[100.84659,12.68876],[100.83803,12.69911],[100.83387,12.715],[100.83429,12.73441],[100.84065,12.75251],[100.85297,12.75336],[100.86014,12.76639],[100.87206,12.76884],[100.87911,12.76072],[100.89453,12.76689],[100.90309,12.77781],[100.91335,12.80727],[100.90968,12.82756],[100.89595,12.86005],[100.88401,12.8785],[100.85592,12.90971],[100.86272,12.92979],[100.87098,12.92561],[100.88105,12.93427],[100.88457,12.94591],[100.88297,12.97038],[100.89319,12.97494],[100.89873,12.97027],[100.91903,12.98689],[100.92749,13.00661],[100.92481,13.02767],[100.9145,13.04494],[100.89298,13.03881],[100.89044,13.04694],[100.90638,13.05161],[100.90506,13.05647],[100.88907,13.052],[100.8845,13.05998],[100.89804,13.06771],[100.88284,13.06357],[100.87834,13.07115],[100.88613,13.07571],[100.87863,13.08099],[100.87255,13.07614],[100.87889,13.10832],[100.89898,13.12649],[100.90061,13.1438],[100.92533,13.16964],[100.92982,13.19162],[100.93639,13.20318],[100.93632,13.21521],[100.92752,13.2584],[100.91607,13.28164],[100.8977,13.30262],[100.90299,13.31756],[100.91827,13.31558],[100.91924,13.3306],[100.92619,13.34186],[100.93541,13.33869],[100.94672,13.34642],[100.96988,13.35252],[100.98438,13.39384],[100.9684,13.43],[100.96755,13.443],[100.97225,13.46607],[100.98167,13.47068],[100.98739,13.47063],[100.99099,13.47102],[100.99328,13.47098],[100.99303,13.46474],[100.99321,13.46418],[100.99472,13.46126],[100.99654,13.45897],[101.00017,13.4423],[101.00089,13.43901],[101.00288,13.43027],[101.00182,13.42611],[100.99807,13.42187],[100.99747,13.41984],[100.99757,13.41901],[100.99897,13.41449],[101.00121,13.40775],[101.0038,13.40262],[101.00757,13.39753],[101.01212,13.39143],[101.01505,13.38752],[101.01873,13.38265],[101.02003,13.37677],[101.01985,13.37572],[101.01881,13.36963],[101.0183,13.36662],[101.02931,13.35908],[101.02992,13.35769],[101.0336,13.35369],[101.03441,13.34464],[101.03599,13.34428],[101.03676,13.34179],[101.03933,13.34061],[101.04109,13.33767],[101.04122,13.33605],[101.04164,13.33237],[101.04219,13.33057],[101.04099,13.32836],[101.03957,13.32732],[101.04102,13.32183],[101.04062,13.32074],[101.04066,13.31969],[101.03951,13.3171],[101.03898,13.31639],[101.03863,13.31576],[101.03871,13.31453],[101.03906,13.31379],[101.03944,13.31346],[101.03953,13.31335],[101.0396,13.31321],[101.03953,13.31233],[101.03956,13.31216],[101.03974,13.31169],[101.03971,13.31127],[101.03893,13.31103],[101.03819,13.31104],[101.03709,13.30982],[101.03624,13.30874],[101.03545,13.3083],[101.03536,13.30777],[101.03543,13.30745],[101.0353,13.30711],[101.03464,13.30703],[101.03394,13.30683],[101.03327,13.30646],[101.03338,13.30608],[101.0335,13.30595],[101.03412,13.30384],[101.03447,13.3031],[101.03431,13.30293],[101.03287,13.30187],[101.03194,13.3014],[101.03057,13.29994],[101.02965,13.29907],[101.02954,13.29898],[101.02741,13.29107],[101.02764,13.28945],[101.0274,13.28922],[101.02489,13.28824]]]]}},{"type":"Feature","properties":{"code":"18","name":"ลุ่มน้ำเพชรบุรี-ประจวบคีรีขันธ์"},"geometry":{"type":"MultiPolygon","coordinates":[[[[99.99879,13.33269],[99.9806,13.32114],[99.98025,13.31758],[99.95541,13.30637],[99.95045,13.28284],[99.94127,13.26611],[99.95086,13.26331],[99.97004,13.24341],[99.97616,13.24456],[99.99222,13.22776],[100.00794,13.19656],[100.01963,13.1844],[100.02578,13.1834],[100.06351,13.161],[100.06834,13.15186],[100.06223,13.12789],[100.06423,13.08953],[100.06702,13.08019],[100.08403,13.06114],[100.10183,13.05627],[100.09371,13.04021],[100.06159,12.9996],[100.04349,12.97194],[100.02826,12.9298],[100.02483,12.89237],[100.01521,12.8675],[100.01605,12.86233],[100.00041,12.8386],[99.97122,12.75699],[99.96485,12.72984],[99.96361,12.69008],[99.95817,12.66013],[99.95486,12.62074],[99.95594,12.58757],[99.96332,12.569],[99.96826,12.53934],[99.97717,12.5197],[99.98225,12.51815],[99.97484,12.5],[99.97664,12.47112],[99.98405,12.4507],[99.98119,12.42627],[99.99206,12.41269],[99.99939,12.38492],[100.00033,12.36821],[99.99816,12.34283],[100.00094,12.33521],[99.99447,12.33094],[99.98208,12.30151],[99.97458,12.26498],[99.981,12.24746],[100.00551,12.22228],[100.00293,12.21295],[100.01627,12.19951],[100.01985,12.18868],[100.00535,12.1696],[99.98021,12.14705],[99.96874,12.13314],[99.96131,12.11167],[99.96807,12.09891],[99.96305,12.08722],[99.94288,12.08193],[99.90962,12.04227],[99.87206,12.00357],[99.85682,11.98379],[99.84126,11.95912],[99.81824,11.90709],[99.81216,11.87714],[99.8168,11.86508],[99.82569,11.86571],[99.82354,11.85366],[99.83546,11.84152],[99.83033,11.83745],[99.81385,11.837],[99.79868,11.81768],[99.80176,11.79818],[99.81409,11.7834],[99.80488,11.78285],[99.7969,11.76541],[99.80475,11.7607],[99.80315,11.75263],[99.81113,11.74114],[99.7986,11.73976],[99.78974,11.74396],[99.75717,11.71609],[99.73214,11.68923],[99.72346,11.67495],[99.71616,11.65548],[99.67675,11.59112],[99.65352,11.54852],[99.63715,11.51306],[99.62675,11.46846],[99.61935,11.46408],[99.6128,11.44962],[99.60532,11.41717],[99.59973,11.41478],[99.59929,11.40373],[99.58492,11.37602],[99.5806,11.35705],[99.57282,11.35757],[99.56006,11.33509],[99.55477,11.31889],[99.55039,11.29132],[99.55108,11.26602],[99.55556,11.2466],[99.56692,11.22278],[99.58095,11.21289],[99.57728,11.19274],[99.56733,11.18405],[99.56058,11.18779],[99.56334,11.20203],[99.54481,11.2077],[99.52486,11.19863],[99.51179,11.18669],[99.49514,11.16117],[99.48699,11.13547],[99.48637,11.11823],[99.4923,11.08953],[99.49721,11.05424],[99.50181,11.04163],[99.49765,10.98919],[99.48992,10.96439],[99.49131,10.93856],[99.50257,10.91546],[99.51952,10.89546],[99.50772,10.88177],[99.50997,10.87356],[99.5008,10.86578],[99.48433,10.88851],[99.47835,10.88742],[99.46703,10.87161],[99.44148,10.87156],[99.43378,10.85538],[99.43256,10.82603],[99.42346,10.79552],[99.41137,10.77077],[99.41331,10.76311],[99.40504,10.7547],[99.394,10.76228],[99.37846,10.76524],[99.37123,10.77262],[99.37025,10.78366],[99.37887,10.80695],[99.37394,10.82375],[99.35139,10.83052],[99.34427,10.83744],[99.31866,10.83847],[99.3076,10.84533],[99.30444,10.85624],[99.29736,10.85702],[99.30137,10.8664],[99.31317,10.86778],[99.30821,10.87749],[99.32555,10.89086],[99.32711,10.91721],[99.3335,10.92434],[99.32511,10.94374],[99.32941,10.95768],[99.32611,10.97067],[99.33394,10.98679],[99.33713,11.00674],[99.34489,11.02365],[99.33662,11.03391],[99.32859,11.02134],[99.31525,11.01071],[99.30748,11.01021],[99.2748,11.02093],[99.27443,11.02892],[99.2634,11.04737],[99.27811,11.05561],[99.28187,11.06859],[99.30073,11.0647],[99.3093,11.07531],[99.3227,11.08133],[99.32381,11.10111],[99.31643,11.10694],[99.32388,11.12287],[99.32779,11.14041],[99.33617,11.14734],[99.3313,11.15067],[99.33072,11.1636],[99.32175,11.16546],[99.30712,11.17808],[99.2986,11.17903],[99.29336,11.19844],[99.30973,11.22053],[99.3084,11.23774],[99.29626,11.24761],[99.30731,11.25519],[99.31115,11.26685],[99.32588,11.28544],[99.32369,11.29823],[99.3124,11.31587],[99.32647,11.32892],[99.32696,11.33541],[99.34224,11.33277],[99.34441,11.3481],[99.35829,11.35961],[99.36558,11.37115],[99.39672,11.38351],[99.40224,11.38865],[99.39887,11.40054],[99.40357,11.40527],[99.40281,11.42395],[99.3947,11.43871],[99.40037,11.44442],[99.39139,11.45316],[99.3975,11.46361],[99.41202,11.46702],[99.41101,11.47305],[99.41993,11.48091],[99.44424,11.48136],[99.44634,11.50166],[99.46027,11.51485],[99.47446,11.53328],[99.47138,11.54689],[99.46334,11.54957],[99.4685,11.56682],[99.45845,11.58347],[99.46391,11.58929],[99.46216,11.59896],[99.46761,11.61425],[99.48311,11.62679],[99.4933,11.62524],[99.49865,11.63265],[99.51615,11.63682],[99.53123,11.62093],[99.55043,11.62843],[99.56552,11.62662],[99.57247,11.63666],[99.57001,11.64212],[99.58654,11.66127],[99.58266,11.67732],[99.58755,11.68741],[99.59969,11.69699],[99.60236,11.70717],[99.61546,11.71068],[99.62028,11.72235],[99.63011,11.72256],[99.63848,11.73082],[99.63703,11.7556],[99.64456,11.77416],[99.64119,11.78928],[99.64584,11.79061],[99.65305,11.81317],[99.65951,11.81057],[99.66505,11.823],[99.65261,11.82978],[99.63932,11.82681],[99.62491,11.83159],[99.62555,11.84872],[99.61354,11.85883],[99.61029,11.86841],[99.59971,11.87878],[99.58831,11.87209],[99.58903,11.88685],[99.57989,11.90265],[99.58669,11.91762],[99.58579,11.93086],[99.57954,11.94392],[99.59118,11.95098],[99.59382,11.97117],[99.59032,11.98108],[99.59247,11.99232],[99.57483,12.00764],[99.53789,12.01429],[99.54161,12.03101],[99.53279,12.05245],[99.53412,12.0655],[99.55055,12.08318],[99.55635,12.09491],[99.55577,12.11364],[99.57095,12.14504],[99.54956,12.15035],[99.53968,12.14403],[99.53026,12.14782],[99.50072,12.14366],[99.49159,12.12823],[99.48075,12.13354],[99.47375,12.13115],[99.47701,12.16306],[99.48696,12.16557],[99.48809,12.18138],[99.49534,12.18972],[99.48757,12.21803],[99.47108,12.23472],[99.48247,12.25274],[99.48057,12.26662],[99.48469,12.27317],[99.47502,12.2829],[99.4613,12.28703],[99.46236,12.29728],[99.44866,12.31226],[99.44611,12.3319],[99.43425,12.34308],[99.44389,12.35522],[99.43246,12.36399],[99.44224,12.38179],[99.44211,12.40109],[99.44599,12.40643],[99.42732,12.4235],[99.42478,12.44858],[99.41408,12.45001],[99.40068,12.45943],[99.40624,12.48092],[99.42517,12.49104],[99.41983,12.50575],[99.41785,12.526],[99.422,12.52757],[99.4237,12.55647],[99.43024,12.55543],[99.43574,12.56604],[99.42773,12.57726],[99.44059,12.5814],[99.42522,12.59516],[99.42128,12.60811],[99.41152,12.61595],[99.39719,12.61217],[99.36564,12.62497],[99.36711,12.63308],[99.35484,12.64083],[99.34384,12.64261],[99.34493,12.64816],[99.33385,12.66537],[99.31411,12.6672],[99.29398,12.67769],[99.3007,12.69031],[99.29029,12.69859],[99.29031,12.71419],[99.27862,12.71581],[99.2698,12.72913],[99.24701,12.71914],[99.23902,12.72582],[99.22837,12.74269],[99.23406,12.75111],[99.23376,12.78203],[99.22786,12.79028],[99.22524,12.81248],[99.2182,12.82833],[99.21112,12.82389],[99.20463,12.8379],[99.18929,12.8449],[99.18489,12.86166],[99.18854,12.88034],[99.18074,12.88724],[99.18263,12.91107],[99.17515,12.9208],[99.16583,12.92419],[99.17257,12.94293],[99.18417,12.94467],[99.19543,12.95631],[99.18706,12.97745],[99.19494,12.99042],[99.18036,12.9932],[99.16887,13.00946],[99.17123,13.01401],[99.14632,13.03272],[99.12511,13.03847],[99.10963,13.06355],[99.10362,13.06415],[99.09972,13.07783],[99.12136,13.09583],[99.12984,13.09569],[99.12797,13.11484],[99.13688,13.13297],[99.13046,13.14259],[99.13729,13.14986],[99.13354,13.16477],[99.11693,13.17674],[99.12362,13.18228],[99.12323,13.19429],[99.13165,13.20293],[99.15637,13.20831],[99.17361,13.20296],[99.1809,13.1937],[99.19816,13.19332],[99.21057,13.20738],[99.21103,13.20717],[99.21564,13.2011],[99.22914,13.20306],[99.27013,13.14874],[99.28143,13.15223],[99.29631,13.16266],[99.30505,13.16379],[99.31042,13.17147],[99.32379,13.17704],[99.31873,13.1892],[99.31858,13.20771],[99.32609,13.23211],[99.3384,13.23268],[99.35115,13.24321],[99.35893,13.23238],[99.36764,13.23414],[99.37115,13.22076],[99.39414,13.21271],[99.399,13.21776],[99.40789,13.21113],[99.41127,13.20056],[99.4319,13.19568],[99.43689,13.18581],[99.45441,13.18486],[99.47841,13.20092],[99.48489,13.19093],[99.49473,13.19814],[99.4974,13.20814],[99.49062,13.2242],[99.49459,13.23594],[99.48738,13.25302],[99.48783,13.26703],[99.47988,13.28452],[99.49182,13.29796],[99.50499,13.29513],[99.50541,13.312],[99.51664,13.31701],[99.51884,13.34193],[99.52778,13.35151],[99.52302,13.36327],[99.53782,13.36554],[99.54859,13.37547],[99.55605,13.36847],[99.55981,13.38051],[99.58083,13.38685],[99.58675,13.40895],[99.59774,13.40857],[99.61797,13.42171],[99.62202,13.43379],[99.63528,13.43429],[99.65249,13.43971],[99.66804,13.45492],[99.69339,13.45843],[99.70385,13.46712],[99.72077,13.46281],[99.72718,13.44719],[99.73577,13.44],[99.73347,13.42741],[99.72339,13.42368],[99.74016,13.39768],[99.7524,13.39434],[99.76016,13.3992],[99.78093,13.37887],[99.79696,13.37039],[99.80066,13.36372],[99.82729,13.3673],[99.83818,13.37167],[99.87025,13.37427],[99.88703,13.38597],[99.93807,13.39431],[99.94549,13.39164],[99.9836,13.39561],[99.9805,13.38396],[100.0,13.35785],[99.99879,13.33269]]]]}},{"type":"Feature","properties":{"code":"19","name":"ลุ่มน้ำภาคใต้ฝั่งตะวันออกตอนบน"},"geometry":{"type":"MultiPolygon","coordinates":[[[[98.47967,9.03706],[98.47341,9.04948],[98.47303,9.06485],[98.48583,9.07095],[98.49413,9.08173],[98.4894,9.10788],[98.48025,9.12382],[98.48531,9.13187],[98.48224,9.14864],[98.50252,9.15424],[98.49557,9.16538],[98.49225,9.18705],[98.49835,9.19495],[98.50157,9.22055],[98.49797,9.22237],[98.50458,9.23895],[98.50943,9.24049],[98.49241,9.2728],[98.50198,9.28576],[98.49582,9.30171],[98.50588,9.30887],[98.51574,9.33102],[98.5389,9.35027],[98.54647,9.36131],[98.5695,9.36202],[98.56285,9.37057],[98.56654,9.38649],[98.57331,9.3923],[98.56969,9.39941],[98.55912,9.39933],[98.55892,9.40846],[98.58219,9.43324],[98.57757,9.44184],[98.60097,9.44446],[98.60289,9.45118],[98.6154,9.44893],[98.62718,9.46361],[98.63937,9.46084],[98.64953,9.45236],[98.66583,9.4593],[98.66939,9.46613],[98.67834,9.46502],[98.69562,9.47021],[98.70571,9.48675],[98.71586,9.48654],[98.72033,9.48031],[98.74245,9.49482],[98.75144,9.49374],[98.76458,9.49917],[98.77063,9.5192],[98.76294,9.537],[98.76754,9.54505],[98.7587,9.55734],[98.75518,9.57652],[98.738,9.58271],[98.73629,9.61029],[98.72829,9.61418],[98.72186,9.62862],[98.69901,9.63582],[98.6814,9.6146],[98.67452,9.62444],[98.67607,9.63865],[98.65249,9.6594],[98.64326,9.66325],[98.64323,9.67036],[98.63269,9.68156],[98.618,9.68877],[98.63892,9.71278],[98.63844,9.72981],[98.64209,9.73872],[98.63395,9.74561],[98.62641,9.76406],[98.63221,9.767],[98.62962,9.77956],[98.63281,9.78892],[98.64319,9.79038],[98.68158,9.83456],[98.69229,9.83339],[98.69726,9.84287],[98.71853,9.86431],[98.72134,9.87589],[98.72039,9.89331],[98.73562,9.90523],[98.7447,9.91703],[98.75128,9.91828],[98.75326,9.9317],[98.78007,9.95065],[98.78924,9.94564],[98.80872,9.97929],[98.82845,9.97352],[98.84376,9.99413],[98.85555,9.99443],[98.86346,10.00063],[98.87434,10.00028],[98.88458,10.00598],[98.88773,10.01657],[98.90089,10.02597],[98.89855,10.03751],[98.90303,10.05474],[98.89281,10.06503],[98.86121,10.0641],[98.83857,10.06292],[98.83566,10.06594],[98.85072,10.08561],[98.85572,10.08351],[98.86279,10.0935],[98.86432,10.11932],[98.859,10.11812],[98.85908,10.12955],[98.86882,10.13333],[98.86975,10.15421],[98.88827,10.15974],[98.88918,10.16913],[98.87106,10.18598],[98.87509,10.20541],[98.89097,10.22376],[98.88885,10.23302],[98.89933,10.2403],[98.89599,10.252],[98.90371,10.25495],[98.90829,10.2699],[98.90045,10.27342],[98.89987,10.2883],[98.91263,10.30303],[98.91945,10.31737],[98.93006,10.32643],[98.92123,10.34889],[98.93455,10.36203],[98.93162,10.36962],[98.93745,10.38372],[98.91497,10.38644],[98.91188,10.39645],[98.8904,10.40252],[98.89614,10.43174],[98.89506,10.44119],[98.88449,10.45854],[98.89444,10.47499],[98.89449,10.48281],[98.91034,10.48967],[98.91781,10.50739],[98.92736,10.51363],[98.94422,10.5175],[98.94805,10.52919],[98.96268,10.53973],[98.94372,10.55912],[98.94196,10.56948],[98.95676,10.57965],[98.95758,10.58187],[98.96472,10.60521],[98.95944,10.61657],[98.94486,10.61241],[98.95427,10.64577],[98.95318,10.65286],[98.94041,10.65747],[98.94316,10.66441],[98.93628,10.67538],[98.91901,10.68057],[98.90893,10.67846],[98.90501,10.69098],[98.895,10.6823],[98.88968,10.69608],[98.89998,10.70817],[98.90497,10.72881],[98.91542,10.75114],[98.91625,10.76474],[98.92988,10.77867],[98.92899,10.78723],[98.93654,10.79561],[98.9365,10.81289],[98.95881,10.81181],[98.97323,10.83193],[98.98551,10.83316],[98.9904,10.84415],[99.0016,10.84763],[99.01169,10.85671],[99.01233,10.87152],[99.00043,10.88038],[99.00604,10.89104],[98.99923,10.92307],[99.00303,10.93457],[99.01215,10.94266],[99.01873,10.9648],[99.02452,10.97058],[99.03988,10.96152],[99.04991,10.96216],[99.05425,10.94845],[99.07734,10.95389],[99.09395,10.9729],[99.10386,11.0128],[99.11194,11.01545],[99.12916,11.0299],[99.14706,11.02949],[99.15864,11.03386],[99.17269,11.04592],[99.17011,11.05209],[99.17718,11.06339],[99.17907,11.08244],[99.18928,11.08366],[99.2288,11.11263],[99.23017,11.13055],[99.22463,11.13548],[99.2444,11.15515],[99.25488,11.17019],[99.25831,11.19178],[99.27135,11.20391],[99.28703,11.19028],[99.29336,11.19844],[99.2986,11.17903],[99.30712,11.17808],[99.32175,11.16546],[99.33072,11.1636],[99.3313,11.15067],[99.33617,11.14734],[99.32779,11.14041],[99.32388,11.12287],[99.31643,11.10694],[99.32381,11.10111],[99.3227,11.08133],[99.3093,11.07531],[99.30073,11.0647],[99.28187,11.06859],[99.27811,11.05561],[99.2634,11.04737],[99.27443,11.02892],[99.2748,11.02093],[99.30748,11.01021],[99.31525,11.01071],[99.32859,11.02134],[99.33662,11.03391],[99.34489,11.02365],[99.33713,11.00674],[99.33394,10.98679],[99.32611,10.97067],[99.32941,10.95768],[99.32511,10.94374],[99.3335,10.92434],[99.32711,10.91721],[99.32555,10.89086],[99.30821,10.87749],[99.31317,10.86778],[99.30137,10.8664],[99.29736,10.85702],[99.30444,10.85624],[99.3076,10.84533],[99.31866,10.83847],[99.34427,10.83744],[99.35139,10.83052],[99.37394,10.82375],[99.37887,10.80695],[99.37025,10.78366],[99.37123,10.77262],[99.37846,10.76524],[99.394,10.76228],[99.40504,10.7547],[99.39388,10.74508],[99.37931,10.70765],[99.36659,10.70269],[99.35934,10.69144],[99.35952,10.6804],[99.36811,10.67747],[99.35847,10.66533],[99.35863,10.67428],[99.34801,10.68345],[99.33391,10.68085],[99.31817,10.66802],[99.30139,10.6378],[99.29609,10.62141],[99.28607,10.61129],[99.28081,10.59953],[99.28359,10.58308],[99.27504,10.57023],[99.27775,10.5515],[99.27345,10.5423],[99.26164,10.53709],[99.24338,10.54189],[99.2368,10.52407],[99.24249,10.50896],[99.24855,10.50534],[99.26468,10.51115],[99.25838,10.49955],[99.24662,10.49391],[99.23239,10.49614],[99.22797,10.48646],[99.22861,10.47121],[99.24014,10.44918],[99.25065,10.44255],[99.26579,10.42632],[99.27508,10.42309],[99.28394,10.41154],[99.2799,10.39887],[99.28567,10.36749],[99.27239,10.35295],[99.25994,10.36361],[99.24779,10.35822],[99.23954,10.34404],[99.22773,10.35688],[99.20561,10.37206],[99.1917,10.37227],[99.16968,10.36436],[99.14643,10.34243],[99.154,10.33053],[99.14962,10.30821],[99.16573,10.27902],[99.1861,10.27608],[99.19293,10.26527],[99.20158,10.27204],[99.20762,10.26845],[99.20309,10.25011],[99.20963,10.23865],[99.21803,10.23734],[99.21811,10.22906],[99.22944,10.22821],[99.23851,10.23803],[99.24687,10.23584],[99.24162,10.22581],[99.21924,10.21216],[99.20588,10.21074],[99.20195,10.21777],[99.19462,10.2151],[99.1825,10.17573],[99.17706,10.17497],[99.17034,10.15183],[99.15472,10.14269],[99.14857,10.12612],[99.14938,10.09228],[99.15685,10.07725],[99.15386,10.06572],[99.16608,10.04677],[99.17591,10.04056],[99.18222,10.0427],[99.17384,10.02314],[99.1795,10.01885],[99.17499,10.00714],[99.16386,10.01307],[99.15623,10.00649],[99.15061,9.98025],[99.16055,9.94807],[99.16138,9.90903],[99.15703,9.89931],[99.16562,9.86009],[99.16288,9.84778],[99.14874,9.84411],[99.13925,9.82405],[99.13894,9.80479],[99.1468,9.74052],[99.15966,9.70376],[99.16379,9.67384],[99.1786,9.64251],[99.20871,9.60246],[99.20998,9.56884],[99.22155,9.53644],[99.24467,9.47963],[99.27072,9.43965],[99.3011,9.4102],[99.31279,9.39375],[99.29249,9.40318],[99.27929,9.39091],[99.27425,9.37693],[99.2632,9.37027],[99.26221,9.36071],[99.23992,9.35392],[99.2382,9.34779],[99.22116,9.34018],[99.21646,9.33059],[99.21549,9.30646],[99.22103,9.28543],[99.22595,9.27985],[99.22398,9.25657],[99.24172,9.24063],[99.25,9.22891],[99.2577,9.23317],[99.2631,9.21737],[99.27617,9.22121],[99.29414,9.23702],[99.30184,9.23578],[99.30884,9.24372],[99.32112,9.24519],[99.31443,9.22061],[99.33616,9.22279],[99.34394,9.21951],[99.33877,9.20938],[99.36053,9.21589],[99.36136,9.19803],[99.37025,9.18942],[99.37495,9.19946],[99.37763,9.18785],[99.40534,9.20367],[99.41492,9.20588],[99.46247,9.19828],[99.48073,9.21158],[99.49196,9.21248],[99.49894,9.2208],[99.49616,9.22786],[99.50734,9.2572],[99.52601,9.28214],[99.54106,9.28576],[99.57704,9.27065],[99.60863,9.26754],[99.61478,9.27013],[99.62357,9.28374],[99.64313,9.30235],[99.66802,9.30358],[99.68505,9.31327],[99.68097,9.32117],[99.68548,9.33264],[99.70189,9.3218],[99.73077,9.31223],[99.74127,9.32717],[99.75035,9.31838],[99.76076,9.31517],[99.76942,9.32262],[99.77715,9.31096],[99.79138,9.30949],[99.80102,9.31937],[99.80568,9.31638],[99.8,9.30496],[99.81682,9.29699],[99.82405,9.29775],[99.83015,9.31024],[99.84353,9.29366],[99.84627,9.28131],[99.84473,9.26317],[99.85027,9.25227],[99.86008,9.25241],[99.86559,9.23669],[99.87893,9.21844],[99.87642,9.20474],[99.87405,9.16646],[99.87548,9.14198],[99.88372,9.12453],[99.89034,9.1254],[99.9094,9.09866],[99.91302,9.08405],[99.90995,9.07849],[99.9136,9.02407],[99.9233,9.00746],[99.91708,8.99773],[99.91324,8.95063],[99.91846,8.88264],[99.92525,8.83768],[99.93446,8.7922],[99.93669,8.75803],[99.94627,8.68524],[99.95216,8.66348],[99.94986,8.65268],[99.95234,8.63273],[99.95899,8.61261],[99.97608,8.59483],[99.97394,8.58867],[99.99945,8.57466],[100.0053,8.56623],[100.01362,8.56538],[100.04763,8.51492],[100.07143,8.45532],[100.07305,8.44137],[100.0882,8.41325],[100.09268,8.41633],[100.11994,8.40379],[100.13747,8.38956],[100.16528,8.3867],[100.1734,8.38803],[100.15268,8.41481],[100.14725,8.44298],[100.16285,8.49272],[100.14968,8.50912],[100.11203,8.51875],[100.13451,8.52099],[100.15583,8.51184],[100.18608,8.48717],[100.20597,8.45924],[100.22874,8.40706],[100.25716,8.32495],[100.27206,8.27322],[100.29495,8.17486],[100.32686,7.98243],[100.33342,7.94672],[100.29005,7.95281],[100.23648,7.94206],[100.22138,7.94375],[100.1734,7.94274],[100.16339,7.93937],[100.11225,7.93682],[100.11166,7.91831],[100.10606,7.89997],[100.07476,7.88495],[100.02776,7.87626],[100.00285,7.87632],[99.98125,7.8721],[99.96613,7.89246],[99.96806,7.90484],[99.96147,7.92198],[99.94326,7.92005],[99.93308,7.90676],[99.92866,7.89298],[99.91285,7.89279],[99.90661,7.88572],[99.8751,7.88787],[99.86348,7.88191],[99.84236,7.88434],[99.80781,7.87848],[99.81512,7.86951],[99.80929,7.86139],[99.80575,7.84251],[99.80967,7.83483],[99.80438,7.8301],[99.81037,7.81751],[99.80264,7.79671],[99.79503,7.80005],[99.76874,7.79203],[99.75916,7.80234],[99.75107,7.83284],[99.73809,7.83897],[99.73629,7.84538],[99.7198,7.857],[99.70861,7.88311],[99.71978,7.89389],[99.71204,7.90204],[99.71167,7.91425],[99.72462,7.92001],[99.72058,7.93228],[99.72968,7.95105],[99.74123,7.96095],[99.73859,7.98146],[99.75434,8.00568],[99.75103,8.01433],[99.75603,8.02125],[99.76434,8.01856],[99.77312,8.0257],[99.77257,8.03803],[99.76683,8.03965],[99.77355,8.05746],[99.76635,8.05863],[99.76121,8.06984],[99.76345,8.09313],[99.77831,8.1287],[99.76815,8.14397],[99.77379,8.14902],[99.77387,8.15956],[99.78991,8.17064],[99.78776,8.18234],[99.79685,8.18711],[99.80265,8.20029],[99.79085,8.20022],[99.77708,8.21152],[99.78374,8.21794],[99.78829,8.23171],[99.7744,8.23944],[99.76405,8.23899],[99.75528,8.24605],[99.75826,8.25326],[99.75261,8.2694],[99.7353,8.27258],[99.72673,8.28291],[99.72,8.30242],[99.70864,8.2973],[99.68746,8.29504],[99.67231,8.28654],[99.67506,8.25099],[99.67,8.24307],[99.673,8.23504],[99.66735,8.22841],[99.64926,8.22142],[99.63413,8.20109],[99.6252,8.20266],[99.62741,8.1912],[99.61421,8.17799],[99.62426,8.17156],[99.61835,8.16229],[99.60486,8.15937],[99.59477,8.16176],[99.57239,8.15475],[99.55249,8.1578],[99.54738,8.13752],[99.53932,8.13684],[99.51991,8.14345],[99.51773,8.15967],[99.5076,8.15535],[99.50016,8.1711],[99.4947,8.16999],[99.46532,8.14042],[99.45835,8.12974],[99.44379,8.11722],[99.43463,8.11906],[99.43589,8.11041],[99.41144,8.10544],[99.39163,8.08716],[99.37922,8.08029],[99.38131,8.07235],[99.37828,8.04203],[99.38136,8.0362],[99.39913,8.03596],[99.40517,8.03158],[99.40765,8.01178],[99.39536,8.0083],[99.38959,8.00037],[99.39781,7.9883],[99.3878,7.97812],[99.36996,7.97872],[99.35779,7.9754],[99.37071,7.96122],[99.36936,7.95469],[99.35872,7.94985],[99.35144,7.95381],[99.33297,7.93244],[99.32478,7.9341],[99.3152,7.9465],[99.31764,7.95536],[99.30679,7.95941],[99.30212,7.98268],[99.29636,7.98469],[99.28641,7.97227],[99.27815,7.98099],[99.28683,7.98985],[99.27633,7.99323],[99.26073,8.01286],[99.24831,8.01371],[99.22979,8.00412],[99.22553,8.01632],[99.21623,8.01772],[99.21771,8.00963],[99.20628,8.00231],[99.19531,8.03042],[99.17975,8.04899],[99.17459,8.06718],[99.1711,8.09374],[99.17568,8.10489],[99.17163,8.11932],[99.17718,8.13363],[99.1752,8.15755],[99.18086,8.16249],[99.17988,8.18122],[99.16551,8.18106],[99.14255,8.19486],[99.14459,8.20407],[99.13324,8.20134],[99.12289,8.20806],[99.1194,8.19959],[99.1133,8.20731],[99.09579,8.20415],[99.08733,8.18597],[99.07582,8.17923],[99.06971,8.18372],[99.06091,8.20084],[99.06337,8.22283],[99.04148,8.23809],[99.03192,8.23452],[99.02893,8.25029],[99.02075,8.25066],[99.01921,8.26025],[99.00444,8.26165],[98.9954,8.27456],[98.97277,8.2769],[98.96768,8.28121],[98.94426,8.27209],[98.93003,8.28185],[98.91536,8.27689],[98.90674,8.29263],[98.88993,8.28988],[98.88118,8.27801],[98.86645,8.27757],[98.86378,8.27124],[98.85334,8.29356],[98.84318,8.30369],[98.85176,8.31935],[98.84334,8.33168],[98.83368,8.33183],[98.82561,8.34131],[98.83677,8.36975],[98.83951,8.38912],[98.82675,8.40393],[98.81795,8.4057],[98.82217,8.42137],[98.81511,8.4237],[98.81433,8.44486],[98.80649,8.44032],[98.7886,8.44207],[98.7792,8.45697],[98.76767,8.46314],[98.76173,8.47159],[98.76157,8.49393],[98.75581,8.49638],[98.76852,8.51058],[98.75712,8.51625],[98.76893,8.53884],[98.7731,8.55443],[98.78436,8.55604],[98.78786,8.56925],[98.80886,8.57439],[98.80212,8.59081],[98.79535,8.59131],[98.79938,8.61016],[98.79172,8.6165],[98.80605,8.62886],[98.7982,8.63474],[98.79947,8.65943],[98.78023,8.67836],[98.7552,8.68786],[98.75506,8.67728],[98.74694,8.6748],[98.72155,8.62968],[98.70885,8.63045],[98.69784,8.64073],[98.68341,8.64184],[98.67591,8.64751],[98.66437,8.64064],[98.66555,8.6479],[98.64819,8.65921],[98.63628,8.64282],[98.62909,8.64368],[98.62066,8.63612],[98.6097,8.63577],[98.60445,8.62628],[98.6002,8.63104],[98.58684,8.62838],[98.56547,8.63776],[98.5598,8.64597],[98.53673,8.66257],[98.54567,8.67425],[98.55947,8.67529],[98.57201,8.68474],[98.57291,8.69179],[98.5884,8.70578],[98.59583,8.71655],[98.59409,8.74448],[98.59699,8.74666],[98.59746,8.77538],[98.60161,8.78228],[98.59845,8.7974],[98.58393,8.80664],[98.57493,8.80411],[98.5546,8.81423],[98.55281,8.82887],[98.54267,8.84094],[98.53395,8.84366],[98.5361,8.85784],[98.51447,8.86028],[98.50531,8.88111],[98.47376,8.89004],[98.4556,8.89048],[98.44543,8.89551],[98.45421,8.91545],[98.45585,8.93611],[98.44284,8.94541],[98.44916,8.95089],[98.45117,8.96638],[98.46307,8.96962],[98.49431,8.98546],[98.5052,8.98331],[98.51072,8.9978],[98.49382,9.01467],[98.48804,9.01575],[98.48377,9.03579],[98.47967,9.03706]]]]}},{"type":"Feature","properties":{"code":"20","name":"ลุ่มน้ำทะเลสาบสงขลา"},"geometry":{"type":"MultiPolygon","coordinates":[[[[100.18757,6.72682],[100.19451,6.76524],[100.19933,6.78275],[100.19241,6.79282],[100.19176,6.81048],[100.19522,6.8265],[100.20205,6.83992],[100.21,6.84298],[100.21053,6.85671],[100.21732,6.86584],[100.2187,6.8788],[100.20077,6.89995],[100.19973,6.91876],[100.20593,6.92108],[100.19308,6.93257],[100.19335,6.94179],[100.18359,6.95231],[100.16828,6.95692],[100.16403,6.94972],[100.15696,6.95201],[100.15495,6.9372],[100.14773,6.93082],[100.12716,6.92428],[100.11888,6.93988],[100.10171,6.94902],[100.09531,6.96487],[100.07023,6.96639],[100.0622,6.99212],[100.05776,6.99471],[100.05584,7.00956],[100.06586,7.01295],[100.06485,7.0247],[100.07951,7.03854],[100.06351,7.05747],[100.06137,7.082],[100.05447,7.09497],[100.05723,7.10739],[100.03769,7.10783],[100.03294,7.10265],[100.0283,7.12396],[100.03129,7.13596],[100.02473,7.15505],[100.03346,7.16552],[99.99532,7.21289],[99.99453,7.22848],[99.9822,7.23867],[99.9855,7.25362],[99.96316,7.26268],[99.95674,7.28013],[99.9454,7.28552],[99.94411,7.29794],[99.92668,7.30106],[99.92374,7.31559],[99.91538,7.3177],[99.90453,7.32961],[99.90321,7.35584],[99.87819,7.38067],[99.88574,7.41206],[99.87736,7.41625],[99.87101,7.43207],[99.86168,7.44046],[99.8571,7.46107],[99.84771,7.47114],[99.85336,7.47931],[99.84129,7.49889],[99.82273,7.50891],[99.81965,7.52091],[99.83841,7.53971],[99.83419,7.55549],[99.82376,7.55577],[99.79987,7.59],[99.80043,7.60368],[99.80998,7.62159],[99.79862,7.62896],[99.79627,7.63773],[99.7852,7.6438],[99.80789,7.64547],[99.81826,7.6591],[99.81856,7.68086],[99.80453,7.68606],[99.79036,7.70569],[99.78382,7.73476],[99.78873,7.74278],[99.77651,7.76132],[99.76699,7.7695],[99.77081,7.78375],[99.76874,7.79203],[99.79503,7.80005],[99.80264,7.79671],[99.81037,7.81751],[99.80438,7.8301],[99.80967,7.83483],[99.80575,7.84251],[99.80929,7.86139],[99.81512,7.86951],[99.80781,7.87848],[99.84236,7.88434],[99.86348,7.88191],[99.8751,7.88787],[99.90661,7.88572],[99.91285,7.89279],[99.92866,7.89298],[99.93308,7.90676],[99.94326,7.92005],[99.96147,7.92198],[99.96806,7.90484],[99.96613,7.89246],[99.98125,7.8721],[100.00285,7.87632],[100.02776,7.87626],[100.07476,7.88495],[100.10606,7.89997],[100.11166,7.91831],[100.11225,7.93682],[100.16339,7.93937],[100.1734,7.94274],[100.22138,7.94375],[100.23648,7.94206],[100.29005,7.95281],[100.33342,7.94672],[100.34914,7.8685],[100.36264,7.8067],[100.39353,7.68371],[100.42883,7.53571],[100.44367,7.48277],[100.4688,7.40749],[100.48845,7.35897],[100.51519,7.30496],[100.53925,7.26662],[100.55895,7.24832],[100.56518,7.23786],[100.57891,7.23539],[100.5875,7.21742],[100.59682,7.21552],[100.61636,7.18341],[100.62214,7.18269],[100.65488,7.12998],[100.69341,7.07385],[100.69828,7.07109],[100.72023,7.03744],[100.75235,6.99837],[100.76845,6.98253],[100.78907,6.96664],[100.80999,6.95422],[100.81807,6.95667],[100.8325,6.95326],[100.83873,6.96066],[100.84895,6.9622],[100.89609,6.91955],[100.93367,6.89064],[100.95281,6.87917],[100.96955,6.87277],[100.99374,6.85958],[100.99313,6.85804],[100.99292,6.85757],[100.99263,6.85699],[100.99155,6.85487],[100.99076,6.85329],[100.98882,6.84949],[100.98786,6.84763],[100.98763,6.84717],[100.98747,6.84691],[100.98733,6.84672],[100.98731,6.84669],[100.98998,6.8455],[100.994,6.84037],[100.99473,6.83887],[100.99542,6.8368],[100.99588,6.83516],[100.99589,6.83429],[100.9958,6.8332],[100.99509,6.82984],[100.9945,6.82825],[100.99386,6.82695],[100.99216,6.8227],[100.99054,6.82158],[100.98834,6.81975],[100.98578,6.81681],[100.98497,6.81584],[100.98398,6.81455],[100.98296,6.81306],[100.98288,6.81286],[100.98271,6.81207],[100.98233,6.81092],[100.9821,6.81029],[100.98168,6.80931],[100.98106,6.80775],[100.98051,6.80635],[100.97995,6.80517],[100.97936,6.80412],[100.97859,6.80291],[100.97722,6.80078],[100.97398,6.79403],[100.97321,6.78728],[100.97304,6.78345],[100.97282,6.78067],[100.97241,6.77746],[100.97231,6.7756],[100.97301,6.76952],[100.97435,6.76398],[100.97417,6.76235],[100.97329,6.75956],[100.97283,6.75816],[100.9718,6.75489],[100.98286,6.75142],[100.98458,6.75088],[100.98947,6.7493],[100.98856,6.74635],[100.98541,6.73629],[100.98325,6.72928],[100.98267,6.72746],[100.98043,6.72814],[100.98034,6.72764],[100.98035,6.72236],[100.98036,6.71968],[100.98877,6.70718],[100.9895,6.70512],[100.98982,6.70384],[100.98946,6.7029],[100.98862,6.70177],[100.98891,6.70146],[100.98927,6.70103],[100.98957,6.70059],[100.98866,6.69997],[100.98848,6.69957],[100.98671,6.6993],[100.98674,6.69247],[100.98673,6.69163],[100.98664,6.69026],[100.98518,6.68392],[100.98574,6.67302],[100.99274,6.6697],[100.99446,6.67051],[100.99486,6.67081],[100.99533,6.67112],[100.99555,6.67117],[100.99636,6.67098],[100.99897,6.67146],[100.99995,6.67129],[101.00037,6.67127],[101.00109,6.67156],[101.00214,6.67175],[101.00302,6.67175],[101.00304,6.67097],[101.00299,6.67036],[101.00329,6.66917],[101.00355,6.66809],[101.00425,6.66763],[101.00539,6.6672],[101.00571,6.66692],[101.00668,6.66716],[101.00755,6.66723],[101.00783,6.66724],[101.00884,6.66657],[101.01029,6.66678],[101.01182,6.66671],[101.01257,6.66679],[101.01381,6.66673],[101.01486,6.66676],[101.0165,6.66653],[101.02174,6.6649],[101.02275,6.66428],[101.02275,6.66313],[101.02714,6.66198],[101.02739,6.66211],[101.02835,6.66237],[101.02908,6.66241],[101.02969,6.66251],[101.03021,6.66162],[101.03048,6.66099],[101.03096,6.65937],[101.03107,6.65895],[101.03225,6.65681],[101.03247,6.65634],[101.03296,6.6547],[101.04161,6.64515],[101.04547,6.64413],[101.04895,6.64391],[101.05034,6.64543],[101.05044,6.64564],[101.05047,6.64573],[101.05625,6.64532],[101.05866,6.645],[101.06054,6.64631],[101.06134,6.6466],[101.06237,6.64658],[101.0632,6.64644],[101.06442,6.64615],[101.06552,6.64599],[101.06711,6.64582],[101.06858,6.64487],[101.06935,6.64412],[101.07165,6.6412],[101.08072,6.64084],[101.08187,6.64194],[101.08289,6.64286],[101.08327,6.64311],[101.08533,6.64293],[101.08816,6.64248],[101.08951,6.6422],[101.09004,6.64196],[101.09151,6.641],[101.09277,6.64004],[101.09542,6.63895],[101.09634,6.63882],[101.10104,6.63483],[101.10476,6.63242],[101.1049,6.63213],[101.10497,6.63155],[101.10495,6.63068],[101.1049,6.62975],[101.10223,6.62683],[101.10185,6.62634],[101.1006,6.62462],[101.10011,6.62385],[101.09981,6.62295],[101.09911,6.62148],[101.09818,6.62047],[101.09706,6.61854],[101.09675,6.6182],[101.09624,6.61816],[101.09501,6.61744],[101.09399,6.6168],[101.09089,6.61547],[101.09057,6.6152],[101.08973,6.61493],[101.08935,6.61479],[101.08876,6.61431],[101.08859,6.61392],[101.08859,6.61287],[101.08943,6.60998],[101.08951,6.60966],[101.08956,6.60904],[101.08939,6.60848],[101.09088,6.60744],[101.09471,6.60472],[101.10168,6.60157],[101.10267,6.60097],[101.103,6.60059],[101.10394,6.59938],[101.10428,6.59889],[101.10462,6.59849],[101.10496,6.59807],[101.10599,6.59558],[101.10628,6.59483],[101.10675,6.59425],[101.10701,6.5939],[101.10921,6.58923],[101.10904,6.58864],[101.10883,6.58837],[101.10755,6.5878],[101.10597,6.58686],[101.10428,6.58673],[101.104,6.58671],[101.10378,6.58663],[101.10296,6.58551],[101.10213,6.58492],[101.1012,6.58415],[101.10072,6.58403],[101.10035,6.58356],[101.10003,6.58295],[101.09915,6.58081],[101.09886,6.58014],[101.09791,6.57967],[101.09644,6.57921],[101.09545,6.57911],[101.09506,6.57899],[101.0948,6.5788],[101.09465,6.57862],[101.09438,6.57818],[101.09326,6.57583],[101.09114,6.57406],[101.09075,6.57382],[101.09037,6.57368],[101.08906,6.57339],[101.08848,6.57318],[101.08722,6.57278],[101.08651,6.57254],[101.08588,6.57229],[101.08469,6.57161],[101.08441,6.57133],[101.08346,6.56941],[101.08303,6.56849],[101.08299,6.56814],[101.0829,6.56746],[101.0828,6.56679],[101.08276,6.56628],[101.08268,6.56574],[101.08155,6.5638],[101.08152,6.56344],[101.08145,6.56287],[101.08149,6.5617],[101.08105,6.5592],[101.08121,6.55767],[101.0811,6.55609],[101.08052,6.55419],[101.07942,6.55366],[101.07886,6.55349],[101.07825,6.55348],[101.07736,6.55366],[101.07687,6.5536],[101.07594,6.55344],[101.07566,6.5533],[101.07468,6.5526],[101.07363,6.55173],[101.0729,6.55064],[101.0728,6.54965],[101.07269,6.54911],[101.07268,6.54882],[101.07258,6.5483],[101.07237,6.54781],[101.07223,6.54735],[101.07104,6.54614],[101.0708,6.54595],[101.07043,6.54579],[101.07026,6.54558],[101.06999,6.54518],[101.06977,6.54469],[101.06945,6.54431],[101.06878,6.54379],[101.06772,6.54377],[101.06625,6.54362],[101.06552,6.5436],[101.06432,6.54235],[101.06411,6.54249],[101.06373,6.54274],[101.06182,6.54266],[101.06055,6.54191],[101.06034,6.54175],[101.05871,6.54188],[101.05779,6.54222],[101.0574,6.54213],[101.05455,6.5419],[101.0541,6.54186],[101.05299,6.54169],[101.05257,6.54168],[101.05186,6.54133],[101.05146,6.54097],[101.05077,6.54029],[101.05045,6.54006],[101.04835,6.54035],[101.04763,6.54028],[101.04706,6.54017],[101.04635,6.53997],[101.04494,6.54001],[101.04521,6.53934],[101.04595,6.53719],[101.04688,6.5369],[101.04737,6.53664],[101.04778,6.53631],[101.04911,6.53477],[101.04983,6.53373],[101.05058,6.53353],[101.05105,6.53334],[101.05134,6.53306],[101.05168,6.53275],[101.05192,6.53243],[101.05267,6.53076],[101.05427,6.53017],[101.0546,6.52992],[101.05508,6.52884],[101.0555,6.52878],[101.05597,6.52867],[101.05646,6.52848],[101.05696,6.52809],[101.05903,6.52593],[101.06172,6.52276],[101.06195,6.52153],[101.0611,6.51997],[101.0596,6.51928],[101.05868,6.51952],[101.05752,6.5196],[101.05622,6.51964],[101.05488,6.51942],[101.054,6.51885],[101.05233,6.51729],[101.05205,6.51686],[101.05183,6.51643],[101.05241,6.51421],[101.05214,6.51344],[101.0516,6.51209],[101.05104,6.51092],[101.05118,6.51039],[101.05129,6.50959],[101.05133,6.50902],[101.0514,6.50833],[101.05145,6.50793],[101.0514,6.50704],[101.05118,6.50653],[101.05076,6.50617],[101.04696,6.50484],[101.04638,6.50461],[101.04564,6.50416],[101.04539,6.50379],[101.04533,6.50126],[101.04869,6.49835],[101.04895,6.49681],[101.04882,6.49606],[101.04663,6.49341],[101.04606,6.49195],[101.04592,6.49051],[101.04583,6.48919],[101.04748,6.48887],[101.04842,6.48846],[101.04892,6.48766],[101.0489,6.48698],[101.04824,6.48483],[101.04724,6.48483],[101.04614,6.48412],[101.04571,6.48214],[101.04657,6.48043],[101.04663,6.48006],[101.04639,6.4788],[101.04368,6.47388],[101.04211,6.46954],[101.04427,6.46216],[101.04638,6.45984],[101.04759,6.45947],[101.04797,6.45911],[101.04908,6.45794],[101.04962,6.45773],[101.05034,6.45701],[101.05116,6.45667],[101.05664,6.453],[101.06086,6.45076],[101.06409,6.44887],[101.06433,6.44859],[101.06456,6.44814],[101.06463,6.44794],[101.06484,6.4472],[101.06509,6.44669],[101.0652,6.44617],[101.06561,6.44519],[101.06603,6.44482],[101.06645,6.4444],[101.06872,6.44165],[101.0693,6.43708],[101.07191,6.42993],[101.07313,6.42572],[101.07212,6.42414],[101.07215,6.41951],[101.07134,6.41647],[101.07203,6.4148],[101.07283,6.41406],[101.07384,6.41283],[101.07402,6.4125],[101.07409,6.41208],[101.07386,6.41016],[101.07372,6.4091],[101.07408,6.40817],[101.07482,6.40746],[101.07509,6.40707],[101.07536,6.40658],[101.0751,6.40553],[101.0748,6.40495],[101.07461,6.40341],[101.07525,6.40176],[101.07551,6.40083],[101.07569,6.40047],[101.07626,6.39988],[101.07644,6.39967],[101.07681,6.39862],[101.07645,6.39833],[101.07614,6.3982],[101.07582,6.39804],[101.07554,6.39782],[101.0749,6.39744],[101.07439,6.39708],[101.0739,6.39644],[101.07361,6.39618],[101.07338,6.39608],[101.07288,6.39605],[101.0725,6.39597],[101.0721,6.39568],[101.07064,6.3956],[101.06713,6.39387],[101.06635,6.39335],[101.06545,6.39211],[101.06488,6.38942],[101.06459,6.38929],[101.06331,6.38867],[101.06255,6.38819],[101.06253,6.38616],[101.06384,6.38355],[101.06372,6.38218],[101.06282,6.38081],[101.06256,6.37969],[101.06472,6.37874],[101.06573,6.37821],[101.06572,6.37784],[101.06575,6.37613],[101.06679,6.37394],[101.06731,6.37378],[101.06814,6.37046],[101.06784,6.37026],[101.06747,6.36995],[101.06896,6.3657],[101.06904,6.365],[101.06967,6.36302],[101.07046,6.3617],[101.07097,6.36096],[101.07412,6.35591],[101.07428,6.35565],[101.07495,6.3526],[101.07491,6.35207],[101.07484,6.35126],[101.07514,6.35106],[101.07561,6.35071],[101.07639,6.35008],[101.07676,6.34987],[101.07711,6.34954],[101.07746,6.34918],[101.07771,6.34882],[101.07754,6.34765],[101.0772,6.34737],[101.07662,6.34694],[101.07633,6.34658],[101.07604,6.3462],[101.07582,6.34535],[101.07653,6.34322],[101.0773,6.3426],[101.07782,6.34177],[101.07865,6.34024],[101.07906,6.3399],[101.07949,6.33961],[101.08054,6.33883],[101.08056,6.33845],[101.08024,6.33678],[101.08026,6.33494],[101.08362,6.33237],[101.08386,6.33192],[101.0841,6.33098],[101.08452,6.33029],[101.08677,6.32929],[101.08717,6.32885],[101.08739,6.32824],[101.08821,6.32695],[101.0876,6.32451],[101.08761,6.32254],[101.08747,6.32132],[101.087,6.32112],[101.08626,6.32064],[101.08559,6.31992],[101.08542,6.31931],[101.08527,6.3181],[101.09074,6.31442],[101.09126,6.31406],[101.09133,6.31346],[101.09116,6.31162],[101.09142,6.31125],[101.09164,6.31082],[101.09184,6.30979],[101.09434,6.30909],[101.09475,6.3087],[101.09492,6.3084],[101.095,6.308],[101.09564,6.30679],[101.09484,6.30628],[101.09449,6.30596],[101.09418,6.30554],[101.09369,6.30397],[101.09439,6.30329],[101.09537,6.30259],[101.0959,6.30129],[101.09549,6.30029],[101.09537,6.29983],[101.09533,6.29947],[101.09537,6.29898],[101.0958,6.29883],[101.09619,6.29843],[101.097,6.29754],[101.09837,6.29735],[101.09907,6.29725],[101.09989,6.29678],[101.10146,6.2945],[101.10282,6.29448],[101.10326,6.29435],[101.10396,6.29399],[101.10492,6.29313],[101.10538,6.29285],[101.10537,6.28978],[101.10656,6.28907],[101.10811,6.28878],[101.11035,6.28728],[101.11079,6.28699],[101.11464,6.28174],[101.11537,6.2809],[101.11585,6.27994],[101.11638,6.27931],[101.11937,6.27958],[101.12,6.27953],[101.12174,6.27814],[101.12233,6.27792],[101.12275,6.27762],[101.12359,6.27697],[101.12594,6.27475],[101.12625,6.27447],[101.12732,6.27396],[101.12785,6.27322],[101.13001,6.27239],[101.13058,6.27226],[101.13146,6.27203],[101.13171,6.27186],[101.13164,6.2701],[101.13263,6.26899],[101.13281,6.26865],[101.13281,6.26801],[101.13268,6.2669],[101.13235,6.2664],[101.13053,6.26517],[101.12971,6.26409],[101.12853,6.26337],[101.12752,6.26339],[101.12481,6.26294],[101.12371,6.26245],[101.12341,6.2614],[101.12342,6.2609],[101.12335,6.26045],[101.12324,6.25684],[101.12302,6.25585],[101.12275,6.25545],[101.1222,6.25477],[101.122,6.25438],[101.11937,6.25314],[101.1189,6.25282],[101.11799,6.25182],[101.11578,6.25122],[101.10779,6.25151],[101.09502,6.26058],[101.07509,6.25553],[101.06284,6.2595],[101.05989,6.25348],[101.04909,6.25462],[101.03171,6.24421],[101.01244,6.24891],[101.01018,6.25615],[100.98986,6.26614],[100.98422,6.2788],[100.97084,6.28303],[100.96579,6.27232],[100.94689,6.26395],[100.94486,6.24327],[100.93128,6.24302],[100.91763,6.24814],[100.90352,6.2334],[100.89282,6.23937],[100.89205,6.24939],[100.87064,6.26365],[100.86599,6.2458],[100.87003,6.23973],[100.85346,6.23182],[100.84408,6.24993],[100.84656,6.25719],[100.83493,6.29566],[100.84109,6.29999],[100.84891,6.31531],[100.84059,6.32232],[100.83447,6.34088],[100.82174,6.35683],[100.82419,6.38037],[100.82399,6.40378],[100.81409,6.43066],[100.81175,6.44355],[100.79288,6.44774],[100.78175,6.4544],[100.77647,6.46296],[100.76719,6.45489],[100.75366,6.45739],[100.74375,6.47082],[100.73909,6.49165],[100.74374,6.4981],[100.73853,6.51029],[100.73049,6.50535],[100.72934,6.4949],[100.72363,6.49534],[100.71242,6.48188],[100.70976,6.47108],[100.6986,6.47146],[100.68704,6.46521],[100.68498,6.45359],[100.66236,6.451],[100.65154,6.44284],[100.64261,6.45011],[100.64587,6.45866],[100.62623,6.45774],[100.58945,6.47924],[100.57312,6.48271],[100.56238,6.49602],[100.5486,6.48439],[100.54281,6.49062],[100.52543,6.48759],[100.50209,6.5],[100.49297,6.5108],[100.49629,6.52136],[100.47697,6.52407],[100.47068,6.5205],[100.45722,6.53239],[100.45374,6.52691],[100.4395,6.52709],[100.42338,6.51756],[100.40371,6.52952],[100.40251,6.53641],[100.38823,6.53499],[100.37331,6.5452],[100.36896,6.53916],[100.3598,6.54813],[100.36035,6.55694],[100.35358,6.56146],[100.35145,6.57297],[100.34543,6.57111],[100.34128,6.58051],[100.32094,6.59102],[100.31587,6.60417],[100.30597,6.61101],[100.31611,6.6132],[100.32516,6.62104],[100.31957,6.65399],[100.32761,6.66398],[100.30601,6.66857],[100.30308,6.67871],[100.29417,6.68018],[100.29013,6.6907],[100.2953,6.70392],[100.28993,6.70989],[100.27477,6.70597],[100.26402,6.6992],[100.25758,6.71141],[100.24358,6.69346],[100.22889,6.69339],[100.21856,6.70244],[100.21489,6.71873],[100.20222,6.72526],[100.19065,6.71864],[100.18757,6.72682]]]]}},{"type":"Feature","properties":{"code":"21","name":"ลุ่มน้ำภาคใต้ฝั่งตะวันออกตอนล่าง"},"geometry":{"type":"MultiPolygon","coordinates":[[[[101.08011,6.33419],[101.08024,6.33678],[101.08054,6.33883],[101.07949,6.33961],[101.07865,6.34024],[101.0773,6.3426],[101.07604,6.3462],[101.07799,6.34831],[101.07676,6.34987],[101.07484,6.35126],[101.07491,6.35207],[101.07495,6.3526],[101.07428,6.35565],[101.06996,6.36235],[101.06747,6.36995],[101.06814,6.37046],[101.06256,6.37969],[101.06282,6.38081],[101.06488,6.38942],[101.06442,6.39171],[101.06989,6.39531],[101.07338,6.39608],[101.07582,6.39804],[101.07689,6.39855],[101.07569,6.40047],[101.07461,6.40341],[101.07536,6.40658],[101.07408,6.40817],[101.07283,6.41406],[101.07102,6.41795],[101.07212,6.42414],[101.06872,6.44165],[101.06561,6.44519],[101.06409,6.44887],[101.0539,6.45474],[101.04962,6.45773],[101.0444,6.46032],[101.04427,6.46216],[101.04269,6.47271],[101.04645,6.48459],[101.04824,6.48483],[101.04842,6.48846],[101.04583,6.48919],[101.04869,6.49835],[101.04539,6.50379],[101.05076,6.50617],[101.05118,6.50653],[101.0514,6.50704],[101.05145,6.50793],[101.05118,6.51039],[101.05104,6.51092],[101.05233,6.51729],[101.05488,6.51942],[101.06049,6.51952],[101.05508,6.52884],[101.05242,6.53105],[101.05168,6.53275],[101.05105,6.53334],[101.04989,6.53361],[101.04545,6.53778],[101.04494,6.54001],[101.04583,6.53987],[101.04763,6.54028],[101.04992,6.53993],[101.05257,6.54168],[101.05779,6.54222],[101.05871,6.54188],[101.06055,6.54191],[101.06432,6.54235],[101.06878,6.54379],[101.07195,6.54681],[101.07237,6.54781],[101.07258,6.5483],[101.0729,6.55064],[101.07825,6.55348],[101.08145,6.56287],[101.08155,6.5638],[101.08268,6.56574],[101.08303,6.56849],[101.08588,6.57229],[101.08906,6.57339],[101.09037,6.57368],[101.09247,6.57488],[101.0948,6.5788],[101.09644,6.57921],[101.09859,6.57987],[101.10072,6.58403],[101.1012,6.58415],[101.10296,6.58551],[101.10348,6.58641],[101.10597,6.58686],[101.10883,6.58837],[101.10921,6.58923],[101.10675,6.59425],[101.10628,6.59483],[101.10496,6.59807],[101.10318,6.60027],[101.09671,6.60364],[101.08906,6.60855],[101.08859,6.61287],[101.08853,6.6135],[101.09675,6.6182],[101.09818,6.62047],[101.09911,6.62148],[101.10494,6.62933],[101.10497,6.63155],[101.10476,6.63242],[101.09542,6.63895],[101.09277,6.64004],[101.09004,6.64196],[101.08072,6.64084],[101.07196,6.64103],[101.06552,6.64599],[101.06237,6.64658],[101.05929,6.64513],[101.05255,6.64544],[101.05047,6.64573],[101.04895,6.64391],[101.04626,6.64392],[101.04161,6.64515],[101.03296,6.6547],[101.03135,6.65805],[101.03048,6.66099],[101.02969,6.66251],[101.02835,6.66237],[101.02714,6.66198],[101.02282,6.66476],[101.02047,6.66503],[101.01486,6.66676],[101.01381,6.66673],[101.01063,6.66682],[101.00884,6.66657],[101.00571,6.66692],[101.00355,6.66809],[101.00305,6.66962],[101.00302,6.67175],[101.00037,6.67127],[100.99897,6.67146],[100.99636,6.67098],[100.99555,6.67117],[100.99274,6.6697],[100.98688,6.6717],[100.98639,6.6992],[100.98848,6.69957],[100.98957,6.70059],[100.98862,6.70177],[100.98946,6.7029],[100.98,6.71486],[100.98034,6.72764],[100.98043,6.72814],[100.98267,6.72746],[100.9868,6.74066],[100.98752,6.74311],[100.9895,6.74928],[100.9718,6.75489],[100.97283,6.75816],[100.97329,6.75956],[100.97231,6.7756],[100.97323,6.79069],[100.97859,6.80291],[100.98051,6.80635],[100.98168,6.80931],[100.98296,6.81306],[100.98398,6.81455],[100.98497,6.81584],[100.98631,6.81746],[100.99216,6.8227],[100.99264,6.82368],[100.99509,6.82984],[100.9958,6.8332],[100.99589,6.83429],[100.99583,6.83532],[100.98731,6.84669],[100.98763,6.84717],[100.99155,6.85487],[100.99374,6.85958],[101.01389,6.855],[101.05037,6.85271],[101.05998,6.85841],[101.10024,6.85877],[101.10511,6.86396],[101.13456,6.85884],[101.16397,6.85978],[101.17073,6.8642],[101.19817,6.86846],[101.22734,6.88073],[101.23876,6.89115],[101.23445,6.90011],[101.2413,6.9041],[101.26276,6.90281],[101.27267,6.89215],[101.28457,6.89154],[101.28916,6.8778],[101.30989,6.88602],[101.33045,6.87074],[101.34638,6.88872],[101.34136,6.90003],[101.34272,6.91046],[101.33025,6.91044],[101.32363,6.928],[101.31432,6.92232],[101.30116,6.92788],[101.29239,6.93889],[101.28536,6.93768],[101.28694,6.94766],[101.27512,6.9415],[101.26607,6.94351],[101.24595,6.93413],[101.23851,6.93727],[101.25419,6.94621],[101.27545,6.95179],[101.28687,6.95113],[101.31785,6.93505],[101.34825,6.90907],[101.38754,6.8946],[101.4256,6.88695],[101.45391,6.884],[101.47561,6.87287],[101.48537,6.87611],[101.51007,6.86226],[101.52641,6.86492],[101.5465,6.84528],[101.55723,6.84583],[101.56797,6.82937],[101.60934,6.75762],[101.62046,6.73446],[101.63467,6.71847],[101.64042,6.71988],[101.66381,6.67168],[101.68457,6.64308],[101.69862,6.61817],[101.72195,6.58137],[101.76978,6.51083],[101.80473,6.46513],[101.82047,6.44914],[101.83353,6.44814],[101.84382,6.43625],[101.85788,6.42732],[101.87446,6.42443],[101.90473,6.38866],[101.94169,6.34747],[101.97483,6.32074],[102.01181,6.29427],[102.05224,6.26982],[102.08816,6.24472],[102.09213,6.23803],[102.08063,6.22606],[102.0776,6.18978],[102.07873,6.17062],[102.08578,6.16538],[102.09322,6.14785],[102.08282,6.13665],[102.07888,6.12212],[102.07045,6.1089],[102.06117,6.10265],[102.06134,6.09138],[102.05187,6.07842],[102.02274,6.06211],[102.01952,6.0521],[102.00299,6.04966],[101.99787,6.03962],[101.99129,6.04056],[101.97146,6.01981],[101.97262,6.00637],[101.96465,5.99731],[101.94793,5.99056],[101.93969,5.97212],[101.94344,5.95349],[101.93002,5.94947],[101.92951,5.93061],[101.92141,5.9178],[101.92218,5.91017],[101.93059,5.9095],[101.94024,5.8895],[101.94342,5.87148],[101.93809,5.86175],[101.91655,5.84255],[101.89529,5.8436],[101.88,5.8318],[101.8798,5.81614],[101.8738,5.80329],[101.86374,5.8028],[101.86601,5.79067],[101.83633,5.78873],[101.81969,5.75333],[101.824,5.75311],[101.8266,5.73495],[101.81604,5.73306],[101.81207,5.74106],[101.79317,5.75056],[101.77577,5.76833],[101.77618,5.78452],[101.76081,5.79529],[101.74653,5.79447],[101.73959,5.78236],[101.71779,5.78715],[101.71617,5.76643],[101.70777,5.75567],[101.69087,5.75553],[101.68803,5.78163],[101.67771,5.78192],[101.66487,5.80139],[101.66831,5.80773],[101.65914,5.81173],[101.6574,5.8377],[101.66174,5.84668],[101.65649,5.8568],[101.66357,5.86588],[101.65504,5.87735],[101.64288,5.87006],[101.62343,5.87711],[101.62224,5.89566],[101.60978,5.91475],[101.59822,5.91165],[101.58166,5.93442],[101.57408,5.92578],[101.55753,5.91895],[101.54056,5.91891],[101.52478,5.90571],[101.52398,5.89849],[101.51595,5.90348],[101.4937,5.88126],[101.48707,5.88291],[101.48512,5.86971],[101.47489,5.87007],[101.46428,5.87638],[101.45556,5.86725],[101.43191,5.87059],[101.41645,5.87601],[101.39706,5.87231],[101.39132,5.87563],[101.38731,5.85361],[101.38013,5.85],[101.37164,5.83079],[101.35909,5.83315],[101.34734,5.82296],[101.34624,5.80832],[101.33708,5.80631],[101.32574,5.81368],[101.31395,5.80179],[101.30516,5.81344],[101.28986,5.81513],[101.27624,5.8115],[101.26392,5.80069],[101.25862,5.78638],[101.25988,5.77756],[101.24978,5.76258],[101.25929,5.73516],[101.26079,5.71289],[101.25186,5.70789],[101.25127,5.6985],[101.243,5.69174],[101.21855,5.6874],[101.22258,5.67585],[101.21501,5.66113],[101.20505,5.65999],[101.19646,5.64937],[101.17218,5.64756],[101.16931,5.63567],[101.14508,5.61493],[101.13294,5.61468],[101.12326,5.66161],[101.11092,5.68134],[101.09761,5.69103],[101.09569,5.70301],[101.08315,5.72076],[101.06831,5.72884],[101.06265,5.72654],[101.06014,5.74463],[101.03415,5.73808],[101.02201,5.75395],[101.01766,5.76739],[101.0074,5.76993],[101.00332,5.77996],[100.98954,5.78384],[100.98437,5.8093],[100.99918,5.81796],[101.00146,5.8284],[101.01209,5.83755],[101.00662,5.84981],[101.01008,5.85716],[101.00901,5.8736],[101.01445,5.87685],[101.02894,5.90537],[101.02557,5.91125],[101.03704,5.91801],[101.05328,5.91014],[101.06172,5.91941],[101.07514,5.9182],[101.08524,5.90969],[101.09219,5.9327],[101.09993,5.94196],[101.09522,5.95034],[101.11337,5.95923],[101.12377,5.98139],[101.10706,5.99015],[101.10617,6.00032],[101.11321,6.00883],[101.10828,6.027],[101.1146,6.03902],[101.10068,6.04945],[101.11116,6.06623],[101.11706,6.08552],[101.11506,6.09265],[101.12691,6.09491],[101.12654,6.10699],[101.11803,6.1146],[101.10578,6.11388],[101.10488,6.12422],[101.0895,6.13452],[101.07505,6.13539],[101.05881,6.14159],[101.06148,6.14944],[101.07649,6.16042],[101.07505,6.17008],[101.10794,6.17921],[101.12684,6.19454],[101.1154,6.20431],[101.11923,6.21225],[101.10566,6.23721],[101.12186,6.25417],[101.12302,6.25585],[101.12322,6.25789],[101.12341,6.2614],[101.12407,6.26278],[101.12959,6.26363],[101.13053,6.26517],[101.13268,6.2669],[101.13281,6.26865],[101.13164,6.2701],[101.13171,6.27186],[101.13146,6.27203],[101.13001,6.27239],[101.12785,6.27322],[101.12625,6.27447],[101.12359,6.27697],[101.11689,6.27911],[101.10537,6.28978],[101.10557,6.29258],[101.10447,6.29364],[101.10119,6.29444],[101.09537,6.29898],[101.09537,6.29983],[101.09633,6.30194],[101.09369,6.30397],[101.09393,6.30505],[101.09564,6.30679],[101.09492,6.3084],[101.09184,6.30979],[101.08492,6.31656],[101.08542,6.31931],[101.08747,6.32132],[101.08821,6.32695],[101.08739,6.32824],[101.08011,6.33419]]]]}},{"type":"Feature","properties":{"code":"22","name":"ลุ่มน้ำภาคใต้ฝั่งตะวันตก"},"geometry":{"type":"MultiPolygon","coordinates":[[[[98.30964,8.18707],[98.33853,8.17026],[98.34248,8.14516],[98.34654,8.14467],[98.34637,8.12069],[98.35387,8.12138],[98.35164,8.11036],[98.37012,8.12058],[98.37691,8.09886],[98.38587,8.08619],[98.40556,8.07981],[98.41736,8.0858],[98.42486,8.10054],[98.43997,8.09297],[98.43483,8.08634],[98.43615,8.07227],[98.4295,8.05446],[98.42972,8.03954],[98.41845,8.04139],[98.41267,8.02663],[98.41059,8.00223],[98.42376,7.98746],[98.40816,7.99085],[98.39322,7.97881],[98.39373,7.96319],[98.39892,7.9426],[98.41318,7.92651],[98.41614,7.90834],[98.42317,7.89718],[98.42866,7.89705],[98.43174,7.91016],[98.4419,7.91453],[98.43792,7.89498],[98.44531,7.88323],[98.42997,7.87384],[98.41699,7.86977],[98.40914,7.87764],[98.39963,7.87123],[98.40217,7.86298],[98.3923,7.85327],[98.39756,7.83819],[98.40273,7.83492],[98.4126,7.80107],[98.39529,7.81374],[98.3859,7.80888],[98.37606,7.83923],[98.36743,7.83949],[98.34633,7.82476],[98.33374,7.79107],[98.33852,7.77946],[98.31727,7.76715],[98.31846,7.76131],[98.30423,7.7602],[98.3028,7.77772],[98.28872,7.77549],[98.29104,7.7858],[98.28491,7.79198],[98.29379,7.79423],[98.29868,7.8049],[98.28879,7.85832],[98.27365,7.86755],[98.27552,7.8763],[98.26566,7.88],[98.26286,7.89038],[98.27179,7.88666],[98.28993,7.88682],[98.29447,7.89463],[98.29568,7.91008],[98.27346,7.92462],[98.2634,7.92326],[98.25808,7.93497],[98.26196,7.94694],[98.28131,7.95178],[98.28339,7.95929],[98.27133,7.98911],[98.28391,7.98471],[98.29031,7.99216],[98.2929,8.00542],[98.2882,8.0299],[98.27601,8.03374],[98.27216,8.03989],[98.2781,8.04695],[98.27685,8.06258],[98.27039,8.07099],[98.27327,8.07873],[98.29623,8.08744],[98.30222,8.11649],[98.29546,8.15672],[98.28618,8.19975],[98.30188,8.19769],[98.30964,8.18707]]],[[[98.89281,10.06503],[98.90303,10.05474],[98.89855,10.03751],[98.90089,10.02597],[98.88773,10.01657],[98.88458,10.00598],[98.87434,10.00028],[98.86346,10.00063],[98.85555,9.99443],[98.84376,9.99413],[98.82845,9.97352],[98.80872,9.97929],[98.78924,9.94564],[98.78007,9.95065],[98.75326,9.9317],[98.75128,9.91828],[98.7447,9.91703],[98.73562,9.90523],[98.72039,9.89331],[98.72134,9.87589],[98.71853,9.86431],[98.69726,9.84287],[98.69229,9.83339],[98.68158,9.83456],[98.64319,9.79038],[98.63281,9.78892],[98.62962,9.77956],[98.63221,9.767],[98.62641,9.76406],[98.63395,9.74561],[98.64209,9.73872],[98.63844,9.72981],[98.63892,9.71278],[98.618,9.68877],[98.63269,9.68156],[98.64323,9.67036],[98.64326,9.66325],[98.65249,9.6594],[98.67607,9.63865],[98.67452,9.62444],[98.6814,9.6146],[98.69901,9.63582],[98.72186,9.62862],[98.72829,9.61418],[98.73629,9.61029],[98.738,9.58271],[98.75518,9.57652],[98.7587,9.55734],[98.76754,9.54505],[98.76294,9.537],[98.77063,9.5192],[98.76458,9.49917],[98.75144,9.49374],[98.74245,9.49482],[98.72033,9.48031],[98.71586,9.48654],[98.70571,9.48675],[98.69562,9.47021],[98.67834,9.46502],[98.66939,9.46613],[98.66583,9.4593],[98.64953,9.45236],[98.63937,9.46084],[98.62718,9.46361],[98.6154,9.44893],[98.60289,9.45118],[98.60097,9.44446],[98.57757,9.44184],[98.58219,9.43324],[98.55892,9.40846],[98.55912,9.39933],[98.56969,9.39941],[98.57331,9.3923],[98.56654,9.38649],[98.56285,9.37057],[98.5695,9.36202],[98.54647,9.36131],[98.5389,9.35027],[98.51574,9.33102],[98.50588,9.30887],[98.49582,9.30171],[98.50198,9.28576],[98.49241,9.2728],[98.50943,9.24049],[98.50458,9.23895],[98.49797,9.22237],[98.50157,9.22055],[98.49835,9.19495],[98.49225,9.18705],[98.49557,9.16538],[98.50252,9.15424],[98.48224,9.14864],[98.48531,9.13187],[98.48025,9.12382],[98.4894,9.10788],[98.49413,9.08173],[98.48583,9.07095],[98.47303,9.06485],[98.47341,9.04948],[98.47967,9.03706],[98.48377,9.03579],[98.48804,9.01575],[98.49382,9.01467],[98.51072,8.9978],[98.5052,8.98331],[98.49431,8.98546],[98.46307,8.96962],[98.45117,8.96638],[98.44916,8.95089],[98.44284,8.94541],[98.45585,8.93611],[98.45421,8.91545],[98.44543,8.89551],[98.4556,8.89048],[98.47376,8.89004],[98.50531,8.88111],[98.51447,8.86028],[98.5361,8.85784],[98.53395,8.84366],[98.54267,8.84094],[98.55281,8.82887],[98.5546,8.81423],[98.57493,8.80411],[98.58393,8.80664],[98.59845,8.7974],[98.60161,8.78228],[98.59746,8.77538],[98.59699,8.74666],[98.59409,8.74448],[98.59583,8.71655],[98.5884,8.70578],[98.57291,8.69179],[98.57201,8.68474],[98.55947,8.67529],[98.54567,8.67425],[98.53673,8.66257],[98.5598,8.64597],[98.56547,8.63776],[98.58684,8.62838],[98.6002,8.63104],[98.60445,8.62628],[98.6097,8.63577],[98.62066,8.63612],[98.62909,8.64368],[98.63628,8.64282],[98.64819,8.65921],[98.66555,8.6479],[98.66437,8.64064],[98.67591,8.64751],[98.68341,8.64184],[98.69784,8.64073],[98.70885,8.63045],[98.72155,8.62968],[98.74694,8.6748],[98.75506,8.67728],[98.7552,8.68786],[98.78023,8.67836],[98.79947,8.65943],[98.7982,8.63474],[98.80605,8.62886],[98.79172,8.6165],[98.79938,8.61016],[98.79535,8.59131],[98.80212,8.59081],[98.80886,8.57439],[98.78786,8.56925],[98.78436,8.55604],[98.7731,8.55443],[98.76893,8.53884],[98.75712,8.51625],[98.76852,8.51058],[98.75581,8.49638],[98.76157,8.49393],[98.76173,8.47159],[98.76767,8.46314],[98.7792,8.45697],[98.7886,8.44207],[98.80649,8.44032],[98.81433,8.44486],[98.81511,8.4237],[98.82217,8.42137],[98.81795,8.4057],[98.82675,8.40393],[98.83951,8.38912],[98.83677,8.36975],[98.82561,8.34131],[98.83368,8.33183],[98.84334,8.33168],[98.85176,8.31935],[98.84318,8.30369],[98.85334,8.29356],[98.86378,8.27124],[98.86645,8.27757],[98.88118,8.27801],[98.88993,8.28988],[98.90674,8.29263],[98.91536,8.27689],[98.93003,8.28185],[98.94426,8.27209],[98.96768,8.28121],[98.97277,8.2769],[98.9954,8.27456],[99.00444,8.26165],[99.01921,8.26025],[99.02075,8.25066],[99.02893,8.25029],[99.03192,8.23452],[99.04148,8.23809],[99.06337,8.22283],[99.06091,8.20084],[99.06971,8.18372],[99.07582,8.17923],[99.08733,8.18597],[99.09579,8.20415],[99.1133,8.20731],[99.1194,8.19959],[99.12289,8.20806],[99.13324,8.20134],[99.14459,8.20407],[99.14255,8.19486],[99.16551,8.18106],[99.17988,8.18122],[99.18086,8.16249],[99.1752,8.15755],[99.17718,8.13363],[99.17163,8.11932],[99.17568,8.10489],[99.1711,8.09374],[99.17459,8.06718],[99.17975,8.04899],[99.19531,8.03042],[99.20628,8.00231],[99.21771,8.00963],[99.21623,8.01772],[99.22553,8.01632],[99.22979,8.00412],[99.24831,8.01371],[99.26073,8.01286],[99.27633,7.99323],[99.28683,7.98985],[99.27815,7.98099],[99.28641,7.97227],[99.29636,7.98469],[99.30212,7.98268],[99.30679,7.95941],[99.31764,7.95536],[99.3152,7.9465],[99.32478,7.9341],[99.33297,7.93244],[99.35144,7.95381],[99.35872,7.94985],[99.36936,7.95469],[99.37071,7.96122],[99.35779,7.9754],[99.36996,7.97872],[99.3878,7.97812],[99.39781,7.9883],[99.38959,8.00037],[99.39536,8.0083],[99.40765,8.01178],[99.40517,8.03158],[99.39913,8.03596],[99.38136,8.0362],[99.37828,8.04203],[99.38131,8.07235],[99.37922,8.08029],[99.39163,8.08716],[99.41144,8.10544],[99.43589,8.11041],[99.43463,8.11906],[99.44379,8.11722],[99.45835,8.12974],[99.46532,8.14042],[99.4947,8.16999],[99.50016,8.1711],[99.5076,8.15535],[99.51773,8.15967],[99.51991,8.14345],[99.53932,8.13684],[99.54738,8.13752],[99.55249,8.1578],[99.57239,8.15475],[99.59477,8.16176],[99.60486,8.15937],[99.61835,8.16229],[99.62426,8.17156],[99.61421,8.17799],[99.62741,8.1912],[99.6252,8.20266],[99.63413,8.20109],[99.64926,8.22142],[99.66735,8.22841],[99.673,8.23504],[99.67,8.24307],[99.67506,8.25099],[99.67231,8.28654],[99.68746,8.29504],[99.70864,8.2973],[99.72,8.30242],[99.72673,8.28291],[99.7353,8.27258],[99.75261,8.2694],[99.75826,8.25326],[99.75528,8.24605],[99.76405,8.23899],[99.7744,8.23944],[99.78829,8.23171],[99.78374,8.21794],[99.77708,8.21152],[99.79085,8.20022],[99.80265,8.20029],[99.79685,8.18711],[99.78776,8.18234],[99.78991,8.17064],[99.77387,8.15956],[99.77379,8.14902],[99.76815,8.14397],[99.77831,8.1287],[99.76345,8.09313],[99.76121,8.06984],[99.76635,8.05863],[99.77355,8.05746],[99.76683,8.03965],[99.77257,8.03803],[99.77312,8.0257],[99.76434,8.01856],[99.75603,8.02125],[99.75103,8.01433],[99.75434,8.00568],[99.73859,7.98146],[99.74123,7.96095],[99.72968,7.95105],[99.72058,7.93228],[99.72462,7.92001],[99.71167,7.91425],[99.71204,7.90204],[99.71978,7.89389],[99.70861,7.88311],[99.7198,7.857],[99.73629,7.84538],[99.73809,7.83897],[99.75107,7.83284],[99.75916,7.80234],[99.76874,7.79203],[99.77081,7.78375],[99.76699,7.7695],[99.77651,7.76132],[99.78873,7.74278],[99.78382,7.73476],[99.79036,7.70569],[99.80453,7.68606],[99.81856,7.68086],[99.81826,7.6591],[99.80789,7.64547],[99.7852,7.6438],[99.79627,7.63773],[99.79862,7.62896],[99.80998,7.62159],[99.80043,7.60368],[99.79987,7.59],[99.82376,7.55577],[99.83419,7.55549],[99.83841,7.53971],[99.81965,7.52091],[99.82273,7.50891],[99.84129,7.49889],[99.85336,7.47931],[99.84771,7.47114],[99.8571,7.46107],[99.86168,7.44046],[99.87101,7.43207],[99.87736,7.41625],[99.88574,7.41206],[99.87819,7.38067],[99.90321,7.35584],[99.90453,7.32961],[99.91538,7.3177],[99.92374,7.31559],[99.92668,7.30106],[99.94411,7.29794],[99.9454,7.28552],[99.95674,7.28013],[99.96316,7.26268],[99.9855,7.25362],[99.9822,7.23867],[99.99453,7.22848],[99.99532,7.21289],[100.03346,7.16552],[100.02473,7.15505],[100.03129,7.13596],[100.0283,7.12396],[100.03294,7.10265],[100.03769,7.10783],[100.05723,7.10739],[100.05447,7.09497],[100.06137,7.082],[100.06351,7.05747],[100.07951,7.03854],[100.06485,7.0247],[100.06586,7.01295],[100.05584,7.00956],[100.05776,6.99471],[100.0622,6.99212],[100.07023,6.96639],[100.09531,6.96487],[100.10171,6.94902],[100.11888,6.93988],[100.12716,6.92428],[100.14773,6.93082],[100.15495,6.9372],[100.15696,6.95201],[100.16403,6.94972],[100.16828,6.95692],[100.18359,6.95231],[100.19335,6.94179],[100.19308,6.93257],[100.20593,6.92108],[100.19973,6.91876],[100.20077,6.89995],[100.2187,6.8788],[100.21732,6.86584],[100.21053,6.85671],[100.21,6.84298],[100.20205,6.83992],[100.19522,6.8265],[100.19176,6.81048],[100.19241,6.79282],[100.19933,6.78275],[100.19451,6.76524],[100.18757,6.72682],[100.19065,6.71864],[100.17685,6.69483],[100.17146,6.69385],[100.17929,6.68223],[100.18078,6.65412],[100.16823,6.64758],[100.16938,6.61015],[100.18109,6.6015],[100.17845,6.5912],[100.18446,6.57945],[100.17621,6.56645],[100.17001,6.57461],[100.16638,6.5697],[100.15717,6.57962],[100.15974,6.56262],[100.15387,6.55745],[100.15762,6.52276],[100.15468,6.52206],[100.16081,6.50305],[100.15817,6.47865],[100.14567,6.46858],[100.1479,6.45192],[100.13576,6.44437],[100.13329,6.42895],[100.12038,6.4228],[100.11907,6.44256],[100.10133,6.49613],[100.08389,6.49664],[100.09139,6.51236],[100.09897,6.51815],[100.09555,6.54296],[100.0791,6.55823],[100.06841,6.53089],[100.06447,6.5148],[100.05071,6.51913],[100.02126,6.54533],[100.00657,6.56215],[99.98992,6.59299],[99.99418,6.60588],[99.9868,6.60784],[99.97311,6.59667],[99.95721,6.59023],[99.95101,6.58393],[99.94843,6.59083],[99.95306,6.62047],[99.96193,6.61634],[99.97511,6.62909],[99.96457,6.63689],[99.95476,6.66566],[99.93777,6.6573],[99.91999,6.67543],[99.9236,6.6885],[99.91706,6.69932],[99.90998,6.68873],[99.90439,6.70597],[99.91684,6.7196],[99.91085,6.72443],[99.90119,6.72125],[99.8766,6.72102],[99.86835,6.73834],[99.86926,6.7439],[99.84443,6.77207],[99.84201,6.77898],[99.81248,6.77009],[99.80711,6.77361],[99.79998,6.80729],[99.7844,6.83274],[99.77396,6.84222],[99.76811,6.83594],[99.75645,6.83745],[99.72309,6.8542],[99.72089,6.86213],[99.69693,6.85606],[99.69802,6.86616],[99.68434,6.89621],[99.67813,6.89932],[99.68752,6.90572],[99.68392,6.91714],[99.68124,6.94336],[99.6949,6.9557],[99.70375,6.95045],[99.70829,6.95446],[99.70133,6.96962],[99.69468,6.96919],[99.6841,6.9589],[99.68176,6.9702],[99.68898,6.97088],[99.67731,6.97924],[99.67062,7.00408],[99.68428,7.01333],[99.67775,7.0201],[99.6702,7.03899],[99.67742,7.05492],[99.68195,7.0555],[99.69895,7.07577],[99.70125,7.06497],[99.71531,7.08848],[99.71404,7.10285],[99.73789,7.11833],[99.73576,7.12561],[99.70208,7.13294],[99.68988,7.12428],[99.68122,7.12355],[99.66782,7.11372],[99.67108,7.12475],[99.66837,7.14068],[99.65973,7.1667],[99.64888,7.17042],[99.63781,7.1648],[99.61621,7.14109],[99.60735,7.13665],[99.5999,7.13987],[99.60023,7.15092],[99.59369,7.15461],[99.58507,7.1468],[99.5769,7.15766],[99.57344,7.17237],[99.55752,7.2092],[99.53957,7.23246],[99.52152,7.24937],[99.53317,7.28286],[99.5263,7.29642],[99.51891,7.29859],[99.50438,7.31526],[99.50337,7.33384],[99.48738,7.33434],[99.49092,7.3221],[99.48338,7.29204],[99.47178,7.28417],[99.43034,7.30016],[99.4203,7.29836],[99.41152,7.31264],[99.40264,7.31429],[99.39556,7.30705],[99.38841,7.32146],[99.375,7.33959],[99.36046,7.35121],[99.36304,7.35766],[99.33864,7.37804],[99.33831,7.38423],[99.35045,7.40083],[99.34572,7.41148],[99.34417,7.44232],[99.33061,7.48568],[99.32081,7.50195],[99.30946,7.51242],[99.30152,7.50783],[99.297,7.49739],[99.28457,7.51722],[99.29366,7.51319],[99.30729,7.5233],[99.31242,7.53916],[99.29452,7.56113],[99.29948,7.56916],[99.27888,7.60137],[99.28323,7.61842],[99.27408,7.63036],[99.26128,7.61674],[99.24638,7.62603],[99.23494,7.62767],[99.23907,7.63361],[99.25407,7.62937],[99.25131,7.63959],[99.2581,7.65852],[99.24784,7.66618],[99.24076,7.6814],[99.22835,7.6715],[99.21266,7.67806],[99.20022,7.66906],[99.19582,7.6748],[99.2071,7.68937],[99.20084,7.69817],[99.19669,7.69147],[99.18717,7.70462],[99.17957,7.70312],[99.16943,7.72862],[99.15804,7.73985],[99.14596,7.74061],[99.13833,7.75],[99.1351,7.77172],[99.12633,7.77465],[99.11818,7.76802],[99.10718,7.70558],[99.10181,7.69537],[99.09204,7.6904],[99.05207,7.69717],[99.0391,7.70213],[99.0384,7.70917],[99.02172,7.75353],[99.01994,7.7637],[99.02689,7.77389],[99.02252,7.78488],[99.03173,7.79741],[99.01706,7.82198],[99.04285,7.8336],[99.04867,7.85301],[99.06595,7.85529],[99.06545,7.86889],[99.06983,7.87427],[99.04531,7.88369],[99.03621,7.89367],[99.0265,7.8899],[99.02035,7.90106],[99.02079,7.91526],[99.01251,7.92808],[98.99862,7.93285],[98.99116,7.94136],[98.97426,7.93732],[98.97273,7.93244],[98.96016,7.95827],[98.94279,7.98726],[98.94482,7.99379],[98.9578,8.0],[98.91922,8.03765],[98.90332,8.0417],[98.89554,8.03096],[98.87985,8.02014],[98.86505,8.02936],[98.84956,8.01438],[98.83762,8.01134],[98.81431,8.03748],[98.80355,8.04526],[98.78648,8.0452],[98.77191,8.04025],[98.77401,8.02461],[98.76892,8.02123],[98.76542,8.03623],[98.75765,8.04882],[98.74999,8.05319],[98.74094,8.07748],[98.74662,8.08897],[98.74821,8.12135],[98.75763,8.13088],[98.75119,8.13724],[98.75011,8.1479],[98.74325,8.13479],[98.73871,8.15698],[98.74266,8.15859],[98.75131,8.18211],[98.74796,8.20541],[98.74371,8.20899],[98.73645,8.22988],[98.73976,8.23679],[98.73079,8.23862],[98.72765,8.25],[98.72338,8.23342],[98.71633,8.2205],[98.70815,8.22296],[98.71628,8.23868],[98.71811,8.26577],[98.71275,8.26561],[98.71503,8.27767],[98.7068,8.28793],[98.7097,8.31078],[98.70488,8.31364],[98.68286,8.30282],[98.67981,8.29705],[98.6607,8.28691],[98.65019,8.27305],[98.63572,8.28564],[98.63563,8.27609],[98.62829,8.28229],[98.62979,8.29812],[98.62578,8.31368],[98.63332,8.31998],[98.64001,8.35048],[98.63488,8.36574],[98.64382,8.37347],[98.63795,8.38082],[98.60876,8.38393],[98.60718,8.36556],[98.59995,8.37071],[98.5963,8.36384],[98.58264,8.3581],[98.57027,8.36049],[98.56839,8.35537],[98.55165,8.35473],[98.54157,8.35827],[98.55,8.34107],[98.53871,8.3428],[98.5369,8.33678],[98.51247,8.32638],[98.50744,8.34147],[98.49391,8.33555],[98.4986,8.32513],[98.49043,8.3168],[98.47175,8.31797],[98.46854,8.30239],[98.46257,8.29622],[98.45493,8.27662],[98.46163,8.25127],[98.45582,8.23957],[98.46459,8.24008],[98.46763,8.21746],[98.45544,8.20799],[98.44537,8.19408],[98.43565,8.16264],[98.44331,8.15079],[98.42805,8.13522],[98.42206,8.15641],[98.41188,8.15874],[98.38841,8.12675],[98.37382,8.13922],[98.37138,8.15644],[98.36162,8.18664],[98.35316,8.1907],[98.33515,8.18032],[98.32737,8.18808],[98.32745,8.19609],[98.30245,8.20157],[98.29397,8.2076],[98.28216,8.20519],[98.28216,8.2465],[98.2695,8.30794],[98.26539,8.31833],[98.25739,8.3567],[98.25949,8.35802],[98.23414,8.44214],[98.22273,8.49668],[98.21102,8.53895],[98.20508,8.55356],[98.21409,8.58428],[98.22425,8.57933],[98.23287,8.58189],[98.24064,8.59136],[98.23758,8.61666],[98.23231,8.62518],[98.24348,8.63011],[98.24655,8.639],[98.24721,8.66052],[98.24292,8.66801],[98.23438,8.7214],[98.22355,8.72747],[98.22177,8.73654],[98.23475,8.73394],[98.25412,8.74754],[98.26153,8.76283],[98.26235,8.78297],[98.25812,8.80299],[98.25266,8.80992],[98.26413,8.82015],[98.26584,8.84299],[98.26347,8.8564],[98.26715,8.86709],[98.26256,8.89181],[98.24857,8.91513],[98.26112,8.9401],[98.26261,8.96172],[98.25916,8.98532],[98.24674,9.0071],[98.25775,9.01372],[98.27368,9.01364],[98.27728,9.00725],[98.30969,8.99751],[98.32187,8.99035],[98.32581,8.9713],[98.33346,8.97797],[98.34175,8.9736],[98.35742,8.97757],[98.36633,8.99147],[98.35998,9.0],[98.38393,9.02208],[98.38171,9.02858],[98.355,9.01131],[98.34962,9.00283],[98.33466,9.00939],[98.31907,9.03129],[98.32014,9.04073],[98.3303,9.05655],[98.34664,9.06839],[98.36699,9.06926],[98.36948,9.06006],[98.38414,9.05649],[98.38703,9.06269],[98.37602,9.07173],[98.38066,9.07695],[98.36958,9.07879],[98.36629,9.09399],[98.35233,9.09489],[98.35215,9.10405],[98.34257,9.11893],[98.34689,9.12752],[98.33941,9.13631],[98.34082,9.14868],[98.31979,9.18028],[98.31635,9.19567],[98.32167,9.21254],[98.32878,9.22285],[98.33376,9.21677],[98.34953,9.21885],[98.35863,9.20725],[98.36924,9.20712],[98.36646,9.22731],[98.34689,9.23586],[98.34722,9.24466],[98.36002,9.25586],[98.36785,9.26999],[98.36696,9.28061],[98.36069,9.28371],[98.37698,9.29126],[98.38085,9.31995],[98.39037,9.33358],[98.39456,9.36194],[98.39758,9.40402],[98.4061,9.39762],[98.41667,9.40813],[98.43002,9.44402],[98.43299,9.46418],[98.4326,9.48533],[98.43544,9.49843],[98.45606,9.56356],[98.46986,9.56377],[98.4624,9.55463],[98.47506,9.52923],[98.47025,9.5006],[98.46406,9.4828],[98.47598,9.46649],[98.47102,9.48792],[98.4816,9.50159],[98.48357,9.51604],[98.48138,9.53149],[98.48777,9.53554],[98.49082,9.52457],[98.50107,9.50953],[98.49836,9.52294],[98.49839,9.55255],[98.51056,9.55319],[98.51068,9.55862],[98.53306,9.5687],[98.54988,9.56403],[98.55299,9.56808],[98.53891,9.57639],[98.52318,9.58135],[98.50954,9.59498],[98.4921,9.59165],[98.48023,9.59294],[98.46687,9.60018],[98.4634,9.62876],[98.47039,9.62492],[98.47846,9.63462],[98.49568,9.61613],[98.50282,9.62902],[98.50032,9.63482],[98.51085,9.65342],[98.50178,9.65817],[98.49962,9.65181],[98.49175,9.66177],[98.48557,9.68622],[98.49697,9.68146],[98.5048,9.67278],[98.52032,9.68221],[98.52692,9.67894],[98.54191,9.69155],[98.53909,9.7161],[98.55854,9.72682],[98.55404,9.74836],[98.53822,9.74379],[98.52352,9.75076],[98.50819,9.73676],[98.50076,9.73886],[98.51253,9.75353],[98.50684,9.78263],[98.51548,9.78895],[98.5241,9.78673],[98.53713,9.79064],[98.53898,9.80428],[98.53198,9.81342],[98.51617,9.85192],[98.52078,9.85684],[98.53659,9.85875],[98.52771,9.86474],[98.53559,9.88264],[98.54999,9.88761],[98.55836,9.87784],[98.57249,9.90623],[98.56989,9.92255],[98.59106,9.9316],[98.58617,9.94166],[98.58948,9.95621],[98.57084,9.96375],[98.57995,9.98706],[98.60167,10.02961],[98.61683,10.05081],[98.64088,10.10621],[98.64543,10.11348],[98.64094,10.13015],[98.65263,10.16146],[98.67118,10.17084],[98.69999,10.21232],[98.70783,10.23114],[98.72873,10.29335],[98.73354,10.31125],[98.74316,10.32392],[98.74573,10.35291],[98.75562,10.39315],[98.76729,10.40578],[98.77057,10.41941],[98.78325,10.44313],[98.79655,10.445],[98.79756,10.45688],[98.80946,10.47191],[98.79963,10.48205],[98.80654,10.48384],[98.81709,10.49897],[98.81813,10.526],[98.8143,10.52967],[98.81664,10.54473],[98.812,10.55448],[98.7992,10.55804],[98.80629,10.56878],[98.80984,10.59339],[98.80214,10.58624],[98.79882,10.60505],[98.78553,10.60627],[98.7812,10.60136],[98.78089,10.61594],[98.77135,10.62009],[98.77639,10.63971],[98.7847,10.65218],[98.77981,10.6785],[98.7862,10.68075],[98.80118,10.70659],[98.81914,10.72012],[98.83776,10.74724],[98.84491,10.75361],[98.86313,10.7787],[98.86753,10.77558],[98.8763,10.7879],[98.88553,10.78392],[98.88947,10.7747],[98.90571,10.78444],[98.913,10.81057],[98.924,10.82617],[98.93562,10.81914],[98.9365,10.81289],[98.93654,10.79561],[98.92899,10.78723],[98.92988,10.77867],[98.91625,10.76474],[98.91542,10.75114],[98.90497,10.72881],[98.89998,10.70817],[98.88968,10.69608],[98.895,10.6823],[98.90501,10.69098],[98.90893,10.67846],[98.91901,10.68057],[98.93628,10.67538],[98.94316,10.66441],[98.94041,10.65747],[98.95318,10.65286],[98.95427,10.64577],[98.94486,10.61241],[98.95944,10.61657],[98.96472,10.60521],[98.95758,10.58187],[98.95676,10.57965],[98.94196,10.56948],[98.94372,10.55912],[98.96268,10.53973],[98.94805,10.52919],[98.94422,10.5175],[98.92736,10.51363],[98.91781,10.50739],[98.91034,10.48967],[98.89449,10.48281],[98.89444,10.47499],[98.88449,10.45854],[98.89506,10.44119],[98.89614,10.43174],[98.8904,10.40252],[98.91188,10.39645],[98.91497,10.38644],[98.93745,10.38372],[98.93162,10.36962],[98.93455,10.36203],[98.92123,10.34889],[98.93006,10.32643],[98.91945,10.31737],[98.91263,10.30303],[98.89987,10.2883],[98.90045,10.27342],[98.90829,10.2699],[98.90371,10.25495],[98.89599,10.252],[98.89933,10.2403],[98.88885,10.23302],[98.89097,10.22376],[98.87509,10.20541],[98.87106,10.18598],[98.88918,10.16913],[98.88827,10.15974],[98.86975,10.15421],[98.86882,10.13333],[98.85908,10.12955],[98.859,10.11812],[98.86432,10.11932],[98.86279,10.0935],[98.85572,10.08351],[98.85072,10.08561],[98.83566,10.06594],[98.83857,10.06292],[98.86121,10.0641],[98.89281,10.06503]]]]}}]}