{"type":"FeatureCollection","features":[{"type":"Feature","properties":{"kind":"boundary"},"geometry":{"type":"MultiLineString","coordinates":[[[100.91398,13.94649],[100.9085,13.90208]],[[100.9085,13.90208],[100.90645,13.88119]],[[100.90645,13.88119],[100.90589,13.85523]],[[100.90589,13.85523],[100.9042,13.84842]],[[100.9042,13.84842],[100.91268,13.8468]],[[100.91268,13.8468],[100.90755,13.8381]],[[100.90755,13.8381],[100.93852,13.81426]],[[100.93852,13.81426],[100.92827,13.80128]],[[100.92827,13.80128],[100.91041,13.79099]],[[100.91041,13.79099],[100.89043,13.75615]],[[100.89043,13.75615],[100.87744,13.73578]],[[100.87744,13.73578],[100.85507,13.69927]],[[100.85507,13.69927],[100.86077,13.6969]],[[100.86077,13.6969],[100.85935,13.68956]],[[100.85935,13.68956],[100.82885,13.7018]],[[100.82885,13.7018],[100.78795,13.71661]],[[100.78795,13.71661],[100.77242,13.71631]],[[100.77242,13.71631],[100.73066,13.71681]],[[100.73066,13.71681],[100.71625,13.71819]],[[100.71625,13.71819],[100.70999,13.71678]],[[100.70999,13.71678],[100.71238,13.70129]],[[100.71238,13.70129],[100.70546,13.6788]],[[100.70546,13.6788],[100.70384,13.67123]],[[100.70384,13.67123],[100.69996,13.66431]],[[100.69996,13.66431],[100.69827,13.65633]],[[100.69827,13.65633],[100.67862,13.66136]],[[100.67862,13.66136],[100.66647,13.66721]],[[100.66647,13.66721],[100.66102,13.67168]],[[100.66102,13.67168],[100.65537,13.67224]],[[100.65537,13.67224],[100.65088,13.66061]],[[100.65088,13.66061],[100.64971,13.6525]],[[100.64971,13.6525],[100.64076,13.65464]],[[100.64076,13.65464],[100.63628,13.6485]],[[100.63628,13.6485],[100.61784,13.65606]],[[100.61784,13.65606],[100.61637,13.65268]],[[100.61637,13.65268],[100.60351,13.6584]],[[100.60351,13.6584],[100.60281,13.65651]],[[100.60281,13.65651],[100.59653,13.66215]],[[100.59653,13.66215],[100.57946,13.66922]],[[100.57946,13.66922],[100.58651,13.6783]],[[100.58651,13.6783],[100.58931,13.68534]],[[100.58931,13.68534],[100.5872,13.69265]],[[100.5872,13.69265],[100.58037,13.69876]],[[100.58037,13.69876],[100.57137,13.70308]],[[100.57137,13.70308],[100.56117,13.70605]],[[100.56117,13.70605],[100.55487,13.70548]],[[100.55487,13.70548],[100.55136,13.69964]],[[100.55136,13.69964],[100.55258,13.68796]],[[100.55258,13.68796],[100.55152,13.67936]],[[100.55152,13.67936],[100.5487,13.67404]],[[100.5487,13.67404],[100.53971,13.66896]],[[100.53971,13.66896],[100.53218,13.67092]],[[100.53218,13.67092],[100.5234,13.67788]],[[100.5234,13.67788],[100.5212,13.67645]],[[100.5212,13.67645],[100.52049,13.66842]],[[100.52049,13.66842],[100.51759,13.66728]],[[100.51759,13.66728],[100.51695,13.64571]],[[100.51695,13.64571],[100.5151,13.6394]],[[100.5151,13.6394],[100.51807,13.63488]],[[100.51807,13.63488],[100.51424,13.62843]],[[100.51424,13.62843],[100.51639,13.61272]],[[100.51639,13.61272],[100.52104,13.60514]],[[100.52104,13.60514],[100.51374,13.60259]],[[100.51374,13.60259],[100.51155,13.59716]],[[100.51155,13.59716],[100.50409,13.59746]],[[100.50409,13.59746],[100.49931,13.59491]],[[100.49931,13.59491],[100.49614,13.5883]],[[100.49614,13.5883],[100.49122,13.58616]],[[100.49122,13.58616],[100.48221,13.59247]],[[100.48221,13.59247],[100.48078,13.5977]],[[100.48078,13.5977],[100.47316,13.59918]],[[100.47316,13.59918],[100.47363,13.59386]],[[100.47363,13.59386],[100.46959,13.59276]],[[100.46959,13.59276],[100.46581,13.60398]],[[100.46581,13.60398],[100.4629,13.60605]],[[100.4629,13.60605],[100.45457,13.6051]],[[100.45457,13.6051],[100.44926,13.59091]],[[100.44926,13.59091],[100.44675,13.58727]],[[100.44675,13.58727],[100.44446,13.55319]],[[100.44446,13.55319],[100.45369,13.50198]],[[100.45369,13.50198],[100.43966,13.49877],[100.43716,13.49681],[100.4272,13.49623],[100.40884,13.49339]],[[100.40884,13.49339],[100.40682,13.50222]],[[100.40682,13.50222],[100.40633,13.5358]],[[100.40633,13.5358],[100.41407,13.53587]],[[100.41407,13.53587],[100.42009,13.54524]],[[100.42009,13.54524],[100.41478,13.55126]],[[100.41478,13.55126],[100.41521,13.55715]],[[100.41521,13.55715],[100.39928,13.55272]],[[100.39928,13.55272],[100.39586,13.55346]],[[100.39586,13.55346],[100.39061,13.56758]],[[100.39061,13.56758],[100.38499,13.57921]],[[100.38499,13.57921],[100.38436,13.58952]],[[100.38436,13.58952],[100.37852,13.59438]],[[100.37852,13.59438],[100.37648,13.6197]],[[100.37648,13.6197],[100.36601,13.63362]],[[100.36601,13.63362],[100.35906,13.63278]],[[100.35906,13.63278],[100.35434,13.64089]],[[100.35434,13.64089],[100.34852,13.64101]],[[100.34852,13.64101],[100.34545,13.64473]],[[100.34545,13.64473],[100.34684,13.65534]],[[100.34684,13.65534],[100.33938,13.65499]],[[100.33938,13.65499],[100.3413,13.66087]],[[100.3413,13.66087],[100.33755,13.67736]],[[100.33755,13.67736],[100.33365,13.68122]],[[100.33365,13.68122],[100.33071,13.69966]],[[100.33071,13.69966],[100.33348,13.70839]],[[100.33348,13.70839],[100.33233,13.71246]],[[100.33233,13.71246],[100.33877,13.71277]],[[100.33877,13.71277],[100.33311,13.72084]],[[100.33311,13.72084],[100.33033,13.71972]],[[100.33033,13.71972],[100.33574,13.72299]],[[100.33574,13.72299],[100.33477,13.72836]],[[100.33477,13.72836],[100.33749,13.73391]],[[100.33749,13.73391],[100.33496,13.74772]],[[100.33496,13.74772],[100.33538,13.75329]],[[100.33538,13.75329],[100.33011,13.76237]],[[100.33011,13.76237],[100.33094,13.77756]],[[100.33094,13.77756],[100.33386,13.78124]],[[100.33386,13.78124],[100.3307,13.79815]],[[100.3307,13.79815],[100.32791,13.80413]],[[100.32791,13.80413],[100.40397,13.80169]],[[100.40397,13.80169],[100.45809,13.79832]],[[100.45809,13.79832],[100.46966,13.79479]],[[100.46966,13.79479],[100.46618,13.78892]],[[100.46618,13.78892],[100.47335,13.79064]],[[100.47335,13.79064],[100.50009,13.80023]],[[100.50009,13.80023],[100.51526,13.81327]],[[100.51526,13.81327],[100.5074,13.81604]],[[100.5074,13.81604],[100.50633,13.81945]],[[100.50633,13.81945],[100.51095,13.82611]],[[100.51095,13.82611],[100.51345,13.82634]],[[100.51345,13.82634],[100.53615,13.84615]],[[100.53615,13.84615],[100.54363,13.84963]],[[100.54363,13.84963],[100.56755,13.9512]],[[100.56755,13.9512],[100.57497,13.95432]],[[100.57497,13.95432],[100.59178,13.95034]],[[100.59178,13.95034],[100.60568,13.9441]],[[100.60568,13.9441],[100.60423,13.95426]],[[100.60423,13.95426],[100.61285,13.9552]],[[100.61285,13.9552],[100.62475,13.94897]],[[100.62475,13.94897],[100.62552,13.93821]],[[100.62552,13.93821],[100.63977,13.93759]],[[100.63977,13.93759],[100.64123,13.93134]],[[100.64123,13.93134],[100.66583,13.93034]],[[100.66583,13.93034],[100.68973,13.93105]],[[100.68973,13.93105],[100.68695,13.91625]],[[100.68695,13.91625],[100.7526,13.91847]],[[100.7526,13.91847],[100.7926,13.93154]],[[100.7926,13.93154],[100.83966,13.93653]],[[100.83966,13.93653],[100.88481,13.94281]],[[100.88481,13.94281],[100.91398,13.94649]],[[100.86077,13.6969],[100.87703,13.68991]],[[100.87703,13.68991],[100.95582,13.66238]],[[100.95582,13.66238],[100.95256,13.65508]],[[100.95256,13.65508],[100.95448,13.64682]],[[100.95448,13.64682],[100.96388,13.64453]],[[100.96388,13.64453],[100.95876,13.63177]],[[100.95876,13.63177],[100.94478,13.6187]],[[100.94478,13.6187],[100.92961,13.60007]],[[100.92961,13.60007],[100.92361,13.5938]],[[100.92361,13.5938],[100.91788,13.59448]],[[100.91788,13.59448],[100.90714,13.59205]],[[100.90714,13.59205],[100.90699,13.58056]],[[100.90699,13.58056],[100.91411,13.57625]],[[100.91411,13.57625],[100.91497,13.57095]],[[100.91497,13.57095],[100.909,13.56312]],[[100.909,13.56312],[100.90404,13.5541]],[[100.90404,13.5541],[100.89006,13.56461]],[[100.89006,13.56461],[100.88944,13.55783]],[[100.88944,13.55783],[100.87953,13.54818]],[[100.87953,13.54818],[100.8722,13.52302]],[[100.8722,13.52302],[100.87405,13.52012]],[[100.87405,13.52012],[100.87159,13.51269]],[[100.87159,13.51269],[100.87248,13.49485]],[[100.87248,13.49485],[100.86961,13.48822]],[[100.86961,13.48822],[100.86311,13.48962]],[[100.86311,13.48962],[100.86017,13.48452]],[[100.86017,13.48452],[100.85018,13.48336]],[[100.85018,13.48336],[100.84839,13.47842]],[[100.84839,13.47842],[100.84731,13.48069],[100.83322,13.48241],[100.81284,13.4891],[100.80468,13.48757],[100.79858,13.48852],[100.79078,13.49301],[100.78366,13.493],[100.77658,13.49054],[100.7294,13.50049],[100.72197,13.50003],[100.70777,13.50163],[100.70825,13.50435],[100.68626,13.50674],[100.6812,13.50623],[100.65416,13.51638],[100.63687,13.51872],[100.63117,13.52064],[100.62275,13.52677],[100.62207,13.52948],[100.61189,13.5389],[100.58448,13.53927],[100.58812,13.53408],[100.58211,13.52274],[100.57244,13.51494],[100.55925,13.51383],[100.54942,13.51142],[100.53737,13.51064],[100.53178,13.50624],[100.52845,13.50862],[100.52006,13.50888],[100.51353,13.5069],[100.50256,13.5071],[100.48698,13.50406],[100.48065,13.50075],[100.47306,13.5019],[100.47254,13.50499],[100.46036,13.49927],[100.45841,13.50249],[100.45369,13.50198]],[[100.32791,13.80413],[100.27612,13.91294]],[[100.27612,13.91294],[100.26545,13.92061]],[[100.26545,13.92061],[100.27243,13.93203]],[[100.27243,13.93203],[100.28701,13.94721]],[[100.28701,13.94721],[100.29822,13.96337]],[[100.29822,13.96337],[100.28638,13.97126]],[[100.28638,13.97126],[100.27408,13.98278]],[[100.27408,13.98278],[100.26805,13.99348]],[[100.26805,13.99348],[100.26243,13.99812]],[[100.26243,13.99812],[100.26558,14.00121]],[[100.26558,14.00121],[100.26329,14.00435]],[[100.26329,14.00435],[100.2665,14.00796]],[[100.2665,14.00796],[100.26407,14.01017]],[[100.26407,14.01017],[100.26899,14.01878]],[[100.26899,14.01878],[100.2697,14.02342]],[[100.2697,14.02342],[100.27687,14.02385]],[[100.27687,14.02385],[100.26895,14.03654]],[[100.26895,14.03654],[100.26416,14.06016]],[[100.26416,14.06016],[100.27236,14.06834]],[[100.27236,14.06834],[100.27681,14.08463]],[[100.27681,14.08463],[100.27711,14.10121]],[[100.27711,14.10121],[100.28373,14.1007]],[[100.28373,14.1007],[100.28179,14.12688]],[[100.28179,14.12688],[100.29606,14.13931]],[[100.29606,14.13931],[100.30002,14.14022]],[[100.30002,14.14022],[100.32084,14.12964]],[[100.32084,14.12964],[100.33315,14.12893]],[[100.33315,14.12893],[100.34049,14.1214]],[[100.34049,14.1214],[100.34404,14.11503]],[[100.34404,14.11503],[100.34128,14.09647]],[[100.34128,14.09647],[100.33503,14.07838]],[[100.33503,14.07838],[100.33216,14.06568]],[[100.33216,14.06568],[100.33164,14.05636]],[[100.33164,14.05636],[100.33659,14.03788]],[[100.33659,14.03788],[100.3437,14.02207]],[[100.3437,14.02207],[100.35576,14.00045]],[[100.35576,14.00045],[100.36444,13.99235]],[[100.36444,13.99235],[100.3805,13.98881]],[[100.3805,13.98881],[100.38108,13.99478]],[[100.38108,13.99478],[100.43479,13.98115]],[[100.43479,13.98115],[100.45348,13.96734]],[[100.45348,13.96734],[100.45677,13.97475]],[[100.45677,13.97475],[100.46061,13.97645]],[[100.46061,13.97645],[100.46242,13.97069]],[[100.46242,13.97069],[100.46484,13.97142]],[[100.46484,13.97142],[100.47621,13.96047]],[[100.47621,13.96047],[100.48856,13.94617]],[[100.48856,13.94617],[100.49147,13.94089]],[[100.49147,13.94089],[100.50178,13.93672]],[[100.50178,13.93672],[100.51052,13.94361]],[[100.51052,13.94361],[100.52929,13.94433]],[[100.52929,13.94433],[100.53576,13.94819]],[[100.53576,13.94819],[100.53903,13.9557]],[[100.53903,13.9557],[100.54587,13.95255]],[[100.54587,13.95255],[100.56139,13.94947]],[[100.56139,13.94947],[100.56755,13.9512]],[[100.95112,14.27168],[100.95128,14.26215]],[[100.95128,14.26215],[100.94927,14.25498]],[[100.94927,14.25498],[100.94537,14.24948]],[[100.94537,14.24948],[100.94644,14.23713]],[[100.94644,14.23713],[100.91394,14.22128]],[[100.91394,14.22128],[100.91354,14.11397]],[[100.91354,14.11397],[100.91494,14.08339]],[[100.91494,14.08339],[100.91422,13.96128]],[[100.91422,13.96128],[100.91398,13.94649]],[[100.34404,14.11503],[100.35499,14.11355]],[[100.35499,14.11355],[100.36603,14.11483]],[[100.36603,14.11483],[100.39457,14.11511]],[[100.39457,14.11511],[100.4192,14.11402]],[[100.4192,14.11402],[100.44106,14.11402]],[[100.44106,14.11402],[100.45329,14.11636]],[[100.45329,14.11636],[100.46275,14.11272]],[[100.46275,14.11272],[100.47394,14.11115]],[[100.47394,14.11115],[100.48178,14.11184]],[[100.48178,14.11184],[100.49716,14.11606]],[[100.49716,14.11606],[100.50862,14.12496]],[[100.50862,14.12496],[100.51773,14.13012]],[[100.51773,14.13012],[100.52279,14.12348]],[[100.52279,14.12348],[100.53085,14.11965]],[[100.53085,14.11965],[100.53875,14.11878]],[[100.53875,14.11878],[100.54686,14.11577]],[[100.54686,14.11577],[100.55331,14.11132]],[[100.55331,14.11132],[100.55173,14.11824]],[[100.55173,14.11824],[100.55585,14.12024]],[[100.55585,14.12024],[100.56021,14.11816]],[[100.56021,14.11816],[100.5628,14.12247]],[[100.5628,14.12247],[100.57361,14.12265]],[[100.57361,14.12265],[100.57964,14.12735]],[[100.57964,14.12735],[100.59333,14.13237]],[[100.59333,14.13237],[100.59741,14.13235]],[[100.59741,14.13235],[100.6069,14.13621]],[[100.6069,14.13621],[100.61482,14.12896]],[[100.61482,14.12896],[100.61983,14.12899]],[[100.61983,14.12899],[100.61967,14.14312]],[[100.61967,14.14312],[100.69331,14.1818]],[[100.69331,14.1818],[100.72319,14.19578]],[[100.72319,14.19578],[100.8215,14.24275]],[[100.8215,14.24275],[100.89155,14.27595]],[[100.89155,14.27595],[100.89159,14.24365]],[[100.89159,14.24365],[100.8923,14.24371]],[[100.8923,14.24371],[100.95112,14.27168]],[[100.60228,14.65505],[100.59375,14.64611]],[[100.59375,14.64611],[100.58374,14.63016]],[[100.58374,14.63016],[100.58006,14.61947]],[[100.58006,14.61947],[100.58271,14.61358]],[[100.58271,14.61358],[100.57771,14.61003]],[[100.57771,14.61003],[100.57498,14.59883]],[[100.57498,14.59883],[100.5799,14.5911]],[[100.5799,14.5911],[100.58475,14.58919]],[[100.58475,14.58919],[100.60339,14.57869]],[[100.60339,14.57869],[100.60184,14.55422]],[[100.60184,14.55422],[100.61848,14.56428]],[[100.61848,14.56428],[100.63091,14.55578]],[[100.63091,14.55578],[100.63283,14.55236]],[[100.63283,14.55236],[100.64784,14.54847]],[[100.64784,14.54847],[100.65777,14.54963]],[[100.65777,14.54963],[100.6667,14.55657]],[[100.6667,14.55657],[100.67635,14.55815]],[[100.67635,14.55815],[100.67686,14.56404]],[[100.67686,14.56404],[100.67393,14.56492]],[[100.67393,14.56492],[100.67475,14.57437]],[[100.67475,14.57437],[100.67157,14.57553]],[[100.67157,14.57553],[100.66897,14.58248]],[[100.66897,14.58248],[100.66172,14.58879]],[[100.66172,14.58879],[100.65479,14.60637]],[[100.65479,14.60637],[100.65934,14.60256]],[[100.65934,14.60256],[100.67272,14.59834]],[[100.67272,14.59834],[100.67927,14.59178]],[[100.67927,14.59178],[100.68024,14.58563]],[[100.68024,14.58563],[100.68513,14.58214]],[[100.68513,14.58214],[100.70118,14.57909]],[[100.70118,14.57909],[100.70324,14.57663]],[[100.70324,14.57663],[100.71245,14.57494]],[[100.71245,14.57494],[100.72429,14.57597]],[[100.72429,14.57597],[100.7241,14.57158]],[[100.7241,14.57158],[100.73079,14.56938]],[[100.73079,14.56938],[100.74616,14.57007]],[[100.74616,14.57007],[100.76325,14.56846]],[[100.76325,14.56846],[100.76892,14.5661]],[[100.76892,14.5661],[100.7827,14.56703]],[[100.7827,14.56703],[100.78073,14.56003]],[[100.78073,14.56003],[100.77711,14.55646]],[[100.77711,14.55646],[100.77608,14.54333]],[[100.77608,14.54333],[100.77865,14.53073]],[[100.77865,14.53073],[100.77525,14.52697]],[[100.77525,14.52697],[100.76198,14.52292]],[[100.76198,14.52292],[100.75942,14.51897]],[[100.75942,14.51897],[100.74976,14.51845]],[[100.74976,14.51845],[100.74744,14.51324]],[[100.74744,14.51324],[100.7515,14.506]],[[100.7515,14.506],[100.75672,14.50526]],[[100.75672,14.50526],[100.76032,14.49969]],[[100.76032,14.49969],[100.76048,14.49434]],[[100.76048,14.49434],[100.76728,14.49836]],[[100.76728,14.49836],[100.77167,14.49414]],[[100.77167,14.49414],[100.7674,14.48982]],[[100.7674,14.48982],[100.76562,14.48434]],[[100.76562,14.48434],[100.77301,14.48367]],[[100.77301,14.48367],[100.77378,14.48099]],[[100.77378,14.48099],[100.7663,14.47844]],[[100.7663,14.47844],[100.76923,14.47532]],[[100.76923,14.47532],[100.76816,14.46888]],[[100.76816,14.46888],[100.77024,14.46671]],[[100.77024,14.46671],[100.76658,14.46085]],[[100.76658,14.46085],[100.76621,14.454]],[[100.76621,14.454],[100.76112,14.45155]],[[100.76112,14.45155],[100.77236,14.43463]],[[100.77236,14.43463],[100.76266,14.4275]],[[100.76266,14.4275],[100.76845,14.42267]],[[100.76845,14.42267],[100.75946,14.41173]],[[100.75946,14.41173],[100.76252,14.40931]],[[100.76252,14.40931],[100.77181,14.40692]],[[100.77181,14.40692],[100.77768,14.41364]],[[100.77768,14.41364],[100.78042,14.41123]],[[100.78042,14.41123],[100.78314,14.40267]],[[100.78314,14.40267],[100.78056,14.39769]],[[100.78056,14.39769],[100.78615,14.39519]],[[100.78615,14.39519],[100.7936,14.39457]],[[100.7936,14.39457],[100.79706,14.39002]],[[100.79706,14.39002],[100.79204,14.38937]],[[100.79204,14.38937],[100.79083,14.38319]],[[100.79083,14.38319],[100.78503,14.37976]],[[100.78503,14.37976],[100.78735,14.36513]],[[100.78735,14.36513],[100.7929,14.36405]],[[100.7929,14.36405],[100.78809,14.35681]],[[100.78809,14.35681],[100.78345,14.35512]],[[100.78345,14.35512],[100.78107,14.3409]],[[100.78107,14.3409],[100.77399,14.33693]],[[100.77399,14.33693],[100.77756,14.32777]],[[100.77756,14.32777],[100.7722,14.32524]],[[100.7722,14.32524],[100.7755,14.31862]],[[100.7755,14.31862],[100.78507,14.32316]],[[100.78507,14.32316],[100.81124,14.32508]],[[100.81124,14.32508],[100.82318,14.32966]],[[100.82318,14.32966],[100.82306,14.24529]],[[100.82306,14.24529],[100.8215,14.24275]],[[100.28179,14.12688],[100.27948,14.12517]],[[100.27948,14.12517],[100.28149,14.14075]],[[100.28149,14.14075],[100.28414,14.16959]],[[100.28414,14.16959],[100.26894,14.17167]],[[100.26894,14.17167],[100.24516,14.17361]],[[100.24516,14.17361],[100.2129,14.17921]],[[100.2129,14.17921],[100.21731,14.18798]],[[100.21731,14.18798],[100.22485,14.19398]],[[100.22485,14.19398],[100.2339,14.19482]],[[100.2339,14.19482],[100.2385,14.19737]],[[100.2385,14.19737],[100.23667,14.20017]],[[100.23667,14.20017],[100.23532,14.21088]],[[100.23532,14.21088],[100.23146,14.2131]],[[100.23146,14.2131],[100.23177,14.22765]],[[100.23177,14.22765],[100.23478,14.23198]],[[100.23478,14.23198],[100.23365,14.24156]],[[100.23365,14.24156],[100.24339,14.24104]],[[100.24339,14.24104],[100.24833,14.25211]],[[100.24833,14.25211],[100.2509,14.26298]],[[100.2509,14.26298],[100.24808,14.27596]],[[100.24808,14.27596],[100.25105,14.28695]],[[100.25105,14.28695],[100.25097,14.29194]],[[100.25097,14.29194],[100.2604,14.30523]],[[100.2604,14.30523],[100.26827,14.31227]],[[100.26827,14.31227],[100.27009,14.31785]],[[100.27009,14.31785],[100.2785,14.32007]],[[100.2785,14.32007],[100.28247,14.32958]],[[100.28247,14.32958],[100.27633,14.33066]],[[100.27633,14.33066],[100.27868,14.34004]],[[100.27868,14.34004],[100.27479,14.34087]],[[100.27479,14.34087],[100.27842,14.34592]],[[100.27842,14.34592],[100.27463,14.34802]],[[100.27463,14.34802],[100.27337,14.35949]],[[100.27337,14.35949],[100.26264,14.36327]],[[100.26264,14.36327],[100.26235,14.36719]],[[100.26235,14.36719],[100.26696,14.36657]],[[100.26696,14.36657],[100.26715,14.37404]],[[100.26715,14.37404],[100.27211,14.37418]],[[100.27211,14.37418],[100.27649,14.38308]],[[100.27649,14.38308],[100.27592,14.3876]],[[100.27592,14.3876],[100.27957,14.40017]],[[100.27957,14.40017],[100.27344,14.40617]],[[100.27344,14.40617],[100.27267,14.41214]],[[100.27267,14.41214],[100.26897,14.41256]],[[100.26897,14.41256],[100.26156,14.4221]],[[100.26156,14.4221],[100.26348,14.42782]],[[100.26348,14.42782],[100.2458,14.43625]],[[100.2458,14.43625],[100.25201,14.44]],[[100.25201,14.44],[100.24456,14.45706]],[[100.24456,14.45706],[100.24604,14.46866]],[[100.24604,14.46866],[100.24889,14.46853]],[[100.24889,14.46853],[100.25303,14.47628]],[[100.25303,14.47628],[100.25315,14.48286]],[[100.25315,14.48286],[100.25856,14.49139]],[[100.25856,14.49139],[100.26763,14.48996]],[[100.26763,14.48996],[100.28514,14.48167]],[[100.28514,14.48167],[100.28702,14.49541]],[[100.28702,14.49541],[100.28627,14.49801]],[[100.28627,14.49801],[100.29438,14.4968]],[[100.29438,14.4968],[100.30579,14.49319]],[[100.30579,14.49319],[100.30842,14.49417]],[[100.30842,14.49417],[100.31483,14.48688]],[[100.31483,14.48688],[100.31822,14.48974]],[[100.31822,14.48974],[100.32677,14.48919]],[[100.32677,14.48919],[100.35052,14.49843]],[[100.35052,14.49843],[100.35855,14.49753]],[[100.35855,14.49753],[100.37424,14.50001]],[[100.37424,14.50001],[100.37714,14.50856]],[[100.37714,14.50856],[100.38337,14.50822]],[[100.38337,14.50822],[100.39224,14.51021]],[[100.39224,14.51021],[100.39567,14.50624]],[[100.39567,14.50624],[100.39769,14.50883]],[[100.39769,14.50883],[100.40404,14.50865]],[[100.40404,14.50865],[100.41243,14.50499]],[[100.41243,14.50499],[100.41506,14.49865]],[[100.41506,14.49865],[100.41814,14.4987]],[[100.41814,14.4987],[100.42666,14.49312]],[[100.42666,14.49312],[100.41874,14.48777]],[[100.41874,14.48777],[100.41645,14.47687]],[[100.41645,14.47687],[100.41926,14.47074]],[[100.41926,14.47074],[100.42021,14.44715]],[[100.42021,14.44715],[100.4355,14.44855]],[[100.4355,14.44855],[100.44856,14.44218]],[[100.44856,14.44218],[100.45764,14.44178]],[[100.45764,14.44178],[100.45927,14.43915]],[[100.45927,14.43915],[100.47566,14.44524]],[[100.47566,14.44524],[100.47887,14.45087]],[[100.47887,14.45087],[100.49096,14.45819]],[[100.49096,14.45819],[100.4969,14.4595]],[[100.4969,14.4595],[100.49383,14.46738]],[[100.49383,14.46738],[100.49417,14.48201]],[[100.49417,14.48201],[100.4911,14.48747]],[[100.4911,14.48747],[100.49235,14.4958]],[[100.49235,14.4958],[100.50015,14.50236]],[[100.50015,14.50236],[100.49639,14.50766]],[[100.49639,14.50766],[100.49477,14.50574]],[[100.49477,14.50574],[100.49097,14.5148]],[[100.49097,14.5148],[100.49815,14.51785]],[[100.49815,14.51785],[100.49693,14.52672]],[[100.49693,14.52672],[100.49258,14.53139]],[[100.49258,14.53139],[100.49335,14.54101]],[[100.49335,14.54101],[100.49082,14.54267]],[[100.49082,14.54267],[100.49186,14.55136]],[[100.49186,14.55136],[100.48381,14.56226]],[[100.48381,14.56226],[100.47953,14.5632]],[[100.47953,14.5632],[100.48071,14.56817]],[[100.48071,14.56817],[100.48614,14.56822]],[[100.48614,14.56822],[100.49063,14.57195]],[[100.49063,14.57195],[100.49265,14.57852]],[[100.49265,14.57852],[100.49227,14.58843]],[[100.49227,14.58843],[100.49469,14.58965]],[[100.49469,14.58965],[100.49105,14.59788]],[[100.49105,14.59788],[100.49203,14.61128]],[[100.49203,14.61128],[100.49999,14.61748]],[[100.49999,14.61748],[100.49955,14.62553]],[[100.49955,14.62553],[100.50301,14.63003]],[[100.50301,14.63003],[100.49903,14.63469]],[[100.49903,14.63469],[100.50083,14.64558]],[[100.50083,14.64558],[100.5002,14.65056]],[[100.5002,14.65056],[100.50814,14.65255]],[[100.50814,14.65255],[100.50368,14.65755]],[[100.50368,14.65755],[100.50341,14.66992]],[[100.50341,14.66992],[100.50669,14.67295]],[[100.50669,14.67295],[100.51011,14.67011]],[[100.51011,14.67011],[100.50724,14.66252]],[[100.50724,14.66252],[100.51433,14.65747]],[[100.51433,14.65747],[100.51363,14.66119]],[[100.51363,14.66119],[100.52174,14.66415]],[[100.52174,14.66415],[100.53085,14.66939]],[[100.53085,14.66939],[100.53553,14.66653]],[[100.53553,14.66653],[100.53871,14.66993]],[[100.53871,14.66993],[100.54914,14.67154]],[[100.54914,14.67154],[100.55218,14.66887]],[[100.55218,14.66887],[100.55221,14.66119]],[[100.55221,14.66119],[100.55868,14.66012]],[[100.55868,14.66012],[100.56257,14.66285]],[[100.56257,14.66285],[100.57403,14.66102]],[[100.57403,14.66102],[100.58072,14.66436]],[[100.58072,14.66436],[100.59986,14.65709]],[[100.59986,14.65709],[100.60228,14.65505]],[[100.45794,14.7211],[100.46404,14.72069]],[[100.46404,14.72069],[100.468,14.71529]],[[100.468,14.71529],[100.46912,14.70865]],[[100.46912,14.70865],[100.47478,14.70707]],[[100.47478,14.70707],[100.4749,14.70351]],[[100.4749,14.70351],[100.48869,14.6987]],[[100.48869,14.6987],[100.49541,14.70052]],[[100.49541,14.70052],[100.50036,14.68892]],[[100.50036,14.68892],[100.50403,14.68542]],[[100.50403,14.68542],[100.49772,14.68086]],[[100.49772,14.68086],[100.49612,14.67662]],[[100.49612,14.67662],[100.50341,14.66992]],[[100.25315,14.48286],[100.24968,14.48507]],[[100.24968,14.48507],[100.23856,14.47995]],[[100.23856,14.47995],[100.23176,14.48478]],[[100.23176,14.48478],[100.23079,14.48936]],[[100.23079,14.48936],[100.23391,14.49575]],[[100.23391,14.49575],[100.23128,14.50336]],[[100.23128,14.50336],[100.22498,14.5085]],[[100.22498,14.5085],[100.212,14.51628]],[[100.212,14.51628],[100.20676,14.52327]],[[100.20676,14.52327],[100.20485,14.53052]],[[100.20485,14.53052],[100.20829,14.53907]],[[100.20829,14.53907],[100.20655,14.54398]],[[100.20655,14.54398],[100.19702,14.55569]],[[100.19702,14.55569],[100.19757,14.56652]],[[100.19757,14.56652],[100.20673,14.57303]],[[100.20673,14.57303],[100.20968,14.57348]],[[100.20968,14.57348],[100.21005,14.57938]],[[100.21005,14.57938],[100.20685,14.58281]],[[100.20685,14.58281],[100.21628,14.59198]],[[100.21628,14.59198],[100.21782,14.59812]],[[100.21782,14.59812],[100.20436,14.60144]],[[100.20436,14.60144],[100.20037,14.59885]],[[100.20037,14.59885],[100.19799,14.60613]],[[100.19799,14.60613],[100.19173,14.60903]],[[100.19173,14.60903],[100.19129,14.61672]],[[100.19129,14.61672],[100.19444,14.62062]],[[100.19444,14.62062],[100.19933,14.61792]],[[100.19933,14.61792],[100.2036,14.62559]],[[100.2036,14.62559],[100.20722,14.62287]],[[100.20722,14.62287],[100.20933,14.63796]],[[100.20933,14.63796],[100.21349,14.6373]],[[100.21349,14.6373],[100.21458,14.64224]],[[100.21458,14.64224],[100.22722,14.64193]],[[100.22722,14.64193],[100.23425,14.64664]],[[100.23425,14.64664],[100.24134,14.64607]],[[100.24134,14.64607],[100.24432,14.65113]],[[100.24432,14.65113],[100.23555,14.65362]],[[100.23555,14.65362],[100.23229,14.65976]],[[100.23229,14.65976],[100.22637,14.66148]],[[100.22637,14.66148],[100.22768,14.66465]],[[100.22768,14.66465],[100.2223,14.66547]],[[100.2223,14.66547],[100.2211,14.67101]],[[100.2211,14.67101],[100.22465,14.67716]],[[100.22465,14.67716],[100.22357,14.68895]],[[100.22357,14.68895],[100.21589,14.69486]],[[100.21589,14.69486],[100.21386,14.70958]],[[100.21386,14.70958],[100.20756,14.71507]],[[100.20756,14.71507],[100.20395,14.72132]],[[100.20395,14.72132],[100.21219,14.71822]],[[100.21219,14.71822],[100.21129,14.72292]],[[100.21129,14.72292],[100.21867,14.72552]],[[100.21867,14.72552],[100.21858,14.73156]],[[100.21858,14.73156],[100.21257,14.72936]],[[100.21257,14.72936],[100.21213,14.73865]],[[100.21213,14.73865],[100.2066,14.73775]],[[100.2066,14.73775],[100.20433,14.75879]],[[100.20433,14.75879],[100.20733,14.75882]],[[100.20733,14.75882],[100.20542,14.7707]],[[100.20542,14.7707],[100.20668,14.77295]],[[100.20668,14.77295],[100.22248,14.77931]],[[100.22248,14.77931],[100.224,14.78293]],[[100.224,14.78293],[100.22973,14.78399]],[[100.22973,14.78399],[100.22643,14.79505]],[[100.22643,14.79505],[100.24239,14.79822]],[[100.24239,14.79822],[100.24645,14.80052]],[[100.24645,14.80052],[100.2549,14.79556]],[[100.2549,14.79556],[100.26632,14.79572]],[[100.26632,14.79572],[100.27248,14.79947]],[[100.27248,14.79947],[100.27798,14.7902]],[[100.27798,14.7902],[100.29036,14.78506]],[[100.29036,14.78506],[100.29539,14.78079]],[[100.29539,14.78079],[100.29745,14.78853]],[[100.29745,14.78853],[100.31431,14.78982]],[[100.31431,14.78982],[100.30946,14.79599]],[[100.30946,14.79599],[100.32868,14.80241]],[[100.32868,14.80241],[100.33658,14.79442]],[[100.33658,14.79442],[100.33564,14.79036]],[[100.33564,14.79036],[100.33974,14.78892]],[[100.33974,14.78892],[100.34317,14.78202]],[[100.34317,14.78202],[100.34865,14.77987]],[[100.34865,14.77987],[100.34831,14.77226]],[[100.34831,14.77226],[100.35224,14.76892]],[[100.35224,14.76892],[100.35595,14.76152]],[[100.35595,14.76152],[100.37145,14.76306]],[[100.37145,14.76306],[100.37994,14.74637]],[[100.37994,14.74637],[100.38279,14.74414]],[[100.38279,14.74414],[100.39269,14.74382]],[[100.39269,14.74382],[100.39938,14.75049]],[[100.39938,14.75049],[100.40288,14.75932]],[[100.40288,14.75932],[100.4122,14.75281]],[[100.4122,14.75281],[100.41664,14.74234]],[[100.41664,14.74234],[100.41325,14.73775]],[[100.41325,14.73775],[100.41607,14.73457]],[[100.41607,14.73457],[100.41653,14.72549]],[[100.41653,14.72549],[100.42274,14.72858]],[[100.42274,14.72858],[100.43759,14.72779]],[[100.43759,14.72779],[100.43783,14.72573]],[[100.43783,14.72573],[100.4486,14.72459]],[[100.4486,14.72459],[100.45074,14.7211]],[[100.45074,14.7211],[100.45794,14.7211]],[[101.38202,15.3314],[101.38211,15.31571]],[[101.38211,15.31571],[101.38042,15.2897]],[[101.38042,15.2897],[101.38279,15.27365]],[[101.38279,15.27365],[101.38293,15.26308]],[[101.38293,15.26308],[101.38493,15.25767]],[[101.38493,15.25767],[101.38523,15.24799]],[[101.38523,15.24799],[101.39014,15.24109]],[[101.39014,15.24109],[101.38717,15.23173]],[[101.38717,15.23173],[101.38881,15.22015]],[[101.38881,15.22015],[101.39112,15.21341]],[[101.39112,15.21341],[101.39549,15.18398]],[[101.39549,15.18398],[101.40012,15.16778]],[[101.40012,15.16778],[101.39959,15.1603]],[[101.39959,15.1603],[101.40198,15.15197]],[[101.40198,15.15197],[101.40158,15.13533]],[[101.40158,15.13533],[101.3991,15.12227]],[[101.3991,15.12227],[101.4007,15.11092]],[[101.4007,15.11092],[101.39875,15.09796]],[[101.39875,15.09796],[101.39704,15.09671]],[[101.39704,15.09671],[101.39931,15.08799]],[[101.39931,15.08799],[101.40023,15.07379]],[[101.40023,15.07379],[101.38158,15.06812]],[[101.38158,15.06812],[101.37772,15.06474]],[[101.37772,15.06474],[101.37638,15.05633]],[[101.37638,15.05633],[101.37294,15.05337]],[[101.37294,15.05337],[101.37136,15.04609]],[[101.37136,15.04609],[101.36308,15.04697]],[[101.36308,15.04697],[101.36298,15.03654]],[[101.36298,15.03654],[101.35752,15.03009]],[[101.35752,15.03009],[101.34921,15.01232]],[[101.34921,15.01232],[101.34943,14.99985]],[[101.34943,14.99985],[101.34752,14.99282]],[[101.34752,14.99282],[101.3366,14.99035]],[[101.3366,14.99035],[101.33163,14.98285]],[[101.33163,14.98285],[101.33385,14.97812]],[[101.33385,14.97812],[101.33001,14.97242]],[[101.33001,14.97242],[101.32917,14.96549]],[[101.32917,14.96549],[101.32029,14.96487]],[[101.32029,14.96487],[101.30585,14.95643]],[[101.30585,14.95643],[101.29274,14.9468]],[[101.29274,14.9468],[101.28609,14.94483]],[[101.28609,14.94483],[101.27987,14.93759]],[[101.27987,14.93759],[101.27329,14.93356]],[[101.27329,14.93356],[101.27185,14.92657]],[[101.27185,14.92657],[101.26843,14.92474]],[[101.26843,14.92474],[101.26661,14.9189]],[[101.26661,14.9189],[101.25776,14.91249]],[[101.25776,14.91249],[101.25314,14.91558]],[[101.25314,14.91558],[101.24765,14.91498]],[[101.24765,14.91498],[101.24262,14.91802]],[[101.24262,14.91802],[101.2326,14.92036]],[[101.2326,14.92036],[101.2207,14.91848]],[[101.2207,14.91848],[101.21353,14.92024]],[[101.21353,14.92024],[101.20852,14.91732]],[[101.20852,14.91732],[101.20606,14.91899]],[[101.20606,14.91899],[101.19247,14.92119]],[[101.19247,14.92119],[101.1846,14.91555]],[[101.1846,14.91555],[101.18048,14.91608]],[[101.18048,14.91608],[101.17077,14.90856]],[[101.17077,14.90856],[101.16502,14.90254]],[[101.16502,14.90254],[101.15249,14.89723]],[[101.15249,14.89723],[101.14016,14.89742]],[[101.14016,14.89742],[101.13707,14.90124]],[[101.13707,14.90124],[101.12836,14.90351]],[[101.12836,14.90351],[101.12265,14.90195]],[[101.12265,14.90195],[101.10767,14.90832]],[[101.10767,14.90832],[101.10245,14.9063]],[[101.10245,14.9063],[101.09706,14.90879]],[[101.09706,14.90879],[101.09122,14.90263]],[[101.09122,14.90263],[101.09043,14.89165]],[[101.09043,14.89165],[101.08488,14.89077]],[[101.08488,14.89077],[101.08163,14.88292]],[[101.08163,14.88292],[101.08199,14.87776]],[[101.08199,14.87776],[101.09007,14.86529]],[[101.09007,14.86529],[101.09379,14.85689]],[[101.09379,14.85689],[101.09317,14.84955]],[[101.09317,14.84955],[101.08278,14.84332]],[[101.08278,14.84332],[101.08351,14.84959]],[[101.08351,14.84959],[101.08082,14.85115]],[[101.08082,14.85115],[101.07526,14.84697]],[[101.07526,14.84697],[101.0778,14.84404]],[[101.0778,14.84404],[101.06842,14.84383]],[[101.06842,14.84383],[101.06539,14.84017]],[[101.06539,14.84017],[101.06797,14.83108]],[[101.06797,14.83108],[101.07828,14.83555]],[[101.07828,14.83555],[101.08891,14.83206]],[[101.08891,14.83206],[101.07824,14.81804]],[[101.07824,14.81804],[101.08159,14.81094]],[[101.08159,14.81094],[101.07755,14.81041]],[[101.07755,14.81041],[101.07121,14.81587]],[[101.07121,14.81587],[101.06805,14.81041]],[[101.06805,14.81041],[101.06917,14.80254]],[[101.06917,14.80254],[101.0729,14.79192]],[[101.0729,14.79192],[101.06283,14.79197]],[[101.06283,14.79197],[101.06205,14.78934]],[[101.06205,14.78934],[101.06532,14.77728]],[[101.06532,14.77728],[101.07364,14.76459]],[[101.07364,14.76459],[101.07024,14.76027]],[[101.07024,14.76027],[101.05998,14.75991]],[[101.05998,14.75991],[101.06243,14.76582]],[[101.06243,14.76582],[101.05432,14.7746]],[[101.05432,14.7746],[101.05898,14.77772]],[[101.05898,14.77772],[101.04979,14.79261]],[[101.04979,14.79261],[101.03831,14.80088]],[[101.03831,14.80088],[101.03267,14.80119]],[[101.03267,14.80119],[101.02854,14.80829]],[[101.02854,14.80829],[101.02388,14.80994]],[[101.02388,14.80994],[101.02015,14.80264]],[[101.02015,14.80264],[101.01673,14.80077]],[[101.01673,14.80077],[101.01507,14.79504]],[[101.01507,14.79504],[101.00605,14.78446]],[[101.00605,14.78446],[100.99806,14.77774]],[[100.99806,14.77774],[100.99093,14.7631]],[[100.99093,14.7631],[100.99228,14.75502]],[[100.99228,14.75502],[100.99044,14.75056]],[[100.99044,14.75056],[100.99056,14.74079]],[[100.99056,14.74079],[100.97708,14.74903]],[[100.97708,14.74903],[100.97025,14.74898]],[[100.97025,14.74898],[100.96627,14.75152]],[[100.96627,14.75152],[100.95947,14.74377]],[[100.95947,14.74377],[100.95534,14.74655]],[[100.95534,14.74655],[100.94356,14.74074]],[[100.94356,14.74074],[100.94107,14.75037]],[[100.94107,14.75037],[100.93298,14.75253]],[[100.93298,14.75253],[100.92828,14.75061]],[[100.92828,14.75061],[100.90669,14.76072]],[[100.90669,14.76072],[100.90187,14.7697]],[[100.90187,14.7697],[100.89407,14.76936]],[[100.89407,14.76936],[100.88874,14.7729]],[[100.88874,14.7729],[100.87679,14.77038]],[[100.87679,14.77038],[100.87052,14.77109]],[[100.87052,14.77109],[100.86741,14.76807]],[[100.86741,14.76807],[100.86487,14.78227]],[[100.86487,14.78227],[100.86163,14.78252]],[[100.86163,14.78252],[100.85165,14.78796]],[[100.85165,14.78796],[100.8458,14.78938]],[[100.8458,14.78938],[100.84817,14.79351]],[[100.84817,14.79351],[100.84756,14.80093]],[[100.84756,14.80093],[100.83716,14.80467]],[[100.83716,14.80467],[100.81947,14.80325]],[[100.81947,14.80325],[100.81438,14.79534]],[[100.81438,14.79534],[100.80413,14.79432]],[[100.80413,14.79432],[100.79399,14.79143]],[[100.79399,14.79143],[100.78912,14.79393]],[[100.78912,14.79393],[100.77451,14.79455]],[[100.77451,14.79455],[100.76666,14.79659]],[[100.76666,14.79659],[100.76527,14.79128]],[[100.76527,14.79128],[100.75033,14.7789]],[[100.75033,14.7789],[100.73752,14.77677]],[[100.73752,14.77677],[100.72453,14.76006]],[[100.72453,14.76006],[100.71219,14.76188]],[[100.71219,14.76188],[100.69501,14.76052]],[[100.69501,14.76052],[100.68651,14.75604]],[[100.68651,14.75604],[100.68579,14.74926]],[[100.68579,14.74926],[100.68038,14.7445]],[[100.68038,14.7445],[100.67469,14.7445]],[[100.67469,14.7445],[100.67054,14.74051]],[[100.67054,14.74051],[100.66805,14.73206]],[[100.66805,14.73206],[100.66521,14.73527]],[[100.66521,14.73527],[100.65129,14.71032]],[[100.65129,14.71032],[100.65055,14.70654]],[[100.65055,14.70654],[100.65701,14.70445]],[[100.65701,14.70445],[100.65503,14.69867]],[[100.65503,14.69867],[100.65092,14.69821]],[[100.65092,14.69821],[100.65,14.69248]],[[100.65,14.69248],[100.64621,14.68693]],[[100.64621,14.68693],[100.64176,14.67635]],[[100.64176,14.67635],[100.63596,14.6703]],[[100.63596,14.6703],[100.64042,14.66847]],[[100.64042,14.66847],[100.63591,14.6629]],[[100.63591,14.6629],[100.63053,14.64999]],[[100.63053,14.64999],[100.62693,14.65486]],[[100.62693,14.65486],[100.61915,14.6487]],[[100.61915,14.6487],[100.60884,14.64809]],[[100.60884,14.64809],[100.60228,14.65505]],[[100.45794,14.7211],[100.46376,14.72589]],[[100.46376,14.72589],[100.46929,14.72165]],[[100.46929,14.72165],[100.47534,14.72395]],[[100.47534,14.72395],[100.47348,14.73088]],[[100.47348,14.73088],[100.47755,14.73317]],[[100.47755,14.73317],[100.47839,14.73879]],[[100.47839,14.73879],[100.48469,14.73942]],[[100.48469,14.73942],[100.48308,14.74411]],[[100.48308,14.74411],[100.48809,14.74813]],[[100.48809,14.74813],[100.48428,14.75656]],[[100.48428,14.75656],[100.47246,14.76168]],[[100.47246,14.76168],[100.47794,14.76512]],[[100.47794,14.76512],[100.47221,14.77081]],[[100.47221,14.77081],[100.47563,14.7719]],[[100.47563,14.7719],[100.47388,14.78111]],[[100.47388,14.78111],[100.46948,14.78787]],[[100.46948,14.78787],[100.47193,14.79361]],[[100.47193,14.79361],[100.46822,14.79822]],[[100.46822,14.79822],[100.47301,14.80069]],[[100.47301,14.80069],[100.48263,14.81131]],[[100.48263,14.81131],[100.46421,14.82056]],[[100.46421,14.82056],[100.4656,14.82859]],[[100.4656,14.82859],[100.45637,14.83279]],[[100.45637,14.83279],[100.45475,14.83584]],[[100.45475,14.83584],[100.45942,14.85142]],[[100.45942,14.85142],[100.45798,14.85714]],[[100.45798,14.85714],[100.4478,14.85731]],[[100.4478,14.85731],[100.44545,14.86271]],[[100.44545,14.86271],[100.446,14.86875]],[[100.446,14.86875],[100.4494,14.87414]],[[100.4494,14.87414],[100.43844,14.87582]],[[100.43844,14.87582],[100.43968,14.87976]],[[100.43968,14.87976],[100.43533,14.88267]],[[100.43533,14.88267],[100.43029,14.88047]],[[100.43029,14.88047],[100.42695,14.88555]],[[100.42695,14.88555],[100.42867,14.88927]],[[100.42867,14.88927],[100.42213,14.90364]],[[100.42213,14.90364],[100.42272,14.92034]],[[100.42272,14.92034],[100.41997,14.92707]],[[100.41997,14.92707],[100.42128,14.92997]],[[100.42128,14.92997],[100.44558,14.93984]],[[100.44558,14.93984],[100.44917,14.94271]],[[100.44917,14.94271],[100.45128,14.95762]],[[100.45128,14.95762],[100.45043,14.98292]],[[100.45043,14.98292],[100.44425,14.99598]],[[100.44425,14.99598],[100.4473,14.9968]],[[100.4473,14.9968],[100.44689,15.00318]],[[100.44689,15.00318],[100.46124,15.00257]],[[100.46124,15.00257],[100.46912,15.02358]],[[100.46912,15.02358],[100.46745,15.03209]],[[100.46745,15.03209],[100.44671,15.05524]],[[100.44671,15.05524],[100.42749,15.06109]],[[100.42749,15.06109],[100.43216,15.07149]],[[100.43216,15.07149],[100.43609,15.07379]],[[100.43609,15.07379],[100.44358,15.0842]],[[100.44358,15.0842],[100.44358,15.0891]],[[100.44358,15.0891],[100.45304,15.10391]],[[100.45304,15.10391],[100.45783,15.10409]],[[100.45783,15.10409],[100.45978,15.11632]],[[100.45978,15.11632],[100.46668,15.11526]],[[100.46668,15.11526],[100.47497,15.10676]],[[100.47497,15.10676],[100.48152,15.11256]],[[100.48152,15.11256],[100.48365,15.11729]],[[100.48365,15.11729],[100.49154,15.12105]],[[100.49154,15.12105],[100.49917,15.12811]],[[100.49917,15.12811],[100.50705,15.1305]],[[100.50705,15.1305],[100.5147,15.14144]],[[100.5147,15.14144],[100.51448,15.1451]],[[100.51448,15.1451],[100.51858,15.14774]],[[100.51858,15.14774],[100.51813,15.15493]],[[100.51813,15.15493],[100.52178,15.16153]],[[100.52178,15.16153],[100.52501,15.17228]],[[100.52501,15.17228],[100.5319,15.18363]],[[100.5319,15.18363],[100.54002,15.18515]],[[100.54002,15.18515],[100.54904,15.18914]],[[100.54904,15.18914],[100.57084,15.20917]],[[100.57084,15.20917],[100.57665,15.21528]],[[100.57665,15.21528],[100.58395,15.22643]],[[100.58395,15.22643],[100.59022,15.22965]],[[100.59022,15.22965],[100.59051,15.23227]],[[100.59051,15.23227],[100.58227,15.23868]],[[100.58227,15.23868],[100.58398,15.24263]],[[100.58398,15.24263],[100.59254,15.24723]],[[100.59254,15.24723],[100.6055,15.24404]],[[100.6055,15.24404],[100.61072,15.24468]],[[100.61072,15.24468],[100.61512,15.24131]],[[100.61512,15.24131],[100.62022,15.24271]],[[100.62022,15.24271],[100.6176,15.24649]],[[100.6176,15.24649],[100.60902,15.25107]],[[100.60902,15.25107],[100.60204,15.25706]],[[100.60204,15.25706],[100.60114,15.26166]],[[100.60114,15.26166],[100.59561,15.26699]],[[100.59561,15.26699],[100.5907,15.2677]],[[100.5907,15.2677],[100.59126,15.27116]],[[100.59126,15.27116],[100.59704,15.27825]],[[100.59704,15.27825],[100.59329,15.28773]],[[100.59329,15.28773],[100.602,15.28956]],[[100.602,15.28956],[100.60479,15.29307]],[[100.60479,15.29307],[100.61268,15.29621]],[[100.61268,15.29621],[100.61473,15.30862]],[[100.61473,15.30862],[100.62205,15.31233]],[[100.62205,15.31233],[100.62202,15.31905]],[[100.62202,15.31905],[100.63291,15.32326]],[[100.63291,15.32326],[100.63447,15.32777]],[[100.63447,15.32777],[100.62995,15.33401]],[[100.62995,15.33401],[100.63114,15.34166]],[[100.63114,15.34166],[100.63525,15.34579]],[[100.63525,15.34579],[100.63223,15.36187]],[[100.63223,15.36187],[100.64221,15.37263]],[[100.64221,15.37263],[100.64262,15.38132]],[[100.64262,15.38132],[100.64532,15.38957]],[[100.64532,15.38957],[100.64288,15.39556]],[[100.64288,15.39556],[100.64614,15.40349]],[[100.64614,15.40349],[100.64367,15.40757]],[[100.64367,15.40757],[100.64594,15.412]],[[100.64594,15.412],[100.64447,15.41792]],[[100.64447,15.41792],[100.64892,15.41938]],[[100.64892,15.41938],[100.65316,15.42525]],[[100.65316,15.42525],[100.65639,15.4253]],[[100.65639,15.4253],[100.66011,15.43093]],[[100.66011,15.43093],[100.65889,15.43538]],[[100.65889,15.43538],[100.66673,15.43307]],[[100.66673,15.43307],[100.67596,15.45124]],[[100.67596,15.45124],[100.67923,15.45262]],[[100.67923,15.45262],[100.68724,15.45012]],[[100.68724,15.45012],[100.68727,15.44779]],[[100.68727,15.44779],[100.69757,15.44428]],[[100.69757,15.44428],[100.70092,15.44082]],[[100.70092,15.44082],[100.70951,15.44006]],[[100.70951,15.44006],[100.71717,15.44753]],[[100.71717,15.44753],[100.72405,15.44659]],[[100.72405,15.44659],[100.72402,15.44944]],[[100.72402,15.44944],[100.73362,15.44709]],[[100.73362,15.44709],[100.74562,15.45411]],[[100.74562,15.45411],[100.74767,15.45777]],[[100.74767,15.45777],[100.7579,15.45789]],[[100.7579,15.45789],[100.75985,15.46093]],[[100.75985,15.46093],[100.77182,15.46489]],[[100.77182,15.46489],[100.76624,15.48435]],[[100.76624,15.48435],[100.77052,15.49091]],[[100.77052,15.49091],[100.7672,15.49856]],[[100.7672,15.49856],[100.75292,15.50158]],[[100.75292,15.50158],[100.7514,15.50731]],[[100.7514,15.50731],[100.74599,15.51329]],[[100.74599,15.51329],[100.75538,15.51591]],[[100.75538,15.51591],[100.75918,15.51893]],[[100.75918,15.51893],[100.75821,15.52487]],[[100.75821,15.52487],[100.76544,15.52901]],[[100.76544,15.52901],[100.76896,15.53371]],[[100.76896,15.53371],[100.77607,15.534]],[[100.77607,15.534],[100.78149,15.53763]],[[100.78149,15.53763],[100.78839,15.53694]],[[100.78839,15.53694],[100.8063,15.54881]],[[100.8063,15.54881],[100.81524,15.55252]],[[100.81524,15.55252],[100.83097,15.56263]],[[100.83097,15.56263],[100.83755,15.56339]],[[100.83755,15.56339],[100.84565,15.55534]],[[100.84565,15.55534],[100.84953,15.54915]],[[100.84953,15.54915],[100.85174,15.55089]],[[100.85174,15.55089],[100.85485,15.54534]],[[100.85485,15.54534],[100.85358,15.54184]],[[100.85358,15.54184],[100.85635,15.53188]],[[100.85635,15.53188],[100.85436,15.52506]],[[100.85436,15.52506],[100.86747,15.52955]],[[100.86747,15.52955],[100.87978,15.52783]],[[100.87978,15.52783],[100.88486,15.52879]],[[100.88486,15.52879],[100.8897,15.524]],[[100.8897,15.524],[100.88781,15.51802]],[[100.88781,15.51802],[100.90007,15.51291]],[[100.90007,15.51291],[100.89885,15.50398]],[[100.89885,15.50398],[100.90415,15.49623]],[[100.90415,15.49623],[100.91562,15.49495]],[[100.91562,15.49495],[100.91661,15.48884]],[[100.91661,15.48884],[100.92315,15.49045]],[[100.92315,15.49045],[100.9287,15.48769]],[[100.9287,15.48769],[100.92625,15.48066]],[[100.92625,15.48066],[100.92809,15.47237]],[[100.92809,15.47237],[100.93213,15.46609]],[[100.93213,15.46609],[100.92895,15.46429]],[[100.92895,15.46429],[100.9268,15.45672]],[[100.9268,15.45672],[100.92825,15.45146]],[[100.92825,15.45146],[100.92502,15.44326]],[[100.92502,15.44326],[100.9256,15.43298]],[[100.9256,15.43298],[100.931,15.42688]],[[100.931,15.42688],[100.93048,15.41659]],[[100.93048,15.41659],[100.93513,15.41189]],[[100.93513,15.41189],[100.93804,15.41222]],[[100.93804,15.41222],[100.94523,15.40763]],[[100.94523,15.40763],[100.94872,15.40772]],[[100.94872,15.40772],[100.95373,15.41242]],[[100.95373,15.41242],[100.9633,15.41166]],[[100.9633,15.41166],[100.96872,15.41583]],[[100.96872,15.41583],[100.97475,15.41655]],[[100.97475,15.41655],[100.97695,15.41083]],[[100.97695,15.41083],[100.973,15.41048]],[[100.973,15.41048],[100.9728,15.40246]],[[100.9728,15.40246],[100.97655,15.40227]],[[100.97655,15.40227],[100.97541,15.389]],[[100.97541,15.389],[100.97817,15.38505]],[[100.97817,15.38505],[100.9762,15.37338]],[[100.9762,15.37338],[100.97871,15.36954]],[[100.97871,15.36954],[100.9773,15.35976]],[[100.9773,15.35976],[100.98409,15.34649]],[[100.98409,15.34649],[100.97704,15.3365]],[[100.97704,15.3365],[100.97837,15.33327]],[[100.97837,15.33327],[100.98461,15.32974]],[[100.98461,15.32974],[100.98603,15.32479]],[[100.98603,15.32479],[100.9956,15.31854]],[[100.9956,15.31854],[101.00143,15.31849]],[[101.00143,15.31849],[101.01341,15.33422]],[[101.01341,15.33422],[101.02046,15.33742]],[[101.02046,15.33742],[101.02673,15.33768]],[[101.02673,15.33768],[101.03373,15.3273]],[[101.03373,15.3273],[101.04628,15.32502]],[[101.04628,15.32502],[101.05094,15.32094]],[[101.05094,15.32094],[101.06607,15.32792]],[[101.06607,15.32792],[101.06869,15.33515]],[[101.06869,15.33515],[101.08228,15.35638]],[[101.08228,15.35638],[101.08512,15.34516]],[[101.08512,15.34516],[101.08945,15.33895]],[[101.08945,15.33895],[101.09621,15.33656]],[[101.09621,15.33656],[101.10162,15.33094]],[[101.10162,15.33094],[101.10714,15.33012]],[[101.10714,15.33012],[101.1101,15.32526]],[[101.1101,15.32526],[101.12234,15.32598]],[[101.12234,15.32598],[101.12757,15.3315]],[[101.12757,15.3315],[101.13051,15.33798]],[[101.13051,15.33798],[101.13783,15.33958]],[[101.13783,15.33958],[101.13976,15.33764]],[[101.13976,15.33764],[101.15273,15.33687]],[[101.15273,15.33687],[101.15837,15.33249]],[[101.15837,15.33249],[101.17262,15.32651]],[[101.17262,15.32651],[101.17928,15.32904]],[[101.17928,15.32904],[101.18614,15.32728]],[[101.18614,15.32728],[101.18915,15.32964]],[[101.18915,15.32964],[101.19779,15.32735]],[[101.19779,15.32735],[101.20544,15.31942]],[[101.20544,15.31942],[101.21143,15.32541]],[[101.21143,15.32541],[101.21239,15.33391]],[[101.21239,15.33391],[101.22194,15.33976]],[[101.22194,15.33976],[101.22784,15.34039]],[[101.22784,15.34039],[101.2379,15.34579]],[[101.2379,15.34579],[101.23752,15.34818]],[[101.23752,15.34818],[101.24825,15.35268]],[[101.24825,15.35268],[101.25303,15.35165]],[[101.25303,15.35165],[101.26176,15.3555]],[[101.26176,15.3555],[101.27007,15.36139]],[[101.27007,15.36139],[101.27694,15.36193]],[[101.27694,15.36193],[101.28094,15.36562]],[[101.28094,15.36562],[101.28521,15.37444]],[[101.28521,15.37444],[101.29902,15.38024]],[[101.29902,15.38024],[101.30514,15.39176]],[[101.30514,15.39176],[101.30259,15.39331]],[[101.30259,15.39331],[101.30338,15.41019]],[[101.30338,15.41019],[101.30471,15.41495]],[[101.30471,15.41495],[101.30242,15.42162]],[[101.30242,15.42162],[101.30277,15.43074]],[[101.30277,15.43074],[101.30721,15.43521]],[[101.30721,15.43521],[101.30131,15.43913]],[[101.30131,15.43913],[101.30257,15.44269]],[[101.30257,15.44269],[101.29941,15.44734]],[[101.29941,15.44734],[101.29767,15.45635]],[[101.29767,15.45635],[101.30267,15.46091]],[[101.30267,15.46091],[101.30366,15.4673]],[[101.30366,15.4673],[101.30727,15.47172]],[[101.30727,15.47172],[101.30326,15.48267]],[[101.30326,15.48267],[101.30485,15.49098]],[[101.30485,15.49098],[101.30174,15.49953]],[[101.30174,15.49953],[101.30098,15.50902]],[[101.30098,15.50902],[101.30429,15.51938]],[[101.30429,15.51938],[101.29604,15.5287]],[[101.29604,15.5287],[101.2883,15.52513]],[[101.2883,15.52513],[101.28755,15.53014]],[[101.28755,15.53014],[101.2903,15.53697]],[[101.2903,15.53697],[101.30075,15.54078]],[[101.30075,15.54078],[101.30766,15.55243]],[[101.30766,15.55243],[101.30701,15.55634]],[[101.30701,15.55634],[101.31162,15.57411]],[[101.31162,15.57411],[101.30969,15.57866]],[[101.30969,15.57866],[101.31567,15.5881]],[[101.31567,15.5881],[101.31774,15.59648]],[[101.31774,15.59648],[101.31706,15.60253]],[[101.31706,15.60253],[101.32355,15.60668]],[[101.32355,15.60668],[101.32849,15.60529]],[[101.32849,15.60529],[101.33261,15.61397]],[[101.33261,15.61397],[101.33246,15.62214]],[[101.33246,15.62214],[101.3361,15.62379]],[[101.3361,15.62379],[101.33563,15.62824]],[[101.33563,15.62824],[101.34318,15.63564]],[[101.34318,15.63564],[101.34394,15.64807]],[[101.34394,15.64807],[101.33959,15.6534]],[[101.33959,15.6534],[101.34083,15.65891]],[[101.34083,15.65891],[101.34547,15.66079]],[[101.34547,15.66079],[101.3516,15.66785]],[[101.3516,15.66785],[101.35102,15.67382]],[[101.35102,15.67382],[101.36006,15.6885]],[[101.36006,15.6885],[101.353,15.69546]],[[101.353,15.69546],[101.35289,15.70431]],[[101.35289,15.70431],[101.34144,15.71704]],[[101.34144,15.71704],[101.33812,15.71872]],[[101.33812,15.71872],[101.33534,15.72853]],[[101.33534,15.72853],[101.33676,15.73217]],[[101.33676,15.73217],[101.33398,15.73819]],[[101.33398,15.73819],[101.33775,15.74052]],[[101.33775,15.74052],[101.33895,15.74651]],[[101.33895,15.74651],[101.33632,15.75302]],[[101.33632,15.75302],[101.3407,15.75612]],[[101.3407,15.75612],[101.35145,15.74829]],[[101.35145,15.74829],[101.35994,15.74609]],[[101.35994,15.74609],[101.36281,15.74314]],[[101.36281,15.74314],[101.38154,15.73676]],[[101.38154,15.73676],[101.38641,15.73815]],[[101.38641,15.73815],[101.38834,15.74384]],[[101.38834,15.74384],[101.39248,15.74542]],[[101.39248,15.74542],[101.40356,15.73903]],[[101.40356,15.73903],[101.40097,15.72913]],[[101.40097,15.72913],[101.39694,15.72125]],[[101.39694,15.72125],[101.40025,15.71319]],[[101.40025,15.71319],[101.39981,15.70187]],[[101.39981,15.70187],[101.39528,15.69116]],[[101.39528,15.69116],[101.39476,15.67835]],[[101.39476,15.67835],[101.39263,15.67392]],[[101.39263,15.67392],[101.38898,15.65657]],[[101.38898,15.65657],[101.37933,15.63705]],[[101.37933,15.63705],[101.37463,15.61869]],[[101.37463,15.61869],[101.37003,15.59276]],[[101.37003,15.59276],[101.36996,15.56589]],[[101.36996,15.56589],[101.37282,15.55939]],[[101.37282,15.55939],[101.37421,15.53073]],[[101.37421,15.53073],[101.37592,15.51767]],[[101.37592,15.51767],[101.3787,15.51153]],[[101.3787,15.51153],[101.38571,15.48654]],[[101.38571,15.48654],[101.38475,15.46778]],[[101.38475,15.46778],[101.37783,15.43342]],[[101.37783,15.43342],[101.37775,15.38973]],[[101.37775,15.38973],[101.38223,15.38783]],[[101.38223,15.38783],[101.37602,15.37912]],[[101.37602,15.37912],[101.37638,15.36391]],[[101.37638,15.36391],[101.37806,15.35896]],[[101.37806,15.35896],[101.37926,15.34608]],[[101.37926,15.34608],[101.38528,15.34672]],[[101.38528,15.34672],[101.38251,15.33901]],[[101.38251,15.33901],[101.38202,15.3314]],[[100.22643,14.79505],[100.225,14.79772]],[[100.225,14.79772],[100.2165,14.79844]],[[100.2165,14.79844],[100.21427,14.80699]],[[100.21427,14.80699],[100.20429,14.80961]],[[100.20429,14.80961],[100.20924,14.82208]],[[100.20924,14.82208],[100.20993,14.83452]],[[100.20993,14.83452],[100.21795,14.84241]],[[100.21795,14.84241],[100.21668,14.84851]],[[100.21668,14.84851],[100.21772,14.85863]],[[100.21772,14.85863],[100.22142,14.86392]],[[100.22142,14.86392],[100.21617,14.87166]],[[100.21617,14.87166],[100.22344,14.87966]],[[100.22344,14.87966],[100.22442,14.88392]],[[100.22442,14.88392],[100.21868,14.88603]],[[100.21868,14.88603],[100.21315,14.88359]],[[100.21315,14.88359],[100.20759,14.88757]],[[100.20759,14.88757],[100.20759,14.89712]],[[100.20759,14.89712],[100.21578,14.89832]],[[100.21578,14.89832],[100.2242,14.90349]],[[100.2242,14.90349],[100.22224,14.90763]],[[100.22224,14.90763],[100.21577,14.91032]],[[100.21577,14.91032],[100.19455,14.90395]],[[100.19455,14.90395],[100.1869,14.90769]],[[100.1869,14.90769],[100.18634,14.91931]],[[100.18634,14.91931],[100.18311,14.92335]],[[100.18311,14.92335],[100.18238,14.9349]],[[100.18238,14.9349],[100.19824,14.93998]],[[100.19824,14.93998],[100.2027,14.95346]],[[100.2027,14.95346],[100.21529,14.95358]],[[100.21529,14.95358],[100.23684,14.95196]],[[100.23684,14.95196],[100.24438,14.94613]],[[100.24438,14.94613],[100.25903,14.94386]],[[100.25903,14.94386],[100.2632,14.94986]],[[100.2632,14.94986],[100.27486,14.95048]],[[100.27486,14.95048],[100.28846,14.95635]],[[100.28846,14.95635],[100.2872,14.97504]],[[100.2872,14.97504],[100.29118,14.97667]],[[100.29118,14.97667],[100.28567,14.98808]],[[100.28567,14.98808],[100.28619,14.9929]],[[100.28619,14.9929],[100.27502,14.9927]],[[100.27502,14.9927],[100.26851,15.00965]],[[100.26851,15.00965],[100.26155,15.01107]],[[100.26155,15.01107],[100.25618,15.00749]],[[100.25618,15.00749],[100.24991,15.01282]],[[100.24991,15.01282],[100.25121,15.01794]],[[100.25121,15.01794],[100.2435,15.0174]],[[100.2435,15.0174],[100.2452,15.02354]],[[100.2452,15.02354],[100.24046,15.02465]],[[100.24046,15.02465],[100.23735,15.02096]],[[100.23735,15.02096],[100.23517,15.02374]],[[100.23517,15.02374],[100.22394,15.02491]],[[100.22394,15.02491],[100.2256,15.0271]],[[100.2256,15.0271],[100.22127,15.0327]],[[100.22127,15.0327],[100.22226,15.0387]],[[100.22226,15.0387],[100.21874,15.04428]],[[100.21874,15.04428],[100.24079,15.03872]],[[100.24079,15.03872],[100.24786,15.04016]],[[100.24786,15.04016],[100.25952,15.04993]],[[100.25952,15.04993],[100.25959,15.05891]],[[100.25959,15.05891],[100.27764,15.06615]],[[100.27764,15.06615],[100.27983,15.06386]],[[100.27983,15.06386],[100.28847,15.06589]],[[100.28847,15.06589],[100.29357,15.06454]],[[100.29357,15.06454],[100.29463,15.06993]],[[100.29463,15.06993],[100.29117,15.0768]],[[100.29117,15.0768],[100.29309,15.08127]],[[100.29309,15.08127],[100.29934,15.086]],[[100.29934,15.086],[100.30552,15.08603]],[[100.30552,15.08603],[100.31458,15.08931]],[[100.31458,15.08931],[100.33578,15.10532]],[[100.33578,15.10532],[100.35152,15.11841]],[[100.35152,15.11841],[100.35598,15.11764]],[[100.35598,15.11764],[100.35315,15.10162]],[[100.35315,15.10162],[100.35464,15.09672]],[[100.35464,15.09672],[100.37491,15.08666]],[[100.37491,15.08666],[100.41344,15.05907]],[[100.41344,15.05907],[100.42443,15.05163]],[[100.42443,15.05163],[100.42749,15.06109]],[[100.2027,14.95346],[100.20176,14.95912]],[[100.20176,14.95912],[100.19688,14.96009]],[[100.19688,14.96009],[100.18776,14.95795]],[[100.18776,14.95795],[100.18178,14.95395]],[[100.18178,14.95395],[100.17296,14.94081]],[[100.17296,14.94081],[100.16707,14.93917]],[[100.16707,14.93917],[100.16761,14.93567]],[[100.16761,14.93567],[100.15773,14.92901]],[[100.15773,14.92901],[100.15169,14.93038]],[[100.15169,14.93038],[100.14944,14.92598]],[[100.14944,14.92598],[100.14241,14.92375]],[[100.14241,14.92375],[100.12932,14.92571]],[[100.12932,14.92571],[100.12632,14.92298]],[[100.12632,14.92298],[100.12652,14.92993]],[[100.12652,14.92993],[100.13252,14.9357]],[[100.13252,14.9357],[100.13817,14.93704]],[[100.13817,14.93704],[100.13641,14.94351]],[[100.13641,14.94351],[100.13018,14.94654]],[[100.13018,14.94654],[100.12256,14.94466]],[[100.12256,14.94466],[100.1151,14.94797]],[[100.1151,14.94797],[100.10594,14.94571]],[[100.10594,14.94571],[100.09881,14.95314]],[[100.09881,14.95314],[100.08874,14.95603]],[[100.08874,14.95603],[100.08427,14.95266]],[[100.08427,14.95266],[100.07612,14.95111]],[[100.07612,14.95111],[100.07448,14.95433]],[[100.07448,14.95433],[100.065,14.95807]],[[100.065,14.95807],[100.06264,14.95609]],[[100.06264,14.95609],[100.05752,14.96142]],[[100.05752,14.96142],[100.05251,14.96277]],[[100.05251,14.96277],[100.05012,14.95824]],[[100.05012,14.95824],[100.04007,14.96114]],[[100.04007,14.96114],[100.03613,14.95504]],[[100.03613,14.95504],[100.03883,14.9474]],[[100.03883,14.9474],[100.04545,14.9413]],[[100.04545,14.9413],[100.04303,14.93166]],[[100.04303,14.93166],[100.04173,14.91493]],[[100.04173,14.91493],[100.02904,14.91135]],[[100.02904,14.91135],[100.01207,14.91429]],[[100.01207,14.91429],[100.01143,14.91028]],[[100.01143,14.91028],[100.00577,14.90797]],[[100.00577,14.90797],[100.0003,14.90979]],[[100.0003,14.90979],[99.9889,14.9079]],[[99.9889,14.9079],[99.97075,14.91281]],[[99.97075,14.91281],[99.96276,14.91153]],[[99.96276,14.91153],[99.95945,14.90673]],[[99.95945,14.90673],[99.95479,14.9066]],[[99.95479,14.9066],[99.94981,14.91065]],[[99.94981,14.91065],[99.93183,14.90697]],[[99.93183,14.90697],[99.92047,14.91284]],[[99.92047,14.91284],[99.90062,14.91786]],[[99.90062,14.91786],[99.89151,14.92225]],[[99.89151,14.92225],[99.88822,14.92635]],[[99.88822,14.92635],[99.8818,14.92368]],[[99.8818,14.92368],[99.87379,14.9233]],[[99.87379,14.9233],[99.86645,14.92733]],[[99.86645,14.92733],[99.85212,14.92982]],[[99.85212,14.92982],[99.8428,14.93352]],[[99.8428,14.93352],[99.84346,14.93737]],[[99.84346,14.93737],[99.83272,14.93493]],[[99.83272,14.93493],[99.82686,14.93568]],[[99.82686,14.93568],[99.82606,14.94008]],[[99.82606,14.94008],[99.82123,14.93766]],[[99.82123,14.93766],[99.82008,14.94263]],[[99.82008,14.94263],[99.80679,14.94026]],[[99.80679,14.94026],[99.79425,14.94299]],[[99.79425,14.94299],[99.78117,14.95021]],[[99.78117,14.95021],[99.77412,14.95138]],[[99.77412,14.95138],[99.76549,14.95553]],[[99.76549,14.95553],[99.75222,14.95877]],[[99.75222,14.95877],[99.74568,14.95824]],[[99.74568,14.95824],[99.74024,14.96337]],[[99.74024,14.96337],[99.72377,14.96203]],[[99.72377,14.96203],[99.72344,14.97388]],[[99.72344,14.97388],[99.71979,14.9816]],[[99.71979,14.9816],[99.72356,14.9881]],[[99.72356,14.9881],[99.72845,14.99057]],[[99.72845,14.99057],[99.72887,14.99502]],[[99.72887,14.99502],[99.74015,15.00296]],[[99.74015,15.00296],[99.74637,15.00563]],[[99.74637,15.00563],[99.74817,15.01051]],[[99.74817,15.01051],[99.75419,15.01134]],[[99.75419,15.01134],[99.75605,15.01634]],[[99.75605,15.01634],[99.76902,15.02254]],[[99.76902,15.02254],[99.77201,15.04683]],[[99.77201,15.04683],[99.77686,15.05327]],[[99.77686,15.05327],[99.77262,15.05585]],[[99.77262,15.05585],[99.77653,15.06388]],[[99.77653,15.06388],[99.78099,15.06686]],[[99.78099,15.06686],[99.78466,15.08085]],[[99.78466,15.08085],[99.79103,15.08367]],[[99.79103,15.08367],[99.79273,15.0919]],[[99.79273,15.0919],[99.79079,15.10028]],[[99.79079,15.10028],[99.78633,15.10265]],[[99.78633,15.10265],[99.77755,15.11391]],[[99.77755,15.11391],[99.77432,15.12169]],[[99.77432,15.12169],[99.76743,15.13031]],[[99.76743,15.13031],[99.77167,15.14061]],[[99.77167,15.14061],[99.76471,15.14623]],[[99.76471,15.14623],[99.76047,15.15271]],[[99.76047,15.15271],[99.75395,15.15828]],[[99.75395,15.15828],[99.74892,15.16565]],[[99.74892,15.16565],[99.75108,15.16962]],[[99.75108,15.16962],[99.75594,15.16797]],[[99.75594,15.16797],[99.75704,15.17352]],[[99.75704,15.17352],[99.76078,15.17424]],[[99.76078,15.17424],[99.7544,15.18134]],[[99.7544,15.18134],[99.7533,15.18599]],[[99.7533,15.18599],[99.74799,15.18867]],[[99.74799,15.18867],[99.73515,15.20411]],[[99.73515,15.20411],[99.73021,15.21305]],[[99.73021,15.21305],[99.72927,15.22553]],[[99.72927,15.22553],[99.73288,15.23378]],[[99.73288,15.23378],[99.73354,15.24127]],[[99.73354,15.24127],[99.72727,15.24964]],[[99.72727,15.24964],[99.73073,15.25817]],[[99.73073,15.25817],[99.73329,15.2581]],[[99.73329,15.2581],[99.73271,15.26879]],[[99.73271,15.26879],[99.73807,15.26641]],[[99.73807,15.26641],[99.74141,15.27615]],[[99.74141,15.27615],[99.74584,15.28146]],[[99.74584,15.28146],[99.74925,15.2798]],[[99.74925,15.2798],[99.75352,15.29457]],[[99.75352,15.29457],[99.76384,15.29894]],[[99.76384,15.29894],[99.7643,15.30759]],[[99.7643,15.30759],[99.75865,15.30844]],[[99.75865,15.30844],[99.75732,15.31186]],[[99.75732,15.31186],[99.76413,15.31359]],[[99.76413,15.31359],[99.76565,15.31154]],[[99.76565,15.31154],[99.77535,15.31292]],[[99.77535,15.31292],[99.78609,15.31828]],[[99.78609,15.31828],[99.7948,15.31661]],[[99.7948,15.31661],[99.80889,15.31785]],[[99.80889,15.31785],[99.81828,15.31391]],[[99.81828,15.31391],[99.82614,15.31307]],[[99.82614,15.31307],[99.83142,15.30986]],[[99.83142,15.30986],[99.8447,15.30894]],[[99.8447,15.30894],[99.85143,15.31112]],[[99.85143,15.31112],[99.85785,15.3055]],[[99.85785,15.3055],[99.86527,15.30405]],[[99.86527,15.30405],[99.87162,15.30498]],[[99.87162,15.30498],[99.87694,15.30193]],[[99.87694,15.30193],[99.87793,15.2909]],[[99.87793,15.2909],[99.88347,15.28706]],[[99.88347,15.28706],[99.88925,15.29135]],[[99.88925,15.29135],[99.89525,15.29057]],[[99.89525,15.29057],[99.90032,15.29373]],[[99.90032,15.29373],[99.90685,15.29411]],[[99.90685,15.29411],[99.91799,15.29935]],[[99.91799,15.29935],[99.92591,15.29971]],[[99.92591,15.29971],[99.93283,15.29764]],[[99.93283,15.29764],[99.93346,15.30173]],[[99.93346,15.30173],[99.94082,15.30127]],[[99.94082,15.30127],[99.94633,15.30411]],[[99.94633,15.30411],[99.95097,15.30294]],[[99.95097,15.30294],[99.9586,15.30609]],[[99.9586,15.30609],[99.96016,15.30161]],[[99.96016,15.30161],[99.9675,15.29851]],[[99.9675,15.29851],[99.99036,15.30254]],[[99.99036,15.30254],[100.01151,15.30029]],[[100.01151,15.30029],[100.02011,15.2914]],[[100.02011,15.2914],[100.02589,15.29031]],[[100.02589,15.29031],[100.02936,15.29324]],[[100.02936,15.29324],[100.03642,15.29297]],[[100.03642,15.29297],[100.039,15.28438]],[[100.039,15.28438],[100.04766,15.26489]],[[100.04766,15.26489],[100.05816,15.26367]],[[100.05816,15.26367],[100.05586,15.27034]],[[100.05586,15.27034],[100.05848,15.27862]],[[100.05848,15.27862],[100.06465,15.28698]],[[100.06465,15.28698],[100.0718,15.2888]],[[100.0718,15.2888],[100.08009,15.29833]],[[100.08009,15.29833],[100.08147,15.30682]],[[100.08147,15.30682],[100.07812,15.31423]],[[100.07812,15.31423],[100.08115,15.32043]],[[100.08115,15.32043],[100.09301,15.326]],[[100.09301,15.326],[100.09846,15.331]],[[100.09846,15.331],[100.1009,15.33724]],[[100.1009,15.33724],[100.10068,15.34692]],[[100.10068,15.34692],[100.09289,15.35552]],[[100.09289,15.35552],[100.07603,15.36647]],[[100.07603,15.36647],[100.07364,15.37126]],[[100.07364,15.37126],[100.07726,15.37957]],[[100.07726,15.37957],[100.08377,15.3796]],[[100.08377,15.3796],[100.10076,15.3732]],[[100.10076,15.3732],[100.10557,15.37459]],[[100.10557,15.37459],[100.10646,15.38009]],[[100.10646,15.38009],[100.1041,15.38378]],[[100.1041,15.38378],[100.09036,15.39462]],[[100.09036,15.39462],[100.08762,15.40254]],[[100.08762,15.40254],[100.08792,15.41018]],[[100.08792,15.41018],[100.09802,15.41774]],[[100.09802,15.41774],[100.10187,15.41736]],[[100.10187,15.41736],[100.11838,15.41258]],[[100.11838,15.41258],[100.12482,15.41241]],[[100.12482,15.41241],[100.12942,15.40551]],[[100.12942,15.40551],[100.14007,15.40429]],[[100.14007,15.40429],[100.14393,15.39042]],[[100.14393,15.39042],[100.15808,15.38656]],[[100.15808,15.38656],[100.16222,15.38083]],[[100.16222,15.38083],[100.18324,15.37957]],[[100.18324,15.37957],[100.18268,15.37646]],[[100.18268,15.37646],[100.19296,15.37472]],[[100.19296,15.37472],[100.20372,15.36941]],[[100.20372,15.36941],[100.20506,15.36665]],[[100.20506,15.36665],[100.21785,15.36338]],[[100.21785,15.36338],[100.21503,15.35942]],[[100.21503,15.35942],[100.22251,15.35875]],[[100.22251,15.35875],[100.22466,15.36546]],[[100.22466,15.36546],[100.22978,15.36166]],[[100.22978,15.36166],[100.24323,15.35859]],[[100.24323,15.35859],[100.25045,15.35505]],[[100.25045,15.35505],[100.25046,15.34921]],[[100.25046,15.34921],[100.26078,15.33983]],[[100.26078,15.33983],[100.26128,15.33005]],[[100.26128,15.33005],[100.26404,15.32629]],[[100.26404,15.32629],[100.265,15.31871]],[[100.265,15.31871],[100.26336,15.31448]],[[100.26336,15.31448],[100.25161,15.30585]],[[100.25161,15.30585],[100.25115,15.30117]],[[100.25115,15.30117],[100.25433,15.29886]],[[100.25433,15.29886],[100.2539,15.29105]],[[100.2539,15.29105],[100.26298,15.28728]],[[100.26298,15.28728],[100.26234,15.27947]],[[100.26234,15.27947],[100.26704,15.27612]],[[100.26704,15.27612],[100.26503,15.26841]],[[100.26503,15.26841],[100.26881,15.26771]],[[100.26881,15.26771],[100.2688,15.25377]],[[100.2688,15.25377],[100.27845,15.24991]],[[100.27845,15.24991],[100.2744,15.23909]],[[100.2744,15.23909],[100.27432,15.22431]],[[100.27432,15.22431],[100.29225,15.21822]],[[100.29225,15.21822],[100.29541,15.19448]],[[100.29541,15.19448],[100.29369,15.19427]],[[100.29369,15.19427],[100.29823,15.18002]],[[100.29823,15.18002],[100.30245,15.17328]],[[100.30245,15.17328],[100.31156,15.16844]],[[100.31156,15.16844],[100.31966,15.15818]],[[100.31966,15.15818],[100.33983,15.15062]],[[100.33983,15.15062],[100.34307,15.14164]],[[100.34307,15.14164],[100.3455,15.12906]],[[100.3455,15.12906],[100.35152,15.11841]],[[101.40023,15.07379],[101.40031,15.06976]],[[101.40031,15.06976],[101.40624,15.05885]],[[101.40624,15.05885],[101.41164,15.05184]],[[101.41164,15.05184],[101.41604,15.04066]],[[101.41604,15.04066],[101.4138,15.03675]],[[101.4138,15.03675],[101.41652,15.02708]],[[101.41652,15.02708],[101.42323,15.01322]],[[101.42323,15.01322],[101.42303,15.00471]],[[101.42303,15.00471],[101.42076,14.99624]],[[101.42076,14.99624],[101.42389,14.99503]],[[101.42389,14.99503],[101.42499,14.98836]],[[101.42499,14.98836],[101.42977,14.98265]],[[101.42977,14.98265],[101.42806,14.98018]],[[101.42806,14.98018],[101.43154,14.97389]],[[101.43154,14.97389],[101.43244,14.96091]],[[101.43244,14.96091],[101.42989,14.96002]],[[101.42989,14.96002],[101.43586,14.94301]],[[101.43586,14.94301],[101.43926,14.92746]],[[101.43926,14.92746],[101.44482,14.92379]],[[101.44482,14.92379],[101.44425,14.91889]],[[101.44425,14.91889],[101.44938,14.91079]],[[101.44938,14.91079],[101.44718,14.90893]],[[101.44718,14.90893],[101.45462,14.87557]],[[101.45462,14.87557],[101.4511,14.87421]],[[101.4511,14.87421],[101.45388,14.86309]],[[101.45388,14.86309],[101.45016,14.85722]],[[101.45016,14.85722],[101.44123,14.85543]],[[101.44123,14.85543],[101.43378,14.85044]],[[101.43378,14.85044],[101.42516,14.84891]],[[101.42516,14.84891],[101.41992,14.84388]],[[101.41992,14.84388],[101.41515,14.8444]],[[101.41515,14.8444],[101.40894,14.83699]],[[101.40894,14.83699],[101.4015,14.82346]],[[101.4015,14.82346],[101.38787,14.81266]],[[101.38787,14.81266],[101.37633,14.80562]],[[101.37633,14.80562],[101.3681,14.80557]],[[101.3681,14.80557],[101.35799,14.79992]],[[101.35799,14.79992],[101.35365,14.79457]],[[101.35365,14.79457],[101.34745,14.79353]],[[101.34745,14.79353],[101.34758,14.78781]],[[101.34758,14.78781],[101.33761,14.78719]],[[101.33761,14.78719],[101.33509,14.78356]],[[101.33509,14.78356],[101.3388,14.7744]],[[101.3388,14.7744],[101.33444,14.7666]],[[101.33444,14.7666],[101.32483,14.75837]],[[101.32483,14.75837],[101.32049,14.76191]],[[101.32049,14.76191],[101.30505,14.75688]],[[101.30505,14.75688],[101.30154,14.75053]],[[101.30154,14.75053],[101.30347,14.74488]],[[101.30347,14.74488],[101.29859,14.73716]],[[101.29859,14.73716],[101.29188,14.73619]],[[101.29188,14.73619],[101.28711,14.74598]],[[101.28711,14.74598],[101.28237,14.74486]],[[101.28237,14.74486],[101.28312,14.74107]],[[101.28312,14.74107],[101.28091,14.72623]],[[101.28091,14.72623],[101.27109,14.72652]],[[101.27109,14.72652],[101.26299,14.73346]],[[101.26299,14.73346],[101.259,14.73012]],[[101.259,14.73012],[101.25522,14.73273]],[[101.25522,14.73273],[101.24765,14.73208]],[[101.24765,14.73208],[101.23385,14.73479]],[[101.23385,14.73479],[101.23169,14.73201]],[[101.23169,14.73201],[101.22421,14.74257]],[[101.22421,14.74257],[101.21612,14.74671]],[[101.21612,14.74671],[101.21559,14.75354]],[[101.21559,14.75354],[101.20888,14.75411]],[[101.20888,14.75411],[101.2084,14.751]],[[101.2084,14.751],[101.19895,14.75593]],[[101.19895,14.75593],[101.19719,14.74917]],[[101.19719,14.74917],[101.19314,14.75109]],[[101.19314,14.75109],[101.18866,14.74918]],[[101.18866,14.74918],[101.18844,14.74541]],[[101.18844,14.74541],[101.19408,14.73988]],[[101.19408,14.73988],[101.19065,14.73369]],[[101.19065,14.73369],[101.19397,14.73174]],[[101.19397,14.73174],[101.19075,14.72585]],[[101.19075,14.72585],[101.18508,14.72179]],[[101.18508,14.72179],[101.18917,14.7145]],[[101.18917,14.7145],[101.18644,14.71138]],[[101.18644,14.71138],[101.19508,14.70543]],[[101.19508,14.70543],[101.19584,14.69607]],[[101.19584,14.69607],[101.19887,14.69485]],[[101.19887,14.69485],[101.20117,14.67979]],[[101.20117,14.67979],[101.20049,14.66558]],[[101.20049,14.66558],[101.20537,14.65304]],[[101.20537,14.65304],[101.20493,14.64426]],[[101.20493,14.64426],[101.20652,14.6345]],[[101.20652,14.6345],[101.20834,14.63321]],[[101.20834,14.63321],[101.20412,14.62381]],[[101.20412,14.62381],[101.20448,14.61577]],[[101.20448,14.61577],[101.20803,14.61269]],[[101.20803,14.61269],[101.20422,14.60835]],[[101.20422,14.60835],[101.21044,14.5994]],[[101.21044,14.5994],[101.20857,14.59495]],[[101.20857,14.59495],[101.21582,14.59053]],[[101.21582,14.59053],[101.21496,14.58592]],[[101.21496,14.58592],[101.2089,14.58395]],[[101.2089,14.58395],[101.20061,14.5712]],[[101.20061,14.5712],[101.2007,14.56479]],[[101.2007,14.56479],[101.19413,14.56171]],[[101.19413,14.56171],[101.19465,14.55345]],[[101.19465,14.55345],[101.19038,14.55439]],[[101.19038,14.55439],[101.18144,14.5474]],[[101.18144,14.5474],[101.18347,14.53468]],[[101.18347,14.53468],[101.19031,14.52814]],[[101.19031,14.52814],[101.19461,14.53116]],[[101.19461,14.53116],[101.19716,14.52517]],[[101.19716,14.52517],[101.2103,14.52025]],[[101.2103,14.52025],[101.21077,14.51522]],[[101.21077,14.51522],[101.21661,14.50714]],[[101.21661,14.50714],[101.2231,14.50411]],[[101.2231,14.50411],[101.22601,14.4945]],[[101.22601,14.4945],[101.23857,14.47878]],[[101.23857,14.47878],[101.24283,14.4711]],[[101.24283,14.4711],[101.22904,14.47402]],[[101.22904,14.47402],[101.225,14.47126]],[[101.225,14.47126],[101.2259,14.4638]],[[101.2259,14.4638],[101.23191,14.46252]],[[101.23191,14.46252],[101.23422,14.45883]],[[101.23422,14.45883],[101.23137,14.4519]],[[101.23137,14.4519],[101.22748,14.45158]],[[101.22748,14.45158],[101.22248,14.44538]],[[101.22248,14.44538],[101.23007,14.43383]],[[101.23007,14.43383],[101.22675,14.43071]],[[101.22675,14.43071],[101.22368,14.43406]],[[101.22368,14.43406],[101.21501,14.43764]],[[101.21501,14.43764],[101.2092,14.42821]],[[101.2092,14.42821],[101.21128,14.41362]],[[101.21128,14.41362],[101.20247,14.40299]],[[101.20247,14.40299],[101.20503,14.39769]],[[101.20503,14.39769],[101.20421,14.39101]],[[101.20421,14.39101],[101.21185,14.38154]],[[101.21185,14.38154],[101.21006,14.372]],[[101.21006,14.372],[101.2,14.36953]],[[101.2,14.36953],[101.19267,14.37057]],[[101.19267,14.37057],[101.18643,14.3662]],[[101.18643,14.3662],[101.1855,14.3543]],[[101.1855,14.3543],[101.17816,14.34717]],[[101.17816,14.34717],[101.16818,14.34899]],[[101.16818,14.34899],[101.16572,14.34238]],[[101.16572,14.34238],[101.15755,14.34743]],[[101.15755,14.34743],[101.15764,14.35738]],[[101.15764,14.35738],[101.15107,14.37029]],[[101.15107,14.37029],[101.13244,14.37663]],[[101.13244,14.37663],[101.12841,14.38223]],[[101.12841,14.38223],[101.12166,14.38438]],[[101.12166,14.38438],[101.11626,14.38256]],[[101.11626,14.38256],[101.1064,14.38503]],[[101.1064,14.38503],[101.09542,14.38161]],[[101.09542,14.38161],[101.08544,14.38323]],[[101.08544,14.38323],[101.07664,14.38835]],[[101.07664,14.38835],[101.07168,14.4012]],[[101.07168,14.4012],[101.07178,14.40519]],[[101.07178,14.40519],[101.06752,14.40625]],[[101.06752,14.40625],[101.06194,14.41461]],[[101.06194,14.41461],[101.05325,14.41228]],[[101.05325,14.41228],[101.05649,14.41059]],[[101.05649,14.41059],[101.0581,14.39799]],[[101.0581,14.39799],[101.05449,14.39178]],[[101.05449,14.39178],[101.05713,14.38567]],[[101.05713,14.38567],[101.06318,14.37939]],[[101.06318,14.37939],[101.06283,14.37222]],[[101.06283,14.37222],[101.05647,14.36385]],[[101.05647,14.36385],[101.05511,14.35897]],[[101.05511,14.35897],[101.05118,14.35897]],[[101.05118,14.35897],[101.04822,14.33988]],[[101.04822,14.33988],[101.0427,14.33791]],[[101.0427,14.33791],[101.0406,14.3337]],[[101.0406,14.3337],[101.02924,14.32475]],[[101.02924,14.32475],[101.02204,14.31539]],[[101.02204,14.31539],[101.01937,14.31564]],[[101.01937,14.31564],[101.01476,14.30624]],[[101.01476,14.30624],[101.01544,14.30217]],[[101.01544,14.30217],[101.01135,14.30006]],[[101.01135,14.30006],[100.98868,14.2975]],[[100.98868,14.2975],[100.98998,14.29055]],[[100.98998,14.29055],[100.98717,14.28707]],[[100.98717,14.28707],[100.98456,14.29126]],[[100.98456,14.29126],[100.98061,14.29151]],[[100.98061,14.29151],[100.96426,14.28176]],[[100.96426,14.28176],[100.96557,14.2795]],[[100.96557,14.2795],[100.95112,14.27168]],[[101.71714,13.18221],[101.71972,13.17882]],[[101.71972,13.17882],[101.71668,13.1743]],[[101.71668,13.1743],[101.71517,13.16312]],[[101.71517,13.16312],[101.70281,13.16079]],[[101.70281,13.16079],[101.69577,13.1466]],[[101.69577,13.1466],[101.68134,13.14845]],[[101.68134,13.14845],[101.67356,13.15555]],[[101.67356,13.15555],[101.66901,13.15327]],[[101.66901,13.15327],[101.66102,13.15448]],[[101.66102,13.15448],[101.65633,13.16166]],[[101.65633,13.16166],[101.65302,13.16023]],[[101.65302,13.16023],[101.64826,13.16349]],[[101.64826,13.16349],[101.63528,13.15971]],[[101.63528,13.15971],[101.63416,13.15404]],[[101.63416,13.15404],[101.61315,13.13594]],[[101.61315,13.13594],[101.59774,13.13424]],[[101.59774,13.13424],[101.59521,13.13576]],[[101.59521,13.13576],[101.58225,13.12829]],[[101.58225,13.12829],[101.58483,13.1227]],[[101.58483,13.1227],[101.5795,13.11687]],[[101.5795,13.11687],[101.58015,13.11339]],[[101.58015,13.11339],[101.57612,13.10075]],[[101.57612,13.10075],[101.57735,13.09542]],[[101.57735,13.09542],[101.57435,13.09335]],[[101.57435,13.09335],[101.57372,13.08693]],[[101.57372,13.08693],[101.56773,13.08802]],[[101.56773,13.08802],[101.56146,13.07878]],[[101.56146,13.07878],[101.55406,13.07399]],[[101.55406,13.07399],[101.5302,13.07121]],[[101.5302,13.07121],[101.52231,13.07701]],[[101.52231,13.07701],[101.52115,13.0719]],[[101.52115,13.0719],[101.51247,13.06685]],[[101.51247,13.06685],[101.51449,13.05916]],[[101.51449,13.05916],[101.50257,13.0582]],[[101.50257,13.0582],[101.48495,13.05837]],[[101.48495,13.05837],[101.48635,13.05254]],[[101.48635,13.05254],[101.47947,13.04849]],[[101.47947,13.04849],[101.47387,13.04845]],[[101.47387,13.04845],[101.46894,13.05181]],[[101.46894,13.05181],[101.46435,13.04227]],[[101.46435,13.04227],[101.47268,13.03228]],[[101.47268,13.03228],[101.47049,13.02612]],[[101.47049,13.02612],[101.46258,13.03239]],[[101.46258,13.03239],[101.45485,13.03582]],[[101.45485,13.03582],[101.44668,13.04711]],[[101.44668,13.04711],[101.44296,13.05032]],[[101.44296,13.05032],[101.43514,13.05148]],[[101.43514,13.05148],[101.43274,13.04668]],[[101.43274,13.04668],[101.42713,13.0454]],[[101.42713,13.0454],[101.4201,13.03914]],[[101.4201,13.03914],[101.41702,13.02757]],[[101.41702,13.02757],[101.40816,13.02341]],[[101.40816,13.02341],[101.40161,13.02821]],[[101.40161,13.02821],[101.39409,13.02481]],[[101.39409,13.02481],[101.39175,13.02908]],[[101.39175,13.02908],[101.38528,13.03325]],[[101.38528,13.03325],[101.38065,13.03905]],[[101.38065,13.03905],[101.37213,13.04334]],[[101.37213,13.04334],[101.36439,13.04511]],[[101.36439,13.04511],[101.35849,13.05627]],[[101.35849,13.05627],[101.35064,13.0596]],[[101.35064,13.0596],[101.34798,13.06541]],[[101.34798,13.06541],[101.34044,13.07534]],[[101.34044,13.07534],[101.33528,13.07554]],[[101.33528,13.07554],[101.33089,13.082]],[[101.33089,13.082],[101.32472,13.08436]],[[101.32472,13.08436],[101.31744,13.08129]],[[101.31744,13.08129],[101.3115,13.07377]],[[101.3115,13.07377],[101.30568,13.07486]],[[101.30568,13.07486],[101.30067,13.07222]],[[101.30067,13.07222],[101.29832,13.06772]],[[101.29832,13.06772],[101.29248,13.06524]],[[101.29248,13.06524],[101.29302,13.059]],[[101.29302,13.059],[101.27813,13.05924]],[[101.27813,13.05924],[101.27106,13.06165]],[[101.27106,13.06165],[101.26417,13.06731]],[[101.26417,13.06731],[101.2597,13.07472]],[[101.2597,13.07472],[101.2528,13.07559]],[[101.2528,13.07559],[101.23988,13.06505]],[[101.23988,13.06505],[101.23538,13.06627]],[[101.23538,13.06627],[101.22941,13.07145]],[[101.22941,13.07145],[101.21886,13.07796]],[[101.21886,13.07796],[101.2095,13.07721]],[[101.2095,13.07721],[101.21046,13.08016]],[[101.21046,13.08016],[101.19495,13.08887]],[[101.19495,13.08887],[101.17967,13.08459]],[[101.17967,13.08459],[101.17511,13.07867]],[[101.17511,13.07867],[101.17312,13.07174]],[[101.17312,13.07174],[101.17482,13.06563]],[[101.17482,13.06563],[101.17191,13.0585]],[[101.17191,13.0585],[101.17791,13.05483]],[[101.17791,13.05483],[101.18843,13.05703]],[[101.18843,13.05703],[101.1942,13.05462]],[[101.1942,13.05462],[101.19516,13.04427]],[[101.19516,13.04427],[101.18821,13.03965]],[[101.18821,13.03965],[101.18394,13.02673]],[[101.18394,13.02673],[101.17396,13.02789]],[[101.17396,13.02789],[101.1745,13.01997]],[[101.1745,13.01997],[101.16649,13.02563]],[[101.16649,13.02563],[101.15876,13.02611]],[[101.15876,13.02611],[101.15574,13.02992]],[[101.15574,13.02992],[101.15035,13.02861]],[[101.15035,13.02861],[101.14349,13.02135]],[[101.14349,13.02135],[101.13518,13.01653]],[[101.13518,13.01653],[101.12812,13.02683]],[[101.12812,13.02683],[101.12147,13.03164]],[[101.12147,13.03164],[101.11513,13.03369]],[[101.11513,13.03369],[101.11064,13.03253]],[[101.11064,13.03253],[101.10473,13.02752]],[[101.10473,13.02752],[101.0946,13.03385]],[[101.0946,13.03385],[101.08937,13.01805]],[[101.08937,13.01805],[101.08607,13.01288]],[[101.08607,13.01288],[101.08506,13.00555]],[[101.08506,13.00555],[101.08279,13.00416]],[[101.08279,13.00416],[101.09068,12.99781]],[[101.09068,12.99781],[101.09415,12.98961]],[[101.09415,12.98961],[101.09314,12.98164]],[[101.09314,12.98164],[101.09646,12.97475]],[[101.09646,12.97475],[101.10358,12.97292]],[[101.10358,12.97292],[101.09876,12.96399]],[[101.09876,12.96399],[101.09146,12.95972]],[[101.09146,12.95972],[101.08897,12.9475]],[[101.08897,12.9475],[101.08993,12.94086]],[[101.08993,12.94086],[101.08873,12.93217]],[[101.08873,12.93217],[101.08656,12.93093]],[[101.08656,12.93093],[101.08863,12.92462]],[[101.08863,12.92462],[101.08861,12.91535]],[[101.08861,12.91535],[101.0843,12.90929]],[[101.0843,12.90929],[101.07609,12.90376]],[[101.07609,12.90376],[101.08068,12.89988]],[[101.08068,12.89988],[101.07983,12.8955]],[[101.07983,12.8955],[101.07441,12.89279]],[[101.07441,12.89279],[101.07202,12.88342]],[[101.07202,12.88342],[101.07447,12.88014]],[[101.07447,12.88014],[101.06712,12.86817]],[[101.06712,12.86817],[101.06547,12.86189]],[[101.06547,12.86189],[101.06191,12.85877]],[[101.06191,12.85877],[101.06482,12.85238]],[[101.06482,12.85238],[101.06215,12.84109]],[[101.06215,12.84109],[101.06301,12.83383]],[[101.06301,12.83383],[101.04943,12.81758]],[[101.04943,12.81758],[101.05019,12.81529]],[[101.05019,12.81529],[101.04441,12.81189]],[[101.04441,12.81189],[101.03642,12.81231]],[[101.03642,12.81231],[101.032,12.80887]],[[101.032,12.80887],[101.0295,12.80196]],[[101.0295,12.80196],[101.02602,12.80197]],[[101.02602,12.80197],[101.01721,12.79726]],[[101.01721,12.79726],[101.01305,12.78577]],[[101.01305,12.78577],[101.01433,12.77491]],[[101.01433,12.77491],[101.01182,12.77253]],[[101.01182,12.77253],[101.01165,12.76584]],[[101.01165,12.76584],[101.01542,12.75895]],[[101.01542,12.75895],[101.00856,12.75182]],[[101.00856,12.75182],[101.00761,12.745]],[[101.00761,12.745],[101.00303,12.73771]],[[101.00303,12.73771],[101.00372,12.73448]],[[101.00372,12.73448],[100.99073,12.72579]],[[100.99073,12.72579],[100.9948,12.71436]],[[100.9948,12.71436],[100.98969,12.70862]],[[100.98969,12.70862],[100.98768,12.6982]],[[100.98768,12.6982],[100.98447,12.69195]],[[100.98447,12.69195],[100.98952,12.6847]],[[100.98952,12.6847],[100.99251,12.67566]],[[100.99251,12.67566],[100.98926,12.6695]],[[100.98926,12.6695],[100.99284,12.66448]],[[100.99284,12.66448],[100.99226,12.65625]],[[100.99226,12.65625],[100.97374,12.64918],[100.9681,12.64431],[100.97071,12.63983],[100.96425,12.63323],[100.96326,12.62876],[100.96711,12.61641],[100.96389,12.61078],[100.96205,12.60237],[100.96357,12.59549],[100.96014,12.59535],[100.95542,12.60198],[100.95086,12.60265],[100.94504,12.59923],[100.94502,12.60257],[100.93848,12.60777],[100.93044,12.60948],[100.92592,12.60536],[100.92496,12.61252],[100.9163,12.62312],[100.91395,12.62822],[100.92127,12.62909],[100.92175,12.63235],[100.92741,12.63152],[100.92585,12.63747],[100.93046,12.64585],[100.92231,12.65513],[100.91198,12.66094],[100.90475,12.66233],[100.89368,12.66098],[100.88716,12.65369],[100.87121,12.65217],[100.8658,12.64861],[100.86327,12.65182],[100.85269,12.64836],[100.84986,12.64984],[100.84932,12.65567],[100.85836,12.6587],[100.86175,12.66734],[100.85579,12.67618],[100.8472,12.67544],[100.84278,12.67033],[100.84048,12.68287],[100.84784,12.68841],[100.85629,12.69259],[100.85022,12.69819],[100.84371,12.69443],[100.83767,12.69745],[100.83725,12.70282],[100.83987,12.70715],[100.83388,12.71332],[100.8371,12.72242],[100.83398,12.73279],[100.83676,12.74063],[100.83992,12.74149],[100.83972,12.7508],[100.84471,12.75438],[100.85063,12.75289],[100.85565,12.75584],[100.85574,12.76406],[100.86015,12.76678],[100.87189,12.76908],[100.87597,12.76151],[100.88038,12.76067],[100.88937,12.76328],[100.89759,12.76998],[100.90389,12.77947],[100.90854,12.79104],[100.9111,12.80275],[100.91337,12.8072],[100.91204,12.81877],[100.90787,12.8323],[100.89842,12.8559],[100.88697,12.87443],[100.87012,12.89492],[100.85587,12.90998],[100.85619,12.91969],[100.86268,12.92997],[100.86944,12.92522],[100.87606,12.92883],[100.88314,12.93801],[100.8846,12.94542],[100.88248,12.95641],[100.88462,12.96178],[100.88302,12.9707],[100.89051,12.97262],[100.90135,12.97092],[100.91222,12.97956],[100.91955,12.98774],[100.92447,12.9973],[100.92801,13.00958],[100.92665,13.02213],[100.92114,13.03553],[100.91475,13.04506],[100.89297,13.0389],[100.89047,13.04697],[100.90638,13.05163],[100.90495,13.0566],[100.88907,13.05203],[100.8847,13.06014],[100.89725,13.06732],[100.89632,13.07092],[100.88239,13.06357],[100.87845,13.07126],[100.88616,13.07567],[100.88444,13.07883],[100.878,13.08082],[100.87187,13.07712],[100.87185,13.08351],[100.87492,13.08847],[100.87896,13.10818],[100.8811,13.11204],[100.88929,13.11898],[100.89351,13.11928],[100.89903,13.12675],[100.8982,13.13455],[100.90059,13.14385],[100.90681,13.14729],[100.90968,13.15499],[100.91366,13.16013],[100.92489,13.16895],[100.92628,13.17784],[100.92875,13.18113],[100.9294,13.19143],[100.93282,13.19207],[100.93643,13.20296],[100.93435,13.21256],[100.93635,13.21521],[100.92765,13.25468],[100.92783,13.25803],[100.92331,13.26955],[100.91239,13.28693],[100.89752,13.30244],[100.90269,13.30516],[100.90274,13.31759],[100.90625,13.31374],[100.91412,13.31335],[100.91846,13.31596],[100.92083,13.32629],[100.91926,13.32896],[100.92606,13.34131],[100.93547,13.33853],[100.94796,13.347],[100.96228,13.34914],[100.97012,13.35267],[100.9744,13.35652],[100.97559,13.36604],[100.97877,13.36611],[100.97718,13.37195],[100.98318,13.3764],[100.98598,13.38143],[100.98421,13.39574],[100.97306,13.41796],[100.96756,13.4329],[100.9672,13.43867],[100.96994,13.45536],[100.96302,13.46083]],[[100.96302,13.46083],[100.97405,13.47338]],[[100.97405,13.47338],[100.98084,13.46603]],[[100.98084,13.46603],[100.986,13.46297]],[[100.986,13.46297],[100.99673,13.46565]],[[100.99673,13.46565],[101.00358,13.46344]],[[101.00358,13.46344],[101.00542,13.46024]],[[101.00542,13.46024],[101.0134,13.46195]],[[101.0134,13.46195],[101.01462,13.46787]],[[101.01462,13.46787],[101.00908,13.46871]],[[101.00908,13.46871],[101.01126,13.47296]],[[101.01126,13.47296],[101.0221,13.47683]],[[101.0221,13.47683],[101.02759,13.47366]],[[101.02759,13.47366],[101.03301,13.4749]],[[101.03301,13.4749],[101.03929,13.48035]],[[101.03929,13.48035],[101.03574,13.48572]],[[101.03574,13.48572],[101.04104,13.48977]],[[101.04104,13.48977],[101.0397,13.49279]],[[101.0397,13.49279],[101.05091,13.50357]],[[101.05091,13.50357],[101.04833,13.5076]],[[101.04833,13.5076],[101.05272,13.51055]],[[101.05272,13.51055],[101.06188,13.508]],[[101.06188,13.508],[101.06648,13.50968]],[[101.06648,13.50968],[101.06739,13.50453]],[[101.06739,13.50453],[101.07384,13.5066]],[[101.07384,13.5066],[101.0681,13.51544]],[[101.0681,13.51544],[101.07083,13.5177]],[[101.07083,13.5177],[101.06728,13.52532]],[[101.06728,13.52532],[101.07169,13.52568]],[[101.07169,13.52568],[101.06938,13.53103]],[[101.06938,13.53103],[101.0709,13.53543]],[[101.0709,13.53543],[101.0641,13.53603]],[[101.0641,13.53603],[101.05507,13.54255]],[[101.05507,13.54255],[101.05621,13.54777]],[[101.05621,13.54777],[101.04167,13.54989]],[[101.04167,13.54989],[101.04409,13.55902]],[[101.04409,13.55902],[101.05184,13.55753]],[[101.05184,13.55753],[101.05505,13.55217]],[[101.05505,13.55217],[101.0684,13.55731]],[[101.0684,13.55731],[101.06996,13.55513]],[[101.06996,13.55513],[101.08305,13.5549]],[[101.08305,13.5549],[101.08817,13.55624]],[[101.08817,13.55624],[101.09437,13.55376]],[[101.09437,13.55376],[101.09739,13.55817]],[[101.09739,13.55817],[101.10433,13.55878]],[[101.10433,13.55878],[101.10308,13.56236]],[[101.10308,13.56236],[101.11035,13.56935]],[[101.11035,13.56935],[101.1142,13.56993]],[[101.1142,13.56993],[101.11847,13.56489]],[[101.11847,13.56489],[101.12183,13.56499]],[[101.12183,13.56499],[101.12996,13.56987]],[[101.12996,13.56987],[101.12946,13.57817]],[[101.12946,13.57817],[101.13531,13.5802]],[[101.13531,13.5802],[101.1402,13.5879]],[[101.1402,13.5879],[101.14353,13.58932]],[[101.14353,13.58932],[101.15273,13.58429]],[[101.15273,13.58429],[101.17219,13.58522]],[[101.17219,13.58522],[101.18284,13.5869]],[[101.18284,13.5869],[101.18572,13.58555]],[[101.18572,13.58555],[101.20148,13.58457]],[[101.20148,13.58457],[101.21666,13.57918]],[[101.21666,13.57918],[101.21623,13.57689]],[[101.21623,13.57689],[101.23151,13.5742]],[[101.23151,13.5742],[101.23718,13.57043]],[[101.23718,13.57043],[101.25247,13.56853]],[[101.25247,13.56853],[101.25239,13.56558]],[[101.25239,13.56558],[101.2675,13.56674]],[[101.2675,13.56674],[101.27201,13.56272]],[[101.27201,13.56272],[101.27484,13.55387]],[[101.27484,13.55387],[101.28245,13.55088]],[[101.28245,13.55088],[101.28719,13.54449]],[[101.28719,13.54449],[101.29029,13.5365]],[[101.29029,13.5365],[101.2945,13.53377]],[[101.2945,13.53377],[101.29509,13.52555]],[[101.29509,13.52555],[101.29932,13.52494]],[[101.29932,13.52494],[101.30152,13.51939]],[[101.30152,13.51939],[101.30977,13.51675]],[[101.30977,13.51675],[101.31471,13.50542]],[[101.31471,13.50542],[101.32093,13.50215]],[[101.32093,13.50215],[101.32382,13.49803]],[[101.32382,13.49803],[101.33567,13.49352]],[[101.33567,13.49352],[101.33999,13.48758]],[[101.33999,13.48758],[101.34886,13.4809]],[[101.34886,13.4809],[101.35156,13.48062]],[[101.35156,13.48062],[101.35761,13.46965]],[[101.35761,13.46965],[101.36521,13.46313]],[[101.36521,13.46313],[101.37143,13.46845]],[[101.37143,13.46845],[101.38386,13.46931]],[[101.38386,13.46931],[101.39402,13.47493]],[[101.39402,13.47493],[101.40805,13.47092]],[[101.40805,13.47092],[101.40987,13.46593]],[[101.40987,13.46593],[101.40273,13.45559]],[[101.40273,13.45559],[101.40255,13.45025]],[[101.40255,13.45025],[101.40937,13.45165]],[[101.40937,13.45165],[101.41241,13.45002]],[[101.41241,13.45002],[101.41784,13.45321]],[[101.41784,13.45321],[101.42931,13.44638]],[[101.42931,13.44638],[101.43464,13.44956]],[[101.43464,13.44956],[101.43856,13.44365]],[[101.43856,13.44365],[101.44498,13.44337]],[[101.44498,13.44337],[101.46674,13.4281]],[[101.46674,13.4281],[101.46818,13.42488]],[[101.46818,13.42488],[101.47473,13.43195]],[[101.47473,13.43195],[101.47533,13.43562]],[[101.47533,13.43562],[101.48101,13.43697]],[[101.48101,13.43697],[101.48009,13.4396]],[[101.48009,13.4396],[101.48994,13.44463]],[[101.48994,13.44463],[101.49405,13.43868]],[[101.49405,13.43868],[101.49463,13.43295]],[[101.49463,13.43295],[101.491,13.42788]],[[101.491,13.42788],[101.5002,13.41667]],[[101.5002,13.41667],[101.50172,13.41047]],[[101.50172,13.41047],[101.509,13.40991]],[[101.509,13.40991],[101.51892,13.42305]],[[101.51892,13.42305],[101.53164,13.42703]],[[101.53164,13.42703],[101.53311,13.41474]],[[101.53311,13.41474],[101.53665,13.41391]],[[101.53665,13.41391],[101.54187,13.40648]],[[101.54187,13.40648],[101.54896,13.38835]],[[101.54896,13.38835],[101.54597,13.37788]],[[101.54597,13.37788],[101.54913,13.37532]],[[101.54913,13.37532],[101.54871,13.3704]],[[101.54871,13.3704],[101.55635,13.36784]],[[101.55635,13.36784],[101.55588,13.36108]],[[101.55588,13.36108],[101.55805,13.34724]],[[101.55805,13.34724],[101.56478,13.33742]],[[101.56478,13.33742],[101.56441,13.33136]],[[101.56441,13.33136],[101.57288,13.32981]],[[101.57288,13.32981],[101.57901,13.33336]],[[101.57901,13.33336],[101.58263,13.32999]],[[101.58263,13.32999],[101.58226,13.32285]],[[101.58226,13.32285],[101.59084,13.31621]],[[101.59084,13.31621],[101.59231,13.31136]],[[101.59231,13.31136],[101.59681,13.31148]],[[101.59681,13.31148],[101.5996,13.30272]],[[101.5996,13.30272],[101.61035,13.29944]],[[101.61035,13.29944],[101.61895,13.30167]],[[101.61895,13.30167],[101.62533,13.29565]],[[101.62533,13.29565],[101.63125,13.29592]],[[101.63125,13.29592],[101.63946,13.29268]],[[101.63946,13.29268],[101.64694,13.28539]],[[101.64694,13.28539],[101.65069,13.28442]],[[101.65069,13.28442],[101.65626,13.27623]],[[101.65626,13.27623],[101.6662,13.27405]],[[101.6662,13.27405],[101.66897,13.2717]],[[101.66897,13.2717],[101.67267,13.25842]],[[101.67267,13.25842],[101.67683,13.25407]],[[101.67683,13.25407],[101.68398,13.25056]],[[101.68398,13.25056],[101.68733,13.24159]],[[101.68733,13.24159],[101.68937,13.2295]],[[101.68937,13.2295],[101.6946,13.2213]],[[101.6946,13.2213],[101.70158,13.21621]],[[101.70158,13.21621],[101.70403,13.20994]],[[101.70403,13.20994],[101.71236,13.206]],[[101.71236,13.206],[101.7125,13.19358]],[[101.7125,13.19358],[101.71714,13.18221]],[[100.97469,12.51875],[100.97479,12.5137],[100.96732,12.51792],[100.9661,12.52156],[100.97058,12.52363],[100.97469,12.51875]],[[100.95699,12.52945],[100.96063,12.51644],[100.95665,12.50787],[100.95214,12.51459],[100.95365,12.52304],[100.9526,12.53016],[100.95699,12.52945]],[[100.95994,12.5314],[100.95933,12.53368],[100.96072,12.53188],[100.95994,12.5314]],[[100.95822,12.53472],[100.95852,12.53569],[100.959,12.53412],[100.95822,12.53472]],[[100.97072,12.54784],[100.9709,12.55224],[100.97257,12.54806],[100.97072,12.54784]],[[100.93562,12.57246],[100.9308,12.57295],[100.93393,12.57413],[100.93562,12.57246]],[[100.95443,12.58625],[100.95788,12.56624],[100.96322,12.56116],[100.95359,12.55283],[100.94393,12.57542],[100.94259,12.58161],[100.94573,12.5827],[100.94645,12.58843],[100.95443,12.58625]],[[100.96631,12.58849],[100.96664,12.58114],[100.96057,12.58136],[100.95981,12.58564],[100.96272,12.59084],[100.96631,12.58849]],[[100.91633,12.60342],[100.91733,12.606],[100.91796,12.60046],[100.91633,12.60342]],[[100.87662,12.61026],[100.87466,12.61235],[100.8758,12.61496],[100.87662,12.61026]],[[100.91738,12.61596],[100.91825,12.61755],[100.91811,12.61624],[100.91738,12.61596]],[[100.88371,12.61707],[100.87977,12.6154],[100.87822,12.61791],[100.88371,12.61707]],[[100.90317,12.6248],[100.89991,12.62241],[100.90112,12.62732],[100.90317,12.6248]],[[100.87762,12.63718],[100.86885,12.63311],[100.8639,12.63885],[100.86551,12.6419],[100.87432,12.64336],[100.87762,12.63718]],[[100.89803,12.64722],[100.89857,12.64609],[100.8977,12.64484],[100.89803,12.64722]],[[100.892,12.64243],[100.88478,12.64268],[100.8781,12.6458],[100.88652,12.64473],[100.89138,12.64774],[100.892,12.64243]],[[100.82544,12.6735],[100.82148,12.67738],[100.8239,12.67808],[100.82544,12.6735]],[[100.77989,12.71715],[100.78924,12.71854],[100.79254,12.71683],[100.80316,12.7178],[100.80479,12.70649],[100.80352,12.70256],[100.80596,12.69574],[100.80279,12.69208],[100.79504,12.68937],[100.78976,12.68204],[100.79107,12.67926],[100.78767,12.6747],[100.78121,12.67131],[100.77656,12.67522],[100.77467,12.68998],[100.76408,12.7024],[100.7651,12.71352],[100.76751,12.71288],[100.76926,12.70525],[100.77592,12.70693],[100.77443,12.72062],[100.77989,12.71715]],[[100.79946,12.72661],[100.79805,12.72627],[100.79719,12.7292],[100.79946,12.72661]],[[100.8443,12.75949],[100.83922,12.7615],[100.8464,12.76362],[100.84946,12.76119],[100.8443,12.75949]],[[100.70269,12.79256],[100.70182,12.79315],[100.70247,12.79361],[100.70269,12.79256]],[[100.70248,12.79369],[100.69807,12.79793],[100.69794,12.80211],[100.70422,12.79924],[100.70248,12.79369]],[[100.67082,12.86824],[100.67276,12.87365],[100.67183,12.88011],[100.67421,12.88355],[100.676,12.87703],[100.67349,12.86788],[100.67082,12.86824]],[[100.67735,12.90313],[100.67862,12.90605],[100.68094,12.89996],[100.67735,12.90313]],[[100.67689,12.91008],[100.67799,12.91237],[100.67805,12.90986],[100.67689,12.91008]],[[100.80551,12.92557],[100.80543,12.93065],[100.80744,12.9263],[100.80551,12.92557]],[[100.79034,12.92769],[100.78728,12.91377],[100.78321,12.90927],[100.78016,12.90026],[100.77344,12.89692],[100.76964,12.90887],[100.76585,12.91393],[100.76876,12.9282],[100.77859,12.92728],[100.78837,12.93776],[100.79061,12.93673],[100.79034,12.92769]],[[100.79422,12.94286],[100.79103,12.94172],[100.78922,12.94563],[100.79422,12.94286]],[[100.67998,12.94889],[100.67761,12.9392],[100.68215,12.93607],[100.68556,12.9277],[100.68074,12.9196],[100.67508,12.91881],[100.67087,12.92399],[100.66603,12.93889],[100.66287,12.94252],[100.6667,12.94651],[100.67664,12.95234],[100.67998,12.94889]],[[100.65762,12.95761],[100.65774,12.95628],[100.65615,12.95652],[100.65762,12.95761]],[[100.65381,12.95879],[100.64737,12.95148],[100.64808,12.96311],[100.65202,12.96413],[100.65381,12.95879]],[[100.81082,13.11784],[100.81045,13.11387],[100.80468,13.1113],[100.80477,13.11673],[100.81082,13.11784]],[[100.80957,13.12339],[100.80875,13.12362],[100.80943,13.12424],[100.80957,13.12339]],[[100.83419,13.1514],[100.83363,13.15249],[100.83469,13.15188],[100.83419,13.1514]],[[100.83338,13.16516],[100.83268,13.1653],[100.83294,13.16636],[100.83338,13.16516]],[[100.82719,13.16903],[100.82439,13.16373],[100.82118,13.16547],[100.82153,13.1723],[100.82719,13.16903]],[[100.92094,13.17442],[100.92061,13.17322],[100.91924,13.17357],[100.92094,13.17442]],[[100.8301,13.17517],[100.83089,13.17419],[100.82879,13.17383],[100.8301,13.17517]],[[100.80954,13.17195],[100.80752,13.16704],[100.80907,13.16118],[100.81248,13.15933],[100.81807,13.14877],[100.81755,13.14276],[100.81979,13.13866],[100.81556,13.1314],[100.80939,13.12511],[100.80727,13.12732],[100.80712,13.13492],[100.80329,13.13868],[100.80652,13.14619],[100.79959,13.14873],[100.80422,13.14964],[100.80527,13.15471],[100.80157,13.1587],[100.79899,13.1689],[100.80172,13.17133],[100.8019,13.1792],[100.80733,13.18012],[100.80954,13.17195]],[[100.79847,13.18874],[100.79823,13.18867],[100.79783,13.18964],[100.79847,13.18874]],[[101.69577,13.1466],[101.69683,13.13991]],[[101.69683,13.13991],[101.69535,13.13396]],[[101.69535,13.13396],[101.69233,13.13336]],[[101.69233,13.13336],[101.68472,13.12272]],[[101.68472,13.12272],[101.68705,13.11173]],[[101.68705,13.11173],[101.69316,13.10911]],[[101.69316,13.10911],[101.69943,13.10958]],[[101.69943,13.10958],[101.70023,13.10634]],[[101.70023,13.10634],[101.69263,13.09798]],[[101.69263,13.09798],[101.69441,13.0884]],[[101.69441,13.0884],[101.69858,13.0808]],[[101.69858,13.0808],[101.70638,13.0788]],[[101.70638,13.0788],[101.70292,13.07303]],[[101.70292,13.07303],[101.70751,13.05969]],[[101.70751,13.05969],[101.71114,13.05554]],[[101.71114,13.05554],[101.7103,13.0501]],[[101.7103,13.0501],[101.71386,13.04741]],[[101.71386,13.04741],[101.71636,13.03567]],[[101.71636,13.03567],[101.72462,13.03006]],[[101.72462,13.03006],[101.73242,13.03402]],[[101.73242,13.03402],[101.73787,13.03371]],[[101.73787,13.03371],[101.74471,13.03812]],[[101.74471,13.03812],[101.74698,13.04544]],[[101.74698,13.04544],[101.75264,13.04958]],[[101.75264,13.04958],[101.7577,13.04937]],[[101.7577,13.04937],[101.76088,13.03595]],[[101.76088,13.03595],[101.75275,13.02912]],[[101.75275,13.02912],[101.75557,13.00651]],[[101.75557,13.00651],[101.75226,13.00515]],[[101.75226,13.00515],[101.74869,12.99629]],[[101.74869,12.99629],[101.74256,12.99071]],[[101.74256,12.99071],[101.73777,12.98124]],[[101.73777,12.98124],[101.74176,12.97778]],[[101.74176,12.97778],[101.73933,12.96753]],[[101.73933,12.96753],[101.73884,12.95907]],[[101.73884,12.95907],[101.74806,12.94897]],[[101.74806,12.94897],[101.75142,12.95149]],[[101.75142,12.95149],[101.75459,12.94169]],[[101.75459,12.94169],[101.75876,12.94034]],[[101.75876,12.94034],[101.76767,12.94449]],[[101.76767,12.94449],[101.77208,12.95056]],[[101.77208,12.95056],[101.77919,12.95338]],[[101.77919,12.95338],[101.78375,12.94712]],[[101.78375,12.94712],[101.79034,12.94399]],[[101.79034,12.94399],[101.79216,12.935]],[[101.79216,12.935],[101.79093,12.9307]],[[101.79093,12.9307],[101.79409,12.92709]],[[101.79409,12.92709],[101.79929,12.92675]],[[101.79929,12.92675],[101.80222,12.91864]],[[101.80222,12.91864],[101.80212,12.91107]],[[101.80212,12.91107],[101.80698,12.90077]],[[101.80698,12.90077],[101.80677,12.88738]],[[101.80677,12.88738],[101.81276,12.88672]],[[101.81276,12.88672],[101.81323,12.89872]],[[101.81323,12.89872],[101.81815,12.89979]],[[101.81815,12.89979],[101.81682,12.89152]],[[101.81682,12.89152],[101.81981,12.87941]],[[101.81981,12.87941],[101.81597,12.87271]],[[101.81597,12.87271],[101.82447,12.86051]],[[101.82447,12.86051],[101.82741,12.8512]],[[101.82741,12.8512],[101.8245,12.84193]],[[101.8245,12.84193],[101.82877,12.83902]],[[101.82877,12.83902],[101.82771,12.82929]],[[101.82771,12.82929],[101.82929,12.82434]],[[101.82929,12.82434],[101.82491,12.80895]],[[101.82491,12.80895],[101.81863,12.79951]],[[101.81863,12.79951],[101.82225,12.79099]],[[101.82225,12.79099],[101.81972,12.78706]],[[101.81972,12.78706],[101.82131,12.78131]],[[101.82131,12.78131],[101.81854,12.77813]],[[101.81854,12.77813],[101.81697,12.76699]],[[101.81697,12.76699],[101.82021,12.76479]],[[101.82021,12.76479],[101.81736,12.75668]],[[101.81736,12.75668],[101.81946,12.75387]],[[101.81946,12.75387],[101.81177,12.75021]],[[101.81177,12.75021],[101.8083,12.75629]],[[101.8083,12.75629],[101.79932,12.7498]],[[101.79932,12.7498],[101.80297,12.74201]],[[101.80297,12.74201],[101.79509,12.73442]],[[101.79509,12.73442],[101.79923,12.73105]],[[101.79923,12.73105],[101.79962,12.72452]],[[101.79962,12.72452],[101.79325,12.71562]],[[101.79325,12.71562],[101.78514,12.70883]],[[101.78514,12.70883],[101.79059,12.7008]],[[101.79059,12.7008],[101.78436,12.69319]],[[101.78436,12.69319],[101.77375,12.69725],[101.76746,12.7034],[101.76119,12.70599],[101.75009,12.70812],[101.73196,12.70564],[101.7248,12.70561],[101.7124,12.70011],[101.70415,12.69825],[101.70126,12.69572],[101.6914,12.6946],[101.67165,12.68386],[101.66332,12.67169],[101.66022,12.67175],[101.66103,12.66593],[101.65595,12.66199],[101.65097,12.65162],[101.6443,12.64696],[101.64585,12.64234],[101.63491,12.64329],[101.62843,12.64656],[101.60742,12.6522],[101.59338,12.65353],[101.57205,12.65069],[101.56532,12.64695],[101.5636,12.63572],[101.56586,12.63344],[101.55635,12.62732],[101.54724,12.62918],[101.52853,12.63087],[101.50567,12.63172],[101.49715,12.62973],[101.48696,12.63277],[101.47389,12.6335],[101.44859,12.6306],[101.43663,12.62672],[101.42651,12.61899],[101.42265,12.61095],[101.42522,12.61077],[101.42118,12.59016],[101.41749,12.58431],[101.41312,12.58658],[101.41561,12.59075],[101.40604,12.59882],[101.36953,12.61942],[101.32167,12.64062],[101.30101,12.64787],[101.28387,12.65502],[101.27652,12.65535],[101.25611,12.66098],[101.23204,12.66583],[101.19244,12.66978],[101.17942,12.66922],[101.16189,12.67204],[101.15789,12.67008],[101.15799,12.66163],[101.16655,12.6615],[101.1664,12.64],[101.15708,12.64008],[101.15723,12.6581],[101.15134,12.65813],[101.15152,12.67353],[101.13948,12.67341],[101.13819,12.66631],[101.13519,12.66355],[101.14177,12.66025],[101.14012,12.65841],[101.13249,12.66532],[101.13208,12.6754],[101.12597,12.67733],[101.10684,12.67928],[101.09385,12.67679],[101.093,12.67534],[101.07378,12.67542],[101.06486,12.67452],[101.06119,12.67115],[101.04872,12.66952],[101.04482,12.66559],[101.02322,12.66244],[100.99846,12.65813],[100.99226,12.65625]],[[101.44309,12.51604],[101.44274,12.51295],[101.44208,12.5162],[101.44309,12.51604]],[[101.56831,12.55462],[101.56675,12.55834],[101.57019,12.55682],[101.56831,12.55462]],[[101.69843,12.56598],[101.69852,12.57118],[101.70168,12.57269],[101.7023,12.56716],[101.69843,12.56598]],[[101.51026,12.57955],[101.51032,12.58045],[101.51069,12.58038],[101.51026,12.57955]],[[101.45811,12.57474],[101.46457,12.57437],[101.4684,12.56796],[101.45913,12.56509],[101.45617,12.55956],[101.44986,12.55295],[101.44752,12.54592],[101.45033,12.54116],[101.44906,12.53386],[101.44552,12.52997],[101.44505,12.52213],[101.44197,12.52769],[101.44555,12.53599],[101.44671,12.56753],[101.44906,12.56808],[101.44558,12.57971],[101.45121,12.58292],[101.45811,12.57474]],[[101.51097,12.58527],[101.51059,12.58174],[101.50846,12.5843],[101.51097,12.58527]],[[101.51029,12.59501],[101.50855,12.59373],[101.50888,12.59526],[101.51029,12.59501]],[[101.51218,12.59963],[101.51251,12.60038],[101.51284,12.59997],[101.51218,12.59963]],[[101.51392,12.60159],[101.51559,12.6032],[101.51477,12.60136],[101.51392,12.60159]],[[101.6905,12.59538],[101.68874,12.59934],[101.69395,12.60386],[101.69351,12.59713],[101.6905,12.59538]],[[101.68778,12.60707],[101.68513,12.61162],[101.68972,12.61894],[101.69466,12.61214],[101.69384,12.60858],[101.68778,12.60707]],[[101.17186,12.64716],[101.16969,12.6485],[101.17173,12.65097],[101.17186,12.64716]],[[102.35357,13.29894],[102.34958,13.2872],[102.35107,13.27529],[102.36092,13.26826],[102.36598,13.26283],[102.36641,13.2506],[102.37098,13.25024],[102.37151,13.24387],[102.37731,13.24131],[102.37687,13.23225],[102.38802,13.21663],[102.39127,13.20753],[102.39509,13.18902],[102.3918,13.18635],[102.39334,13.17684],[102.39866,13.17101],[102.40143,13.15181],[102.41849,13.1366],[102.41708,13.12268],[102.4199,13.12144],[102.42776,13.10825],[102.43418,13.10084],[102.43411,13.0916],[102.44192,13.08467],[102.44467,13.08744],[102.45114,13.08307],[102.45902,13.08297],[102.49431,13.0136],[102.51803,13.00539],[102.52675,13.00533],[102.52905,13.00004],[102.52093,12.99947],[102.52176,12.99629],[102.51675,12.99543],[102.51336,12.991],[102.51145,12.99531],[102.50185,12.99195],[102.49887,12.986],[102.49651,12.98693],[102.48747,12.98332],[102.48557,12.97896],[102.49426,12.97111],[102.50144,12.96089],[102.49747,12.95299],[102.48607,12.94825],[102.49131,12.93831],[102.49191,12.93316],[102.49633,12.92602],[102.49541,12.92268],[102.5009,12.91679],[102.50331,12.9064],[102.50271,12.90144],[102.51057,12.89565],[102.50735,12.89228],[102.50529,12.88235],[102.50777,12.86578],[102.50289,12.86426],[102.49791,12.85956],[102.5018,12.84934],[102.50979,12.84545],[102.51635,12.83928],[102.51556,12.82269],[102.52962,12.81782],[102.53233,12.80992],[102.52896,12.80389],[102.52821,12.79646],[102.53073,12.79104],[102.53586,12.78748],[102.53568,12.77802],[102.53352,12.77696],[102.5327,12.76707],[102.52581,12.76279],[102.52152,12.75489],[102.51779,12.752],[102.50762,12.75244]],[[102.50762,12.75244],[102.49833,12.75667]],[[102.49833,12.75667],[102.49117,12.75724]],[[102.49117,12.75724],[102.48963,12.75284]],[[102.48963,12.75284],[102.48071,12.74572]],[[102.48071,12.74572],[102.47583,12.73646]],[[102.47583,12.73646],[102.46427,12.73335]],[[102.46427,12.73335],[102.46044,12.73593]],[[102.46044,12.73593],[102.45864,12.73293]],[[102.45864,12.73293],[102.44113,12.73671]],[[102.44113,12.73671],[102.44003,12.73099]],[[102.44003,12.73099],[102.435,12.72949]],[[102.435,12.72949],[102.42992,12.72285]],[[102.42992,12.72285],[102.4255,12.72388]],[[102.4255,12.72388],[102.4242,12.71127]],[[102.4242,12.71127],[102.41553,12.70702]],[[102.41553,12.70702],[102.40712,12.69874]],[[102.40712,12.69874],[102.40052,12.69869]],[[102.40052,12.69869],[102.40341,12.69363]],[[102.40341,12.69363],[102.39247,12.68566]],[[102.39247,12.68566],[102.39369,12.67839]],[[102.39369,12.67839],[102.38529,12.67949]],[[102.38529,12.67949],[102.3835,12.67329]],[[102.3835,12.67329],[102.38656,12.66558]],[[102.38656,12.66558],[102.38509,12.6609]],[[102.38509,12.6609],[102.38754,12.6584]],[[102.38754,12.6584],[102.38768,12.64858]],[[102.38768,12.64858],[102.39396,12.63989]],[[102.39396,12.63989],[102.39025,12.63313]],[[102.39025,12.63313],[102.39328,12.62809]],[[102.39328,12.62809],[102.39639,12.62892]],[[102.39639,12.62892],[102.40162,12.61506]],[[102.40162,12.61506],[102.3964,12.61455]],[[102.3964,12.61455],[102.39742,12.60838]],[[102.39742,12.60838],[102.38825,12.60986]],[[102.38825,12.60986],[102.39527,12.59836]],[[102.39527,12.59836],[102.39702,12.5993]],[[102.39702,12.5993],[102.40356,12.58976]],[[102.40356,12.58976],[102.40739,12.58904]],[[102.40739,12.58904],[102.41444,12.58366]],[[102.41444,12.58366],[102.41669,12.5787]],[[102.41669,12.5787],[102.4236,12.57317]],[[102.4236,12.57317],[102.42019,12.56869]],[[102.42019,12.56869],[102.41712,12.57159]],[[102.41712,12.57159],[102.40213,12.56708]],[[102.40213,12.56708],[102.39751,12.56914]],[[102.39751,12.56914],[102.39776,12.57385]],[[102.39776,12.57385],[102.38854,12.57657]],[[102.38854,12.57657],[102.38728,12.58189]],[[102.38728,12.58189],[102.38132,12.58258]],[[102.38132,12.58258],[102.3784,12.5867]],[[102.3784,12.5867],[102.37649,12.59591]],[[102.37649,12.59591],[102.37039,12.59733]],[[102.37039,12.59733],[102.36054,12.59667]],[[102.36054,12.59667],[102.3537,12.59436]],[[102.3537,12.59436],[102.35183,12.59128]],[[102.35183,12.59128],[102.34567,12.58971]],[[102.34567,12.58971],[102.34252,12.57182]],[[102.34252,12.57182],[102.33669,12.56389]],[[102.33669,12.56389],[102.32714,12.56292]],[[102.32714,12.56292],[102.32378,12.55917]],[[102.32378,12.55917],[102.32014,12.56012]],[[102.32014,12.56012],[102.31221,12.55698]],[[102.31221,12.55698],[102.30508,12.55646]],[[102.30508,12.55646],[102.30592,12.54857]],[[102.30592,12.54857],[102.31472,12.5424]],[[102.31472,12.5424],[102.31686,12.53672]],[[102.31686,12.53672],[102.31213,12.52887]],[[102.31213,12.52887],[102.31456,12.52451]],[[102.31456,12.52451],[102.32361,12.52086]],[[102.32361,12.52086],[102.33129,12.52001]],[[102.33129,12.52001],[102.33766,12.51401]],[[102.33766,12.51401],[102.33361,12.49553]],[[102.33361,12.49553],[102.33452,12.49119]],[[102.33452,12.49119],[102.342,12.48138]],[[102.342,12.48138],[102.34157,12.47604]],[[102.34157,12.47604],[102.33741,12.47086]],[[102.33741,12.47086],[102.33656,12.46355]],[[102.33656,12.46355],[102.33109,12.46156]],[[102.33109,12.46156],[102.32698,12.45571]],[[102.32698,12.45571],[102.32001,12.45272]],[[102.32001,12.45272],[102.31987,12.44845]],[[102.31987,12.44845],[102.32899,12.44648]],[[102.32899,12.44648],[102.32939,12.44035]],[[102.32939,12.44035],[102.32688,12.43706]],[[102.32688,12.43706],[102.3252,12.42787]],[[102.3252,12.42787],[102.33427,12.41815]],[[102.33427,12.41815],[102.3499,12.41322]],[[102.3499,12.41322],[102.35735,12.40599]],[[102.35735,12.40599],[102.3671,12.40329]],[[102.3671,12.40329],[102.37177,12.38991]],[[102.37177,12.38991],[102.36231,12.3833]],[[102.36231,12.3833],[102.35979,12.37685]],[[102.35979,12.37685],[102.35153,12.37236]],[[102.35153,12.37236],[102.34472,12.36326]],[[102.34472,12.36326],[102.34781,12.35062]],[[102.34781,12.35062],[102.34579,12.33753]],[[102.34579,12.33753],[102.33838,12.32686]],[[102.33838,12.32686],[102.326,12.31779]],[[102.326,12.31779],[102.31168,12.30432]],[[102.31168,12.30432],[102.30464,12.30159]],[[102.30464,12.30159],[102.28594,12.29907]],[[102.28594,12.29907],[102.26518,12.29961]],[[102.26518,12.29961],[102.25776,12.29292]],[[102.25776,12.29292],[102.25417,12.30662],[102.24072,12.31777],[102.2234,12.32862],[102.21233,12.34038],[102.19173,12.36732],[102.16727,12.39256],[102.15995,12.39821],[102.13611,12.41139],[102.13007,12.41248],[102.12625,12.41003],[102.12631,12.40455],[102.11817,12.41043],[102.12405,12.41146],[102.12633,12.41666],[102.12428,12.4229],[102.11916,12.42933],[102.11217,12.44135],[102.10222,12.4541],[102.08929,12.46525],[102.07046,12.47742],[102.05593,12.48164],[102.05964,12.46888],[102.05203,12.47282],[102.04287,12.47288],[102.04442,12.47679],[102.04061,12.48282],[102.04592,12.48471],[102.04527,12.49158],[102.03611,12.48653],[102.03702,12.49178],[102.04216,12.49168],[102.04351,12.4957],[102.0411,12.50115],[102.03293,12.51106],[102.02039,12.52235],[102.00391,12.53258],[101.99266,12.53785],[101.97777,12.5426],[101.96904,12.54333],[101.95748,12.54182],[101.94786,12.53802],[101.94985,12.52773],[101.94849,12.52482],[101.95092,12.519],[101.94903,12.51634],[101.94618,12.52114],[101.94487,12.53191],[101.92938,12.53666],[101.92435,12.54738],[101.90847,12.56257],[101.89406,12.57256],[101.88944,12.56979],[101.88425,12.58036],[101.8922,12.5814],[101.89434,12.57731],[101.90147,12.57322],[101.90961,12.57708],[101.90443,12.59773],[101.89441,12.60328],[101.88463,12.60126],[101.88185,12.59809],[101.88402,12.58757],[101.87932,12.59386],[101.87727,12.60319],[101.8715,12.60768],[101.8647,12.62045],[101.86344,12.64216],[101.8549,12.6475],[101.85261,12.65354],[101.84107,12.65971],[101.83305,12.66795],[101.8052,12.68424],[101.78436,12.69319]],[[101.71714,13.18221],[101.72645,13.17873]],[[101.72645,13.17873],[101.73271,13.17926]],[[101.73271,13.17926],[101.73988,13.18642]],[[101.73988,13.18642],[101.75262,13.18213]],[[101.75262,13.18213],[101.75632,13.18815]],[[101.75632,13.18815],[101.76112,13.18847]],[[101.76112,13.18847],[101.76754,13.18475]],[[101.76754,13.18475],[101.77329,13.18475]],[[101.77329,13.18475],[101.79025,13.20337]],[[101.79025,13.20337],[101.79604,13.20324]],[[101.79604,13.20324],[101.81591,13.21543]],[[101.81591,13.21543],[101.82237,13.22201]],[[101.82237,13.22201],[101.8273,13.23764]],[[101.8273,13.23764],[101.83296,13.23869]],[[101.83296,13.23869],[101.83586,13.23386]],[[101.83586,13.23386],[101.84056,13.23864]],[[101.84056,13.23864],[101.84647,13.24141]],[[101.84647,13.24141],[101.85431,13.25414]],[[101.85431,13.25414],[101.86236,13.24782]],[[101.86236,13.24782],[101.87056,13.25214]],[[101.87056,13.25214],[101.87058,13.24377]],[[101.87058,13.24377],[101.87287,13.24017]],[[101.87287,13.24017],[101.87257,13.22828]],[[101.87257,13.22828],[101.87397,13.22228]],[[101.87397,13.22228],[101.87913,13.22514]],[[101.87913,13.22514],[101.87989,13.23406]],[[101.87989,13.23406],[101.88403,13.23665]],[[101.88403,13.23665],[101.88841,13.2354]],[[101.88841,13.2354],[101.8898,13.22721]],[[101.8898,13.22721],[101.90171,13.23477]],[[101.90171,13.23477],[101.90042,13.24096]],[[101.90042,13.24096],[101.89633,13.24387]],[[101.89633,13.24387],[101.89829,13.26159]],[[101.89829,13.26159],[101.90219,13.26292]],[[101.90219,13.26292],[101.90556,13.27109]],[[101.90556,13.27109],[101.90521,13.28768]],[[101.90521,13.28768],[101.91898,13.28568]],[[101.91898,13.28568],[101.92348,13.29203]],[[101.92348,13.29203],[101.92675,13.29259]],[[101.92675,13.29259],[101.92864,13.28658]],[[101.92864,13.28658],[101.93234,13.28703]],[[101.93234,13.28703],[101.93878,13.29394]],[[101.93878,13.29394],[101.94186,13.29167]],[[101.94186,13.29167],[101.945,13.29489]],[[101.945,13.29489],[101.95584,13.29974]],[[101.95584,13.29974],[101.96298,13.31579]],[[101.96298,13.31579],[101.968,13.32457]],[[101.968,13.32457],[101.97507,13.32679]],[[101.97507,13.32679],[101.9889,13.33325]],[[101.9889,13.33325],[101.99645,13.3193]],[[101.99645,13.3193],[101.99978,13.31882]],[[101.99978,13.31882],[102.00526,13.30986]],[[102.00526,13.30986],[102.01171,13.2904]],[[102.01171,13.2904],[102.01533,13.29127]],[[102.01533,13.29127],[102.02118,13.28665]],[[102.02118,13.28665],[102.02811,13.28798]],[[102.02811,13.28798],[102.03282,13.28643]],[[102.03282,13.28643],[102.03619,13.28043]],[[102.03619,13.28043],[102.03593,13.27482]],[[102.03593,13.27482],[102.02823,13.26602]],[[102.02823,13.26602],[102.02976,13.24938]],[[102.02976,13.24938],[102.02629,13.23903]],[[102.02629,13.23903],[102.02829,13.23671]],[[102.02829,13.23671],[102.03969,13.23948]],[[102.03969,13.23948],[102.04338,13.24241]],[[102.04338,13.24241],[102.05049,13.23934]],[[102.05049,13.23934],[102.05255,13.24239]],[[102.05255,13.24239],[102.05754,13.24198]],[[102.05754,13.24198],[102.06085,13.24555]],[[102.06085,13.24555],[102.06155,13.25187]],[[102.06155,13.25187],[102.06945,13.25081]],[[102.06945,13.25081],[102.07136,13.25508]],[[102.07136,13.25508],[102.07641,13.25324]],[[102.07641,13.25324],[102.0793,13.25845]],[[102.0793,13.25845],[102.08794,13.26025]],[[102.08794,13.26025],[102.09537,13.25987]],[[102.09537,13.25987],[102.10345,13.26159]],[[102.10345,13.26159],[102.10906,13.26492]],[[102.10906,13.26492],[102.11416,13.27518]],[[102.11416,13.27518],[102.11811,13.27787]],[[102.11811,13.27787],[102.11904,13.28476]],[[102.11904,13.28476],[102.11859,13.30312]],[[102.11859,13.30312],[102.12405,13.31065]],[[102.12405,13.31065],[102.12531,13.31838]],[[102.12531,13.31838],[102.12909,13.32639]],[[102.12909,13.32639],[102.12642,13.32718]],[[102.12642,13.32718],[102.12769,13.33474]],[[102.12769,13.33474],[102.13142,13.33609]],[[102.13142,13.33609],[102.14341,13.32384]],[[102.14341,13.32384],[102.15021,13.31906]],[[102.15021,13.31906],[102.16416,13.32418]],[[102.16416,13.32418],[102.18089,13.31458]],[[102.18089,13.31458],[102.18409,13.30408]],[[102.18409,13.30408],[102.18955,13.30092]],[[102.18955,13.30092],[102.18866,13.29306]],[[102.18866,13.29306],[102.2009,13.29931]],[[102.2009,13.29931],[102.21238,13.30361]],[[102.21238,13.30361],[102.21622,13.31112]],[[102.21622,13.31112],[102.21866,13.30395]],[[102.21866,13.30395],[102.2287,13.30155]],[[102.2287,13.30155],[102.23197,13.29277]],[[102.23197,13.29277],[102.23844,13.29116]],[[102.23844,13.29116],[102.2448,13.28558]],[[102.2448,13.28558],[102.25605,13.28476]],[[102.25605,13.28476],[102.26135,13.288]],[[102.26135,13.288],[102.27275,13.28843]],[[102.27275,13.28843],[102.27804,13.29032]],[[102.27804,13.29032],[102.28378,13.30364]],[[102.28378,13.30364],[102.29795,13.29614]],[[102.29795,13.29614],[102.29678,13.2902]],[[102.29678,13.2902],[102.30337,13.29035]],[[102.30337,13.29035],[102.31054,13.28697]],[[102.31054,13.28697],[102.31518,13.28913]],[[102.31518,13.28913],[102.3181,13.29474]],[[102.3181,13.29474],[102.32328,13.29465]],[[102.32328,13.29465],[102.32143,13.30266]],[[102.32143,13.30266],[102.32742,13.30489]],[[102.32742,13.30489],[102.32508,13.30805]],[[102.32508,13.30805],[102.33094,13.30864]],[[102.33094,13.30864],[102.33049,13.31621]],[[102.33049,13.31621],[102.33499,13.31565]],[[102.33499,13.31565],[102.35357,13.29894]],[[102.25317,12.28792],[102.25143,12.28583],[102.2506,12.29001],[102.25317,12.28792]],[[102.24416,12.29322],[102.23782,12.28668],[102.2353,12.29534],[102.24053,12.29704],[102.24416,12.29322]],[[102.13198,12.3931],[102.1325,12.39713],[102.13482,12.39677],[102.13198,12.3931]],[[102.11064,12.42231],[102.10801,12.42219],[102.11067,12.42535],[102.11064,12.42231]],[[102.06659,12.4653],[102.06598,12.46461],[102.06524,12.46548],[102.06659,12.4653]],[[102.02449,12.45978],[102.02067,12.465],[102.02496,12.46527],[102.02449,12.45978]],[[101.95019,12.51364],[101.94904,12.50937],[101.94805,12.51406],[101.95019,12.51364]],[[102.50762,12.75244],[102.50556,12.74651],[102.50046,12.7403],[102.50425,12.73271],[102.50277,12.72058],[102.50372,12.71278],[102.49736,12.70407],[102.50707,12.69651],[102.51001,12.6918],[102.50907,12.68647],[102.50514,12.68348],[102.5087,12.67761],[102.51022,12.67066],[102.53139,12.65425],[102.53902,12.65205],[102.54437,12.65596],[102.54976,12.65586],[102.55321,12.6525],[102.56758,12.6582],[102.57072,12.65407],[102.5805,12.65283],[102.58182,12.64574],[102.5928,12.63858],[102.59839,12.63076],[102.60553,12.62837],[102.61641,12.61591],[102.62791,12.61467],[102.62984,12.61024],[102.64592,12.61096],[102.64806,12.60075],[102.64546,12.59456],[102.64453,12.58575],[102.65107,12.58228],[102.66134,12.58347],[102.66789,12.57345],[102.6688,12.56346],[102.67719,12.55866],[102.68461,12.54674],[102.67861,12.54318],[102.67818,12.53863],[102.68401,12.53792],[102.69336,12.53177],[102.69737,12.5256],[102.697,12.51955],[102.70389,12.52014],[102.70485,12.5139],[102.71127,12.50836],[102.71561,12.50736],[102.72445,12.51299],[102.72916,12.50906],[102.72348,12.50178],[102.72587,12.49676],[102.72045,12.49153],[102.72072,12.48633],[102.72531,12.48627],[102.72893,12.48999],[102.73422,12.48912],[102.74045,12.48247],[102.73771,12.47444],[102.73748,12.46573],[102.74105,12.46616],[102.74649,12.45775],[102.75028,12.46239],[102.75411,12.4567],[102.76492,12.45659],[102.76969,12.44846],[102.76933,12.44259],[102.77313,12.43568],[102.77789,12.43615],[102.78206,12.43137],[102.78645,12.41983],[102.7876,12.41092],[102.78478,12.40075],[102.7792,12.40011],[102.77221,12.39391],[102.75905,12.39364],[102.752,12.39203],[102.74252,12.38668],[102.74043,12.38073],[102.73433,12.37575],[102.7325,12.37024],[102.72618,12.36419],[102.72464,12.34593],[102.72585,12.33951],[102.7244,12.33343],[102.72677,12.32937],[102.72641,12.31918],[102.72741,12.30299],[102.72031,12.27696],[102.71408,12.26472],[102.71472,12.25601],[102.71819,12.24998],[102.71819,12.22154],[102.7131,12.2199],[102.70952,12.20657],[102.71255,12.19733],[102.71185,12.19274],[102.70609,12.18102],[102.70529,12.17215],[102.70875,12.16861],[102.71169,12.15041],[102.72053,12.13525],[102.72969,12.13003],[102.73351,12.123],[102.73402,12.11338],[102.73664,12.10778],[102.75232,12.09434],[102.75626,12.08825],[102.75799,12.08071],[102.76576,12.07477],[102.7708,12.07411],[102.76964,12.06707],[102.77433,12.05504],[102.77432,12.03392],[102.78079,12.02345],[102.77643,12.01378],[102.77689,12.005],[102.78046,11.99621],[102.7805,11.98952],[102.78423,11.97751],[102.79137,11.97646],[102.79712,11.96198],[102.79606,11.95758],[102.80119,11.94822],[102.80991,11.94442],[102.81637,11.93202],[102.81369,11.92206],[102.82011,11.91623],[102.81849,11.91269],[102.82242,11.90519],[102.82004,11.89205],[102.82626,11.8725],[102.8286,11.86996],[102.83317,11.8577],[102.83837,11.84988],[102.84629,11.84311],[102.84893,11.83277],[102.8536,11.82586],[102.86001,11.82656],[102.86259,11.82395],[102.86313,11.81217],[102.86674,11.80615],[102.88135,11.80034],[102.88628,11.79991],[102.88205,11.79004],[102.89087,11.78817],[102.90463,11.76829],[102.90938,11.74951],[102.91203,11.7454],[102.91078,11.7411],[102.91139,11.72961],[102.91067,11.71808],[102.91236,11.70302],[102.91138,11.6801],[102.91456,11.65132],[102.90935,11.65003],[102.9061,11.65512],[102.90375,11.67376],[102.90459,11.67617],[102.90071,11.68706],[102.90386,11.69261],[102.90686,11.71227],[102.89856,11.73196],[102.89324,11.73315],[102.89869,11.73547],[102.89483,11.74686],[102.88854,11.75938],[102.8812,11.77071],[102.8713,11.78829],[102.83011,11.83912],[102.81679,11.85768],[102.80287,11.8757],[102.78345,11.89875],[102.77654,11.90809],[102.77339,11.91588],[102.77341,11.92432],[102.77574,11.92818],[102.78158,11.92914],[102.78468,11.94175],[102.78427,11.94776],[102.77883,11.96144],[102.76689,11.9801],[102.76587,11.98445],[102.76971,11.9841],[102.77118,11.99167],[102.76575,12.00691],[102.76639,12.02213],[102.76009,12.03326],[102.75379,12.04202],[102.73214,12.06109],[102.72752,12.06705],[102.71311,12.07745],[102.69381,12.09459],[102.67237,12.1113],[102.66723,12.11777],[102.65617,12.12602],[102.64223,12.13358],[102.63755,12.1405],[102.62626,12.14812],[102.62477,12.15143],[102.63043,12.15688],[102.63652,12.15734],[102.64588,12.15469],[102.64495,12.15965],[102.64864,12.16594],[102.64442,12.17628],[102.63384,12.18534],[102.6169,12.19433],[102.61203,12.20065],[102.60119,12.20314],[102.59116,12.2104],[102.57109,12.19794],[102.5622,12.19859],[102.56085,12.19657],[102.56652,12.19063],[102.55791,12.18243],[102.56648,12.17931],[102.56636,12.17367],[102.57238,12.17041],[102.57347,12.16511],[102.56779,12.1668],[102.55777,12.16498],[102.55537,12.16169],[102.56082,12.14695],[102.56079,12.14236],[102.55633,12.13116],[102.56143,12.12653],[102.56175,12.12205],[102.5668,12.11706],[102.56028,12.10859],[102.56267,12.10317],[102.55882,12.09637],[102.56237,12.09053],[102.57328,12.0869],[102.57338,12.07829],[102.58023,12.07412],[102.58397,12.06928],[102.5892,12.05371],[102.58394,12.04321],[102.57881,12.04955],[102.56919,12.05204],[102.56713,12.04956],[102.56316,12.0536],[102.55872,12.05378],[102.54764,12.05872],[102.55089,12.07116],[102.5484,12.07549],[102.55137,12.08274],[102.54542,12.09306],[102.54244,12.09503],[102.53802,12.10632],[102.52527,12.11893],[102.51356,12.125],[102.48318,12.13674],[102.47233,12.14363],[102.46801,12.15039],[102.46842,12.1589],[102.47388,12.16051],[102.47152,12.16482],[102.4602,12.16381],[102.44589,12.16547],[102.43615,12.1689],[102.41484,12.17002],[102.39832,12.16859],[102.3911,12.17197],[102.3878,12.17984],[102.37826,12.18383],[102.36845,12.19345],[102.35466,12.19429],[102.34701,12.19918],[102.33333,12.1966],[102.32609,12.19011],[102.32245,12.18084],[102.32071,12.18476],[102.31339,12.18291],[102.30646,12.18892],[102.30015,12.18625],[102.2888,12.19097],[102.28538,12.19746],[102.28179,12.19977],[102.27756,12.20685],[102.28249,12.21382],[102.27733,12.22288],[102.28522,12.22153],[102.28884,12.22998],[102.28607,12.23399],[102.28622,12.23998],[102.27388,12.25933],[102.26483,12.2689],[102.26471,12.28052],[102.25776,12.29292]],[[102.52128,11.67991],[102.52209,11.68479],[102.52394,11.68367],[102.52128,11.67991]],[[102.51944,11.72594],[102.52573,11.71571],[102.52115,11.7082],[102.51502,11.71741],[102.51261,11.72544],[102.51944,11.72594]],[[102.55832,11.75699],[102.55983,11.74853],[102.56223,11.74798],[102.56637,11.74072],[102.56623,11.73595],[102.5709,11.73205],[102.567,11.7302],[102.56745,11.72516],[102.56405,11.7211],[102.56569,11.71773],[102.56222,11.71221],[102.5646,11.70677],[102.56374,11.69834],[102.57078,11.70131],[102.57103,11.70834],[102.5785,11.70797],[102.57915,11.712],[102.58908,11.70357],[102.59059,11.6944],[102.59841,11.69432],[102.6003,11.69995],[102.60508,11.69592],[102.60844,11.68908],[102.60248,11.68682],[102.60086,11.67714],[102.60854,11.6564],[102.60788,11.64435],[102.60431,11.63378],[102.59541,11.62864],[102.6031,11.62714],[102.60097,11.62337],[102.59224,11.62069],[102.59597,11.61788],[102.58848,11.61286],[102.58985,11.60494],[102.59664,11.60944],[102.60118,11.60618],[102.59659,11.60443],[102.59666,11.597],[102.59317,11.59334],[102.59354,11.5818],[102.59594,11.57815],[102.59351,11.57071],[102.59401,11.563],[102.585,11.5649],[102.57629,11.57316],[102.57072,11.57403],[102.56833,11.57891],[102.57067,11.58179],[102.57146,11.5893],[102.56487,11.59434],[102.56084,11.59115],[102.55422,11.5967],[102.54796,11.59389],[102.54473,11.59527],[102.54203,11.60154],[102.53848,11.6037],[102.52684,11.60414],[102.52616,11.60747],[102.53623,11.61174],[102.53493,11.61597],[102.53002,11.6149],[102.53277,11.61871],[102.54248,11.61914],[102.54545,11.62254],[102.54544,11.63085],[102.54357,11.63768],[102.5376,11.64001],[102.53711,11.64612],[102.53345,11.65314],[102.52427,11.65716],[102.53451,11.66623],[102.53209,11.67368],[102.53381,11.67727],[102.52769,11.6861],[102.52869,11.6984],[102.53639,11.69713],[102.54102,11.70578],[102.53442,11.72187],[102.53663,11.7267],[102.54173,11.72904],[102.54,11.73294],[102.54745,11.73824],[102.54545,11.74219],[102.54636,11.7486],[102.54413,11.75253],[102.54819,11.76039],[102.55373,11.76222],[102.55832,11.75699]],[[102.39471,11.77165],[102.38801,11.77476],[102.39443,11.77718],[102.39471,11.77165]],[[102.39372,11.78414],[102.3941,11.78543],[102.39453,11.78434],[102.39372,11.78414]],[[102.39557,11.78734],[102.39521,11.78843],[102.39627,11.78818],[102.39557,11.78734]],[[102.45275,11.79898],[102.45004,11.7953],[102.44924,11.79795],[102.45275,11.79898]],[[102.37798,11.80551],[102.37608,11.80458],[102.37627,11.80597],[102.37798,11.80551]],[[102.37756,11.80725],[102.37768,11.80905],[102.37893,11.80822],[102.37756,11.80725]],[[102.45625,11.80723],[102.45209,11.80422],[102.45639,11.81001],[102.45625,11.80723]],[[102.37543,11.8101],[102.37523,11.81154],[102.3776,11.80962],[102.37543,11.8101]],[[102.38724,11.8106],[102.39346,11.79663],[102.39067,11.79377],[102.39165,11.7852],[102.38815,11.78252],[102.38641,11.77624],[102.38384,11.78212],[102.38459,11.79547],[102.38081,11.79904],[102.38034,11.80788],[102.38224,11.81094],[102.38724,11.8106]],[[102.39624,11.81524],[102.39497,11.81642],[102.39639,11.8158],[102.39624,11.81524]],[[102.39732,11.81801],[102.3968,11.81669],[102.3961,11.81748],[102.39732,11.81801]],[[102.40142,11.8182],[102.40232,11.82057],[102.40275,11.81871],[102.40142,11.8182]],[[102.38446,11.82191],[102.38637,11.82317],[102.38668,11.82101],[102.38446,11.82191]],[[102.44703,11.82375],[102.44637,11.82318],[102.44606,11.82416],[102.44703,11.82375]],[[102.45965,11.83256],[102.46016,11.83758],[102.46178,11.83369],[102.45965,11.83256]],[[102.4707,11.8337],[102.48089,11.8289],[102.49841,11.82814],[102.50635,11.8303],[102.51171,11.82656],[102.50833,11.816],[102.5038,11.81495],[102.49143,11.8156],[102.48751,11.81217],[102.48631,11.80249],[102.48992,11.79712],[102.487,11.78984],[102.48402,11.79907],[102.47982,11.79855],[102.47782,11.80415],[102.47286,11.80916],[102.46105,11.81386],[102.4515,11.8135],[102.44823,11.80762],[102.4441,11.81149],[102.44579,11.82005],[102.45447,11.81762],[102.46136,11.82105],[102.46319,11.81963],[102.47037,11.82616],[102.46856,11.84002],[102.47201,11.84102],[102.4707,11.8337]],[[102.53053,11.8344],[102.51905,11.83381],[102.52531,11.85192],[102.52821,11.8526],[102.53294,11.84251],[102.53053,11.8344]],[[102.52493,11.85578],[102.5244,11.85671],[102.52518,11.8566],[102.52493,11.85578]],[[102.52325,11.85771],[102.52295,11.85867],[102.52356,11.85841],[102.52325,11.85771]],[[102.45251,11.89197],[102.44616,11.90009],[102.4533,11.89979],[102.45251,11.89197]],[[102.40429,11.90322],[102.41259,11.90461],[102.41712,11.90152],[102.40785,11.89348],[102.40627,11.89722],[102.39921,11.89609],[102.39829,11.90355],[102.39286,11.90532],[102.39579,11.90917],[102.40429,11.90322]],[[102.4716,11.91281],[102.47076,11.91867],[102.47443,11.91705],[102.4716,11.91281]],[[102.36311,11.92007],[102.35246,11.90869],[102.34668,11.90072],[102.34291,11.907],[102.34884,11.91747],[102.35419,11.92236],[102.36055,11.92415],[102.3657,11.92865],[102.36311,11.92007]],[[102.40925,11.93014],[102.40981,11.93329],[102.41163,11.93046],[102.40925,11.93014]],[[102.40687,11.93851],[102.40887,11.93976],[102.40899,11.93694],[102.40687,11.93851]],[[102.44664,11.9458],[102.44664,11.94658],[102.44723,11.94622],[102.44664,11.9458]],[[102.40607,11.93975],[102.402,11.94398],[102.40268,11.94701],[102.40908,11.9417],[102.40607,11.93975]],[[102.44369,11.94793],[102.43979,11.95042],[102.43932,11.94487],[102.43684,11.9503],[102.44293,11.95353],[102.44369,11.94793]],[[102.49795,11.95926],[102.50172,11.95532],[102.48976,11.94917],[102.48741,11.95306],[102.49328,11.95802],[102.49795,11.95926]],[[102.47168,11.92964],[102.46663,11.9343],[102.46723,11.94652],[102.4699,11.95411],[102.47688,11.96036],[102.48112,11.95983],[102.4829,11.95551],[102.47977,11.93741],[102.47168,11.92964]],[[102.50866,11.96016],[102.50842,11.96083],[102.50917,11.96076],[102.50866,11.96016]],[[102.51453,11.96158],[102.51508,11.96066],[102.51243,11.96064],[102.51453,11.96158]],[[102.44729,11.96074],[102.4468,11.96189],[102.44832,11.96208],[102.44729,11.96074]],[[102.48889,11.96522],[102.49089,11.96738],[102.49229,11.96599],[102.48889,11.96522]],[[102.50212,11.97058],[102.50294,11.97105],[102.50301,11.97035],[102.50212,11.97058]],[[102.39353,11.97076],[102.3893,11.97299],[102.39294,11.97569],[102.39353,11.97076]],[[102.38583,11.97876],[102.38399,11.98523],[102.38736,11.9885],[102.38583,11.97876]],[[102.38781,11.99048],[102.38762,11.99127],[102.38857,11.99162],[102.38781,11.99048]],[[102.26824,12.01236],[102.26956,12.01424],[102.26998,12.01279],[102.26824,12.01236]],[[102.28502,12.01614],[102.28343,12.01466],[102.28095,12.01748],[102.28502,12.01614]],[[102.2638,12.01997],[102.26551,12.02077],[102.26498,12.01868],[102.2638,12.01997]],[[102.26104,12.02273],[102.26263,12.025],[102.26384,12.02255],[102.26104,12.02273]],[[102.28146,12.03645],[102.2814,12.03583],[102.28092,12.03628],[102.28146,12.03645]],[[102.27901,12.03841],[102.27853,12.04136],[102.28024,12.04031],[102.27901,12.03841]],[[102.42593,12.04765],[102.42435,12.05141],[102.42634,12.04933],[102.42593,12.04765]],[[102.42323,12.05317],[102.42264,12.05272],[102.4223,12.05361],[102.42323,12.05317]],[[102.24796,12.13867],[102.24643,12.14083],[102.24893,12.14022],[102.24796,12.13867]],[[102.25618,12.15616],[102.26568,12.14929],[102.26779,12.14561],[102.27853,12.14662],[102.27554,12.1424],[102.28412,12.1407],[102.29235,12.14404],[102.30289,12.14231],[102.31277,12.1386],[102.31571,12.13567],[102.3212,12.13627],[102.33952,12.11734],[102.34707,12.11254],[102.35124,12.11385],[102.35571,12.1084],[102.35538,12.10172],[102.36309,12.0951],[102.36637,12.08338],[102.37655,12.0697],[102.38272,12.06793],[102.38142,12.06458],[102.38434,12.06027],[102.38185,12.05871],[102.38631,12.04761],[102.39356,12.05178],[102.397,12.0495],[102.3987,12.0388],[102.39159,12.03275],[102.39342,12.02821],[102.39964,12.03384],[102.40644,12.03061],[102.41263,12.02338],[102.41832,12.01384],[102.41929,12.00861],[102.42758,11.99628],[102.42915,11.98986],[102.4409,11.98288],[102.44661,11.97626],[102.44321,11.97102],[102.43795,11.96818],[102.43385,11.96112],[102.43717,11.95492],[102.43492,11.95199],[102.43011,11.95599],[102.42997,11.95982],[102.42332,11.96086],[102.42191,11.96477],[102.41396,11.96773],[102.39976,11.98021],[102.40037,11.98408],[102.39661,11.98604],[102.39381,11.99203],[102.38656,11.9935],[102.38204,12.00054],[102.37376,11.99822],[102.36916,11.99322],[102.37333,11.98408],[102.3766,11.98222],[102.37827,11.97537],[102.37764,11.96459],[102.36186,11.96224],[102.35734,11.9658],[102.34921,11.96465],[102.34854,11.96723],[102.3335,11.97543],[102.32651,11.97389],[102.3167,11.97441],[102.31102,11.9707],[102.31125,11.96561],[102.31885,11.96339],[102.3196,11.9588],[102.31669,11.95595],[102.31036,11.96619],[102.30741,11.96851],[102.30529,11.9754],[102.30141,11.98096],[102.29412,11.98222],[102.29209,11.98566],[102.2972,11.98707],[102.29806,11.997],[102.29486,11.99972],[102.29367,12.00654],[102.28813,12.01287],[102.29118,12.02416],[102.29205,12.03559],[102.2942,12.04288],[102.28971,12.05731],[102.28389,12.06558],[102.27723,12.0663],[102.27432,12.0726],[102.27646,12.07544],[102.2767,12.08481],[102.27384,12.1014],[102.26932,12.10996],[102.25965,12.12402],[102.25245,12.13041],[102.2533,12.13549],[102.267,12.13268],[102.26809,12.14515],[102.26038,12.14695],[102.2561,12.15177],[102.2525,12.15186],[102.25087,12.15718],[102.25618,12.15616]],[[102.24801,12.15819],[102.24405,12.16247],[102.24703,12.16314],[102.24801,12.15819]],[[102.33862,12.18535],[102.33836,12.18898],[102.34037,12.18651],[102.33862,12.18535]],[[102.27721,12.20416],[102.27654,12.20434],[102.27663,12.20488],[102.27721,12.20416]],[[102.27731,12.2168],[102.27711,12.2163],[102.27675,12.21689],[102.27731,12.2168]],[[101.1378,13.96989],[101.14101,13.96355]],[[101.14101,13.96355],[101.14845,13.96141]],[[101.14845,13.96141],[101.14934,13.95501]],[[101.14934,13.95501],[101.15458,13.94398]],[[101.15458,13.94398],[101.15436,13.92991]],[[101.15436,13.92991],[101.1588,13.93424]],[[101.1588,13.93424],[101.16107,13.92572]],[[101.16107,13.92572],[101.1533,13.91515]],[[101.1533,13.91515],[101.15211,13.90371]],[[101.15211,13.90371],[101.15546,13.89882]],[[101.15546,13.89882],[101.154,13.89576]],[[101.154,13.89576],[101.14927,13.89673]],[[101.14927,13.89673],[101.14565,13.89306]],[[101.14565,13.89306],[101.14928,13.88848]],[[101.14928,13.88848],[101.15467,13.89098]],[[101.15467,13.89098],[101.15848,13.89564]],[[101.15848,13.89564],[101.16219,13.89238]],[[101.16219,13.89238],[101.16109,13.88849]],[[101.16109,13.88849],[101.15481,13.88103]],[[101.15481,13.88103],[101.15048,13.8794]],[[101.15048,13.8794],[101.14496,13.8867]],[[101.14496,13.8867],[101.13944,13.88441]],[[101.13944,13.88441],[101.13949,13.88103]],[[101.13949,13.88103],[101.14613,13.87014]],[[101.14613,13.87014],[101.16089,13.8631]],[[101.16089,13.8631],[101.15744,13.85723]],[[101.15744,13.85723],[101.14996,13.85574]],[[101.14996,13.85574],[101.1506,13.85143]],[[101.1506,13.85143],[101.16195,13.85308]],[[101.16195,13.85308],[101.16599,13.85833]],[[101.16599,13.85833],[101.17495,13.85847]],[[101.17495,13.85847],[101.17491,13.86187]],[[101.17491,13.86187],[101.18127,13.86105]],[[101.18127,13.86105],[101.19938,13.8742]],[[101.19938,13.8742],[101.20089,13.87811]],[[101.20089,13.87811],[101.20862,13.8783]],[[101.20862,13.8783],[101.21,13.87623]],[[101.21,13.87623],[101.22247,13.8772]],[[101.22247,13.8772],[101.22504,13.88619]],[[101.22504,13.88619],[101.23531,13.88256]],[[101.23531,13.88256],[101.2456,13.8762]],[[101.2456,13.8762],[101.24667,13.8674]],[[101.24667,13.8674],[101.26211,13.87018]],[[101.26211,13.87018],[101.26546,13.87437]],[[101.26546,13.87437],[101.27369,13.87574]],[[101.27369,13.87574],[101.27824,13.87857]],[[101.27824,13.87857],[101.28186,13.87609]],[[101.28186,13.87609],[101.29689,13.87134]],[[101.29689,13.87134],[101.3058,13.87497]],[[101.3058,13.87497],[101.31265,13.87232]],[[101.31265,13.87232],[101.31783,13.86776]],[[101.31783,13.86776],[101.33195,13.86681]],[[101.33195,13.86681],[101.3359,13.87011]],[[101.3359,13.87011],[101.33619,13.86112]],[[101.33619,13.86112],[101.34274,13.85912]],[[101.34274,13.85912],[101.34964,13.86988]],[[101.34964,13.86988],[101.35579,13.86672]],[[101.35579,13.86672],[101.36074,13.85945]],[[101.36074,13.85945],[101.36497,13.85932]],[[101.36497,13.85932],[101.3686,13.85535]],[[101.3686,13.85535],[101.39652,13.84183]],[[101.39652,13.84183],[101.41862,13.83617]],[[101.41862,13.83617],[101.42183,13.83681]],[[101.42183,13.83681],[101.42585,13.83182]],[[101.42585,13.83182],[101.43347,13.83012]],[[101.43347,13.83012],[101.434,13.82785]],[[101.434,13.82785],[101.452,13.82744]],[[101.452,13.82744],[101.47501,13.82142]],[[101.47501,13.82142],[101.48612,13.81491]],[[101.48612,13.81491],[101.5016,13.7983]],[[101.5016,13.7983],[101.50678,13.79741]],[[101.50678,13.79741],[101.52425,13.78693]],[[101.52425,13.78693],[101.53547,13.78533]],[[101.53547,13.78533],[101.54483,13.78575]],[[101.54483,13.78575],[101.54951,13.7939]],[[101.54951,13.7939],[101.55362,13.79288]],[[101.55362,13.79288],[101.55249,13.7885]],[[101.55249,13.7885],[101.55906,13.77346]],[[101.55906,13.77346],[101.55976,13.7683]],[[101.55976,13.7683],[101.56616,13.76283]],[[101.56616,13.76283],[101.57224,13.76111]],[[101.57224,13.76111],[101.57606,13.75434]],[[101.57606,13.75434],[101.58147,13.75163]],[[101.58147,13.75163],[101.58886,13.74253]],[[101.58886,13.74253],[101.58812,13.73946]],[[101.58812,13.73946],[101.59496,13.73539]],[[101.59496,13.73539],[101.59583,13.73906]],[[101.59583,13.73906],[101.60272,13.73785]],[[101.60272,13.73785],[101.60368,13.74008]],[[101.60368,13.74008],[101.6102,13.73835]],[[101.6102,13.73835],[101.61107,13.73513]],[[101.61107,13.73513],[101.62633,13.74331]],[[101.62633,13.74331],[101.63255,13.74838]],[[101.63255,13.74838],[101.64287,13.74671]],[[101.64287,13.74671],[101.64413,13.74484]],[[101.64413,13.74484],[101.65858,13.73793]],[[101.65858,13.73793],[101.6647,13.73361]],[[101.6647,13.73361],[101.67915,13.7549]],[[101.67915,13.7549],[101.68678,13.75752]],[[101.68678,13.75752],[101.69672,13.75546]],[[101.69672,13.75546],[101.70026,13.75731]],[[101.70026,13.75731],[101.7179,13.755]],[[101.7179,13.755],[101.72566,13.75525]],[[101.72566,13.75525],[101.7311,13.76621]],[[101.7311,13.76621],[101.73904,13.7696]],[[101.73904,13.7696],[101.75842,13.77273]],[[101.75842,13.77273],[101.75965,13.76985]],[[101.75965,13.76985],[101.76623,13.76806]],[[101.76623,13.76806],[101.76931,13.75734]],[[101.76931,13.75734],[101.76266,13.75417]],[[101.76266,13.75417],[101.77672,13.74383]],[[101.77672,13.74383],[101.78266,13.74184]],[[101.78266,13.74184],[101.79028,13.73661]],[[101.79028,13.73661],[101.7925,13.73304]],[[101.7925,13.73304],[101.79119,13.71992]],[[101.79119,13.71992],[101.79351,13.70507]],[[101.79351,13.70507],[101.8071,13.7037]],[[101.8071,13.7037],[101.81162,13.69864]],[[101.81162,13.69864],[101.81792,13.70568]],[[101.81792,13.70568],[101.8303,13.7041]],[[101.8303,13.7041],[101.83345,13.69537]],[[101.83345,13.69537],[101.83641,13.69303]],[[101.83641,13.69303],[101.84128,13.68041]],[[101.84128,13.68041],[101.83574,13.67427]],[[101.83574,13.67427],[101.83833,13.66341]],[[101.83833,13.66341],[101.83751,13.65582]],[[101.83751,13.65582],[101.83295,13.64755]],[[101.83295,13.64755],[101.83492,13.64364]],[[101.83492,13.64364],[101.83197,13.63614]],[[101.83197,13.63614],[101.85942,13.6359]],[[101.85942,13.6359],[101.86538,13.63074]],[[101.86538,13.63074],[101.86535,13.62106]],[[101.86535,13.62106],[101.87024,13.61104]],[[101.87024,13.61104],[101.87328,13.60171]],[[101.87328,13.60171],[101.88077,13.60095]],[[101.88077,13.60095],[101.88526,13.59717]],[[101.88526,13.59717],[101.88953,13.58386]],[[101.88953,13.58386],[101.89727,13.58288]],[[101.89727,13.58288],[101.90382,13.58662]],[[101.90382,13.58662],[101.91507,13.5856]],[[101.91507,13.5856],[101.91041,13.57746]],[[101.91041,13.57746],[101.90143,13.55449]],[[101.90143,13.55449],[101.89425,13.54652]],[[101.89425,13.54652],[101.89278,13.54041]],[[101.89278,13.54041],[101.88606,13.53842]],[[101.88606,13.53842],[101.88219,13.53413]],[[101.88219,13.53413],[101.87889,13.53472]],[[101.87889,13.53472],[101.87343,13.52427]],[[101.87343,13.52427],[101.88511,13.52536]],[[101.88511,13.52536],[101.8966,13.51485]],[[101.8966,13.51485],[101.89849,13.51097]],[[101.89849,13.51097],[101.88442,13.49625]],[[101.88442,13.49625],[101.88206,13.49133]],[[101.88206,13.49133],[101.88233,13.48531]],[[101.88233,13.48531],[101.89377,13.47157]],[[101.89377,13.47157],[101.91388,13.47465]],[[101.91388,13.47465],[101.92537,13.47307]],[[101.92537,13.47307],[101.93717,13.47799]],[[101.93717,13.47799],[101.93585,13.47121]],[[101.93585,13.47121],[101.94307,13.46356]],[[101.94307,13.46356],[101.94349,13.46064]],[[101.94349,13.46064],[101.93808,13.45084]],[[101.93808,13.45084],[101.93757,13.44625]],[[101.93757,13.44625],[101.94078,13.43986]],[[101.94078,13.43986],[101.94822,13.43273]],[[101.94822,13.43273],[101.95319,13.43241]],[[101.95319,13.43241],[101.96333,13.42665]],[[101.96333,13.42665],[101.96496,13.41814]],[[101.96496,13.41814],[101.96805,13.41229]],[[101.96805,13.41229],[101.97683,13.40855]],[[101.97683,13.40855],[101.9769,13.39924]],[[101.9769,13.39924],[101.97308,13.39535]],[[101.97308,13.39535],[101.97281,13.39044]],[[101.97281,13.39044],[101.97771,13.38302]],[[101.97771,13.38302],[101.98213,13.38042]],[[101.98213,13.38042],[101.98308,13.37164]],[[101.98308,13.37164],[101.98059,13.36335]],[[101.98059,13.36335],[101.98297,13.35479]],[[101.98297,13.35479],[101.99007,13.35237]],[[101.99007,13.35237],[101.98856,13.34587]],[[101.98856,13.34587],[101.98438,13.34103]],[[101.98438,13.34103],[101.9889,13.33325]],[[100.96302,13.46083],[100.95543,13.46699],[100.94788,13.4639],[100.9388,13.46267],[100.92057,13.46431],[100.90489,13.4672],[100.89855,13.47064],[100.89614,13.46813],[100.87191,13.47143],[100.86994,13.47559],[100.86245,13.47456],[100.84839,13.47842]],[[100.91422,13.96128],[100.98214,13.97053]],[[100.98214,13.97053],[101.02237,13.97112]],[[101.02237,13.97112],[101.04348,13.97654]],[[101.04348,13.97654],[101.04875,13.97665]],[[101.04875,13.97665],[101.10291,13.97445]],[[101.10291,13.97445],[101.1378,13.96989]],[[102.10621,14.15176],[102.10373,14.13966]],[[102.10373,14.13966],[102.09815,14.12804]],[[102.09815,14.12804],[102.09779,14.11553]],[[102.09779,14.11553],[102.09975,14.11149]],[[102.09975,14.11149],[102.09841,14.104]],[[102.09841,14.104],[102.09179,14.09783]],[[102.09179,14.09783],[102.09095,14.09297]],[[102.09095,14.09297],[102.10089,14.09424]],[[102.10089,14.09424],[102.10431,14.09148]],[[102.10431,14.09148],[102.11216,14.09028]],[[102.11216,14.09028],[102.12245,14.09893]],[[102.12245,14.09893],[102.12626,14.0958]],[[102.12626,14.0958],[102.12323,14.08941]],[[102.12323,14.08941],[102.12282,14.08284]],[[102.12282,14.08284],[102.11837,14.08059]],[[102.11837,14.08059],[102.11744,14.07034]],[[102.11744,14.07034],[102.12015,14.06215]],[[102.12015,14.06215],[102.11844,14.05392]],[[102.11844,14.05392],[102.12418,14.04689]],[[102.12418,14.04689],[102.12213,14.04413]],[[102.12213,14.04413],[102.1123,14.04387]],[[102.1123,14.04387],[102.11057,14.04216]],[[102.11057,14.04216],[102.10361,14.04663]],[[102.10361,14.04663],[102.10002,14.04583]],[[102.10002,14.04583],[102.09461,14.04918]],[[102.09461,14.04918],[102.08887,14.04864]],[[102.08887,14.04864],[102.08609,14.05123]],[[102.08609,14.05123],[102.07812,14.04712]],[[102.07812,14.04712],[102.07596,14.03554]],[[102.07596,14.03554],[102.06731,14.03579]],[[102.06731,14.03579],[102.0563,14.03419]],[[102.0563,14.03419],[102.04062,14.03638]],[[102.04062,14.03638],[102.00762,14.0324]],[[102.00762,14.0324],[101.99525,14.03307]],[[101.99525,14.03307],[101.97197,14.02849]],[[101.97197,14.02849],[101.96165,14.02325]],[[101.96165,14.02325],[101.95597,14.01809]],[[101.95597,14.01809],[101.9568,14.01377]],[[101.9568,14.01377],[101.95366,14.01003]],[[101.95366,14.01003],[101.94864,14.00943]],[[101.94864,14.00943],[101.94977,14.00075]],[[101.94977,14.00075],[101.94801,13.99961]],[[101.94801,13.99961],[101.94397,13.97636]],[[101.94397,13.97636],[101.94101,13.97395]],[[101.94101,13.97395],[101.94143,13.96676]],[[101.94143,13.96676],[101.93721,13.9621]],[[101.93721,13.9621],[101.9418,13.95049]],[[101.9418,13.95049],[101.94543,13.94768]],[[101.94543,13.94768],[101.94674,13.93929]],[[101.94674,13.93929],[101.95072,13.94027]],[[101.95072,13.94027],[101.95115,13.93412]],[[101.95115,13.93412],[101.94163,13.93101]],[[101.94163,13.93101],[101.93837,13.93601]],[[101.93837,13.93601],[101.93663,13.93372]],[[101.93663,13.93372],[101.92995,13.93403]],[[101.92995,13.93403],[101.92628,13.93954]],[[101.92628,13.93954],[101.91925,13.9364]],[[101.91925,13.9364],[101.91469,13.93756]],[[101.91469,13.93756],[101.91052,13.93361]],[[101.91052,13.93361],[101.91217,13.92994]],[[101.91217,13.92994],[101.90853,13.92799]],[[101.90853,13.92799],[101.90881,13.92297]],[[101.90881,13.92297],[101.90492,13.91279]],[[101.90492,13.91279],[101.91451,13.90304]],[[101.91451,13.90304],[101.91269,13.89555]],[[101.91269,13.89555],[101.90457,13.88314]],[[101.90457,13.88314],[101.91441,13.87343]],[[101.91441,13.87343],[101.91877,13.86365]],[[101.91877,13.86365],[101.92865,13.85559]],[[101.92865,13.85559],[101.92538,13.85019]],[[101.92538,13.85019],[101.92032,13.83095]],[[101.92032,13.83095],[101.92691,13.82196]],[[101.92691,13.82196],[101.92376,13.81597]],[[101.92376,13.81597],[101.94141,13.81185]],[[101.94141,13.81185],[101.94517,13.80797]],[[101.94517,13.80797],[101.94773,13.80019]],[[101.94773,13.80019],[101.9439,13.78876]],[[101.9439,13.78876],[101.94471,13.78472]],[[101.94471,13.78472],[101.94371,13.76919]],[[101.94371,13.76919],[101.94215,13.76521]],[[101.94215,13.76521],[101.9409,13.74964]],[[101.9409,13.74964],[101.93579,13.74087]],[[101.93579,13.74087],[101.94185,13.73872]],[[101.94185,13.73872],[101.93799,13.7225]],[[101.93799,13.7225],[101.93981,13.71949]],[[101.93981,13.71949],[101.9373,13.71439]],[[101.9373,13.71439],[101.94479,13.68873]],[[101.94479,13.68873],[101.94425,13.67744]],[[101.94425,13.67744],[101.94801,13.67126]],[[101.94801,13.67126],[101.94567,13.65509]],[[101.94567,13.65509],[101.94329,13.64946]],[[101.94329,13.64946],[101.93943,13.64826]],[[101.93943,13.64826],[101.94089,13.64343]],[[101.94089,13.64343],[101.93688,13.6322]],[[101.93688,13.6322],[101.94235,13.61911]],[[101.94235,13.61911],[101.9341,13.61087]],[[101.9341,13.61087],[101.91979,13.61062]],[[101.91979,13.61062],[101.90955,13.60529]],[[101.90955,13.60529],[101.90884,13.6001]],[[101.90884,13.6001],[101.91345,13.59328]],[[101.91345,13.59328],[101.91507,13.5856]],[[101.1378,13.96989],[101.14311,13.97288]],[[101.14311,13.97288],[101.14045,13.98782]],[[101.14045,13.98782],[101.13924,14.00149]],[[101.13924,14.00149],[101.1441,14.00138]],[[101.1441,14.00138],[101.14634,13.9963]],[[101.14634,13.9963],[101.1553,14.00165]],[[101.1553,14.00165],[101.16565,14.00217]],[[101.16565,14.00217],[101.16489,14.00842]],[[101.16489,14.00842],[101.16826,14.00484]],[[101.16826,14.00484],[101.17334,14.01149]],[[101.17334,14.01149],[101.1756,14.00774]],[[101.1756,14.00774],[101.17789,14.01212]],[[101.17789,14.01212],[101.18654,14.0125]],[[101.18654,14.0125],[101.19715,14.01529]],[[101.19715,14.01529],[101.19349,14.02398]],[[101.19349,14.02398],[101.2004,14.02438]],[[101.2004,14.02438],[101.19681,14.02907]],[[101.19681,14.02907],[101.20348,14.04053]],[[101.20348,14.04053],[101.2025,14.04556]],[[101.2025,14.04556],[101.20772,14.04606]],[[101.20772,14.04606],[101.21401,14.05574]],[[101.21401,14.05574],[101.22148,14.05323]],[[101.22148,14.05323],[101.22977,14.05298]],[[101.22977,14.05298],[101.23034,14.05652]],[[101.23034,14.05652],[101.25906,14.06217]],[[101.25906,14.06217],[101.27578,14.06001]],[[101.27578,14.06001],[101.27848,14.05484]],[[101.27848,14.05484],[101.32123,14.07726]],[[101.32123,14.07726],[101.3187,14.08497]],[[101.3187,14.08497],[101.3164,14.0859]],[[101.3164,14.0859],[101.30887,14.09565]],[[101.30887,14.09565],[101.3074,14.10064]],[[101.3074,14.10064],[101.30842,14.1121]],[[101.30842,14.1121],[101.30362,14.1202]],[[101.30362,14.1202],[101.29379,14.12461]],[[101.29379,14.12461],[101.28639,14.13368]],[[101.28639,14.13368],[101.28949,14.14602]],[[101.28949,14.14602],[101.28857,14.14943]],[[101.28857,14.14943],[101.29244,14.15378]],[[101.29244,14.15378],[101.30784,14.16406]],[[101.30784,14.16406],[101.31142,14.1644]],[[101.31142,14.1644],[101.31118,14.16907]],[[101.31118,14.16907],[101.31459,14.17291]],[[101.31459,14.17291],[101.32427,14.17604]],[[101.32427,14.17604],[101.32823,14.17475]],[[101.32823,14.17475],[101.33033,14.18208]],[[101.33033,14.18208],[101.3403,14.18829]],[[101.3403,14.18829],[101.34566,14.19407]],[[101.34566,14.19407],[101.34558,14.19686]],[[101.34558,14.19686],[101.36146,14.20297]],[[101.36146,14.20297],[101.3669,14.20154]],[[101.3669,14.20154],[101.37269,14.20482]],[[101.37269,14.20482],[101.37452,14.20991]],[[101.37452,14.20991],[101.38165,14.21241]],[[101.38165,14.21241],[101.38646,14.21952]],[[101.38646,14.21952],[101.38627,14.22534]],[[101.38627,14.22534],[101.38251,14.22888]],[[101.38251,14.22888],[101.38402,14.23262]],[[101.38402,14.23262],[101.37874,14.2387]],[[101.37874,14.2387],[101.38242,14.24646]],[[101.38242,14.24646],[101.3784,14.25629]],[[101.3784,14.25629],[101.38136,14.25927]],[[101.38136,14.25927],[101.38342,14.26753]],[[101.38342,14.26753],[101.38101,14.27216]],[[101.38101,14.27216],[101.39286,14.27448]],[[101.39286,14.27448],[101.39683,14.27272]],[[101.39683,14.27272],[101.40567,14.26152]],[[101.40567,14.26152],[101.41301,14.25393]],[[101.41301,14.25393],[101.42912,14.25684]],[[101.42912,14.25684],[101.44087,14.25509]],[[101.44087,14.25509],[101.45174,14.2562]],[[101.45174,14.2562],[101.46373,14.26345]],[[101.46373,14.26345],[101.47331,14.26277]],[[101.47331,14.26277],[101.48491,14.2704]],[[101.48491,14.2704],[101.49453,14.26712]],[[101.49453,14.26712],[101.50178,14.26946]],[[101.50178,14.26946],[101.4999,14.28269]],[[101.4999,14.28269],[101.50181,14.28828]],[[101.50181,14.28828],[101.50045,14.29994]],[[101.50045,14.29994],[101.5053,14.30952]],[[101.5053,14.30952],[101.49447,14.31684]],[[101.49447,14.31684],[101.49283,14.32214]],[[101.49283,14.32214],[101.49605,14.32582]],[[101.49605,14.32582],[101.4962,14.33411]],[[101.4962,14.33411],[101.48745,14.34155]],[[101.48745,14.34155],[101.48181,14.34841]],[[101.48181,14.34841],[101.48127,14.35356]],[[101.48127,14.35356],[101.47694,14.35979]],[[101.47694,14.35979],[101.47689,14.36418]],[[101.47689,14.36418],[101.4528,14.38114]],[[101.4528,14.38114],[101.4323,14.38949]],[[101.4323,14.38949],[101.43387,14.39468]],[[101.43387,14.39468],[101.43966,14.40265]],[[101.43966,14.40265],[101.4391,14.40621]],[[101.4391,14.40621],[101.44208,14.41654]],[[101.44208,14.41654],[101.44701,14.42016]],[[101.44701,14.42016],[101.44568,14.42656]],[[101.44568,14.42656],[101.44216,14.42729]],[[101.44216,14.42729],[101.43593,14.43961]],[[101.43593,14.43961],[101.43691,14.44628]],[[101.43691,14.44628],[101.44339,14.44836]],[[101.44339,14.44836],[101.46,14.45683]],[[101.46,14.45683],[101.46951,14.4596]],[[101.46951,14.4596],[101.47417,14.45816]],[[101.47417,14.45816],[101.4816,14.46234]],[[101.4816,14.46234],[101.48775,14.46159]],[[101.48775,14.46159],[101.49109,14.45325]],[[101.49109,14.45325],[101.50188,14.44055]],[[101.50188,14.44055],[101.51343,14.43283]],[[101.51343,14.43283],[101.52695,14.427]],[[101.52695,14.427],[101.53975,14.42516]],[[101.53975,14.42516],[101.54731,14.4362]],[[101.54731,14.4362],[101.55944,14.43634]],[[101.55944,14.43634],[101.56474,14.43496]],[[101.56474,14.43496],[101.57819,14.43653]],[[101.57819,14.43653],[101.58924,14.44159]],[[101.58924,14.44159],[101.60005,14.44143]],[[101.60005,14.44143],[101.61035,14.43802]],[[101.61035,14.43802],[101.62279,14.42772]],[[101.62279,14.42772],[101.61847,14.41744]],[[101.61847,14.41744],[101.62664,14.41372]],[[101.62664,14.41372],[101.6299,14.40681]],[[101.6299,14.40681],[101.64404,14.40718]],[[101.64404,14.40718],[101.64912,14.40362]],[[101.64912,14.40362],[101.64792,14.39404]],[[101.64792,14.39404],[101.65442,14.3928]],[[101.65442,14.3928],[101.66573,14.38044]],[[101.66573,14.38044],[101.68045,14.36619]],[[101.68045,14.36619],[101.68928,14.35959]],[[101.68928,14.35959],[101.69536,14.35086]],[[101.69536,14.35086],[101.70933,14.33425]],[[101.70933,14.33425],[101.72022,14.32785]],[[101.72022,14.32785],[101.72519,14.32173]],[[101.72519,14.32173],[101.73251,14.31679]],[[101.73251,14.31679],[101.74155,14.30839]],[[101.74155,14.30839],[101.74783,14.31427]],[[101.74783,14.31427],[101.75037,14.32602]],[[101.75037,14.32602],[101.74671,14.33284]],[[101.74671,14.33284],[101.74703,14.34679]],[[101.74703,14.34679],[101.7496,14.34891]],[[101.7496,14.34891],[101.7559,14.34389]],[[101.7559,14.34389],[101.77184,14.34505]],[[101.77184,14.34505],[101.77283,14.35018]],[[101.77283,14.35018],[101.7806,14.35212]],[[101.7806,14.35212],[101.7796,14.35674]],[[101.7796,14.35674],[101.78898,14.35963]],[[101.78898,14.35963],[101.79555,14.35842]],[[101.79555,14.35842],[101.8109,14.34759]],[[101.8109,14.34759],[101.8243,14.35074]],[[101.8243,14.35074],[101.82822,14.35541]],[[101.82822,14.35541],[101.82903,14.36046]],[[101.82903,14.36046],[101.84212,14.3645]],[[101.84212,14.3645],[101.83852,14.35247]],[[101.83852,14.35247],[101.84886,14.34751]],[[101.84886,14.34751],[101.86035,14.3399]],[[101.86035,14.3399],[101.86743,14.33384]],[[101.86743,14.33384],[101.871,14.32797]],[[101.871,14.32797],[101.87661,14.32313]],[[101.87661,14.32313],[101.8874,14.3228]],[[101.8874,14.3228],[101.89225,14.32112]],[[101.89225,14.32112],[101.89388,14.33043]],[[101.89388,14.33043],[101.90255,14.32704]],[[101.90255,14.32704],[101.9101,14.32589]],[[101.9101,14.32589],[101.91627,14.33191]],[[101.91627,14.33191],[101.92309,14.3301]],[[101.92309,14.3301],[101.92454,14.32689]],[[101.92454,14.32689],[101.93043,14.3263]],[[101.93043,14.3263],[101.93347,14.32197]],[[101.93347,14.32197],[101.93544,14.31154]],[[101.93544,14.31154],[101.94331,14.30215]],[[101.94331,14.30215],[101.93642,14.29425]],[[101.93642,14.29425],[101.92981,14.29177]],[[101.92981,14.29177],[101.9286,14.28341]],[[101.9286,14.28341],[101.93635,14.27317]],[[101.93635,14.27317],[101.9416,14.25578]],[[101.9416,14.25578],[101.94632,14.24615]],[[101.94632,14.24615],[101.95854,14.24517]],[[101.95854,14.24517],[101.97168,14.23974]],[[101.97168,14.23974],[101.9815,14.23859]],[[101.9815,14.23859],[101.97964,14.23439]],[[101.97964,14.23439],[101.96678,14.22871]],[[101.96678,14.22871],[101.9795,14.22125]],[[101.9795,14.22125],[101.99348,14.21469]],[[101.99348,14.21469],[102.00173,14.20651]],[[102.00173,14.20651],[102.01552,14.2003]],[[102.01552,14.2003],[102.01866,14.20114]],[[102.01866,14.20114],[102.03456,14.19828]],[[102.03456,14.19828],[102.04069,14.18832]],[[102.04069,14.18832],[102.04848,14.18468]],[[102.04848,14.18468],[102.06122,14.17491]],[[102.06122,14.17491],[102.06894,14.16601]],[[102.06894,14.16601],[102.07786,14.16231]],[[102.07786,14.16231],[102.08339,14.16298]],[[102.08339,14.16298],[102.09379,14.15805]],[[102.09379,14.15805],[102.10171,14.15658]],[[102.10171,14.15658],[102.10621,14.15176]],[[101.24283,14.4711],[101.24128,14.48035]],[[101.24128,14.48035],[101.24549,14.48984]],[[101.24549,14.48984],[101.25036,14.49069]],[[101.25036,14.49069],[101.25065,14.49425]],[[101.25065,14.49425],[101.25829,14.49721]],[[101.25829,14.49721],[101.26667,14.50291]],[[101.26667,14.50291],[101.27261,14.51248]],[[101.27261,14.51248],[101.27853,14.51117]],[[101.27853,14.51117],[101.2783,14.50616]],[[101.2783,14.50616],[101.28429,14.50183]],[[101.28429,14.50183],[101.28257,14.49864]],[[101.28257,14.49864],[101.28375,14.48918]],[[101.28375,14.48918],[101.29243,14.49031]],[[101.29243,14.49031],[101.29936,14.49778]],[[101.29936,14.49778],[101.3069,14.4976]],[[101.3069,14.4976],[101.30546,14.48688]],[[101.30546,14.48688],[101.31233,14.47136]],[[101.31233,14.47136],[101.32632,14.46853]],[[101.32632,14.46853],[101.33108,14.46608]],[[101.33108,14.46608],[101.34252,14.45639]],[[101.34252,14.45639],[101.34876,14.4535]],[[101.34876,14.4535],[101.35273,14.45456]],[[101.35273,14.45456],[101.35826,14.45001]],[[101.35826,14.45001],[101.36626,14.44905]],[[101.36626,14.44905],[101.36445,14.44604]],[[101.36445,14.44604],[101.37003,14.44275]],[[101.37003,14.44275],[101.37699,14.4352]],[[101.37699,14.4352],[101.38207,14.43422]],[[101.38207,14.43422],[101.38209,14.42918]],[[101.38209,14.42918],[101.3781,14.42729]],[[101.3781,14.42729],[101.3805,14.4235]],[[101.3805,14.4235],[101.38825,14.42383]],[[101.38825,14.42383],[101.39153,14.41951]],[[101.39153,14.41951],[101.396,14.41866]],[[101.396,14.41866],[101.39722,14.40823]],[[101.39722,14.40823],[101.40613,14.40468]],[[101.40613,14.40468],[101.41298,14.39684]],[[101.41298,14.39684],[101.41656,14.39004]],[[101.41656,14.39004],[101.42221,14.38371]],[[101.42221,14.38371],[101.42614,14.38975]],[[101.42614,14.38975],[101.4323,14.38949]],[[102.43453,14.15459],[102.43277,14.14757]],[[102.43277,14.14757],[102.43743,14.14363]],[[102.43743,14.14363],[102.45457,14.1423]],[[102.45457,14.1423],[102.4558,14.13655]],[[102.4558,14.13655],[102.46009,14.13665]],[[102.46009,14.13665],[102.46906,14.13239]],[[102.46906,14.13239],[102.47539,14.13137]],[[102.47539,14.13137],[102.4823,14.14226]],[[102.4823,14.14226],[102.48909,14.13988]],[[102.48909,14.13988],[102.49244,14.13562]],[[102.49244,14.13562],[102.49812,14.13675]],[[102.49812,14.13675],[102.5022,14.13237]],[[102.5022,14.13237],[102.50799,14.1331]],[[102.50799,14.1331],[102.51614,14.1413]],[[102.51614,14.1413],[102.52135,14.14336]],[[102.52135,14.14336],[102.5332,14.13771]],[[102.5332,14.13771],[102.5465,14.13515]],[[102.5465,14.13515],[102.55159,14.13542]],[[102.55159,14.13542],[102.56027,14.14339]],[[102.56027,14.14339],[102.57131,14.15059]],[[102.57131,14.15059],[102.58306,14.15563]],[[102.58306,14.15563],[102.58879,14.16013]],[[102.58879,14.16013],[102.59089,14.16489]],[[102.59089,14.16489],[102.59621,14.16862]],[[102.59621,14.16862],[102.60591,14.17126]],[[102.60591,14.17126],[102.61196,14.17029]],[[102.61196,14.17029],[102.6278,14.15199]],[[102.6278,14.15199],[102.63571,14.14859]],[[102.63571,14.14859],[102.63923,14.15056]],[[102.63923,14.15056],[102.64607,14.16193]],[[102.64607,14.16193],[102.6536,14.16539]],[[102.6536,14.16539],[102.65555,14.15998]],[[102.65555,14.15998],[102.66052,14.15414]],[[102.66052,14.15414],[102.66736,14.15872]],[[102.66736,14.15872],[102.68095,14.15235]],[[102.68095,14.15235],[102.69009,14.14601]],[[102.69009,14.14601],[102.6909,14.14192]],[[102.6909,14.14192],[102.68813,14.13573]],[[102.68813,14.13573],[102.69011,14.13262]],[[102.69011,14.13262],[102.6975,14.13004]],[[102.6975,14.13004],[102.71108,14.13315]],[[102.71108,14.13315],[102.72634,14.1382]],[[102.72634,14.1382],[102.74432,14.13914]],[[102.74432,14.13914],[102.7554,14.13702]],[[102.7554,14.13702],[102.76739,14.14139]],[[102.76739,14.14139],[102.77539,14.15359]],[[102.77539,14.15359],[102.78517,14.15399]],[[102.78517,14.15399],[102.79187,14.1603]],[[102.79187,14.1603],[102.79982,14.15794]],[[102.79982,14.15794],[102.80626,14.158]],[[102.80626,14.158],[102.81298,14.16173]],[[102.81298,14.16173],[102.81505,14.17019]],[[102.81505,14.17019],[102.81687,14.16707]],[[102.81687,14.16707],[102.8263,14.15962]],[[102.8263,14.15962],[102.83114,14.15753]],[[102.83114,14.15753],[102.83246,14.16029]],[[102.83246,14.16029],[102.83012,14.16753]],[[102.83012,14.16753],[102.83638,14.16464]],[[102.83638,14.16464],[102.84189,14.15704]],[[102.84189,14.15704],[102.84822,14.15834]],[[102.84822,14.15834],[102.85509,14.15424]],[[102.85509,14.15424],[102.8604,14.14885]],[[102.8604,14.14885],[102.87095,14.14659]],[[102.87095,14.14659],[102.87327,14.14752]],[[102.87327,14.14752],[102.87332,14.16912]],[[102.87332,14.16912],[102.87911,14.17603]],[[102.87911,14.17603],[102.88966,14.17339]],[[102.88966,14.17339],[102.89691,14.16367]],[[102.89691,14.16367],[102.90467,14.16459]],[[102.90467,14.16459],[102.93036,14.17565]],[[102.93036,14.17565],[102.93396,14.17222],[102.94154,14.15547],[102.94035,14.14707],[102.92536,14.13218],[102.92429,14.12742],[102.92507,14.10998],[102.92368,14.10592],[102.91068,14.09493],[102.90779,14.0953],[102.90534,14.08817],[102.90123,14.08293],[102.90283,14.06827],[102.89868,14.06089],[102.89786,14.05136],[102.89992,14.04369],[102.90278,14.04177],[102.90373,14.03237],[102.90712,14.02906],[102.9086,14.02163],[102.91226,14.02062],[102.90976,14.01595],[102.90137,14.01507],[102.89333,14.00715],[102.88774,14.01003],[102.88301,14.00884],[102.87963,14.00378],[102.86695,14.00366],[102.84891,13.98594],[102.8158,13.96556],[102.81218,13.95541],[102.80327,13.94329],[102.78325,13.9329],[102.76696,13.85672],[102.75675,13.84715],[102.72583,13.79785],[102.7236,13.79289],[102.72611,13.78846],[102.73227,13.78571],[102.73344,13.78229],[102.73082,13.77208],[102.71223,13.76961],[102.68772,13.75046],[102.68079,13.74937],[102.60082,13.70796],[102.59103,13.70665],[102.58187,13.70065],[102.57873,13.69478],[102.5695,13.69112],[102.56384,13.68455],[102.55617,13.67032],[102.55119,13.66508],[102.55031,13.65831],[102.55769,13.64868],[102.57054,13.64302],[102.57144,13.63568],[102.57546,13.62979],[102.58149,13.62815],[102.58643,13.63024],[102.58986,13.6251],[102.59245,13.62739],[102.59449,13.6228],[102.60129,13.6226],[102.60676,13.61671],[102.61068,13.61771],[102.61619,13.61336],[102.62189,13.61272],[102.62462,13.60813],[102.6151,13.60846],[102.61328,13.60567],[102.59832,13.60661],[102.58195,13.60577],[102.57264,13.60127],[102.57305,13.59361],[102.56973,13.58486],[102.56419,13.5825],[102.5628,13.57862],[102.5565,13.57832],[102.55317,13.57481],[102.5492,13.57685],[102.53703,13.5662],[102.52794,13.56661],[102.52689,13.56424],[102.51281,13.56871],[102.5081,13.56706],[102.49964,13.57069],[102.49759,13.56906],[102.48938,13.57249],[102.48161,13.57202],[102.47212,13.56483],[102.46945,13.56734],[102.45622,13.56337],[102.45141,13.56017],[102.44192,13.56276],[102.43916,13.56001],[102.43149,13.56167],[102.42574,13.56884],[102.41911,13.57123],[102.41192,13.56685],[102.39138,13.56742],[102.38539,13.57269],[102.38273,13.57204],[102.36508,13.5776],[102.36118,13.57285],[102.35997,13.56627],[102.34534,13.56066],[102.33941,13.55728],[102.33697,13.54364],[102.34499,13.53501],[102.34822,13.52462],[102.36307,13.50696],[102.36117,13.50011],[102.36093,13.48345],[102.35718,13.47927],[102.35543,13.46099],[102.35576,13.45151],[102.36048,13.44291],[102.35826,13.43861],[102.35904,13.43155],[102.36156,13.43041],[102.36225,13.42106],[102.35901,13.40897],[102.36085,13.40609],[102.35981,13.39911],[102.35722,13.39804],[102.35486,13.38863],[102.3567,13.38242],[102.35233,13.37523],[102.3467,13.35683],[102.34541,13.34662],[102.35206,13.34057],[102.35154,13.33181],[102.35718,13.32489],[102.35972,13.31395],[102.35786,13.30616],[102.35357,13.29894]],[[102.10621,14.15176],[102.11368,14.14902]],[[102.11368,14.14902],[102.12012,14.14889]],[[102.12012,14.14889],[102.12814,14.13986]],[[102.12814,14.13986],[102.13702,14.13715]],[[102.13702,14.13715],[102.15084,14.13705]],[[102.15084,14.13705],[102.16478,14.14055]],[[102.16478,14.14055],[102.16764,14.14311]],[[102.16764,14.14311],[102.16869,14.15253]],[[102.16869,14.15253],[102.17149,14.16046]],[[102.17149,14.16046],[102.16681,14.16383]],[[102.16681,14.16383],[102.16601,14.17173]],[[102.16601,14.17173],[102.169,14.17916]],[[102.169,14.17916],[102.17332,14.1822]],[[102.17332,14.1822],[102.17446,14.1893]],[[102.17446,14.1893],[102.18211,14.19605]],[[102.18211,14.19605],[102.1908,14.19576]],[[102.1908,14.19576],[102.19614,14.19148]],[[102.19614,14.19148],[102.19746,14.18432]],[[102.19746,14.18432],[102.20467,14.17631]],[[102.20467,14.17631],[102.21146,14.17459]],[[102.21146,14.17459],[102.21371,14.16937]],[[102.21371,14.16937],[102.2106,14.15366]],[[102.2106,14.15366],[102.21558,14.1458]],[[102.21558,14.1458],[102.2271,14.14407]],[[102.2271,14.14407],[102.24,14.14473]],[[102.24,14.14473],[102.24941,14.14034]],[[102.24941,14.14034],[102.25935,14.14593]],[[102.25935,14.14593],[102.27001,14.14618]],[[102.27001,14.14618],[102.2733,14.13643]],[[102.2733,14.13643],[102.2717,14.12913]],[[102.2717,14.12913],[102.28471,14.13189]],[[102.28471,14.13189],[102.28952,14.13506]],[[102.28952,14.13506],[102.29898,14.12961]],[[102.29898,14.12961],[102.30067,14.12341]],[[102.30067,14.12341],[102.30837,14.12023]],[[102.30837,14.12023],[102.32284,14.12765]],[[102.32284,14.12765],[102.32846,14.12799]],[[102.32846,14.12799],[102.33051,14.12332]],[[102.33051,14.12332],[102.33558,14.12114]],[[102.33558,14.12114],[102.33846,14.12555]],[[102.33846,14.12555],[102.34838,14.12511]],[[102.34838,14.12511],[102.358,14.13424]],[[102.358,14.13424],[102.35696,14.14148]],[[102.35696,14.14148],[102.35987,14.14461]],[[102.35987,14.14461],[102.36117,14.15344]],[[102.36117,14.15344],[102.35865,14.16337]],[[102.35865,14.16337],[102.36405,14.16603]],[[102.36405,14.16603],[102.37571,14.15167]],[[102.37571,14.15167],[102.3895,14.14441]],[[102.3895,14.14441],[102.40052,14.14576]],[[102.40052,14.14576],[102.40638,14.15448]],[[102.40638,14.15448],[102.40997,14.15669]],[[102.40997,14.15669],[102.41722,14.15487]],[[102.41722,14.15487],[102.42358,14.15811]],[[102.42358,14.15811],[102.4276,14.15314]],[[102.4276,14.15314],[102.43453,14.15459]],[[102.32756,15.80341],[102.32714,15.79928]],[[102.32714,15.79928],[102.34352,15.78286]],[[102.34352,15.78286],[102.34995,15.77478]],[[102.34995,15.77478],[102.35641,15.77098]],[[102.35641,15.77098],[102.35691,15.76823]],[[102.35691,15.76823],[102.36321,15.76738]],[[102.36321,15.76738],[102.36372,15.76092]],[[102.36372,15.76092],[102.35974,15.75939]],[[102.35974,15.75939],[102.36161,15.75251]],[[102.36161,15.75251],[102.35699,15.74028]],[[102.35699,15.74028],[102.3586,15.73369]],[[102.3586,15.73369],[102.36323,15.72921]],[[102.36323,15.72921],[102.3718,15.73377]],[[102.3718,15.73377],[102.38662,15.72588]],[[102.38662,15.72588],[102.39068,15.71833]],[[102.39068,15.71833],[102.39837,15.71056]],[[102.39837,15.71056],[102.40082,15.71022]],[[102.40082,15.71022],[102.40384,15.70083]],[[102.40384,15.70083],[102.4089,15.69781]],[[102.4089,15.69781],[102.42122,15.69492]],[[102.42122,15.69492],[102.43186,15.70483]],[[102.43186,15.70483],[102.44106,15.70524]],[[102.44106,15.70524],[102.4442,15.71133]],[[102.4442,15.71133],[102.44912,15.71598]],[[102.44912,15.71598],[102.46142,15.71731]],[[102.46142,15.71731],[102.47414,15.71678]],[[102.47414,15.71678],[102.4815,15.71819]],[[102.4815,15.71819],[102.49326,15.72459]],[[102.49326,15.72459],[102.49952,15.72456]],[[102.49952,15.72456],[102.51255,15.72831]],[[102.51255,15.72831],[102.53069,15.71138]],[[102.53069,15.71138],[102.53698,15.70829]],[[102.53698,15.70829],[102.54161,15.709]],[[102.54161,15.709],[102.55651,15.70363]],[[102.55651,15.70363],[102.56524,15.70806]],[[102.56524,15.70806],[102.57653,15.70972]],[[102.57653,15.70972],[102.58117,15.70664]],[[102.58117,15.70664],[102.58689,15.70989]],[[102.58689,15.70989],[102.59816,15.71297]],[[102.59816,15.71297],[102.60208,15.72304]],[[102.60208,15.72304],[102.60692,15.72682]],[[102.60692,15.72682],[102.61352,15.7276]],[[102.61352,15.7276],[102.6355,15.7178]],[[102.6355,15.7178],[102.6517,15.71455]],[[102.6517,15.71455],[102.65511,15.71706]],[[102.65511,15.71706],[102.66663,15.71534]],[[102.66663,15.71534],[102.67261,15.71868]],[[102.67261,15.71868],[102.67278,15.72277]],[[102.67278,15.72277],[102.68251,15.72845]],[[102.68251,15.72845],[102.68386,15.72505]],[[102.68386,15.72505],[102.69186,15.72351]],[[102.69186,15.72351],[102.69442,15.71424]],[[102.69442,15.71424],[102.6903,15.71345]],[[102.6903,15.71345],[102.69295,15.70741]],[[102.69295,15.70741],[102.68927,15.70753]],[[102.68927,15.70753],[102.68958,15.70255]],[[102.68958,15.70255],[102.70049,15.69318]],[[102.70049,15.69318],[102.70817,15.68513]],[[102.70817,15.68513],[102.71495,15.67463]],[[102.71495,15.67463],[102.71644,15.66623]],[[102.71644,15.66623],[102.73398,15.66616]],[[102.73398,15.66616],[102.7439,15.66962]],[[102.7439,15.66962],[102.75399,15.65857]],[[102.75399,15.65857],[102.76142,15.65294]],[[102.76142,15.65294],[102.77048,15.65415]],[[102.77048,15.65415],[102.7723,15.6509]],[[102.7723,15.6509],[102.77821,15.64919]],[[102.77821,15.64919],[102.77981,15.63666]],[[102.77981,15.63666],[102.77659,15.63359]],[[102.77659,15.63359],[102.76809,15.62692]],[[102.76809,15.62692],[102.77333,15.61481]],[[102.77333,15.61481],[102.77617,15.61358]],[[102.77617,15.61358],[102.77676,15.6066]],[[102.77676,15.6066],[102.78008,15.59893]],[[102.78008,15.59893],[102.77698,15.59228]],[[102.77698,15.59228],[102.78263,15.58529]],[[102.78263,15.58529],[102.78164,15.57904]],[[102.78164,15.57904],[102.7846,15.57544]],[[102.7846,15.57544],[102.7805,15.5742]],[[102.7805,15.5742],[102.78517,15.57106]],[[102.78517,15.57106],[102.78058,15.56357]],[[102.78058,15.56357],[102.78396,15.55801]],[[102.78396,15.55801],[102.79172,15.55681]],[[102.79172,15.55681],[102.78952,15.54647]],[[102.78952,15.54647],[102.79295,15.54784]],[[102.79295,15.54784],[102.7988,15.53584]],[[102.7988,15.53584],[102.7967,15.53119]],[[102.7967,15.53119],[102.80234,15.52749]],[[102.80234,15.52749],[102.8121,15.52459]],[[102.8121,15.52459],[102.81567,15.51245]],[[102.81567,15.51245],[102.82569,15.51389]],[[102.82569,15.51389],[102.82601,15.50859]],[[102.82601,15.50859],[102.82922,15.50741]],[[102.82922,15.50741],[102.8364,15.51702]],[[102.8364,15.51702],[102.83841,15.51362]],[[102.83841,15.51362],[102.846,15.51233]],[[102.846,15.51233],[102.85839,15.51411]],[[102.85839,15.51411],[102.86453,15.50814]],[[102.86453,15.50814],[102.86657,15.51283]],[[102.86657,15.51283],[102.87368,15.51455]],[[102.87368,15.51455],[102.87135,15.51948]],[[102.87135,15.51948],[102.88255,15.5231]],[[102.88255,15.5231],[102.88946,15.51679]],[[102.88946,15.51679],[102.89595,15.52145]],[[102.89595,15.52145],[102.90812,15.51507]],[[102.90812,15.51507],[102.9099,15.50944]],[[102.9099,15.50944],[102.91779,15.50618]],[[102.91779,15.50618],[102.92589,15.5106]],[[102.92589,15.5106],[102.9315,15.50683]],[[102.9315,15.50683],[102.93119,15.50259]],[[102.93119,15.50259],[102.92685,15.50442]],[[102.92685,15.50442],[102.92287,15.50207]],[[102.92287,15.50207],[102.92306,15.49749]],[[102.92306,15.49749],[102.92754,15.49592]],[[102.92754,15.49592],[102.9279,15.49082]],[[102.9279,15.49082],[102.93379,15.4885]],[[102.93379,15.4885],[102.93406,15.49248]],[[102.93406,15.49248],[102.9383,15.49174]],[[102.9383,15.49174],[102.93941,15.49698]],[[102.93941,15.49698],[102.94453,15.48977]],[[102.94453,15.48977],[102.94006,15.48562]],[[102.94006,15.48562],[102.93648,15.47685]],[[102.93648,15.47685],[102.94023,15.47491]],[[102.94023,15.47491],[102.9445,15.47729]],[[102.9445,15.47729],[102.94334,15.48136]],[[102.94334,15.48136],[102.94887,15.48194]],[[102.94887,15.48194],[102.9512,15.4774]],[[102.9512,15.4774],[102.96124,15.47958]],[[102.96124,15.47958],[102.95873,15.48405]],[[102.95873,15.48405],[102.96637,15.48508]],[[102.96637,15.48508],[102.96717,15.47798]],[[102.96717,15.47798],[102.97275,15.47699]],[[102.97275,15.47699],[102.97834,15.48218]],[[102.97834,15.48218],[102.98146,15.47738]],[[102.98146,15.47738],[102.985,15.46703]],[[102.985,15.46703],[102.99324,15.46889]],[[102.99324,15.46889],[102.9934,15.46336]],[[102.9934,15.46336],[102.99754,15.45874]],[[102.99754,15.45874],[102.9943,15.45646]],[[102.9943,15.45646],[102.99948,15.45101]],[[102.99948,15.45101],[103.00315,15.4423]],[[103.00315,15.4423],[103.01007,15.43651]],[[103.01007,15.43651],[103.00762,15.43244]],[[103.00762,15.43244],[103.01222,15.42953]],[[103.01222,15.42953],[103.00186,15.42807]],[[103.00186,15.42807],[102.99354,15.4145]],[[102.99354,15.4145],[102.98624,15.41795]],[[102.98624,15.41795],[102.98886,15.4226]],[[102.98886,15.4226],[102.98376,15.42688]],[[102.98376,15.42688],[102.9801,15.4236]],[[102.9801,15.4236],[102.98359,15.41943]],[[102.98359,15.41943],[102.97837,15.41681]],[[102.97837,15.41681],[102.97628,15.42111]],[[102.97628,15.42111],[102.9793,15.42826]],[[102.9793,15.42826],[102.97048,15.42674]],[[102.97048,15.42674],[102.97087,15.42007]],[[102.97087,15.42007],[102.96554,15.41997]],[[102.96554,15.41997],[102.96716,15.40798]],[[102.96716,15.40798],[102.96194,15.40348]],[[102.96194,15.40348],[102.95986,15.41032]],[[102.95986,15.41032],[102.95178,15.40383]],[[102.95178,15.40383],[102.95133,15.3966]],[[102.95133,15.3966],[102.9551,15.38273]],[[102.9551,15.38273],[102.96252,15.37749]],[[102.96252,15.37749],[102.97316,15.37428]],[[102.97316,15.37428],[102.98636,15.37395]],[[102.98636,15.37395],[102.98567,15.36104]],[[102.98567,15.36104],[102.97741,15.34407]],[[102.97741,15.34407],[102.97871,15.33666]],[[102.97871,15.33666],[102.98379,15.33387]],[[102.98379,15.33387],[102.98483,15.32161]],[[102.98483,15.32161],[102.97655,15.32055]],[[102.97655,15.32055],[102.97416,15.31803]],[[102.97416,15.31803],[102.96273,15.31528]],[[102.96273,15.31528],[102.95887,15.31668]],[[102.95887,15.31668],[102.95242,15.3147]],[[102.95242,15.3147],[102.95495,15.30594]],[[102.95495,15.30594],[102.96474,15.29776]],[[102.96474,15.29776],[102.96788,15.29094]],[[102.96788,15.29094],[102.95567,15.27336]],[[102.95567,15.27336],[102.95505,15.27027]],[[102.95505,15.27027],[102.96046,15.26493]],[[102.96046,15.26493],[102.96073,15.25839]],[[102.96073,15.25839],[102.95683,15.25116]],[[102.95683,15.25116],[102.9609,15.23821]],[[102.9609,15.23821],[102.95902,15.21947]],[[102.95902,15.21947],[102.96163,15.21566]],[[102.96163,15.21566],[102.97456,15.20692]],[[102.97456,15.20692],[102.96638,15.19284]],[[102.96638,15.19284],[102.95704,15.19166]],[[102.95704,15.19166],[102.95372,15.18928]],[[102.95372,15.18928],[102.94663,15.18879]],[[102.94663,15.18879],[102.93726,15.18315]],[[102.93726,15.18315],[102.9299,15.18244]],[[102.9299,15.18244],[102.92312,15.18511]],[[102.92312,15.18511],[102.91733,15.18243]],[[102.91733,15.18243],[102.91731,15.18829]],[[102.91731,15.18829],[102.90821,15.1842]],[[102.90821,15.1842],[102.90815,15.18134]],[[102.90815,15.18134],[102.89909,15.17592]],[[102.89909,15.17592],[102.88689,15.18443]],[[102.88689,15.18443],[102.87799,15.17603]],[[102.87799,15.17603],[102.87515,15.17106]],[[102.87515,15.17106],[102.87149,15.17149]],[[102.87149,15.17149],[102.86575,15.16422]],[[102.86575,15.16422],[102.85502,15.16576]],[[102.85502,15.16576],[102.85472,15.1693]],[[102.85472,15.1693],[102.84698,15.16893]],[[102.84698,15.16893],[102.84664,15.16599]],[[102.84664,15.16599],[102.83622,15.15705]],[[102.83622,15.15705],[102.8237,15.15505]],[[102.8237,15.15505],[102.82122,15.1455]],[[102.82122,15.1455],[102.8166,15.14258]],[[102.8166,15.14258],[102.81599,15.1373]],[[102.81599,15.1373],[102.80946,15.13486]],[[102.80946,15.13486],[102.80762,15.12687]],[[102.80762,15.12687],[102.79588,15.11443]],[[102.79588,15.11443],[102.79397,15.11021]],[[102.79397,15.11021],[102.78871,15.10696]],[[102.78871,15.10696],[102.78708,15.10163]],[[102.78708,15.10163],[102.77976,15.08997]],[[102.77976,15.08997],[102.76132,15.07807]],[[102.76132,15.07807],[102.76509,15.07702]],[[102.76509,15.07702],[102.76397,15.07212]],[[102.76397,15.07212],[102.76703,15.07146]],[[102.76703,15.07146],[102.77131,15.07565]],[[102.77131,15.07565],[102.77488,15.06588]],[[102.77488,15.06588],[102.77811,15.06918]],[[102.77811,15.06918],[102.78503,15.06914]],[[102.78503,15.06914],[102.78256,15.06257]],[[102.78256,15.06257],[102.78782,15.05962]],[[102.78782,15.05962],[102.78673,15.0526]],[[102.78673,15.0526],[102.79871,15.04916]],[[102.79871,15.04916],[102.79633,15.04525]],[[102.79633,15.04525],[102.80473,15.04061]],[[102.80473,15.04061],[102.80089,15.03728]],[[102.80089,15.03728],[102.7878,15.03108]],[[102.7878,15.03108],[102.7798,15.0255]],[[102.7798,15.0255],[102.77905,15.02128]],[[102.77905,15.02128],[102.78131,15.01234]],[[102.78131,15.01234],[102.73687,15.00108]],[[102.73687,15.00108],[102.73336,14.9962]],[[102.73336,14.9962],[102.72949,14.99565]],[[102.72949,14.99565],[102.72232,14.98754]],[[102.72232,14.98754],[102.71417,14.98404]],[[102.71417,14.98404],[102.71051,14.97963]],[[102.71051,14.97963],[102.70974,14.95793]],[[102.70974,14.95793],[102.69661,14.93372]],[[102.69661,14.93372],[102.6539,14.93487]],[[102.6539,14.93487],[102.63718,14.93603]],[[102.63718,14.93603],[102.60082,14.93537]],[[102.60082,14.93537],[102.57314,14.95701]],[[102.57314,14.95701],[102.56471,14.95812]],[[102.56471,14.95812],[102.5574,14.95619]],[[102.5574,14.95619],[102.54579,14.94688]],[[102.54579,14.94688],[102.55235,14.94088]],[[102.55235,14.94088],[102.56326,14.93787]],[[102.56326,14.93787],[102.5676,14.92726]],[[102.5676,14.92726],[102.56286,14.92136]],[[102.56286,14.92136],[102.55729,14.91085]],[[102.55729,14.91085],[102.54386,14.90437]],[[102.54386,14.90437],[102.546,14.90274]],[[102.546,14.90274],[102.54213,14.89632]],[[102.54213,14.89632],[102.54071,14.88887]],[[102.54071,14.88887],[102.54566,14.88753]],[[102.54566,14.88753],[102.55075,14.87949]],[[102.55075,14.87949],[102.54577,14.87422]],[[102.54577,14.87422],[102.54686,14.86779]],[[102.54686,14.86779],[102.55285,14.8657]],[[102.55285,14.8657],[102.55076,14.85547]],[[102.55076,14.85547],[102.54786,14.85482]],[[102.54786,14.85482],[102.55015,14.84864]],[[102.55015,14.84864],[102.54636,14.83889]],[[102.54636,14.83889],[102.53268,14.81297]],[[102.53268,14.81297],[102.51797,14.80663]],[[102.51797,14.80663],[102.50843,14.80545]],[[102.50843,14.80545],[102.50261,14.80221]],[[102.50261,14.80221],[102.49233,14.80575]],[[102.49233,14.80575],[102.47073,14.81667]],[[102.47073,14.81667],[102.4579,14.8351]],[[102.4579,14.8351],[102.45482,14.83228]],[[102.45482,14.83228],[102.44705,14.81971]],[[102.44705,14.81971],[102.44517,14.80144]],[[102.44517,14.80144],[102.4397,14.802]],[[102.4397,14.802],[102.43987,14.79746]],[[102.43987,14.79746],[102.4459,14.78564]],[[102.4459,14.78564],[102.4441,14.77903]],[[102.4441,14.77903],[102.45622,14.7666]],[[102.45622,14.7666],[102.47213,14.76267]],[[102.47213,14.76267],[102.47642,14.74924]],[[102.47642,14.74924],[102.4771,14.73342]],[[102.4771,14.73342],[102.47403,14.72675]],[[102.47403,14.72675],[102.46308,14.7169]],[[102.46308,14.7169],[102.46011,14.70858]],[[102.46011,14.70858],[102.46006,14.69906]],[[102.46006,14.69906],[102.46193,14.69345]],[[102.46193,14.69345],[102.4689,14.68139]],[[102.4689,14.68139],[102.47337,14.66006]],[[102.47337,14.66006],[102.47546,14.65539]],[[102.47546,14.65539],[102.4747,14.63167]],[[102.4747,14.63167],[102.4718,14.61942]],[[102.4718,14.61942],[102.47039,14.59635]],[[102.47039,14.59635],[102.47111,14.59141]],[[102.47111,14.59141],[102.46668,14.5861]],[[102.46668,14.5861],[102.48245,14.57173]],[[102.48245,14.57173],[102.4955,14.5648]],[[102.4955,14.5648],[102.49322,14.55278]],[[102.49322,14.55278],[102.49341,14.54004]],[[102.49341,14.54004],[102.49046,14.53067]],[[102.49046,14.53067],[102.48459,14.52434]],[[102.48459,14.52434],[102.48135,14.51197]],[[102.48135,14.51197],[102.48867,14.50622]],[[102.48867,14.50622],[102.49334,14.50467]],[[102.49334,14.50467],[102.5205,14.50677]],[[102.5205,14.50677],[102.53381,14.50593]],[[102.53381,14.50593],[102.54982,14.50303]],[[102.54982,14.50303],[102.56798,14.50073]],[[102.56798,14.50073],[102.57332,14.4988]],[[102.57332,14.4988],[102.58707,14.4972]],[[102.58707,14.4972],[102.59932,14.49696]],[[102.59932,14.49696],[102.6106,14.49409]],[[102.6106,14.49409],[102.60711,14.46499]],[[102.60711,14.46499],[102.60131,14.45638]],[[102.60131,14.45638],[102.59938,14.4476]],[[102.59938,14.4476],[102.59015,14.44726]],[[102.59015,14.44726],[102.58199,14.44463]],[[102.58199,14.44463],[102.57036,14.42868]],[[102.57036,14.42868],[102.5681,14.41085]],[[102.5681,14.41085],[102.56461,14.40371]],[[102.56461,14.40371],[102.56223,14.3857]],[[102.56223,14.3857],[102.56294,14.37514]],[[102.56294,14.37514],[102.56787,14.36397]],[[102.56787,14.36397],[102.58235,14.35926]],[[102.58235,14.35926],[102.58833,14.34843]],[[102.58833,14.34843],[102.58679,14.33645]],[[102.58679,14.33645],[102.58943,14.33241]],[[102.58943,14.33241],[102.59816,14.32817]],[[102.59816,14.32817],[102.60266,14.32252]],[[102.60266,14.32252],[102.62206,14.32033]],[[102.62206,14.32033],[102.63529,14.32697]],[[102.63529,14.32697],[102.6428,14.3266]],[[102.6428,14.3266],[102.66711,14.31572]],[[102.66711,14.31572],[102.67725,14.30224]],[[102.67725,14.30224],[102.6863,14.29917]],[[102.6863,14.29917],[102.66561,14.28757]],[[102.66561,14.28757],[102.66055,14.28337]],[[102.66055,14.28337],[102.64911,14.27974]],[[102.64911,14.27974],[102.63463,14.27164]],[[102.63463,14.27164],[102.62254,14.26345]],[[102.62254,14.26345],[102.61225,14.25502]],[[102.61225,14.25502],[102.60248,14.24413]],[[102.60248,14.24413],[102.58974,14.23679]],[[102.58974,14.23679],[102.5779,14.22673]],[[102.5779,14.22673],[102.55781,14.21763]],[[102.55781,14.21763],[102.5481,14.2159]],[[102.5481,14.2159],[102.54106,14.20408]],[[102.54106,14.20408],[102.53494,14.20159]],[[102.53494,14.20159],[102.51256,14.2013]],[[102.51256,14.2013],[102.50988,14.19917]],[[102.50988,14.19917],[102.5022,14.18694]],[[102.5022,14.18694],[102.4957,14.18627]],[[102.4957,14.18627],[102.48683,14.18905]],[[102.48683,14.18905],[102.47901,14.19893]],[[102.47901,14.19893],[102.47471,14.19977]],[[102.47471,14.19977],[102.47004,14.19273]],[[102.47004,14.19273],[102.45318,14.19373]],[[102.45318,14.19373],[102.44087,14.17401]],[[102.44087,14.17401],[102.43785,14.1602]],[[102.43785,14.1602],[102.43453,14.15459]],[[101.38202,15.3314],[101.38612,15.3324]],[[101.38612,15.3324],[101.41692,15.33207]],[[101.41692,15.33207],[101.41953,15.3353]],[[101.41953,15.3353],[101.42833,15.34003]],[[101.42833,15.34003],[101.43164,15.33791]],[[101.43164,15.33791],[101.43543,15.34814]],[[101.43543,15.34814],[101.44384,15.35075]],[[101.44384,15.35075],[101.46153,15.35056]],[[101.46153,15.35056],[101.5007,15.35644]],[[101.5007,15.35644],[101.4945,15.37154]],[[101.4945,15.37154],[101.50097,15.3817]],[[101.50097,15.3817],[101.50543,15.38423]],[[101.50543,15.38423],[101.50719,15.3899]],[[101.50719,15.3899],[101.52287,15.40088]],[[101.52287,15.40088],[101.53739,15.40364]],[[101.53739,15.40364],[101.54321,15.40225]],[[101.54321,15.40225],[101.55133,15.38568]],[[101.55133,15.38568],[101.56606,15.37196]],[[101.56606,15.37196],[101.5883,15.3735]],[[101.5883,15.3735],[101.5913,15.3782]],[[101.5913,15.3782],[101.60729,15.38027]],[[101.60729,15.38027],[101.61226,15.37356]],[[101.61226,15.37356],[101.6191,15.37044]],[[101.6191,15.37044],[101.64737,15.39184]],[[101.64737,15.39184],[101.65466,15.40034]],[[101.65466,15.40034],[101.65928,15.40177]],[[101.65928,15.40177],[101.66676,15.40052]],[[101.66676,15.40052],[101.67627,15.39549]],[[101.67627,15.39549],[101.68727,15.3922]],[[101.68727,15.3922],[101.69979,15.39455]],[[101.69979,15.39455],[101.71433,15.39031]],[[101.71433,15.39031],[101.72026,15.38483]],[[101.72026,15.38483],[101.76167,15.38137]],[[101.76167,15.38137],[101.77858,15.38398]],[[101.77858,15.38398],[101.7835,15.38673]],[[101.7835,15.38673],[101.7953,15.3993]],[[101.7953,15.3993],[101.80156,15.40294]],[[101.80156,15.40294],[101.80537,15.41403]],[[101.80537,15.41403],[101.80227,15.42047]],[[101.80227,15.42047],[101.81786,15.41953]],[[101.81786,15.41953],[101.82182,15.41609]],[[101.82182,15.41609],[101.82932,15.41379]],[[101.82932,15.41379],[101.83898,15.41453]],[[101.83898,15.41453],[101.87875,15.3891]],[[101.87875,15.3891],[101.8792,15.39352]],[[101.8792,15.39352],[101.88478,15.3974]],[[101.88478,15.3974],[101.89086,15.39877]],[[101.89086,15.39877],[101.89786,15.40776]],[[101.89786,15.40776],[101.91122,15.42255]],[[101.91122,15.42255],[101.91101,15.43345]],[[101.91101,15.43345],[101.91705,15.43706]],[[101.91705,15.43706],[101.92116,15.43516]],[[101.92116,15.43516],[101.93173,15.43617]],[[101.93173,15.43617],[101.93146,15.44489]],[[101.93146,15.44489],[101.9359,15.44741]],[[101.9359,15.44741],[101.93736,15.45643]],[[101.93736,15.45643],[101.9533,15.45469]],[[101.9533,15.45469],[101.97293,15.45837]],[[101.97293,15.45837],[101.98385,15.46361]],[[101.98385,15.46361],[101.98915,15.46462]],[[101.98915,15.46462],[101.99959,15.46245]],[[101.99959,15.46245],[102.00965,15.45797]],[[102.00965,15.45797],[102.02329,15.46994]],[[102.02329,15.46994],[102.03496,15.47797]],[[102.03496,15.47797],[102.03573,15.48199]],[[102.03573,15.48199],[102.03304,15.49092]],[[102.03304,15.49092],[102.03262,15.5001]],[[102.03262,15.5001],[102.03582,15.51205]],[[102.03582,15.51205],[102.03994,15.51983]],[[102.03994,15.51983],[102.04254,15.53002]],[[102.04254,15.53002],[102.03774,15.54801]],[[102.03774,15.54801],[102.04129,15.55253]],[[102.04129,15.55253],[102.05417,15.57463]],[[102.05417,15.57463],[102.06209,15.58193]],[[102.06209,15.58193],[102.06055,15.58844]],[[102.06055,15.58844],[102.06601,15.59372]],[[102.06601,15.59372],[102.07117,15.60151]],[[102.07117,15.60151],[102.07282,15.60713]],[[102.07282,15.60713],[102.07462,15.62406]],[[102.07462,15.62406],[102.08063,15.62191]],[[102.08063,15.62191],[102.07976,15.62575]],[[102.07976,15.62575],[102.08496,15.6239]],[[102.08496,15.6239],[102.08467,15.62748]],[[102.08467,15.62748],[102.08978,15.62708]],[[102.08978,15.62708],[102.08597,15.63052]],[[102.08597,15.63052],[102.0886,15.63428]],[[102.0886,15.63428],[102.09234,15.62761]],[[102.09234,15.62761],[102.09582,15.63397]],[[102.09582,15.63397],[102.10015,15.63038]],[[102.10015,15.63038],[102.09908,15.6358]],[[102.09908,15.6358],[102.10465,15.63296]],[[102.10465,15.63296],[102.10856,15.64424]],[[102.10856,15.64424],[102.11503,15.64279]],[[102.11503,15.64279],[102.1145,15.64711]],[[102.1145,15.64711],[102.12126,15.64607]],[[102.12126,15.64607],[102.1198,15.65329]],[[102.1198,15.65329],[102.1241,15.65501]],[[102.1241,15.65501],[102.12809,15.65145]],[[102.12809,15.65145],[102.12748,15.66419]],[[102.12748,15.66419],[102.13218,15.67494]],[[102.13218,15.67494],[102.13777,15.67197]],[[102.13777,15.67197],[102.14309,15.67723]],[[102.14309,15.67723],[102.1413,15.67986]],[[102.1413,15.67986],[102.14691,15.68487]],[[102.14691,15.68487],[102.14435,15.68671]],[[102.14435,15.68671],[102.14314,15.69769]],[[102.14314,15.69769],[102.14492,15.701]],[[102.14492,15.701],[102.14323,15.70681]],[[102.14323,15.70681],[102.1499,15.70726]],[[102.1499,15.70726],[102.14813,15.71098]],[[102.14813,15.71098],[102.15583,15.71921]],[[102.15583,15.71921],[102.15676,15.72417]],[[102.15676,15.72417],[102.16202,15.7257]],[[102.16202,15.7257],[102.1602,15.7308]],[[102.1602,15.7308],[102.1573,15.72911]],[[102.1573,15.72911],[102.15767,15.74206]],[[102.15767,15.74206],[102.16328,15.74003]],[[102.16328,15.74003],[102.16615,15.74491]],[[102.16615,15.74491],[102.17277,15.74401]],[[102.17277,15.74401],[102.17898,15.74728]],[[102.17898,15.74728],[102.18755,15.73899]],[[102.18755,15.73899],[102.19295,15.74158]],[[102.19295,15.74158],[102.19664,15.7389]],[[102.19664,15.7389],[102.20165,15.74128]],[[102.20165,15.74128],[102.2052,15.74807]],[[102.2052,15.74807],[102.20257,15.75151]],[[102.20257,15.75151],[102.20504,15.75727]],[[102.20504,15.75727],[102.20812,15.75396]],[[102.20812,15.75396],[102.21409,15.75473]],[[102.21409,15.75473],[102.22328,15.75084]],[[102.22328,15.75084],[102.21946,15.74787]],[[102.21946,15.74787],[102.22767,15.74783]],[[102.22767,15.74783],[102.2327,15.74356]],[[102.2327,15.74356],[102.23766,15.74852]],[[102.23766,15.74852],[102.24502,15.75205]],[[102.24502,15.75205],[102.248,15.74942]],[[102.248,15.74942],[102.25312,15.75316]],[[102.25312,15.75316],[102.24742,15.75634]],[[102.24742,15.75634],[102.25206,15.75942]],[[102.25206,15.75942],[102.25214,15.77001]],[[102.25214,15.77001],[102.25737,15.77129]],[[102.25737,15.77129],[102.25631,15.78144]],[[102.25631,15.78144],[102.26326,15.78124]],[[102.26326,15.78124],[102.27026,15.78507]],[[102.27026,15.78507],[102.2765,15.7809]],[[102.2765,15.7809],[102.27951,15.78437]],[[102.27951,15.78437],[102.28548,15.78385]],[[102.28548,15.78385],[102.28514,15.78723]],[[102.28514,15.78723],[102.2934,15.78547]],[[102.2934,15.78547],[102.29602,15.78948]],[[102.29602,15.78948],[102.30693,15.79244]],[[102.30693,15.79244],[102.3077,15.79955]],[[102.3077,15.79955],[102.31238,15.8005]],[[102.31238,15.8005],[102.31192,15.80779]],[[102.31192,15.80779],[102.3177,15.80757]],[[102.3177,15.80757],[102.31893,15.80443]],[[102.31893,15.80443],[102.32756,15.80341]],[[103.1114,15.48128],[103.11238,15.47243]],[[103.11238,15.47243],[103.11481,15.46686]],[[103.11481,15.46686],[103.10713,15.46377]],[[103.10713,15.46377],[103.10586,15.45781]],[[103.10586,15.45781],[103.11076,15.45012]],[[103.11076,15.45012],[103.10691,15.44774]],[[103.10691,15.44774],[103.10695,15.44221]],[[103.10695,15.44221],[103.10109,15.43543]],[[103.10109,15.43543],[103.10001,15.43038]],[[103.10001,15.43038],[103.09009,15.42422]],[[103.09009,15.42422],[103.09148,15.41787]],[[103.09148,15.41787],[103.09986,15.41461]],[[103.09986,15.41461],[103.10748,15.40883]],[[103.10748,15.40883],[103.11416,15.40927]],[[103.11416,15.40927],[103.11503,15.40391]],[[103.11503,15.40391],[103.11908,15.40151]],[[103.11908,15.40151],[103.12716,15.40299]],[[103.12716,15.40299],[103.13469,15.40042]],[[103.13469,15.40042],[103.13605,15.40516]],[[103.13605,15.40516],[103.13293,15.40775]],[[103.13293,15.40775],[103.13831,15.41228]],[[103.13831,15.41228],[103.14594,15.40015]],[[103.14594,15.40015],[103.1414,15.39564]],[[103.1414,15.39564],[103.14123,15.38816]],[[103.14123,15.38816],[103.14606,15.38672]],[[103.14606,15.38672],[103.14746,15.38163]],[[103.14746,15.38163],[103.15095,15.38607]],[[103.15095,15.38607],[103.15453,15.38414]],[[103.15453,15.38414],[103.15403,15.37791]],[[103.15403,15.37791],[103.15028,15.3791]],[[103.15028,15.3791],[103.15013,15.3733]],[[103.15013,15.3733],[103.15448,15.37409]],[[103.15448,15.37409],[103.15785,15.36775]],[[103.15785,15.36775],[103.15561,15.3643]],[[103.15561,15.3643],[103.1637,15.36462]],[[103.1637,15.36462],[103.15989,15.36213]],[[103.15989,15.36213],[103.15634,15.35267]],[[103.15634,15.35267],[103.16121,15.35267]],[[103.16121,15.35267],[103.17225,15.36362]],[[103.17225,15.36362],[103.17781,15.35928]],[[103.17781,15.35928],[103.17936,15.36677]],[[103.17936,15.36677],[103.18269,15.36824]],[[103.18269,15.36824],[103.19029,15.36451]],[[103.19029,15.36451],[103.19328,15.36592]],[[103.19328,15.36592],[103.19768,15.36105]],[[103.19768,15.36105],[103.19485,15.3576]],[[103.19485,15.3576],[103.18989,15.36018]],[[103.18989,15.36018],[103.18745,15.35665]],[[103.18745,15.35665],[103.19256,15.35279]],[[103.19256,15.35279],[103.19544,15.34525]],[[103.19544,15.34525],[103.19624,15.3362]],[[103.19624,15.3362],[103.19993,15.33533]],[[103.19993,15.33533],[103.20088,15.34135]],[[103.20088,15.34135],[103.20604,15.33967]],[[103.20604,15.33967],[103.2108,15.34298]],[[103.2108,15.34298],[103.21336,15.34138]],[[103.21336,15.34138],[103.20965,15.33263]],[[103.20965,15.33263],[103.21175,15.33097]],[[103.21175,15.33097],[103.21854,15.33564]],[[103.21854,15.33564],[103.2238,15.32982]],[[103.2238,15.32982],[103.21916,15.32867]],[[103.21916,15.32867],[103.22158,15.32509]],[[103.22158,15.32509],[103.21997,15.32106]],[[103.21997,15.32106],[103.22539,15.32303]],[[103.22539,15.32303],[103.23091,15.31728]],[[103.23091,15.31728],[103.23001,15.32294]],[[103.23001,15.32294],[103.23436,15.3201]],[[103.23436,15.3201],[103.2448,15.31738]],[[103.2448,15.31738],[103.25122,15.32192]],[[103.25122,15.32192],[103.25394,15.31412]],[[103.25394,15.31412],[103.24873,15.30958]],[[103.24873,15.30958],[103.24873,15.30667]],[[103.24873,15.30667],[103.25526,15.30926]],[[103.25526,15.30926],[103.25798,15.31311]],[[103.25798,15.31311],[103.2628,15.31358]],[[103.2628,15.31358],[103.26645,15.31732]],[[103.26645,15.31732],[103.27445,15.31838]],[[103.27445,15.31838],[103.27748,15.31565]],[[103.27748,15.31565],[103.28482,15.31622]],[[103.28482,15.31622],[103.28131,15.30605]],[[103.28131,15.30605],[103.28779,15.30314]],[[103.28779,15.30314],[103.2878,15.29841]],[[103.2878,15.29841],[103.29349,15.30056]],[[103.29349,15.30056],[103.30109,15.30966]],[[103.30109,15.30966],[103.30497,15.31837]],[[103.30497,15.31837],[103.31605,15.31829]],[[103.31605,15.31829],[103.31695,15.32153]],[[103.31695,15.32153],[103.31319,15.32583]],[[103.31319,15.32583],[103.31893,15.32682]],[[103.31893,15.32682],[103.32429,15.33296]],[[103.32429,15.33296],[103.32849,15.33095]],[[103.32849,15.33095],[103.32752,15.33694]],[[103.32752,15.33694],[103.33974,15.33582]],[[103.33974,15.33582],[103.34111,15.34313]],[[103.34111,15.34313],[103.34523,15.33943]],[[103.34523,15.33943],[103.34967,15.33978]],[[103.34967,15.33978],[103.3481,15.34592]],[[103.3481,15.34592],[103.35543,15.34345]],[[103.35543,15.34345],[103.36087,15.34551]],[[103.36087,15.34551],[103.35981,15.33804]],[[103.35981,15.33804],[103.36494,15.33754]],[[103.36494,15.33754],[103.36923,15.34017]],[[103.36923,15.34017],[103.37705,15.33678]],[[103.37705,15.33678],[103.38208,15.32746]],[[103.38208,15.32746],[103.38771,15.32334]],[[103.38771,15.32334],[103.38571,15.32053]],[[103.38571,15.32053],[103.38901,15.31643]],[[103.38901,15.31643],[103.3967,15.31328]],[[103.3967,15.31328],[103.40113,15.31375]],[[103.40113,15.31375],[103.40434,15.30838]],[[103.40434,15.30838],[103.40863,15.31405]],[[103.40863,15.31405],[103.41297,15.31038]],[[103.41297,15.31038],[103.41727,15.31624]],[[103.41727,15.31624],[103.4246,15.31541]],[[103.4246,15.31541],[103.42579,15.30893]],[[103.42579,15.30893],[103.42961,15.30881]],[[103.42961,15.30881],[103.43064,15.31652]],[[103.43064,15.31652],[103.42855,15.32051]],[[103.42855,15.32051],[103.435,15.32214]],[[103.435,15.32214],[103.43191,15.32922]],[[103.43191,15.32922],[103.43621,15.3357]],[[103.43621,15.3357],[103.44126,15.33066]],[[103.44126,15.33066],[103.4481,15.33776]],[[103.4481,15.33776],[103.44179,15.33807]],[[103.44179,15.33807],[103.44463,15.34483]],[[103.44463,15.34483],[103.45106,15.34377]],[[103.45106,15.34377],[103.45185,15.33776]],[[103.45185,15.33776],[103.45864,15.335]],[[103.45864,15.335],[103.4642,15.33972]],[[103.4642,15.33972],[103.46575,15.33682]],[[103.46575,15.33682],[103.47248,15.33622]],[[103.47248,15.33622],[103.47344,15.32768]],[[103.47344,15.32768],[103.46921,15.32663]],[[103.46921,15.32663],[103.47187,15.32062]],[[103.47187,15.32062],[103.48079,15.32011]],[[103.48079,15.32011],[103.48506,15.31717]],[[103.48506,15.31717],[103.48796,15.31134]],[[103.48796,15.31134],[103.49099,15.31701]],[[103.49099,15.31701],[103.49553,15.30848]],[[103.49553,15.30848],[103.49925,15.30957]],[[103.49925,15.30957],[103.50017,15.31457]],[[103.50017,15.31457],[103.50376,15.3119]],[[103.50376,15.3119],[103.50295,15.30585]],[[103.50295,15.30585],[103.49723,15.30266]],[[103.49723,15.30266],[103.50066,15.29489]],[[103.50066,15.29489],[103.50459,15.29547]],[[103.50459,15.29547],[103.50544,15.29175]],[[103.50544,15.29175],[103.49482,15.29404]],[[103.49482,15.29404],[103.49129,15.29175]],[[103.49129,15.29175],[103.48263,15.29233]],[[103.48263,15.29233],[103.47996,15.29541]],[[103.47996,15.29541],[103.47667,15.29108]],[[103.47667,15.29108],[103.47667,15.28587]],[[103.47667,15.28587],[103.46938,15.287]],[[103.46938,15.287],[103.46964,15.28067]],[[103.46964,15.28067],[103.46262,15.28282]],[[103.46262,15.28282],[103.46335,15.276]],[[103.46335,15.276],[103.45802,15.26543]],[[103.45802,15.26543],[103.46122,15.26209]],[[103.46122,15.26209],[103.45848,15.25648]],[[103.45848,15.25648],[103.45284,15.25519]],[[103.45284,15.25519],[103.44263,15.26376]],[[103.44263,15.26376],[103.44292,15.25732]],[[103.44292,15.25732],[103.44625,15.25392]],[[103.44625,15.25392],[103.44053,15.251]],[[103.44053,15.251],[103.4369,15.24368]],[[103.4369,15.24368],[103.43374,15.22955]],[[103.43374,15.22955],[103.437,15.22397]],[[103.437,15.22397],[103.43597,15.21898]],[[103.43597,15.21898],[103.43056,15.21725]],[[103.43056,15.21725],[103.42854,15.21313]],[[103.42854,15.21313],[103.43569,15.20886]],[[103.43569,15.20886],[103.43188,15.20509]],[[103.43188,15.20509],[103.42562,15.20803]],[[103.42562,15.20803],[103.41914,15.20212]],[[103.41914,15.20212],[103.42012,15.19197]],[[103.42012,15.19197],[103.41892,15.18756]],[[103.41892,15.18756],[103.42889,15.18505]],[[103.42889,15.18505],[103.42851,15.1799]],[[103.42851,15.1799],[103.42217,15.17368]],[[103.42217,15.17368],[103.4203,15.16865]],[[103.4203,15.16865],[103.42334,15.1634]],[[103.42334,15.1634],[103.42909,15.16]],[[103.42909,15.16],[103.42525,15.15221]],[[103.42525,15.15221],[103.42053,15.15134]],[[103.42053,15.15134],[103.4287,15.14213]],[[103.4287,15.14213],[103.42492,15.13546]],[[103.42492,15.13546],[103.42581,15.12749]],[[103.42581,15.12749],[103.42952,15.12796]],[[103.42952,15.12796],[103.4333,15.12214]],[[103.4333,15.12214],[103.42784,15.1181]],[[103.42784,15.1181],[103.42555,15.10749]],[[103.42555,15.10749],[103.42716,15.10492]],[[103.42716,15.10492],[103.43568,15.1091]],[[103.43568,15.1091],[103.44166,15.10635]],[[103.44166,15.10635],[103.44003,15.09991]],[[103.44003,15.09991],[103.43244,15.10069]],[[103.43244,15.10069],[103.43178,15.08919]],[[103.43178,15.08919],[103.42852,15.08245]],[[103.42852,15.08245],[103.43935,15.08966]],[[103.43935,15.08966],[103.4415,15.08586]],[[103.4415,15.08586],[103.4365,15.08199]],[[103.4365,15.08199],[103.43088,15.07089]],[[103.43088,15.07089],[103.42468,15.06994]],[[103.42468,15.06994],[103.42257,15.06535]],[[103.42257,15.06535],[103.42864,15.06039]],[[103.42864,15.06039],[103.43356,15.06055]],[[103.43356,15.06055],[103.43963,15.05732]],[[103.43963,15.05732],[103.44801,15.04527]],[[103.44801,15.04527],[103.44359,15.04002]],[[103.44359,15.04002],[103.44212,15.03437]],[[103.44212,15.03437],[103.43725,15.02999]],[[103.43725,15.02999],[103.43031,15.02729]],[[103.43031,15.02729],[103.4233,15.03116]],[[103.4233,15.03116],[103.41435,15.00405]],[[103.41435,15.00405],[103.41058,15.00185]],[[103.41058,15.00185],[103.41748,15.00133]],[[103.41748,15.00133],[103.42745,14.99122]],[[103.42745,14.99122],[103.42649,14.987]],[[103.42649,14.987],[103.42203,14.9893]],[[103.42203,14.9893],[103.41985,14.98597]],[[103.41985,14.98597],[103.42936,14.98168]],[[103.42936,14.98168],[103.43002,14.97624]],[[103.43002,14.97624],[103.42239,14.97753]],[[103.42239,14.97753],[103.42039,14.97205]],[[103.42039,14.97205],[103.42901,14.97022]],[[103.42901,14.97022],[103.42083,14.96685]],[[103.42083,14.96685],[103.41818,14.96384]],[[103.41818,14.96384],[103.41744,14.95541]],[[103.41744,14.95541],[103.42335,14.95405]],[[103.42335,14.95405],[103.42166,14.94891]],[[103.42166,14.94891],[103.42411,14.94262]],[[103.42411,14.94262],[103.42788,14.94186]],[[103.42788,14.94186],[103.4233,14.9379]],[[103.4233,14.9379],[103.42616,14.93621]],[[103.42616,14.93621],[103.42533,14.92802]],[[103.42533,14.92802],[103.42269,14.92736]],[[103.42269,14.92736],[103.41679,14.9184]],[[103.41679,14.9184],[103.41161,14.91694]],[[103.41161,14.91694],[103.40626,14.92025]],[[103.40626,14.92025],[103.40191,14.91948]],[[103.40191,14.91948],[103.39992,14.91276]],[[103.39992,14.91276],[103.40463,14.91258]],[[103.40463,14.91258],[103.39839,14.90195]],[[103.39839,14.90195],[103.40471,14.89828]],[[103.40471,14.89828],[103.40128,14.89251]],[[103.40128,14.89251],[103.39471,14.89501]],[[103.39471,14.89501],[103.38899,14.89407]],[[103.38899,14.89407],[103.39422,14.89016]],[[103.39422,14.89016],[103.38984,14.8896]],[[103.38984,14.8896],[103.39195,14.88532]],[[103.39195,14.88532],[103.38663,14.88586]],[[103.38663,14.88586],[103.37905,14.87664]],[[103.37905,14.87664],[103.38452,14.87103]],[[103.38452,14.87103],[103.37694,14.8708]],[[103.37694,14.8708],[103.37903,14.86684]],[[103.37903,14.86684],[103.37523,14.85948]],[[103.37523,14.85948],[103.37282,14.86179]],[[103.37282,14.86179],[103.36723,14.86085]],[[103.36723,14.86085],[103.35995,14.85443]],[[103.35995,14.85443],[103.35806,14.84781]],[[103.35806,14.84781],[103.35131,14.83997]],[[103.35131,14.83997],[103.34566,14.84057]],[[103.34566,14.84057],[103.34397,14.83715]],[[103.34397,14.83715],[103.34621,14.83095]],[[103.34621,14.83095],[103.34137,14.82816]],[[103.34137,14.82816],[103.33605,14.8321]],[[103.33605,14.8321],[103.32881,14.83251]],[[103.32881,14.83251],[103.31894,14.82704]],[[103.31894,14.82704],[103.31942,14.82204]],[[103.31942,14.82204],[103.31232,14.814]],[[103.31232,14.814],[103.29769,14.8072]],[[103.29769,14.8072],[103.29361,14.81257]],[[103.29361,14.81257],[103.28998,14.80751]],[[103.28998,14.80751],[103.29286,14.79893]],[[103.29286,14.79893],[103.2902,14.786]],[[103.2902,14.786],[103.28132,14.78282]],[[103.28132,14.78282],[103.28203,14.77944]],[[103.28203,14.77944],[103.27394,14.7697]],[[103.27394,14.7697],[103.27169,14.77148]],[[103.27169,14.77148],[103.26629,14.76666]],[[103.26629,14.76666],[103.27057,14.76073]],[[103.27057,14.76073],[103.26746,14.75547]],[[103.26746,14.75547],[103.27134,14.75039]],[[103.27134,14.75039],[103.27498,14.74988]],[[103.27498,14.74988],[103.27404,14.73813]],[[103.27404,14.73813],[103.271,14.72286]],[[103.271,14.72286],[103.2706,14.71582]],[[103.2706,14.71582],[103.26538,14.71778]],[[103.26538,14.71778],[103.26943,14.70632]],[[103.26943,14.70632],[103.26565,14.69363]],[[103.26565,14.69363],[103.26238,14.69279]],[[103.26238,14.69279],[103.25986,14.68354]],[[103.25986,14.68354],[103.25709,14.68274]],[[103.25709,14.68274],[103.25739,14.67318]],[[103.25739,14.67318],[103.2596,14.67144]],[[103.2596,14.67144],[103.25315,14.66927]],[[103.25315,14.66927],[103.25411,14.66533]],[[103.25411,14.66533],[103.24979,14.66514]],[[103.24979,14.66514],[103.24846,14.65982]],[[103.24846,14.65982],[103.24515,14.65908]],[[103.24515,14.65908],[103.24179,14.65076]],[[103.24179,14.65076],[103.234,14.64815]],[[103.234,14.64815],[103.2336,14.64326]],[[103.2336,14.64326],[103.22919,14.63795]],[[103.22919,14.63795],[103.2304,14.63213]],[[103.2304,14.63213],[103.23453,14.62947]],[[103.23453,14.62947],[103.2386,14.61784]],[[103.2386,14.61784],[103.23197,14.60812]],[[103.23197,14.60812],[103.22145,14.60536]],[[103.22145,14.60536],[103.22225,14.60005]],[[103.22225,14.60005],[103.21869,14.60051]],[[103.21869,14.60051],[103.21277,14.59333]],[[103.21277,14.59333],[103.21387,14.59137]],[[103.21387,14.59137],[103.20998,14.57655]],[[103.20998,14.57655],[103.21399,14.57589]],[[103.21399,14.57589],[103.21608,14.56902]],[[103.21608,14.56902],[103.22219,14.56505]],[[103.22219,14.56505],[103.21996,14.5581]],[[103.21996,14.5581],[103.2205,14.54384]],[[103.2205,14.54384],[103.21737,14.54561]],[[103.21737,14.54561],[103.21114,14.54262]],[[103.21114,14.54262],[103.21362,14.52715]],[[103.21362,14.52715],[103.22102,14.51793]],[[103.22102,14.51793],[103.21809,14.50836]],[[103.21809,14.50836],[103.21369,14.50513]],[[103.21369,14.50513],[103.21539,14.50048]],[[103.21539,14.50048],[103.22184,14.49954]],[[103.22184,14.49954],[103.22584,14.49524]],[[103.22584,14.49524],[103.22395,14.49043]],[[103.22395,14.49043],[103.23087,14.48627]],[[103.23087,14.48627],[103.23557,14.48044]],[[103.23557,14.48044],[103.23376,14.46813]],[[103.23376,14.46813],[103.24006,14.45935]],[[103.24006,14.45935],[103.23894,14.45227]],[[103.23894,14.45227],[103.2448,14.44787]],[[103.2448,14.44787],[103.24643,14.44079]],[[103.24643,14.44079],[103.24365,14.43908]],[[103.24365,14.43908],[103.24576,14.43307]],[[103.24576,14.43307],[103.23873,14.42079]],[[103.23873,14.42079],[103.23472,14.40996]],[[103.23472,14.40996],[103.22826,14.40854]],[[103.22826,14.40854],[103.22046,14.40297]],[[103.22046,14.40297],[103.22466,14.39768]],[[103.22466,14.39768],[103.23395,14.39447]],[[103.23395,14.39447],[103.23281,14.38894]],[[103.23281,14.38894],[103.22891,14.38338]],[[103.22891,14.38338],[103.22343,14.38134]],[[103.22343,14.38134],[103.22107,14.37469]],[[103.22107,14.37469],[103.22298,14.36986]],[[103.22298,14.36986],[103.21926,14.35959]],[[103.21926,14.35959],[103.22337,14.35317]],[[103.22337,14.35317],[103.2212,14.34826]],[[103.2212,14.34826],[103.22317,14.34033]],[[103.22317,14.34033],[103.22597,14.33762]],[[103.22597,14.33762],[103.2262,14.32671]],[[103.2262,14.32671],[103.21857,14.32288],[103.21652,14.32738],[103.20943,14.32883],[103.20134,14.32802],[103.18851,14.33422],[103.17624,14.33602],[103.16514,14.33405],[103.15932,14.32566],[103.15409,14.31468],[103.13947,14.32419],[103.12833,14.3185],[103.13084,14.3088],[103.12811,14.30335],[103.11516,14.30028],[103.09607,14.29945],[103.08888,14.29685],[103.08221,14.29663],[103.07474,14.28644],[103.05707,14.28513],[103.05656,14.27418],[103.04525,14.2611],[103.03802,14.25062],[103.03649,14.24167],[103.02823,14.23645],[103.02372,14.23032],[103.0194,14.2288],[103.01263,14.23149],[103.01189,14.22726],[103.00098,14.21824],[102.99878,14.21399],[102.99095,14.21156],[102.98728,14.21407],[102.9701,14.2098],[102.96342,14.21144],[102.95274,14.20696],[102.95229,14.20395],[102.95876,14.19737],[102.95603,14.19528],[102.94784,14.19612],[102.94539,14.19063],[102.93616,14.17982],[102.93036,14.17565]],[[102.77659,15.63359],[102.78586,15.63273]],[[102.78586,15.63273],[102.78696,15.63679]],[[102.78696,15.63679],[102.79588,15.63666]],[[102.79588,15.63666],[102.80427,15.63279]],[[102.80427,15.63279],[102.81856,15.63381]],[[102.81856,15.63381],[102.83509,15.63652]],[[102.83509,15.63652],[102.85529,15.63613]],[[102.85529,15.63613],[102.86351,15.65114]],[[102.86351,15.65114],[102.86759,15.65286]],[[102.86759,15.65286],[102.8677,15.65713]],[[102.8677,15.65713],[102.87671,15.66606]],[[102.87671,15.66606],[102.8825,15.66456]],[[102.8825,15.66456],[102.88353,15.67249]],[[102.88353,15.67249],[102.87497,15.67535]],[[102.87497,15.67535],[102.87348,15.6815]],[[102.87348,15.6815],[102.86979,15.68288]],[[102.86979,15.68288],[102.87082,15.69059]],[[102.87082,15.69059],[102.86934,15.6958]],[[102.86934,15.6958],[102.87599,15.70488]],[[102.87599,15.70488],[102.8769,15.71707]],[[102.8769,15.71707],[102.87599,15.73365]],[[102.87599,15.73365],[102.87386,15.7385]],[[102.87386,15.7385],[102.8805,15.7459]],[[102.8805,15.7459],[102.87884,15.75198]],[[102.87884,15.75198],[102.88104,15.75601]],[[102.88104,15.75601],[102.87726,15.76426]],[[102.87726,15.76426],[102.87747,15.77157]],[[102.87747,15.77157],[102.88344,15.77172]],[[102.88344,15.77172],[102.88551,15.77805]],[[102.88551,15.77805],[102.89157,15.77784]],[[102.89157,15.77784],[102.89178,15.78154]],[[102.89178,15.78154],[102.89737,15.78573]],[[102.89737,15.78573],[102.9059,15.78414]],[[102.9059,15.78414],[102.90589,15.78715]],[[102.90589,15.78715],[102.91533,15.78958]],[[102.91533,15.78958],[102.92517,15.79529]],[[102.92517,15.79529],[102.93046,15.79583]],[[102.93046,15.79583],[102.93333,15.79492]],[[102.93333,15.79492],[102.93313,15.7889]],[[102.93313,15.7889],[102.93978,15.78433]],[[102.93978,15.78433],[102.93778,15.77626]],[[102.93778,15.77626],[102.94198,15.7666]],[[102.94198,15.7666],[102.95382,15.7596]],[[102.95382,15.7596],[102.96188,15.76034]],[[102.96188,15.76034],[102.96793,15.75516]],[[102.96793,15.75516],[102.97047,15.75664]],[[102.97047,15.75664],[102.97895,15.75087]],[[102.97895,15.75087],[102.97764,15.74724]],[[102.97764,15.74724],[102.9802,15.74174]],[[102.9802,15.74174],[102.98302,15.74203]],[[102.98302,15.74203],[102.98806,15.73282]],[[102.98806,15.73282],[102.99336,15.73484]],[[102.99336,15.73484],[102.99843,15.73391]],[[102.99843,15.73391],[103.00605,15.72498]],[[103.00605,15.72498],[103.00296,15.71703]],[[103.00296,15.71703],[103.00538,15.71491]],[[103.00538,15.71491],[103.01084,15.70332]],[[103.01084,15.70332],[103.00601,15.69737]],[[103.00601,15.69737],[103.00722,15.68901]],[[103.00722,15.68901],[103.00272,15.68294]],[[103.00272,15.68294],[102.99985,15.68349]],[[102.99985,15.68349],[102.98956,15.67753]],[[102.98956,15.67753],[102.98973,15.67506]],[[102.98973,15.67506],[102.98281,15.67598]],[[102.98281,15.67598],[102.97534,15.67035]],[[102.97534,15.67035],[102.97458,15.66071]],[[102.97458,15.66071],[102.98002,15.65824]],[[102.98002,15.65824],[102.98877,15.64721]],[[102.98877,15.64721],[102.99409,15.64852]],[[102.99409,15.64852],[102.99629,15.64075]],[[102.99629,15.64075],[103.00562,15.63387]],[[103.00562,15.63387],[103.00538,15.63015]],[[103.00538,15.63015],[103.01236,15.6284]],[[103.01236,15.6284],[103.01276,15.61527]],[[103.01276,15.61527],[103.02195,15.60855]],[[103.02195,15.60855],[103.02134,15.60495]],[[103.02134,15.60495],[103.02748,15.60353]],[[103.02748,15.60353],[103.02932,15.59882]],[[103.02932,15.59882],[103.04561,15.59764]],[[103.04561,15.59764],[103.04555,15.59325]],[[103.04555,15.59325],[103.0498,15.59565]],[[103.0498,15.59565],[103.05387,15.58938]],[[103.05387,15.58938],[103.04636,15.57727]],[[103.04636,15.57727],[103.04984,15.57558]],[[103.04984,15.57558],[103.04509,15.57323]],[[103.04509,15.57323],[103.0487,15.56779]],[[103.0487,15.56779],[103.0466,15.56364]],[[103.0466,15.56364],[103.05463,15.56064]],[[103.05463,15.56064],[103.05343,15.55703]],[[103.05343,15.55703],[103.06069,15.55792]],[[103.06069,15.55792],[103.06149,15.55338]],[[103.06149,15.55338],[103.06672,15.55317]],[[103.06672,15.55317],[103.07703,15.54288]],[[103.07703,15.54288],[103.08292,15.5429]],[[103.08292,15.5429],[103.09066,15.5329]],[[103.09066,15.5329],[103.0877,15.52549]],[[103.0877,15.52549],[103.08321,15.52781]],[[103.08321,15.52781],[103.08481,15.5229]],[[103.08481,15.5229],[103.07907,15.51367]],[[103.07907,15.51367],[103.07774,15.5154]],[[103.07774,15.5154],[103.07298,15.50855]],[[103.07298,15.50855],[103.07299,15.4974]],[[103.07299,15.4974],[103.07728,15.49911]],[[103.07728,15.49911],[103.07982,15.49489]],[[103.07982,15.49489],[103.10681,15.48423]],[[103.10681,15.48423],[103.1114,15.48128]],[[103.40327,15.43645],[103.41882,15.44451]],[[103.41882,15.44451],[103.42633,15.44945]],[[103.42633,15.44945],[103.43081,15.44918]],[[103.43081,15.44918],[103.43378,15.45475]],[[103.43378,15.45475],[103.44588,15.45604]],[[103.44588,15.45604],[103.45068,15.45407]],[[103.45068,15.45407],[103.47993,15.45222]],[[103.47993,15.45222],[103.48584,15.44874]],[[103.48584,15.44874],[103.48609,15.44303]],[[103.48609,15.44303],[103.49222,15.43822]],[[103.49222,15.43822],[103.50303,15.43933]],[[103.50303,15.43933],[103.5119,15.43364]],[[103.5119,15.43364],[103.51701,15.42863]],[[103.51701,15.42863],[103.51784,15.4308]],[[103.51784,15.4308],[103.53267,15.42655]],[[103.53267,15.42655],[103.54206,15.43548]],[[103.54206,15.43548],[103.54292,15.43955]],[[103.54292,15.43955],[103.55005,15.43836]],[[103.55005,15.43836],[103.54862,15.44325]],[[103.54862,15.44325],[103.55575,15.45272]],[[103.55575,15.45272],[103.5617,15.45236]],[[103.5617,15.45236],[103.5658,15.46004]],[[103.5658,15.46004],[103.57066,15.45954]],[[103.57066,15.45954],[103.57963,15.4658]],[[103.57963,15.4658],[103.58394,15.46369]],[[103.58394,15.46369],[103.58648,15.46679]],[[103.58648,15.46679],[103.5908,15.46465]],[[103.5908,15.46465],[103.59211,15.46759]],[[103.59211,15.46759],[103.60035,15.46509]],[[103.60035,15.46509],[103.60132,15.46817]],[[103.60132,15.46817],[103.60691,15.46883]],[[103.60691,15.46883],[103.61212,15.46541]],[[103.61212,15.46541],[103.62266,15.46685]],[[103.62266,15.46685],[103.62687,15.46143]],[[103.62687,15.46143],[103.62497,15.45977]],[[103.62497,15.45977],[103.63353,15.45696]],[[103.63353,15.45696],[103.64886,15.45749]],[[103.64886,15.45749],[103.65298,15.45184]],[[103.65298,15.45184],[103.65961,15.44941]],[[103.65961,15.44941],[103.663,15.4525]],[[103.663,15.4525],[103.66763,15.4462]],[[103.66763,15.4462],[103.67455,15.44488]],[[103.67455,15.44488],[103.67545,15.44812]],[[103.67545,15.44812],[103.68093,15.44581]],[[103.68093,15.44581],[103.68508,15.44775]],[[103.68508,15.44775],[103.69604,15.44316]],[[103.69604,15.44316],[103.70083,15.44541]],[[103.70083,15.44541],[103.70317,15.44172]],[[103.70317,15.44172],[103.70887,15.44306]],[[103.70887,15.44306],[103.70882,15.4474]],[[103.70882,15.4474],[103.71404,15.44313]],[[103.71404,15.44313],[103.71579,15.44689]],[[103.71579,15.44689],[103.72432,15.438]],[[103.72432,15.438],[103.72603,15.44128]],[[103.72603,15.44128],[103.73044,15.43883]],[[103.73044,15.43883],[103.73273,15.44418]],[[103.73273,15.44418],[103.73768,15.43972]],[[103.73768,15.43972],[103.74406,15.44759]],[[103.74406,15.44759],[103.7498,15.44432]],[[103.7498,15.44432],[103.75417,15.43873]],[[103.75417,15.43873],[103.76239,15.43741]],[[103.76239,15.43741],[103.76261,15.44003]],[[103.76261,15.44003],[103.77089,15.43936]],[[103.77089,15.43936],[103.77344,15.43566]],[[103.77344,15.43566],[103.78018,15.43692]],[[103.78018,15.43692],[103.78074,15.44239]],[[103.78074,15.44239],[103.78399,15.44048]],[[103.78399,15.44048],[103.79076,15.44429]],[[103.79076,15.44429],[103.79438,15.44176]],[[103.79438,15.44176],[103.79728,15.44491]],[[103.79728,15.44491],[103.81641,15.447]],[[103.81641,15.447],[103.81797,15.45082]],[[103.81797,15.45082],[103.8284,15.45133]],[[103.8284,15.45133],[103.82749,15.45558]],[[103.82749,15.45558],[103.8316,15.46036]],[[103.8316,15.46036],[103.83991,15.4594]],[[103.83991,15.4594],[103.84725,15.45589]],[[103.84725,15.45589],[103.85131,15.46519]],[[103.85131,15.46519],[103.85645,15.4647]],[[103.85645,15.4647],[103.85859,15.4604]],[[103.85859,15.4604],[103.8576,15.45098]],[[103.8576,15.45098],[103.8637,15.44997]],[[103.8637,15.44997],[103.86542,15.46091]],[[103.86542,15.46091],[103.87395,15.46398]],[[103.87395,15.46398],[103.8774,15.46837]],[[103.8774,15.46837],[103.88309,15.4649]],[[103.88309,15.4649],[103.88476,15.4541]],[[103.88476,15.4541],[103.89019,15.45825]],[[103.89019,15.45825],[103.89133,15.46305]],[[103.89133,15.46305],[103.88877,15.46717]],[[103.88877,15.46717],[103.89211,15.46798]],[[103.89211,15.46798],[103.90051,15.44742]],[[103.90051,15.44742],[103.89921,15.4415]],[[103.89921,15.4415],[103.9055,15.44261]],[[103.9055,15.44261],[103.90722,15.43695]],[[103.90722,15.43695],[103.91151,15.43624]],[[103.91151,15.43624],[103.91864,15.44042]],[[103.91864,15.44042],[103.92368,15.43916]],[[103.92368,15.43916],[103.92772,15.43338]],[[103.92772,15.43338],[103.93953,15.43645]],[[103.93953,15.43645],[103.94291,15.43916]],[[103.94291,15.43916],[103.94776,15.43664]],[[103.94776,15.43664],[103.94767,15.43259]],[[103.94767,15.43259],[103.94208,15.43006]],[[103.94208,15.43006],[103.94186,15.42639]],[[103.94186,15.42639],[103.95241,15.41257]],[[103.95241,15.41257],[103.96034,15.41683]],[[103.96034,15.41683],[103.96121,15.42276]],[[103.96121,15.42276],[103.97438,15.42651]],[[103.97438,15.42651],[103.97621,15.42001]],[[103.97621,15.42001],[103.97081,15.40984]],[[103.97081,15.40984],[103.97599,15.40529]],[[103.97599,15.40529],[103.98521,15.40519]],[[103.98521,15.40519],[103.989,15.40698]],[[103.989,15.40698],[103.99396,15.39962]],[[103.99396,15.39962],[103.99556,15.39335]],[[103.99556,15.39335],[104.00374,15.40137]],[[104.00374,15.40137],[104.0024,15.40902]],[[104.0024,15.40902],[104.0073,15.40958]],[[104.0073,15.40958],[104.01437,15.40343]],[[104.01437,15.40343],[104.01699,15.41123]],[[104.01699,15.41123],[104.02066,15.41079]],[[104.02066,15.41079],[104.02753,15.40341]],[[104.02753,15.40341],[104.03375,15.40775]],[[104.03375,15.40775],[104.041,15.40369]],[[104.041,15.40369],[104.04786,15.40272]],[[104.04786,15.40272],[104.05174,15.39594]],[[104.05174,15.39594],[104.05696,15.40449]],[[104.05696,15.40449],[104.05999,15.40526]],[[104.05999,15.40526],[104.06232,15.40051]],[[104.06232,15.40051],[104.07417,15.39267]],[[104.07417,15.39267],[104.07513,15.38959]],[[104.07513,15.38959],[104.07173,15.38253]],[[104.07173,15.38253],[104.07529,15.38103]],[[104.07529,15.38103],[104.08075,15.38451]],[[104.08075,15.38451],[104.08459,15.3813]],[[104.08459,15.3813],[104.07979,15.37757]],[[104.07979,15.37757],[104.08028,15.37417]],[[104.08028,15.37417],[104.08601,15.36842]],[[104.08601,15.36842],[104.0847,15.36454]],[[104.0847,15.36454],[104.09056,15.36403]],[[104.09056,15.36403],[104.08439,15.35854]],[[104.08439,15.35854],[104.08748,15.35527]],[[104.08748,15.35527],[104.09177,15.35607]],[[104.09177,15.35607],[104.08752,15.34993]],[[104.08752,15.34993],[104.08013,15.34874]],[[104.08013,15.34874],[104.07431,15.35371]],[[104.07431,15.35371],[104.06866,15.34743]],[[104.06866,15.34743],[104.06211,15.34906]],[[104.06211,15.34906],[104.06166,15.34352]],[[104.06166,15.34352],[104.05567,15.34619]],[[104.05567,15.34619],[104.05302,15.34049]],[[104.05302,15.34049],[104.04421,15.34117]],[[104.04421,15.34117],[104.04406,15.33314]],[[104.04406,15.33314],[104.03963,15.33457]],[[104.03963,15.33457],[104.03543,15.32745]],[[104.03543,15.32745],[104.03112,15.33213]],[[104.03112,15.33213],[104.02263,15.33117]],[[104.02263,15.33117],[104.02535,15.32645]],[[104.02535,15.32645],[104.0301,15.32456]],[[104.0301,15.32456],[104.02892,15.31945]],[[104.02892,15.31945],[104.02231,15.31377]],[[104.02231,15.31377],[104.01584,15.3136]],[[104.01584,15.3136],[104.01074,15.31594]],[[104.01074,15.31594],[104.01265,15.31076]],[[104.01265,15.31076],[104.01179,15.29837]],[[104.01179,15.29837],[104.01541,15.28991]],[[104.01541,15.28991],[104.00941,15.29219]],[[104.00941,15.29219],[104.00229,15.28942]],[[104.00229,15.28942],[103.99652,15.29547]],[[103.99652,15.29547],[103.99501,15.28953]],[[103.99501,15.28953],[103.99608,15.27746]],[[103.99608,15.27746],[103.99819,15.27244]],[[103.99819,15.27244],[103.98998,15.26828]],[[103.98998,15.26828],[103.98296,15.27448]],[[103.98296,15.27448],[103.97727,15.27578]],[[103.97727,15.27578],[103.97723,15.28177]],[[103.97723,15.28177],[103.97234,15.27916]],[[103.97234,15.27916],[103.97769,15.26357]],[[103.97769,15.26357],[103.98746,15.25999]],[[103.98746,15.25999],[103.99431,15.25592]],[[103.99431,15.25592],[103.99641,15.25065]],[[103.99641,15.25065],[103.98565,15.24651]],[[103.98565,15.24651],[103.99219,15.23677]],[[103.99219,15.23677],[103.98977,15.23161]],[[103.98977,15.23161],[103.98466,15.23289]],[[103.98466,15.23289],[103.98829,15.22812]],[[103.98829,15.22812],[103.98692,15.22478]],[[103.98692,15.22478],[103.9768,15.22632]],[[103.9768,15.22632],[103.97077,15.2187]],[[103.97077,15.2187],[103.97944,15.21239]],[[103.97944,15.21239],[103.97591,15.20707]],[[103.97591,15.20707],[103.98225,15.1997]],[[103.98225,15.1997],[103.97765,15.20033]],[[103.97765,15.20033],[103.97739,15.19013]],[[103.97739,15.19013],[103.97016,15.18909]],[[103.97016,15.18909],[103.96665,15.18584]],[[103.96665,15.18584],[103.97128,15.18045]],[[103.97128,15.18045],[103.96825,15.17321]],[[103.96825,15.17321],[103.97043,15.16578]],[[103.97043,15.16578],[103.96745,15.16607]],[[103.96745,15.16607],[103.97733,15.15912]],[[103.97733,15.15912],[103.98333,15.16225]],[[103.98333,15.16225],[103.98341,15.15579]],[[103.98341,15.15579],[103.99676,15.14828]],[[103.99676,15.14828],[104.00006,15.14983]],[[104.00006,15.14983],[103.99729,15.14341]],[[103.99729,15.14341],[103.99992,15.14209]],[[103.99992,15.14209],[103.99914,15.13619]],[[103.99914,15.13619],[103.98952,15.13561]],[[103.98952,15.13561],[103.98684,15.1288]],[[103.98684,15.1288],[103.99534,15.12487]],[[103.99534,15.12487],[103.99598,15.12108]],[[103.99598,15.12108],[103.9912,15.11163]],[[103.9912,15.11163],[103.99604,15.11036]],[[103.99604,15.11036],[103.9945,15.09828]],[[103.9945,15.09828],[103.99854,15.09411]],[[103.99854,15.09411],[103.99655,15.08932]],[[103.99655,15.08932],[103.99305,15.09083]],[[103.99305,15.09083],[103.99341,15.08449]],[[103.99341,15.08449],[104.00148,15.08665]],[[104.00148,15.08665],[103.99901,15.08177]],[[103.99901,15.08177],[104.00183,15.07799]],[[104.00183,15.07799],[104.01436,15.08221]],[[104.01436,15.08221],[104.02051,15.07816]],[[104.02051,15.07816],[104.01983,15.07238]],[[104.01983,15.07238],[104.0167,15.07049]],[[104.0167,15.07049],[104.0114,15.07449]],[[104.0114,15.07449],[104.01009,15.06947]],[[104.01009,15.06947],[104.01329,15.06616]],[[104.01329,15.06616],[104.00544,15.05937]],[[104.00544,15.05937],[104.01322,15.0576]],[[104.01322,15.0576],[104.01732,15.04957]],[[104.01732,15.04957],[104.02103,15.04827]],[[104.02103,15.04827],[104.02039,15.04363]],[[104.02039,15.04363],[104.01408,15.04182]],[[104.01408,15.04182],[104.01195,15.03862]],[[104.01195,15.03862],[104.0159,15.03199]],[[104.0159,15.03199],[104.01269,15.03111]],[[104.01269,15.03111],[104.01053,15.01939]],[[104.01053,15.01939],[104.00459,15.02122]],[[104.00459,15.02122],[103.9979,15.01951]],[[103.9979,15.01951],[103.99482,15.01521]],[[103.99482,15.01521],[103.99968,15.01377]],[[103.99968,15.01377],[103.99769,15.01065]],[[103.99769,15.01065],[104.00022,15.00495]],[[104.00022,15.00495],[103.99902,14.99531]],[[103.99902,14.99531],[103.99194,14.98483]],[[103.99194,14.98483],[103.98465,14.98392]],[[103.98465,14.98392],[103.98086,14.97941]],[[103.98086,14.97941],[103.98172,14.97495]],[[103.98172,14.97495],[103.97543,14.97432]],[[103.97543,14.97432],[103.97529,14.97922]],[[103.97529,14.97922],[103.96697,14.97388]],[[103.96697,14.97388],[103.96933,14.96299]],[[103.96933,14.96299],[103.96745,14.95875]],[[103.96745,14.95875],[103.96867,14.94946]],[[103.96867,14.94946],[103.96405,14.94989]],[[103.96405,14.94989],[103.95601,14.93772]],[[103.95601,14.93772],[103.95513,14.94241]],[[103.95513,14.94241],[103.94767,14.94109]],[[103.94767,14.94109],[103.94815,14.93708]],[[103.94815,14.93708],[103.94406,14.92241]],[[103.94406,14.92241],[103.93692,14.91518]],[[103.93692,14.91518],[103.93844,14.90741]],[[103.93844,14.90741],[103.92813,14.90338]],[[103.92813,14.90338],[103.92492,14.8995]],[[103.92492,14.8995],[103.92518,14.89369]],[[103.92518,14.89369],[103.92095,14.89034]],[[103.92095,14.89034],[103.92064,14.88578]],[[103.92064,14.88578],[103.91685,14.88288]],[[103.91685,14.88288],[103.91969,14.87727]],[[103.91969,14.87727],[103.91949,14.87031]],[[103.91949,14.87031],[103.91505,14.8696]],[[103.91505,14.8696],[103.91237,14.86454]],[[103.91237,14.86454],[103.90744,14.86132]],[[103.90744,14.86132],[103.9076,14.85575]],[[103.9076,14.85575],[103.90346,14.85278]],[[103.90346,14.85278],[103.90336,14.84379]],[[103.90336,14.84379],[103.90893,14.83644]],[[103.90893,14.83644],[103.91878,14.82872]],[[103.91878,14.82872],[103.92447,14.82624]],[[103.92447,14.82624],[103.95444,14.81773]],[[103.95444,14.81773],[103.98336,14.8069]],[[103.98336,14.8069],[103.99444,14.80016]],[[103.99444,14.80016],[104.00242,14.7758]],[[104.00242,14.7758],[104.00352,14.7665]],[[104.00352,14.7665],[103.99934,14.75198]],[[103.99934,14.75198],[103.99859,14.73496]],[[103.99859,14.73496],[104.00127,14.72558]],[[104.00127,14.72558],[104.01146,14.71044]],[[104.01146,14.71044],[104.01973,14.70067]],[[104.01973,14.70067],[104.02989,14.69096]],[[104.02989,14.69096],[104.04721,14.6759]],[[104.04721,14.6759],[104.0507,14.66956]],[[104.0507,14.66956],[104.0539,14.65455]],[[104.0539,14.65455],[104.05602,14.65105]],[[104.05602,14.65105],[104.05109,14.63714]],[[104.05109,14.63714],[104.0513,14.6329]],[[104.0513,14.6329],[104.05663,14.62712]],[[104.05663,14.62712],[104.05906,14.61331]],[[104.05906,14.61331],[104.05882,14.60176]],[[104.05882,14.60176],[104.05551,14.58704]],[[104.05551,14.58704],[104.05541,14.5799]],[[104.05541,14.5799],[104.05241,14.57344]],[[104.05241,14.57344],[104.04549,14.56534]],[[104.04549,14.56534],[104.04599,14.55455]],[[104.04599,14.55455],[104.03242,14.54551]],[[104.03242,14.54551],[104.0332,14.53323]],[[104.0332,14.53323],[104.03708,14.51496]],[[104.03708,14.51496],[104.03503,14.49883]],[[104.03503,14.49883],[104.03691,14.49602]],[[104.03691,14.49602],[104.04417,14.49686]],[[104.04417,14.49686],[104.04833,14.49378]],[[104.04833,14.49378],[104.05366,14.49463]],[[104.05366,14.49463],[104.04747,14.48341]],[[104.04747,14.48341],[104.05129,14.47285]],[[104.05129,14.47285],[104.05759,14.47035]],[[104.05759,14.47035],[104.05833,14.4571]],[[104.05833,14.4571],[104.05548,14.45452]],[[104.05548,14.45452],[104.05334,14.43832]],[[104.05334,14.43832],[104.05043,14.43371]],[[104.05043,14.43371],[104.05025,14.42687]],[[104.05025,14.42687],[104.05341,14.41425]],[[104.05341,14.41425],[104.0468,14.40738]],[[104.0468,14.40738],[104.04853,14.39133]],[[104.04853,14.39133],[104.04693,14.38919]],[[104.04693,14.38919],[104.0505,14.37925]],[[104.0505,14.37925],[104.04689,14.37311]],[[104.04689,14.37311],[104.04362,14.36093]],[[104.04362,14.36093],[104.04787,14.35667]],[[104.04787,14.35667],[104.05231,14.35599]],[[104.05231,14.35599],[104.05712,14.34344]],[[104.05712,14.34344],[104.04461,14.34042],[104.03442,14.34094],[104.03,14.33778],[104.02523,14.34139],[104.01491,14.34248],[104.01049,14.34746],[104.00853,14.35377],[104.00055,14.35322],[103.99825,14.34584],[103.99398,14.34436],[103.98686,14.34641],[103.98384,14.35263],[103.97818,14.35372],[103.97122,14.34793],[103.96615,14.34926],[103.95066,14.34957],[103.9484,14.33995],[103.94926,14.33132],[103.94234,14.32904],[103.92962,14.33216],[103.92304,14.3321],[103.91738,14.33666],[103.90841,14.33813],[103.90022,14.33727],[103.89867,14.34475],[103.88968,14.34424],[103.88455,14.34201],[103.88407,14.33792],[103.86884,14.34732],[103.86681,14.35289],[103.85889,14.35771],[103.86259,14.3661],[103.85405,14.36718],[103.83947,14.37152],[103.83441,14.3694],[103.83026,14.36268],[103.83003,14.35105],[103.82118,14.35011],[103.80771,14.35086],[103.80247,14.35699],[103.80315,14.36771],[103.79825,14.36616],[103.78874,14.36702],[103.78278,14.365],[103.77564,14.36005],[103.77378,14.36433],[103.7657,14.36759],[103.76188,14.37454],[103.75823,14.37647],[103.75423,14.37128],[103.74907,14.37337],[103.74646,14.37771],[103.73036,14.37761],[103.72604,14.37982],[103.70555,14.37681],[103.70237,14.37918],[103.69835,14.38895],[103.70129,14.40083],[103.70083,14.40675],[103.70588,14.41211],[103.70887,14.42234],[103.70666,14.43303],[103.69451,14.43729],[103.68796,14.43745],[103.68098,14.43333],[103.66927,14.43413],[103.65785,14.4378],[103.65258,14.43513],[103.64441,14.42719],[103.64188,14.42167],[103.64693,14.42173],[103.65748,14.41707],[103.65436,14.40948],[103.64854,14.41063],[103.62861,14.40224],[103.62279,14.39737],[103.61804,14.39749],[103.61272,14.40153],[103.60908,14.4158],[103.59725,14.41428],[103.5885,14.42324],[103.57667,14.42552],[103.57246,14.42224],[103.55888,14.42321],[103.55318,14.41843],[103.54388,14.41753],[103.52853,14.41022],[103.52611,14.40193],[103.52259,14.39964],[103.51626,14.40349],[103.49829,14.39737],[103.49682,14.39001],[103.4929,14.38556],[103.48307,14.38709],[103.47971,14.37808],[103.4724,14.37553],[103.46918,14.36533],[103.46599,14.36446],[103.45893,14.36724],[103.45062,14.36817],[103.44513,14.37892],[103.43917,14.3795],[103.43791,14.38955],[103.43339,14.38985],[103.42052,14.38313],[103.41597,14.37932],[103.41023,14.37112],[103.41175,14.36138],[103.4091,14.35749],[103.39324,14.35712],[103.38053,14.35262],[103.36606,14.35182],[103.35314,14.35231],[103.34748,14.35426],[103.34013,14.35183],[103.32545,14.35168],[103.31864,14.35615],[103.28,14.34812],[103.27209,14.34953],[103.25718,14.34498],[103.2463,14.33784],[103.23601,14.33573],[103.2262,14.32671]],[[103.1114,15.48128],[103.11448,15.48285]],[[103.11448,15.48285],[103.12756,15.4799]],[[103.12756,15.4799],[103.20417,15.46014]],[[103.20417,15.46014],[103.21542,15.46122]],[[103.21542,15.46122],[103.21442,15.45802]],[[103.21442,15.45802],[103.22468,15.45369]],[[103.22468,15.45369],[103.22431,15.4486]],[[103.22431,15.4486],[103.23062,15.44725]],[[103.23062,15.44725],[103.24172,15.44977]],[[103.24172,15.44977],[103.25084,15.44826]],[[103.25084,15.44826],[103.25271,15.4435]],[[103.25271,15.4435],[103.26324,15.43803]],[[103.26324,15.43803],[103.26187,15.43003]],[[103.26187,15.43003],[103.26949,15.42336]],[[103.26949,15.42336],[103.28771,15.42181]],[[103.28771,15.42181],[103.30072,15.417]],[[103.30072,15.417],[103.31601,15.413]],[[103.31601,15.413],[103.32662,15.41403]],[[103.32662,15.41403],[103.34049,15.40942]],[[103.34049,15.40942],[103.34779,15.40896]],[[103.34779,15.40896],[103.36467,15.41397]],[[103.36467,15.41397],[103.37343,15.42431]],[[103.37343,15.42431],[103.37808,15.42748]],[[103.37808,15.42748],[103.39719,15.43139]],[[103.39719,15.43139],[103.40327,15.43645]],[[104.12174,15.56313],[104.12865,15.56046]],[[104.12865,15.56046],[104.1305,15.55689]],[[104.1305,15.55689],[104.1341,15.53852]],[[104.1341,15.53852],[104.14119,15.52867]],[[104.14119,15.52867],[104.13509,15.52549]],[[104.13509,15.52549],[104.13239,15.51313]],[[104.13239,15.51313],[104.1393,15.50467]],[[104.1393,15.50467],[104.14778,15.49843]],[[104.14778,15.49843],[104.15632,15.48827]],[[104.15632,15.48827],[104.16916,15.47758]],[[104.16916,15.47758],[104.17429,15.46162]],[[104.17429,15.46162],[104.17987,15.4625]],[[104.17987,15.4625],[104.19342,15.45859]],[[104.19342,15.45859],[104.1974,15.45446]],[[104.1974,15.45446],[104.20478,15.44041]],[[104.20478,15.44041],[104.2151,15.42723]],[[104.2151,15.42723],[104.2212,15.41701]],[[104.2212,15.41701],[104.23286,15.40315]],[[104.23286,15.40315],[104.23396,15.39778]],[[104.23396,15.39778],[104.24013,15.38306]],[[104.24013,15.38306],[104.24355,15.37835]],[[104.24355,15.37835],[104.25114,15.3731]],[[104.25114,15.3731],[104.26266,15.37182]],[[104.26266,15.37182],[104.27144,15.36508]],[[104.27144,15.36508],[104.27397,15.36601]],[[104.27397,15.36601],[104.28052,15.35747]],[[104.28052,15.35747],[104.29076,15.35429]],[[104.29076,15.35429],[104.29686,15.34479]],[[104.29686,15.34479],[104.30457,15.3421]],[[104.30457,15.3421],[104.30905,15.34397]],[[104.30905,15.34397],[104.3132,15.3419]],[[104.3132,15.3419],[104.32103,15.34674]],[[104.32103,15.34674],[104.33545,15.344]],[[104.33545,15.344],[104.33977,15.34582]],[[104.33977,15.34582],[104.34576,15.34315]],[[104.34576,15.34315],[104.3537,15.34451]],[[104.3537,15.34451],[104.36856,15.32521]],[[104.36856,15.32521],[104.36967,15.32126]],[[104.36967,15.32126],[104.37494,15.32254]],[[104.37494,15.32254],[104.37603,15.32941]],[[104.37603,15.32941],[104.38346,15.32957]],[[104.38346,15.32957],[104.38811,15.3226]],[[104.38811,15.3226],[104.38809,15.31275]],[[104.38809,15.31275],[104.38555,15.3021]],[[104.38555,15.3021],[104.38222,15.29466]],[[104.38222,15.29466],[104.40673,15.28931]],[[104.40673,15.28931],[104.41682,15.28613]],[[104.41682,15.28613],[104.44683,15.28088]],[[104.44683,15.28088],[104.45955,15.27609]],[[104.45955,15.27609],[104.46787,15.26912]],[[104.46787,15.26912],[104.4758,15.26746]],[[104.4758,15.26746],[104.50416,15.26766]],[[104.50416,15.26766],[104.50814,15.26218]],[[104.50814,15.26218],[104.51705,15.25518]],[[104.51705,15.25518],[104.52492,15.25247]],[[104.52492,15.25247],[104.54917,15.25164]],[[104.54917,15.25164],[104.57515,15.25269]],[[104.57515,15.25269],[104.57697,15.25765]],[[104.57697,15.25765],[104.58204,15.25744]],[[104.58204,15.25744],[104.58692,15.26461]],[[104.58692,15.26461],[104.60186,15.26909]],[[104.60186,15.26909],[104.60537,15.27284]],[[104.60537,15.27284],[104.60911,15.28206]],[[104.60911,15.28206],[104.61351,15.27549]],[[104.61351,15.27549],[104.61383,15.26486]],[[104.61383,15.26486],[104.61798,15.2639]],[[104.61798,15.2639],[104.61948,15.27443]],[[104.61948,15.27443],[104.62242,15.27541]],[[104.62242,15.27541],[104.63286,15.26972]],[[104.63286,15.26972],[104.63986,15.27356]],[[104.63986,15.27356],[104.64414,15.2695]],[[104.64414,15.2695],[104.64565,15.24991]],[[104.64565,15.24991],[104.64441,15.24267]],[[104.64441,15.24267],[104.64873,15.23829]],[[104.64873,15.23829],[104.65668,15.23927]],[[104.65668,15.23927],[104.66541,15.23393]],[[104.66541,15.23393],[104.66101,15.24201]],[[104.66101,15.24201],[104.65467,15.24304]],[[104.65467,15.24304],[104.65262,15.24834]],[[104.65262,15.24834],[104.65888,15.25192]],[[104.65888,15.25192],[104.65911,15.25869]],[[104.65911,15.25869],[104.66461,15.25783]],[[104.66461,15.25783],[104.67088,15.2519]],[[104.67088,15.2519],[104.67877,15.23425]],[[104.67877,15.23425],[104.67844,15.22759]],[[104.67844,15.22759],[104.68311,15.22371]],[[104.68311,15.22371],[104.69377,15.22619]],[[104.69377,15.22619],[104.69551,15.22022]],[[104.69551,15.22022],[104.68396,15.21946]],[[104.68396,15.21946],[104.68179,15.2162]],[[104.68179,15.2162],[104.68339,15.21165]],[[104.68339,15.21165],[104.68922,15.20808]],[[104.68922,15.20808],[104.68688,15.20404]],[[104.68688,15.20404],[104.68241,15.2058]],[[104.68241,15.2058],[104.68206,15.20092]],[[104.68206,15.20092],[104.68715,15.19965]],[[104.68715,15.19965],[104.69678,15.20374]],[[104.69678,15.20374],[104.70327,15.20101]],[[104.70327,15.20101],[104.70376,15.19608]],[[104.70376,15.19608],[104.69986,15.19343]],[[104.69986,15.19343],[104.69886,15.18891]],[[104.69886,15.18891],[104.70547,15.18556]],[[104.70547,15.18556],[104.71113,15.19347]],[[104.71113,15.19347],[104.7147,15.19493]],[[104.7147,15.19493],[104.71801,15.18776]],[[104.71801,15.18776],[104.7142,15.1826]],[[104.7142,15.1826],[104.71129,15.18312]],[[104.71129,15.18312],[104.70318,15.17831]],[[104.70318,15.17831],[104.69872,15.17128]],[[104.69872,15.17128],[104.698,15.15839]],[[104.698,15.15839],[104.70388,15.1574]],[[104.70388,15.1574],[104.70806,15.15934]],[[104.70806,15.15934],[104.72151,15.16966]],[[104.72151,15.16966],[104.72646,15.17112]],[[104.72646,15.17112],[104.73228,15.16898]],[[104.73228,15.16898],[104.73656,15.16419]],[[104.73656,15.16419],[104.73455,15.15812]],[[104.73455,15.15812],[104.71958,15.14756]],[[104.71958,15.14756],[104.70186,15.12959]],[[104.70186,15.12959],[104.68943,15.12817]],[[104.68943,15.12817],[104.68659,15.12426]],[[104.68659,15.12426],[104.67917,15.12295]],[[104.67917,15.12295],[104.68114,15.11885]],[[104.68114,15.11885],[104.6762,15.11409]],[[104.6762,15.11409],[104.68087,15.10949]],[[104.68087,15.10949],[104.67511,15.10573]],[[104.67511,15.10573],[104.67016,15.09822]],[[104.67016,15.09822],[104.67581,15.09299]],[[104.67581,15.09299],[104.67917,15.09944]],[[104.67917,15.09944],[104.68887,15.09992]],[[104.68887,15.09992],[104.69009,15.09659]],[[104.69009,15.09659],[104.6849,15.09442]],[[104.6849,15.09442],[104.67625,15.08567]],[[104.67625,15.08567],[104.67898,15.0837]],[[104.67898,15.0837],[104.68385,15.08585]],[[104.68385,15.08585],[104.693,15.08232]],[[104.693,15.08232],[104.68642,15.07409]],[[104.68642,15.07409],[104.68632,15.0641]],[[104.68632,15.0641],[104.6893,15.06126]],[[104.6893,15.06126],[104.68395,15.05102]],[[104.68395,15.05102],[104.68023,15.04851]],[[104.68023,15.04851],[104.68611,15.04262]],[[104.68611,15.04262],[104.68289,15.04086]],[[104.68289,15.04086],[104.68216,15.03575]],[[104.68216,15.03575],[104.67739,15.03955]],[[104.67739,15.03955],[104.67302,15.03815]],[[104.67302,15.03815],[104.67547,15.03494]],[[104.67547,15.03494],[104.66945,15.0322]],[[104.66945,15.0322],[104.67393,15.02961]],[[104.67393,15.02961],[104.67187,15.02026]],[[104.67187,15.02026],[104.67647,15.01889]],[[104.67647,15.01889],[104.6778,15.01223]],[[104.6778,15.01223],[104.68198,15.01059]],[[104.68198,15.01059],[104.68513,14.99487]],[[104.68513,14.99487],[104.68207,14.98741]],[[104.68207,14.98741],[104.68449,14.98594]],[[104.68449,14.98594],[104.68219,14.97729]],[[104.68219,14.97729],[104.68627,14.97295]],[[104.68627,14.97295],[104.68764,14.96728]],[[104.68764,14.96728],[104.68395,14.95247]],[[104.68395,14.95247],[104.68787,14.94595]],[[104.68787,14.94595],[104.69612,14.94161]],[[104.69612,14.94161],[104.69975,14.93597]],[[104.69975,14.93597],[104.70467,14.93633]],[[104.70467,14.93633],[104.71969,14.93154]],[[104.71969,14.93154],[104.72049,14.92561]],[[104.72049,14.92561],[104.72752,14.93169]],[[104.72752,14.93169],[104.72737,14.93422]],[[104.72737,14.93422],[104.73487,14.93823]],[[104.73487,14.93823],[104.74396,14.92764]],[[104.74396,14.92764],[104.75442,14.9203]],[[104.75442,14.9203],[104.76258,14.92067]],[[104.76258,14.92067],[104.76174,14.91394]],[[104.76174,14.91394],[104.77163,14.91135]],[[104.77163,14.91135],[104.77792,14.89884]],[[104.77792,14.89884],[104.78496,14.89719]],[[104.78496,14.89719],[104.80538,14.89778]],[[104.80538,14.89778],[104.80477,14.89209]],[[104.80477,14.89209],[104.81071,14.88339]],[[104.81071,14.88339],[104.81057,14.86863]],[[104.81057,14.86863],[104.81426,14.8578]],[[104.81426,14.8578],[104.81657,14.85557]],[[104.81657,14.85557],[104.81098,14.85226]],[[104.81098,14.85226],[104.81022,14.84491]],[[104.81022,14.84491],[104.81316,14.84087]],[[104.81316,14.84087],[104.81398,14.83379]],[[104.81398,14.83379],[104.80942,14.83247]],[[104.80942,14.83247],[104.80194,14.82413]],[[104.80194,14.82413],[104.79764,14.81513]],[[104.79764,14.81513],[104.79906,14.80313]],[[104.79906,14.80313],[104.80438,14.80068]],[[104.80438,14.80068],[104.81369,14.79203]],[[104.81369,14.79203],[104.81699,14.78508]],[[104.81699,14.78508],[104.81794,14.77699]],[[104.81794,14.77699],[104.81722,14.76169]],[[104.81722,14.76169],[104.82207,14.75083]],[[104.82207,14.75083],[104.8337,14.74192]],[[104.8337,14.74192],[104.84055,14.73862]],[[104.84055,14.73862],[104.84373,14.73458]],[[104.84373,14.73458],[104.84395,14.7281]],[[104.84395,14.7281],[104.85002,14.71869]],[[104.85002,14.71869],[104.86787,14.70369]],[[104.86787,14.70369],[104.87673,14.69979]],[[104.87673,14.69979],[104.87792,14.68669]],[[104.87792,14.68669],[104.87631,14.68177]],[[104.87631,14.68177],[104.87705,14.67201]],[[104.87705,14.67201],[104.8813,14.66515]],[[104.8813,14.66515],[104.88567,14.66275]],[[104.88567,14.66275],[104.89111,14.65202]],[[104.89111,14.65202],[104.87828,14.657]],[[104.87828,14.657],[104.86683,14.66339]],[[104.86683,14.66339],[104.85691,14.65814]],[[104.85691,14.65814],[104.85224,14.66072]],[[104.85224,14.66072],[104.84837,14.65908]],[[104.84837,14.65908],[104.85022,14.65481]],[[104.85022,14.65481],[104.84822,14.64956]],[[104.84822,14.64956],[104.83653,14.63701]],[[104.83653,14.63701],[104.83608,14.62092]],[[104.83608,14.62092],[104.83778,14.61699]],[[104.83778,14.61699],[104.83395,14.6159]],[[104.83395,14.6159],[104.82711,14.60793]],[[104.82711,14.60793],[104.82573,14.5995]],[[104.82573,14.5995],[104.82876,14.59533]],[[104.82876,14.59533],[104.82601,14.5921]],[[104.82601,14.5921],[104.8263,14.58601]],[[104.8263,14.58601],[104.82902,14.58215]],[[104.82902,14.58215],[104.82766,14.57686]],[[104.82766,14.57686],[104.82332,14.57335]],[[104.82332,14.57335],[104.82509,14.5701]],[[104.82509,14.5701],[104.81964,14.56547]],[[104.81964,14.56547],[104.81646,14.55146]],[[104.81646,14.55146],[104.8205,14.54893]],[[104.8205,14.54893],[104.82085,14.54134]],[[104.82085,14.54134],[104.82648,14.53675]],[[104.82648,14.53675],[104.83081,14.52915]],[[104.83081,14.52915],[104.84939,14.51142]],[[104.84939,14.51142],[104.84902,14.50921]],[[104.84902,14.50921],[104.85702,14.50582]],[[104.85702,14.50582],[104.85666,14.50292]],[[104.85666,14.50292],[104.86201,14.49908]],[[104.86201,14.49908],[104.85849,14.48165]],[[104.85849,14.48165],[104.85977,14.4719]],[[104.85977,14.4719],[104.85114,14.46646]],[[104.85114,14.46646],[104.84962,14.46016]],[[104.84962,14.46016],[104.84519,14.45355]],[[104.84519,14.45355],[104.83988,14.45309]],[[104.83988,14.45309],[104.83271,14.44927]],[[104.83271,14.44927],[104.82855,14.44275]],[[104.82855,14.44275],[104.8384,14.42681]],[[104.8384,14.42681],[104.85049,14.42518]],[[104.85049,14.42518],[104.85988,14.42997]],[[104.85988,14.42997],[104.86677,14.43012]],[[104.86677,14.43012],[104.8713,14.43538]],[[104.8713,14.43538],[104.87642,14.43703]],[[104.87642,14.43703],[104.88282,14.4293]],[[104.88282,14.4293],[104.89636,14.41659]],[[104.89636,14.41659],[104.9067,14.41171]],[[104.9067,14.41171],[104.90853,14.40537]],[[104.90853,14.40537],[104.90711,14.39918]],[[104.90711,14.39918],[104.89974,14.40363],[104.87718,14.41285],[104.87109,14.41731],[104.86152,14.40872],[104.85642,14.41186],[104.85143,14.40608],[104.84263,14.40304],[104.83814,14.41329],[104.82735,14.41843],[104.81766,14.41818],[104.81588,14.42945],[104.80676,14.43704],[104.78877,14.43325],[104.78342,14.4277],[104.77561,14.42403],[104.76643,14.42348],[104.75723,14.4151],[104.75655,14.41008],[104.75219,14.4028],[104.73478,14.41313],[104.72583,14.40152],[104.72249,14.40446],[104.72074,14.41374],[104.72519,14.41841],[104.7214,14.42561],[104.71559,14.4279],[104.71478,14.43135],[104.70929,14.43158],[104.70123,14.42539],[104.69155,14.41294],[104.69077,14.40908],[104.68283,14.39369],[104.67995,14.39081],[104.67599,14.39218],[104.67091,14.39831],[104.65824,14.40104],[104.65344,14.40689],[104.65295,14.41805],[104.65124,14.42203],[104.64414,14.42195],[104.63118,14.41006],[104.62825,14.40585],[104.61362,14.39652],[104.60546,14.39627],[104.59571,14.38928],[104.58925,14.38042],[104.58288,14.37689],[104.57949,14.36727],[104.58263,14.35979],[104.58169,14.35643],[104.57174,14.35926],[104.5675,14.35386],[104.56292,14.35199],[104.5557,14.35248],[104.54724,14.35569],[104.53335,14.35453],[104.53079,14.35916],[104.52434,14.35944],[104.51774,14.36788],[104.51181,14.37103],[104.50008,14.37395],[104.48343,14.36692],[104.47731,14.35851],[104.47974,14.35405],[104.47343,14.3469],[104.46307,14.34488],[104.46105,14.34933],[104.46378,14.3538],[104.46179,14.35947],[104.45691,14.36012],[104.45151,14.3565],[104.44272,14.35957],[104.43649,14.35715],[104.42594,14.36375],[104.42382,14.36845],[104.41235,14.37133],[104.40602,14.36586],[104.40032,14.37275],[104.39247,14.37394],[104.38308,14.36943],[104.36337,14.36913],[104.35756,14.37231],[104.35089,14.36832],[104.33388,14.36863],[104.3223,14.37287],[104.31886,14.37859],[104.31275,14.38241],[104.30794,14.38262],[104.29893,14.39078],[104.29119,14.4004],[104.286,14.39923],[104.27679,14.40846],[104.26924,14.40353],[104.26748,14.39921],[104.2616,14.39898],[104.25737,14.39357],[104.25194,14.3911],[104.25334,14.38863],[104.24886,14.37877],[104.23314,14.36967],[104.21634,14.36661],[104.20897,14.3697],[104.20231,14.38029],[104.19762,14.37925],[104.18812,14.38304],[104.17309,14.37598],[104.1776,14.37125],[104.17604,14.36657],[104.17815,14.36223],[104.17448,14.35766],[104.15724,14.35645],[104.14099,14.35215],[104.13612,14.35793],[104.13917,14.3684],[104.13688,14.37295],[104.13043,14.37565],[104.12699,14.37367],[104.10927,14.3709],[104.09999,14.36697],[104.09555,14.35907],[104.09429,14.35101],[104.08563,14.34635],[104.07019,14.34242],[104.05712,14.34344]],[[103.989,15.40698],[103.9914,15.41316]],[[103.9914,15.41316],[103.99445,15.44162]],[[103.99445,15.44162],[103.99695,15.4494]],[[103.99695,15.4494],[104.00093,15.45301]],[[104.00093,15.45301],[104.00951,15.45538]],[[104.00951,15.45538],[104.0164,15.46156]],[[104.0164,15.46156],[104.02333,15.47971]],[[104.02333,15.47971],[104.03221,15.48975]],[[104.03221,15.48975],[104.05594,15.49882]],[[104.05594,15.49882],[104.05998,15.50242]],[[104.05998,15.50242],[104.05643,15.50855]],[[104.05643,15.50855],[104.0555,15.51537]],[[104.0555,15.51537],[104.05968,15.5156]],[[104.05968,15.5156],[104.06628,15.52378]],[[104.06628,15.52378],[104.07401,15.52243]],[[104.07401,15.52243],[104.07803,15.53261]],[[104.07803,15.53261],[104.07372,15.53718]],[[104.07372,15.53718],[104.07927,15.54485]],[[104.07927,15.54485],[104.08275,15.54426]],[[104.08275,15.54426],[104.08553,15.55052]],[[104.08553,15.55052],[104.09185,15.55162]],[[104.09185,15.55162],[104.10071,15.54577]],[[104.10071,15.54577],[104.10561,15.54712]],[[104.10561,15.54712],[104.10354,15.55397]],[[104.10354,15.55397],[104.09803,15.56428]],[[104.09803,15.56428],[104.09997,15.56755]],[[104.09997,15.56755],[104.10679,15.56828]],[[104.10679,15.56828],[104.11616,15.56133]],[[104.11616,15.56133],[104.12174,15.56313]],[[104.40673,15.28931],[104.40836,15.32229]],[[104.40836,15.32229],[104.41319,15.32978]],[[104.41319,15.32978],[104.42498,15.32589]],[[104.42498,15.32589],[104.43301,15.32849]],[[104.43301,15.32849],[104.43507,15.3339]],[[104.43507,15.3339],[104.43898,15.33574]],[[104.43898,15.33574],[104.44694,15.34358]],[[104.44694,15.34358],[104.44536,15.34778]],[[104.44536,15.34778],[104.44156,15.34835]],[[104.44156,15.34835],[104.4357,15.34487]],[[104.4357,15.34487],[104.43338,15.34881]],[[104.43338,15.34881],[104.43854,15.36019]],[[104.43854,15.36019],[104.43689,15.37322]],[[104.43689,15.37322],[104.43188,15.37803]],[[104.43188,15.37803],[104.43421,15.36871]],[[104.43421,15.36871],[104.43179,15.36717]],[[104.43179,15.36717],[104.42237,15.36887]],[[104.42237,15.36887],[104.41716,15.36686]],[[104.41716,15.36686],[104.41082,15.3839]],[[104.41082,15.3839],[104.40262,15.3893]],[[104.40262,15.3893],[104.3975,15.38656]],[[104.3975,15.38656],[104.38976,15.38697]],[[104.38976,15.38697],[104.38251,15.39418]],[[104.38251,15.39418],[104.38282,15.4009]],[[104.38282,15.4009],[104.39112,15.40397]],[[104.39112,15.40397],[104.39144,15.40778]],[[104.39144,15.40778],[104.38776,15.41465]],[[104.38776,15.41465],[104.38628,15.44215]],[[104.38628,15.44215],[104.38424,15.4458]],[[104.38424,15.4458],[104.37158,15.45805]],[[104.37158,15.45805],[104.3795,15.47378]],[[104.3795,15.47378],[104.39039,15.49042]],[[104.39039,15.49042],[104.38353,15.49382]],[[104.38353,15.49382],[104.38734,15.51035]],[[104.38734,15.51035],[104.38522,15.51625]],[[104.38522,15.51625],[104.38548,15.52566]],[[104.38548,15.52566],[104.3833,15.52755]],[[104.3833,15.52755],[104.38592,15.53625]],[[104.38592,15.53625],[104.39938,15.54591]],[[104.39938,15.54591],[104.41166,15.53657]],[[104.41166,15.53657],[104.41942,15.53589]],[[104.41942,15.53589],[104.42688,15.53971]],[[104.42688,15.53971],[104.4313,15.53912]],[[104.4313,15.53912],[104.43551,15.54856]],[[104.43551,15.54856],[104.44168,15.55483]],[[104.44168,15.55483],[104.45217,15.54649]],[[104.45217,15.54649],[104.45806,15.54753]],[[104.45806,15.54753],[104.46563,15.54294]],[[104.46563,15.54294],[104.47102,15.54313]],[[104.47102,15.54313],[104.47338,15.5393]],[[104.47338,15.5393],[104.48029,15.53686]],[[104.48029,15.53686],[104.48501,15.53974]],[[104.48501,15.53974],[104.48462,15.54694]],[[104.48462,15.54694],[104.49288,15.55235]],[[104.49288,15.55235],[104.50113,15.56167]],[[104.50113,15.56167],[104.49898,15.56844]],[[104.49898,15.56844],[104.50781,15.568]],[[104.50781,15.568],[104.51201,15.56393]],[[104.51201,15.56393],[104.51024,15.56048]],[[104.51024,15.56048],[104.51547,15.56173]],[[104.51547,15.56173],[104.52628,15.55823]],[[104.52628,15.55823],[104.52771,15.55069]],[[104.52771,15.55069],[104.53658,15.55169]],[[104.53658,15.55169],[104.54228,15.5445]],[[104.54228,15.5445],[104.54832,15.54348]],[[104.54832,15.54348],[104.55299,15.55539]],[[104.55299,15.55539],[104.55666,15.55692]],[[104.55666,15.55692],[104.56611,15.55638]],[[104.56611,15.55638],[104.57616,15.56504]],[[104.57616,15.56504],[104.58521,15.56589]],[[104.58521,15.56589],[104.58631,15.56957]],[[104.58631,15.56957],[104.58566,15.58258]],[[104.58566,15.58258],[104.58397,15.58969]],[[104.58397,15.58969],[104.5791,15.59427]],[[104.5791,15.59427],[104.57875,15.60258]],[[104.57875,15.60258],[104.58246,15.60668]],[[104.58246,15.60668],[104.59418,15.61181]],[[104.59418,15.61181],[104.60351,15.61258]],[[104.60351,15.61258],[104.60973,15.61605]],[[104.60973,15.61605],[104.61651,15.62478]],[[104.61651,15.62478],[104.61452,15.62992]],[[104.61452,15.62992],[104.61083,15.62991]],[[104.61083,15.62991],[104.61403,15.63903]],[[104.61403,15.63903],[104.61677,15.64164]],[[104.61677,15.64164],[104.62418,15.64261]],[[104.62418,15.64261],[104.62596,15.64534]],[[104.62596,15.64534],[104.63234,15.64424]],[[104.63234,15.64424],[104.63743,15.64696]],[[104.63743,15.64696],[104.62916,15.66275]],[[104.62916,15.66275],[104.62402,15.66445]],[[104.62402,15.66445],[104.61731,15.66262]],[[104.61731,15.66262],[104.60743,15.66533]],[[104.60743,15.66533],[104.60227,15.67134]],[[104.60227,15.67134],[104.60738,15.68003]],[[104.60738,15.68003],[104.61151,15.68339]],[[104.61151,15.68339],[104.62528,15.68943]],[[104.62528,15.68943],[104.63479,15.68889]],[[104.63479,15.68889],[104.64417,15.68461]],[[104.64417,15.68461],[104.64599,15.67867]],[[104.64599,15.67867],[104.65545,15.6754]],[[104.65545,15.6754],[104.65717,15.67826]],[[104.65717,15.67826],[104.6604,15.6741]],[[104.6604,15.6741],[104.67257,15.67565]],[[104.67257,15.67565],[104.67726,15.6723]],[[104.67726,15.6723],[104.68458,15.67036]],[[104.68458,15.67036],[104.69732,15.65754]],[[104.69732,15.65754],[104.71065,15.65857]],[[104.71065,15.65857],[104.71438,15.6607]],[[104.71438,15.6607],[104.72077,15.65734]],[[104.72077,15.65734],[104.72201,15.65146]],[[104.72201,15.65146],[104.72793,15.65158]],[[104.72793,15.65158],[104.72737,15.6487]],[[104.72737,15.6487],[104.73551,15.65232]],[[104.73551,15.65232],[104.73319,15.6555]],[[104.73319,15.6555],[104.74075,15.65639]],[[104.74075,15.65639],[104.74337,15.65257]],[[104.74337,15.65257],[104.74623,15.64139]],[[104.74623,15.64139],[104.75334,15.64109]],[[104.75334,15.64109],[104.76061,15.63283]],[[104.76061,15.63283],[104.76086,15.63612]],[[104.76086,15.63612],[104.76576,15.63552]],[[104.76576,15.63552],[104.76918,15.63031]],[[104.76918,15.63031],[104.77757,15.62843]],[[104.77757,15.62843],[104.78041,15.61868]],[[104.78041,15.61868],[104.78601,15.62245]],[[104.78601,15.62245],[104.78796,15.62095]],[[104.78796,15.62095],[104.78515,15.6121]],[[104.78515,15.6121],[104.78931,15.60841]],[[104.78931,15.60841],[104.78663,15.60473]],[[104.78663,15.60473],[104.79386,15.60147]],[[104.79386,15.60147],[104.79517,15.5956]],[[104.79517,15.5956],[104.80273,15.59376]],[[104.80273,15.59376],[104.80416,15.59817]],[[104.80416,15.59817],[104.81123,15.60634]],[[104.81123,15.60634],[104.81093,15.60171]],[[104.81093,15.60171],[104.81527,15.5999]],[[104.81527,15.5999],[104.81542,15.59568]],[[104.81542,15.59568],[104.82293,15.58575]],[[104.82293,15.58575],[104.83205,15.58449]],[[104.83205,15.58449],[104.83059,15.5916]],[[104.83059,15.5916],[104.83829,15.59092]],[[104.83829,15.59092],[104.83762,15.58099]],[[104.83762,15.58099],[104.84393,15.58444]],[[104.84393,15.58444],[104.84388,15.57784]],[[104.84388,15.57784],[104.84814,15.5739]],[[104.84814,15.5739],[104.84832,15.57921]],[[104.84832,15.57921],[104.86169,15.57853]],[[104.86169,15.57853],[104.86702,15.57381]],[[104.86702,15.57381],[104.86696,15.56817]],[[104.86696,15.56817],[104.87496,15.56539]],[[104.87496,15.56539],[104.87649,15.56213]],[[104.87649,15.56213],[104.86532,15.56197]],[[104.86532,15.56197],[104.86566,15.54868]],[[104.86566,15.54868],[104.86891,15.55053]],[[104.86891,15.55053],[104.87416,15.54583]],[[104.87416,15.54583],[104.87061,15.54288]],[[104.87061,15.54288],[104.87019,15.53817]],[[104.87019,15.53817],[104.87474,15.53997]],[[104.87474,15.53997],[104.87863,15.53712]],[[104.87863,15.53712],[104.88148,15.53931]],[[104.88148,15.53931],[104.88303,15.54727]],[[104.88303,15.54727],[104.88608,15.5485]],[[104.88608,15.5485],[104.89124,15.55629]],[[104.89124,15.55629],[104.89098,15.56187]],[[104.89098,15.56187],[104.89576,15.56381]],[[104.89576,15.56381],[104.88768,15.57242]],[[104.88768,15.57242],[104.88754,15.57614]],[[104.88754,15.57614],[104.89283,15.57828]],[[104.89283,15.57828],[104.89657,15.5865]],[[104.89657,15.5865],[104.90321,15.58983]],[[104.90321,15.58983],[104.90539,15.59348]],[[104.90539,15.59348],[104.91133,15.59554]],[[104.91133,15.59554],[104.91821,15.60156]],[[104.91821,15.60156],[104.92406,15.60043]],[[104.92406,15.60043],[104.92702,15.60406]],[[104.92702,15.60406],[104.92422,15.60778]],[[104.92422,15.60778],[104.92389,15.61559]],[[104.92389,15.61559],[104.93073,15.61883]],[[104.93073,15.61883],[104.93142,15.62187]],[[104.93142,15.62187],[104.92704,15.62609]],[[104.92704,15.62609],[104.93112,15.62981]],[[104.93112,15.62981],[104.92969,15.63605]],[[104.92969,15.63605],[104.93314,15.64039]],[[104.93314,15.64039],[104.92861,15.64505]],[[104.92861,15.64505],[104.92584,15.64349]],[[104.92584,15.64349],[104.91035,15.64778]],[[104.91035,15.64778],[104.89494,15.65352]],[[104.89494,15.65352],[104.89542,15.6695]],[[104.89542,15.6695],[104.89145,15.69026]],[[104.89145,15.69026],[104.89685,15.69921]],[[104.89685,15.69921],[104.8975,15.70861]],[[104.8975,15.70861],[104.906,15.72434]],[[104.906,15.72434],[104.90637,15.73886]],[[104.90637,15.73886],[104.90285,15.74706]],[[104.90285,15.74706],[104.90737,15.7614]],[[104.90737,15.7614],[104.91818,15.76797]],[[104.91818,15.76797],[104.93937,15.77696]],[[104.93937,15.77696],[104.95836,15.78907]],[[104.95836,15.78907],[104.96647,15.81094]],[[104.96647,15.81094],[104.96658,15.81874]],[[104.96658,15.81874],[104.96353,15.8284]],[[104.96353,15.8284],[104.96532,15.83157]],[[104.96532,15.83157],[104.96376,15.8442]],[[104.96376,15.8442],[104.96341,15.86097]],[[104.96341,15.86097],[104.97393,15.87514]],[[104.97393,15.87514],[104.97799,15.88484]],[[104.97799,15.88484],[104.98256,15.90117]],[[104.98256,15.90117],[104.99577,15.91822]],[[104.99577,15.91822],[105.00378,15.93468]],[[105.00378,15.93468],[105.00412,15.93891]],[[105.00412,15.93891],[104.99814,15.94692]],[[104.99814,15.94692],[105.01281,15.96642]],[[105.01281,15.96642],[105.02256,15.97481]],[[105.02256,15.97481],[105.02528,15.98029]],[[105.02528,15.98029],[105.02473,15.98745]],[[105.02473,15.98745],[105.02042,15.99418]],[[105.02042,15.99418],[105.00994,15.9996]],[[105.00994,15.9996],[105.0049,16.00938]],[[105.0049,16.00938],[105.00329,16.02052]],[[105.00329,16.02052],[105.00712,16.03324]],[[105.00712,16.03324],[105.01553,16.04079]],[[105.01553,16.04079],[105.0258,16.05602]],[[105.0258,16.05602],[105.02559,16.06427]],[[105.02559,16.06427],[105.02876,16.07253]],[[105.02876,16.07253],[105.03525,16.07798]],[[105.03525,16.07798],[105.03635,16.08481]],[[105.03635,16.08481],[105.04275,16.09475]],[[105.04275,16.09475],[105.05664,16.09335]],[[105.05664,16.09335],[105.06026,16.09815]],[[105.06026,16.09815],[105.08002,16.08768],[105.08531,16.08655],[105.08713,16.09042],[105.10243,16.09052],[105.11316,16.08334],[105.11886,16.07777],[105.12448,16.08005],[105.13348,16.07981],[105.13808,16.07564],[105.14754,16.0747],[105.15359,16.07025],[105.1648,16.06756],[105.18365,16.05949],[105.21237,16.0496],[105.23808,16.04461],[105.26674,16.04373],[105.28616,16.03925],[105.29632,16.03918],[105.30427,16.03704],[105.31196,16.03],[105.3345,16.03018],[105.35327,16.02917],[105.36354,16.02129],[105.38087,16.01995],[105.40895,16.01622],[105.418,16.01198],[105.42447,16.00496],[105.426,15.99188],[105.42102,15.98701],[105.41603,15.9858],[105.39565,15.99115],[105.37605,15.98263],[105.37251,15.97177],[105.36675,15.96728],[105.36215,15.95411],[105.3526,15.94616],[105.34938,15.94155],[105.34727,15.93045],[105.3437,15.92577],[105.34352,15.91306],[105.35205,15.90712],[105.36028,15.88791],[105.37053,15.8674],[105.37713,15.85077],[105.38558,15.83712],[105.38963,15.82847],[105.39154,15.80811],[105.40059,15.79571],[105.4109,15.79458],[105.41904,15.7902],[105.42087,15.78674],[105.4191,15.77973],[105.42075,15.77297],[105.43151,15.75818],[105.43952,15.75428],[105.45956,15.74717],[105.46759,15.74577],[105.47262,15.75114],[105.48835,15.76073],[105.49459,15.7657],[105.50472,15.76725],[105.51038,15.76544],[105.5168,15.75688],[105.52482,15.75537],[105.53139,15.74944],[105.53808,15.74843],[105.55121,15.75046],[105.557,15.74619],[105.56021,15.73891],[105.57438,15.73418],[105.59347,15.72608],[105.60047,15.7213],[105.60273,15.71696],[105.60799,15.69672],[105.61259,15.68877],[105.62442,15.679],[105.63463,15.66301],[105.63696,15.6464],[105.63674,15.63262],[105.62936,15.60834],[105.62745,15.59485],[105.62828,15.57862],[105.62498,15.5637],[105.62181,15.55787],[105.60826,15.54646],[105.60658,15.5387],[105.59308,15.50998],[105.603,15.4796],[105.60161,15.47013],[105.59781,15.46305],[105.59719,15.44225],[105.59171,15.42543],[105.58596,15.41597],[105.57764,15.40752],[105.56132,15.39889],[105.55552,15.3987],[105.5423,15.39262],[105.5255,15.39324],[105.49296,15.3858],[105.48442,15.376],[105.47623,15.36864],[105.46992,15.35633],[105.46768,15.34958],[105.47155,15.3379],[105.47625,15.334],[105.48752,15.3293],[105.49634,15.32113],[105.50144,15.32064],[105.50387,15.31586],[105.51146,15.31774],[105.51846,15.32164],[105.53886,15.32411],[105.55206,15.32193],[105.5644,15.32435],[105.57422,15.32853],[105.57644,15.32278],[105.58481,15.31555],[105.58201,15.30759],[105.58587,15.29021],[105.59224,15.27442],[105.5837,15.26011],[105.57543,15.25841],[105.5604,15.26134],[105.55647,15.25905],[105.55547,15.25416],[105.55846,15.24899],[105.55104,15.25296],[105.54019,15.25167],[105.53672,15.24589],[105.53164,15.24392],[105.53157,15.24067],[105.5247,15.23505],[105.51889,15.226],[105.51609,15.21891],[105.51165,15.21676],[105.50849,15.21144],[105.50085,15.2085],[105.4937,15.20351],[105.4912,15.19686],[105.495,15.19436],[105.49385,15.19083],[105.48927,15.19299],[105.47425,15.17804],[105.4779,15.16715],[105.47132,15.16546],[105.46923,15.15918],[105.48583,15.14989],[105.47337,15.13543],[105.46769,15.13245],[105.47035,15.12444],[105.47991,15.11936],[105.48523,15.11419],[105.48529,15.10887],[105.48177,15.10019],[105.48487,15.09618],[105.49727,15.09342],[105.50455,15.08902],[105.51568,15.0851],[105.5139,15.07822],[105.51358,15.06424],[105.51834,15.0656],[105.5278,15.06251],[105.53291,15.06604],[105.53721,15.06408],[105.53878,15.06813],[105.54337,15.06989],[105.5499,15.0643],[105.55337,15.06534],[105.5561,15.05771],[105.55078,15.04647],[105.54672,15.04451],[105.54684,15.03869],[105.55452,15.02922],[105.56194,15.02989],[105.56506,15.0242],[105.57182,15.02124],[105.57401,15.01539],[105.57288,15.00684],[105.57444,14.99909],[105.58328,14.9986],[105.58741,14.99659],[105.60414,14.99408],[105.60813,14.99165],[105.61374,14.98361],[105.62428,14.97484],[105.61793,14.97172],[105.60792,14.97034],[105.60663,14.96537],[105.59678,14.96251],[105.58344,14.94079],[105.57254,14.9476],[105.56745,14.95515],[105.55659,14.95536],[105.55318,14.95141],[105.5532,14.94134],[105.54634,14.9254],[105.55845,14.9237],[105.56537,14.9095],[105.57474,14.90026],[105.5785,14.8917],[105.57997,14.87859],[105.56989,14.88033],[105.55963,14.87565],[105.54818,14.87225],[105.54368,14.86123],[105.54689,14.85829],[105.55034,14.84788],[105.55934,14.84131],[105.55289,14.83421],[105.54444,14.8306],[105.53698,14.81905],[105.52131,14.82411],[105.51902,14.82252],[105.51777,14.81102],[105.51127,14.79928],[105.52026,14.79471],[105.5156,14.79104],[105.525,14.78362],[105.5206,14.77695],[105.51383,14.77217],[105.51268,14.76566],[105.51778,14.76207],[105.51287,14.7533],[105.52245,14.7481],[105.5276,14.74207],[105.53244,14.73941],[105.5408,14.74028],[105.54491,14.73697],[105.54695,14.73085],[105.52821,14.73028],[105.52137,14.72829],[105.52109,14.71358],[105.52487,14.70766],[105.52411,14.70132],[105.51552,14.69719],[105.5193,14.69009],[105.52743,14.6797],[105.51884,14.67047],[105.51621,14.66562],[105.51624,14.65929],[105.51978,14.65041],[105.52816,14.64749],[105.53073,14.64149],[105.52553,14.63439],[105.53013,14.6233],[105.54007,14.62281],[105.54235,14.62014],[105.53576,14.61271],[105.53074,14.60994],[105.53011,14.59478],[105.53594,14.59236],[105.53866,14.58218],[105.52907,14.57241],[105.53494,14.55848],[105.53246,14.55303],[105.5253,14.55274],[105.52354,14.5495],[105.52636,14.53682],[105.51658,14.53845],[105.51444,14.53278],[105.50826,14.52416],[105.50184,14.52172],[105.50081,14.51306],[105.49554,14.51204],[105.48264,14.50585],[105.48872,14.50257],[105.48782,14.49802],[105.48106,14.49204],[105.47934,14.48581],[105.47389,14.47883],[105.46981,14.46958],[105.46184,14.46636],[105.45842,14.46308],[105.45639,14.45359],[105.45091,14.45108],[105.45021,14.44695],[105.44348,14.44148],[105.44255,14.43008],[105.43022,14.4242],[105.43014,14.41625],[105.42402,14.41655],[105.42218,14.42111],[105.41518,14.42613],[105.40549,14.42196],[105.40523,14.41576],[105.4008,14.40943],[105.39273,14.40658],[105.38762,14.41051],[105.38583,14.39584],[105.38162,14.40047],[105.37553,14.39794],[105.37221,14.39942],[105.36131,14.38809],[105.35724,14.38566],[105.33945,14.385],[105.33406,14.39079],[105.32268,14.39383],[105.31666,14.39169],[105.31247,14.38742],[105.30202,14.36595],[105.29712,14.3687],[105.28986,14.36536],[105.28375,14.36556],[105.28216,14.35424],[105.27703,14.35357],[105.26717,14.36053],[105.25845,14.36221],[105.24876,14.35839],[105.24178,14.35074],[105.23548,14.34976],[105.23369,14.33656],[105.22717,14.33276],[105.22117,14.33546],[105.21869,14.33394],[105.20929,14.34158],[105.19657,14.3468],[105.19249,14.34611],[105.18695,14.34107],[105.18295,14.34046],[105.17473,14.34328],[105.16659,14.32904],[105.16955,14.32382],[105.17481,14.32149],[105.1779,14.3169],[105.17535,14.30985],[105.17081,14.30387],[105.16076,14.29977],[105.16044,14.28922],[105.15221,14.28613],[105.15019,14.27889],[105.15422,14.26989],[105.15132,14.26603],[105.14352,14.262],[105.1547,14.25935],[105.15345,14.25175],[105.14205,14.23735],[105.13556,14.2333],[105.12633,14.22402],[105.11435,14.22007],[105.11115,14.21521],[105.10348,14.21251],[105.0937,14.21533],[105.08357,14.20937],[105.07819,14.21232],[105.05865,14.21323],[105.04985,14.21484],[105.04608,14.22252],[105.04595,14.22703],[105.03939,14.22826],[105.02618,14.23716],[105.02229,14.24171],[105.02042,14.24881],[105.02241,14.25547],[105.01835,14.25909],[105.01906,14.26568],[105.01594,14.27497],[105.00736,14.28447],[105.00468,14.28925],[105.00132,14.30317],[104.98782,14.31322],[104.9817,14.31911],[104.9896,14.32426],[104.99209,14.34462],[105.00147,14.36236],[105.0008,14.36581],[104.99329,14.37289],[104.99301,14.37784],[104.98668,14.38039],[104.97527,14.38746],[104.96421,14.38804],[104.95757,14.38999],[104.95561,14.38101],[104.94895,14.38132],[104.94214,14.3848],[104.93595,14.39197],[104.92823,14.39557],[104.92307,14.39995],[104.90711,14.39918]],[[104.76607,16.19644],[104.76572,16.19048]],[[104.76572,16.19048],[104.77289,16.18764]],[[104.77289,16.18764],[104.78293,16.17531]],[[104.78293,16.17531],[104.78625,16.16261]],[[104.78625,16.16261],[104.78925,16.15743]],[[104.78925,16.15743],[104.79877,16.15978]],[[104.79877,16.15978],[104.80289,16.16405]],[[104.80289,16.16405],[104.81274,16.15744]],[[104.81274,16.15744],[104.82238,16.1574]],[[104.82238,16.1574],[104.825,16.15526]],[[104.825,16.15526],[104.82104,16.1374]],[[104.82104,16.1374],[104.81623,16.13378]],[[104.81623,16.13378],[104.81575,16.11667]],[[104.81575,16.11667],[104.81299,16.10728]],[[104.81299,16.10728],[104.814,16.09903]],[[104.814,16.09903],[104.81079,16.09552]],[[104.81079,16.09552],[104.80304,16.09482]],[[104.80304,16.09482],[104.79769,16.10082]],[[104.79769,16.10082],[104.78868,16.10396]],[[104.78868,16.10396],[104.78743,16.10842]],[[104.78743,16.10842],[104.78088,16.11398]],[[104.78088,16.11398],[104.77058,16.10739]],[[104.77058,16.10739],[104.76939,16.10514]],[[104.76939,16.10514],[104.75782,16.10274]],[[104.75782,16.10274],[104.75171,16.10364]],[[104.75171,16.10364],[104.73058,16.1011]],[[104.73058,16.1011],[104.7205,16.10658]],[[104.7205,16.10658],[104.70637,16.10846]],[[104.70637,16.10846],[104.70236,16.11369]],[[104.70236,16.11369],[104.68743,16.1146]],[[104.68743,16.1146],[104.67869,16.12039]],[[104.67869,16.12039],[104.66933,16.11805]],[[104.66933,16.11805],[104.66201,16.12336]],[[104.66201,16.12336],[104.65539,16.12008]],[[104.65539,16.12008],[104.64599,16.12301]],[[104.64599,16.12301],[104.62724,16.12042]],[[104.62724,16.12042],[104.62239,16.12324]],[[104.62239,16.12324],[104.61243,16.11376]],[[104.61243,16.11376],[104.60532,16.1124]],[[104.60532,16.1124],[104.59984,16.10766]],[[104.59984,16.10766],[104.59182,16.10696]],[[104.59182,16.10696],[104.57928,16.10016]],[[104.57928,16.10016],[104.56695,16.10048]],[[104.56695,16.10048],[104.56192,16.09856]],[[104.56192,16.09856],[104.55787,16.08834]],[[104.55787,16.08834],[104.55275,16.08097]],[[104.55275,16.08097],[104.54282,16.07134]],[[104.54282,16.07134],[104.53824,16.05882]],[[104.53824,16.05882],[104.53384,16.05692]],[[104.53384,16.05692],[104.53586,16.0439]],[[104.53586,16.0439],[104.53165,16.04343]],[[104.53165,16.04343],[104.53096,16.03859]],[[104.53096,16.03859],[104.52633,16.03877]],[[104.52633,16.03877],[104.51518,16.02542]],[[104.51518,16.02542],[104.51834,16.02042]],[[104.51834,16.02042],[104.52501,16.01463]],[[104.52501,16.01463],[104.5226,16.00991]],[[104.5226,16.00991],[104.52825,16.00777]],[[104.52825,16.00777],[104.53287,16.00076]],[[104.53287,16.00076],[104.52707,16.00058]],[[104.52707,16.00058],[104.52486,15.99089]],[[104.52486,15.99089],[104.52167,15.98594]],[[104.52167,15.98594],[104.5129,15.98159]],[[104.5129,15.98159],[104.50556,15.98223]],[[104.50556,15.98223],[104.50174,15.97585]],[[104.50174,15.97585],[104.50594,15.96699]],[[104.50594,15.96699],[104.50233,15.9639]],[[104.50233,15.9639],[104.50505,15.95125]],[[104.50505,15.95125],[104.497,15.94922]],[[104.497,15.94922],[104.49557,15.9436]],[[104.49557,15.9436],[104.49007,15.94264]],[[104.49007,15.94264],[104.48476,15.93359]],[[104.48476,15.93359],[104.48212,15.93499]],[[104.48212,15.93499],[104.47681,15.92599]],[[104.47681,15.92599],[104.47398,15.92415]],[[104.47398,15.92415],[104.46516,15.91289]],[[104.46516,15.91289],[104.4705,15.9104]],[[104.4705,15.9104],[104.46812,15.90317]],[[104.46812,15.90317],[104.45479,15.90112]],[[104.45479,15.90112],[104.45662,15.89583]],[[104.45662,15.89583],[104.4598,15.89704]],[[104.4598,15.89704],[104.4544,15.88561]],[[104.4544,15.88561],[104.45331,15.87981]],[[104.45331,15.87981],[104.4563,15.87478]],[[104.4563,15.87478],[104.45048,15.87149]],[[104.45048,15.87149],[104.44894,15.8663]],[[104.44894,15.8663],[104.45705,15.8588]],[[104.45705,15.8588],[104.45679,15.85146]],[[104.45679,15.85146],[104.46013,15.84252]],[[104.46013,15.84252],[104.45102,15.83654]],[[104.45102,15.83654],[104.448,15.83104]],[[104.448,15.83104],[104.44659,15.82087]],[[104.44659,15.82087],[104.44051,15.81678]],[[104.44051,15.81678],[104.44041,15.81236]],[[104.44041,15.81236],[104.43622,15.81266]],[[104.43622,15.81266],[104.43596,15.80861]],[[104.43596,15.80861],[104.44077,15.80389]],[[104.44077,15.80389],[104.43137,15.79298]],[[104.43137,15.79298],[104.43338,15.78695]],[[104.43338,15.78695],[104.42921,15.77782]],[[104.42921,15.77782],[104.42871,15.76646]],[[104.42871,15.76646],[104.43241,15.76439]],[[104.43241,15.76439],[104.43037,15.76015]],[[104.43037,15.76015],[104.43398,15.75172]],[[104.43398,15.75172],[104.42995,15.74962]],[[104.42995,15.74962],[104.42558,15.75293]],[[104.42558,15.75293],[104.41891,15.74867]],[[104.41891,15.74867],[104.4237,15.73984]],[[104.4237,15.73984],[104.43149,15.73802]],[[104.43149,15.73802],[104.42798,15.73264]],[[104.42798,15.73264],[104.42778,15.7253]],[[104.42778,15.7253],[104.42246,15.72323]],[[104.42246,15.72323],[104.42639,15.71807]],[[104.42639,15.71807],[104.42199,15.71373]],[[104.42199,15.71373],[104.42439,15.7085]],[[104.42439,15.7085],[104.41923,15.70593]],[[104.41923,15.70593],[104.42304,15.69531]],[[104.42304,15.69531],[104.42862,15.69955]],[[104.42862,15.69955],[104.43931,15.70031]],[[104.43931,15.70031],[104.44123,15.69722]],[[104.44123,15.69722],[104.437,15.69152]],[[104.437,15.69152],[104.43674,15.68532]],[[104.43674,15.68532],[104.44366,15.6834]],[[104.44366,15.6834],[104.43935,15.6764]],[[104.43935,15.6764],[104.445,15.67425]],[[104.445,15.67425],[104.44549,15.67057]],[[104.44549,15.67057],[104.43639,15.66847]],[[104.43639,15.66847],[104.44534,15.66157]],[[104.44534,15.66157],[104.44602,15.65397]],[[104.44602,15.65397],[104.44112,15.64779]],[[104.44112,15.64779],[104.43977,15.6408]],[[104.43977,15.6408],[104.44581,15.63932]],[[104.44581,15.63932],[104.44694,15.6341]],[[104.44694,15.6341],[104.44402,15.63225]],[[104.44402,15.63225],[104.44035,15.61816]],[[104.44035,15.61816],[104.44564,15.62161]],[[104.44564,15.62161],[104.44889,15.61804]],[[104.44889,15.61804],[104.45262,15.62222]],[[104.45262,15.62222],[104.46423,15.62834]],[[104.46423,15.62834],[104.46663,15.62217]],[[104.46663,15.62217],[104.4657,15.61433]],[[104.4657,15.61433],[104.46141,15.61175]],[[104.46141,15.61175],[104.46199,15.60657]],[[104.46199,15.60657],[104.46662,15.60575]],[[104.46662,15.60575],[104.46736,15.60184]],[[104.46736,15.60184],[104.46422,15.59714]],[[104.46422,15.59714],[104.45796,15.59669]],[[104.45796,15.59669],[104.46283,15.5887]],[[104.46283,15.5887],[104.46617,15.58747]],[[104.46617,15.58747],[104.47554,15.58927]],[[104.47554,15.58927],[104.48073,15.58544]],[[104.48073,15.58544],[104.48469,15.58838]],[[104.48469,15.58838],[104.48135,15.59117]],[[104.48135,15.59117],[104.49019,15.59336]],[[104.49019,15.59336],[104.49123,15.58709]],[[104.49123,15.58709],[104.49435,15.58993]],[[104.49435,15.58993],[104.50596,15.58618]],[[104.50596,15.58618],[104.50659,15.57805]],[[104.50659,15.57805],[104.51097,15.57113]],[[104.51097,15.57113],[104.51201,15.56393]],[[104.12174,15.56313],[104.12203,15.5778]],[[104.12203,15.5778],[104.16114,15.60285]],[[104.16114,15.60285],[104.17459,15.60395]],[[104.17459,15.60395],[104.1862,15.60351]],[[104.1862,15.60351],[104.18777,15.60622]],[[104.18777,15.60622],[104.20946,15.60896]],[[104.20946,15.60896],[104.21311,15.61368]],[[104.21311,15.61368],[104.20935,15.61823]],[[104.20935,15.61823],[104.19383,15.61359]],[[104.19383,15.61359],[104.187,15.60951]],[[104.187,15.60951],[104.18787,15.61626]],[[104.18787,15.61626],[104.18403,15.61781]],[[104.18403,15.61781],[104.18259,15.62296]],[[104.18259,15.62296],[104.19143,15.62885]],[[104.19143,15.62885],[104.19016,15.63332]],[[104.19016,15.63332],[104.17932,15.6308]],[[104.17932,15.6308],[104.17085,15.63169]],[[104.17085,15.63169],[104.17134,15.63568]],[[104.17134,15.63568],[104.1782,15.63779]],[[104.1782,15.63779],[104.17439,15.64525]],[[104.17439,15.64525],[104.17151,15.65658]],[[104.17151,15.65658],[104.17515,15.66141]],[[104.17515,15.66141],[104.18119,15.65667]],[[104.18119,15.65667],[104.18713,15.6593]],[[104.18713,15.6593],[104.18706,15.66677]],[[104.18706,15.66677],[104.18391,15.6683]],[[104.18391,15.6683],[104.17673,15.66368]],[[104.17673,15.66368],[104.17677,15.67167]],[[104.17677,15.67167],[104.16846,15.67362]],[[104.16846,15.67362],[104.16701,15.68009]],[[104.16701,15.68009],[104.1629,15.68693]],[[104.1629,15.68693],[104.15208,15.69074]],[[104.15208,15.69074],[104.15069,15.69861]],[[104.15069,15.69861],[104.14389,15.70264]],[[104.14389,15.70264],[104.14236,15.70818]],[[104.14236,15.70818],[104.1483,15.71077]],[[104.1483,15.71077],[104.1464,15.71285]],[[104.1464,15.71285],[104.13913,15.71128]],[[104.13913,15.71128],[104.13649,15.70544]],[[104.13649,15.70544],[104.13001,15.69717]],[[104.13001,15.69717],[104.12391,15.69618]],[[104.12391,15.69618],[104.1181,15.70219]],[[104.1181,15.70219],[104.11985,15.70578]],[[104.11985,15.70578],[104.12793,15.70452]],[[104.12793,15.70452],[104.13061,15.70605]],[[104.13061,15.70605],[104.12797,15.71074]],[[104.12797,15.71074],[104.12756,15.71996]],[[104.12756,15.71996],[104.13364,15.73611]],[[104.13364,15.73611],[104.13232,15.74232]],[[104.13232,15.74232],[104.13421,15.74617]],[[104.13421,15.74617],[104.1405,15.74854]],[[104.1405,15.74854],[104.14028,15.75419]],[[104.14028,15.75419],[104.13313,15.75406]],[[104.13313,15.75406],[104.12771,15.7698]],[[104.12771,15.7698],[104.13317,15.77399]],[[104.13317,15.77399],[104.13429,15.77952]],[[104.13429,15.77952],[104.13952,15.78411]],[[104.13952,15.78411],[104.1363,15.79667]],[[104.1363,15.79667],[104.13185,15.8014]],[[104.13185,15.8014],[104.12726,15.80156]],[[104.12726,15.80156],[104.11879,15.80547]],[[104.11879,15.80547],[104.11099,15.80698]],[[104.11099,15.80698],[104.10658,15.81429]],[[104.10658,15.81429],[104.09682,15.82502]],[[104.09682,15.82502],[104.07711,15.8386]],[[104.07711,15.8386],[104.07025,15.83697]],[[104.07025,15.83697],[104.06975,15.82959]],[[104.06975,15.82959],[104.07279,15.82464]],[[104.07279,15.82464],[104.07931,15.82515]],[[104.07931,15.82515],[104.07726,15.81912]],[[104.07726,15.81912],[104.06565,15.81254]],[[104.06565,15.81254],[104.05837,15.81102]],[[104.05837,15.81102],[104.03337,15.79609]],[[104.03337,15.79609],[104.02306,15.79885]],[[104.02306,15.79885],[104.0092,15.79431]],[[104.0092,15.79431],[104.0016,15.79497]],[[104.0016,15.79497],[104.00019,15.7979]],[[104.00019,15.7979],[104.00291,15.80397]],[[104.00291,15.80397],[104.00153,15.80912]],[[104.00153,15.80912],[103.99747,15.81302]],[[103.99747,15.81302],[104.00645,15.81242]],[[104.00645,15.81242],[104.0053,15.8174]],[[104.0053,15.8174],[104.01358,15.81702]],[[104.01358,15.81702],[104.00912,15.82175]],[[104.00912,15.82175],[104.01021,15.83204]],[[104.01021,15.83204],[104.01687,15.83007]],[[104.01687,15.83007],[104.01222,15.8367]],[[104.01222,15.8367],[104.01296,15.84514]],[[104.01296,15.84514],[104.01626,15.83814]],[[104.01626,15.83814],[104.02121,15.83963]],[[104.02121,15.83963],[104.01891,15.84841]],[[104.01891,15.84841],[104.0269,15.85083]],[[104.0269,15.85083],[104.02605,15.85544]],[[104.02605,15.85544],[104.02916,15.85932]],[[104.02916,15.85932],[104.02012,15.86392]],[[104.02012,15.86392],[104.02001,15.86745]],[[104.02001,15.86745],[104.02506,15.86433]],[[104.02506,15.86433],[104.03619,15.86715]],[[104.03619,15.86715],[104.03396,15.87064]],[[104.03396,15.87064],[104.03066,15.86825]],[[104.03066,15.86825],[104.02309,15.87109]],[[104.02309,15.87109],[104.03243,15.87467]],[[104.03243,15.87467],[104.02376,15.87884]],[[104.02376,15.87884],[104.0199,15.88444]],[[104.0199,15.88444],[104.01508,15.88681]],[[104.01508,15.88681],[104.01992,15.89276]],[[104.01992,15.89276],[104.015,15.89248]],[[104.015,15.89248],[104.01678,15.90165]],[[104.01678,15.90165],[104.01946,15.90602]],[[104.01946,15.90602],[104.01404,15.91073]],[[104.01404,15.91073],[104.02241,15.91117]],[[104.02241,15.91117],[104.02825,15.92011]],[[104.02825,15.92011],[104.03494,15.93386]],[[104.03494,15.93386],[104.03283,15.94827]],[[104.03283,15.94827],[104.02941,15.94886]],[[104.02941,15.94886],[104.0265,15.96113]],[[104.0265,15.96113],[104.01667,15.95298]],[[104.01667,15.95298],[104.01614,15.94917]],[[104.01614,15.94917],[104.0122,15.95317]],[[104.0122,15.95317],[104.01123,15.95811]],[[104.01123,15.95811],[104.01606,15.96605]],[[104.01606,15.96605],[104.02158,15.97119]],[[104.02158,15.97119],[104.0204,15.97681]],[[104.0204,15.97681],[104.02727,15.9774]],[[104.02727,15.9774],[104.02966,15.98127]],[[104.02966,15.98127],[104.03636,15.98422]],[[104.03636,15.98422],[104.04264,15.98343]],[[104.04264,15.98343],[104.05071,15.98707]],[[104.05071,15.98707],[104.05746,15.98454]],[[104.05746,15.98454],[104.06101,15.98814]],[[104.06101,15.98814],[104.07061,15.98229]],[[104.07061,15.98229],[104.07904,15.98365]],[[104.07904,15.98365],[104.08198,15.9804]],[[104.08198,15.9804],[104.09411,15.97769]],[[104.09411,15.97769],[104.10367,15.98548]],[[104.10367,15.98548],[104.10687,15.991]],[[104.10687,15.991],[104.10674,15.99838]],[[104.10674,15.99838],[104.10231,16.00626]],[[104.10231,16.00626],[104.10772,16.01219]],[[104.10772,16.01219],[104.11164,16.02141]],[[104.11164,16.02141],[104.10948,16.02866]],[[104.10948,16.02866],[104.11367,16.03223]],[[104.11367,16.03223],[104.11275,16.04165]],[[104.11275,16.04165],[104.10896,16.04608]],[[104.10896,16.04608],[104.10189,16.04953]],[[104.10189,16.04953],[104.09829,16.05891]],[[104.09829,16.05891],[104.09922,16.06965]],[[104.09922,16.06965],[104.09554,16.07554]],[[104.09554,16.07554],[104.10274,16.08707]],[[104.10274,16.08707],[104.10013,16.09295]],[[104.10013,16.09295],[104.10733,16.09776]],[[104.10733,16.09776],[104.10875,16.10716]],[[104.10875,16.10716],[104.11157,16.10716]],[[104.11157,16.10716],[104.11484,16.11456]],[[104.11484,16.11456],[104.12306,16.11683]],[[104.12306,16.11683],[104.12577,16.11219]],[[104.12577,16.11219],[104.13084,16.11415]],[[104.13084,16.11415],[104.13735,16.1099]],[[104.13735,16.1099],[104.15388,16.12117]],[[104.15388,16.12117],[104.15409,16.12937]],[[104.15409,16.12937],[104.16313,16.13168]],[[104.16313,16.13168],[104.16603,16.14276]],[[104.16603,16.14276],[104.18097,16.14974]],[[104.18097,16.14974],[104.18826,16.14701]],[[104.18826,16.14701],[104.1989,16.15206]],[[104.1989,16.15206],[104.19856,16.15604]],[[104.19856,16.15604],[104.20739,16.1642]],[[104.20739,16.1642],[104.21099,16.15731]],[[104.21099,16.15731],[104.21681,16.15834]],[[104.21681,16.15834],[104.23011,16.16921]],[[104.23011,16.16921],[104.22895,16.17196]],[[104.22895,16.17196],[104.2369,16.18042]],[[104.2369,16.18042],[104.23829,16.18716]],[[104.23829,16.18716],[104.24783,16.1949]],[[104.24783,16.1949],[104.24549,16.19938]],[[104.24549,16.19938],[104.25006,16.20754]],[[104.25006,16.20754],[104.24997,16.21902]],[[104.24997,16.21902],[104.25813,16.22462]],[[104.25813,16.22462],[104.26982,16.22702]],[[104.26982,16.22702],[104.27699,16.22652]],[[104.27699,16.22652],[104.28333,16.23258]],[[104.28333,16.23258],[104.29676,16.2387]],[[104.29676,16.2387],[104.29693,16.25285]],[[104.29693,16.25285],[104.3056,16.25735]],[[104.3056,16.25735],[104.31035,16.25528]],[[104.31035,16.25528],[104.31165,16.25825]],[[104.31165,16.25825],[104.32258,16.26492]],[[104.32258,16.26492],[104.32879,16.27162]],[[104.32879,16.27162],[104.33097,16.27823]],[[104.33097,16.27823],[104.33548,16.28113]],[[104.33548,16.28113],[104.34379,16.29222]],[[104.34379,16.29222],[104.34103,16.29679]],[[104.34103,16.29679],[104.34404,16.3154]],[[104.34404,16.3154],[104.348,16.32321]],[[104.348,16.32321],[104.35169,16.32941]],[[104.35169,16.32941],[104.36661,16.34075]],[[104.36661,16.34075],[104.37496,16.34241]],[[104.37496,16.34241],[104.38926,16.34884]],[[104.38926,16.34884],[104.40004,16.34659]],[[104.40004,16.34659],[104.40736,16.34707]],[[104.40736,16.34707],[104.42062,16.34515]],[[104.42062,16.34515],[104.4248,16.34694]],[[104.4248,16.34694],[104.43781,16.34467]],[[104.43781,16.34467],[104.45268,16.34344]],[[104.45268,16.34344],[104.45788,16.34194]],[[104.45788,16.34194],[104.47341,16.34556]],[[104.47341,16.34556],[104.48187,16.3421]],[[104.48187,16.3421],[104.49274,16.34145]],[[104.49274,16.34145],[104.50387,16.33747]],[[104.50387,16.33747],[104.5035,16.33404]],[[104.5035,16.33404],[104.50784,16.32953]],[[104.50784,16.32953],[104.5083,16.32151]],[[104.5083,16.32151],[104.51082,16.31698]],[[104.51082,16.31698],[104.52307,16.31477]],[[104.52307,16.31477],[104.53786,16.3178]],[[104.53786,16.3178],[104.54295,16.31314]],[[104.54295,16.31314],[104.55005,16.31251]],[[104.55005,16.31251],[104.55104,16.30643]],[[104.55104,16.30643],[104.55709,16.293]],[[104.55709,16.293],[104.56268,16.28328]],[[104.56268,16.28328],[104.55918,16.28118]],[[104.55918,16.28118],[104.55675,16.26052]],[[104.55675,16.26052],[104.57282,16.2589]],[[104.57282,16.2589],[104.57494,16.24978]],[[104.57494,16.24978],[104.57844,16.24303]],[[104.57844,16.24303],[104.58621,16.23729]],[[104.58621,16.23729],[104.59755,16.24195]],[[104.59755,16.24195],[104.60052,16.23889]],[[104.60052,16.23889],[104.60099,16.22763]],[[104.60099,16.22763],[104.60269,16.22453]],[[104.60269,16.22453],[104.60883,16.22354]],[[104.60883,16.22354],[104.61562,16.21535]],[[104.61562,16.21535],[104.62926,16.21124]],[[104.62926,16.21124],[104.64022,16.21443]],[[104.64022,16.21443],[104.658,16.22583]],[[104.658,16.22583],[104.66049,16.23107]],[[104.66049,16.23107],[104.66063,16.23789]],[[104.66063,16.23789],[104.66402,16.24286]],[[104.66402,16.24286],[104.66969,16.23064]],[[104.66969,16.23064],[104.68194,16.22543]],[[104.68194,16.22543],[104.6907,16.22664]],[[104.6907,16.22664],[104.69277,16.22386]],[[104.69277,16.22386],[104.69217,16.2158]],[[104.69217,16.2158],[104.69888,16.21287]],[[104.69888,16.21287],[104.70489,16.20721]],[[104.70489,16.20721],[104.70919,16.21035]],[[104.70919,16.21035],[104.71647,16.20393]],[[104.71647,16.20393],[104.73786,16.20199]],[[104.73786,16.20199],[104.74795,16.20291]],[[104.74795,16.20291],[104.754,16.19796]],[[104.754,16.19796],[104.75794,16.20085]],[[104.75794,16.20085],[104.76607,16.19644]],[[101.75082,16.66782],[101.7515,16.65435]],[[101.7515,16.65435],[101.7603,16.65211]],[[101.7603,16.65211],[101.76458,16.65544]],[[101.76458,16.65544],[101.77291,16.65235]],[[101.77291,16.65235],[101.77212,16.64814]],[[101.77212,16.64814],[101.7794,16.64582]],[[101.7794,16.64582],[101.77433,16.63988]],[[101.77433,16.63988],[101.77365,16.63155]],[[101.77365,16.63155],[101.78321,16.63483]],[[101.78321,16.63483],[101.78548,16.63952]],[[101.78548,16.63952],[101.79113,16.63965]],[[101.79113,16.63965],[101.79499,16.64494]],[[101.79499,16.64494],[101.79985,16.64524]],[[101.79985,16.64524],[101.80083,16.64941]],[[101.80083,16.64941],[101.80582,16.64881]],[[101.80582,16.64881],[101.82028,16.65467]],[[101.82028,16.65467],[101.82178,16.65082]],[[101.82178,16.65082],[101.82571,16.65681]],[[101.82571,16.65681],[101.83334,16.65841]],[[101.83334,16.65841],[101.84048,16.6545]],[[101.84048,16.6545],[101.84745,16.65486]],[[101.84745,16.65486],[101.85272,16.65788]],[[101.85272,16.65788],[101.85376,16.65037]],[[101.85376,16.65037],[101.86001,16.65031]],[[101.86001,16.65031],[101.86654,16.64707]],[[101.86654,16.64707],[101.86891,16.64965]],[[101.86891,16.64965],[101.872,16.64313]],[[101.872,16.64313],[101.88039,16.64614]],[[101.88039,16.64614],[101.88894,16.64519]],[[101.88894,16.64519],[101.89362,16.63923]],[[101.89362,16.63923],[101.90166,16.63868]],[[101.90166,16.63868],[101.90133,16.63521]],[[101.90133,16.63521],[101.90595,16.63439]],[[101.90595,16.63439],[101.90991,16.6285]],[[101.90991,16.6285],[101.90965,16.63355]],[[101.90965,16.63355],[101.91412,16.6337]],[[101.91412,16.6337],[101.91853,16.63013]],[[101.91853,16.63013],[101.92549,16.63395]],[[101.92549,16.63395],[101.93399,16.6341]],[[101.93399,16.6341],[101.93819,16.63609]],[[101.93819,16.63609],[101.94841,16.63468]],[[101.94841,16.63468],[101.95638,16.62761]],[[101.95638,16.62761],[101.95061,16.62253]],[[101.95061,16.62253],[101.9551,16.6223]],[[101.9551,16.6223],[101.95698,16.61673]],[[101.95698,16.61673],[101.95913,16.61985]],[[101.95913,16.61985],[101.96191,16.61559]],[[101.96191,16.61559],[101.96432,16.6191]],[[101.96432,16.6191],[101.969,16.61795]],[[101.969,16.61795],[101.9698,16.61109]],[[101.9698,16.61109],[101.97218,16.61496]],[[101.97218,16.61496],[101.97735,16.60959]],[[101.97735,16.60959],[101.97524,16.60446]],[[101.97524,16.60446],[101.97982,16.60273]],[[101.97982,16.60273],[101.98305,16.59501]],[[101.98305,16.59501],[101.9792,16.59234]],[[101.9792,16.59234],[101.98293,16.58355]],[[101.98293,16.58355],[101.98801,16.58217]],[[101.98801,16.58217],[101.98817,16.56767]],[[101.98817,16.56767],[101.99427,16.56152]],[[101.99427,16.56152],[101.99979,16.56345]],[[101.99979,16.56345],[102.00633,16.55756]],[[102.00633,16.55756],[102.0186,16.55888]],[[102.0186,16.55888],[102.02475,16.55697]],[[102.02475,16.55697],[102.02211,16.55352]],[[102.02211,16.55352],[102.02387,16.5484]],[[102.02387,16.5484],[102.03242,16.54071]],[[102.03242,16.54071],[102.03248,16.53282]],[[102.03248,16.53282],[102.03038,16.52727]],[[102.03038,16.52727],[102.03162,16.52093]],[[102.03162,16.52093],[102.0396,16.51048]],[[102.0396,16.51048],[102.04896,16.50648]],[[102.04896,16.50648],[102.05202,16.50861]],[[102.05202,16.50861],[102.05601,16.50433]],[[102.05601,16.50433],[102.05997,16.50763]],[[102.05997,16.50763],[102.07138,16.50182]],[[102.07138,16.50182],[102.06732,16.49457]],[[102.06732,16.49457],[102.07263,16.49542]],[[102.07263,16.49542],[102.07493,16.49273]],[[102.07493,16.49273],[102.07917,16.49662]],[[102.07917,16.49662],[102.08228,16.49253]],[[102.08228,16.49253],[102.091,16.49372]],[[102.091,16.49372],[102.09374,16.49829]],[[102.09374,16.49829],[102.1001,16.49421]],[[102.1001,16.49421],[102.10572,16.49793]],[[102.10572,16.49793],[102.11164,16.49459]],[[102.11164,16.49459],[102.11461,16.49705]],[[102.11461,16.49705],[102.12227,16.49428]],[[102.12227,16.49428],[102.13881,16.49886]],[[102.13881,16.49886],[102.14049,16.50289]],[[102.14049,16.50289],[102.14962,16.4988]],[[102.14962,16.4988],[102.15364,16.50259]],[[102.15364,16.50259],[102.15779,16.50211]],[[102.15779,16.50211],[102.15741,16.49829]],[[102.15741,16.49829],[102.16264,16.50159]],[[102.16264,16.50159],[102.16345,16.49813]],[[102.16345,16.49813],[102.17525,16.49423]],[[102.17525,16.49423],[102.18229,16.50623]],[[102.18229,16.50623],[102.18953,16.50265]],[[102.18953,16.50265],[102.1919,16.49902]],[[102.1919,16.49902],[102.19836,16.50441]],[[102.19836,16.50441],[102.20378,16.50441]],[[102.20378,16.50441],[102.20687,16.49819]],[[102.20687,16.49819],[102.21365,16.50165]],[[102.21365,16.50165],[102.21812,16.49758]],[[102.21812,16.49758],[102.21817,16.4939]],[[102.21817,16.4939],[102.22819,16.48412]],[[102.22819,16.48412],[102.23461,16.48645]],[[102.23461,16.48645],[102.2422,16.47994]],[[102.2422,16.47994],[102.24195,16.47431]],[[102.24195,16.47431],[102.24561,16.46875]],[[102.24561,16.46875],[102.25694,16.4662]],[[102.25694,16.4662],[102.2554,16.46103]],[[102.2554,16.46103],[102.2637,16.46221]],[[102.2637,16.46221],[102.26926,16.4556]],[[102.26926,16.4556],[102.27503,16.45606]],[[102.27503,16.45606],[102.27706,16.45909]],[[102.27706,16.45909],[102.28321,16.458]],[[102.28321,16.458],[102.28951,16.45396]],[[102.28951,16.45396],[102.29301,16.44642]],[[102.29301,16.44642],[102.30089,16.4452]],[[102.30089,16.4452],[102.30689,16.45129]],[[102.30689,16.45129],[102.31195,16.45067]],[[102.31195,16.45067],[102.31154,16.45396]],[[102.31154,16.45396],[102.31818,16.45594]],[[102.31818,16.45594],[102.31925,16.44574]],[[102.31925,16.44574],[102.32684,16.44742]],[[102.32684,16.44742],[102.33318,16.44496]],[[102.33318,16.44496],[102.33589,16.44789]],[[102.33589,16.44789],[102.33919,16.44584]],[[102.33919,16.44584],[102.3422,16.44873]],[[102.3422,16.44873],[102.35374,16.4513]],[[102.35374,16.4513],[102.35759,16.44795]],[[102.35759,16.44795],[102.36582,16.45263]],[[102.36582,16.45263],[102.36459,16.44923]],[[102.36459,16.44923],[102.36678,16.44189]],[[102.36678,16.44189],[102.36538,16.43832]],[[102.36538,16.43832],[102.37073,16.43899]],[[102.37073,16.43899],[102.37607,16.43476]],[[102.37607,16.43476],[102.37569,16.43814]],[[102.37569,16.43814],[102.38187,16.44293]],[[102.38187,16.44293],[102.39083,16.44297]],[[102.39083,16.44297],[102.39258,16.44694]],[[102.39258,16.44694],[102.39737,16.44578]],[[102.39737,16.44578],[102.39493,16.45608]],[[102.39493,16.45608],[102.39957,16.46179]],[[102.39957,16.46179],[102.39573,16.46237]],[[102.39573,16.46237],[102.40088,16.46751]],[[102.40088,16.46751],[102.40533,16.46195]],[[102.40533,16.46195],[102.40457,16.45849]],[[102.40457,16.45849],[102.40978,16.44734]],[[102.40978,16.44734],[102.40623,16.44372]],[[102.40623,16.44372],[102.40771,16.43514]],[[102.40771,16.43514],[102.41545,16.42661]],[[102.41545,16.42661],[102.4181,16.42034]],[[102.4181,16.42034],[102.42197,16.41968]],[[102.42197,16.41968],[102.42766,16.41316]],[[102.42766,16.41316],[102.44333,16.40775]],[[102.44333,16.40775],[102.44811,16.39796]],[[102.44811,16.39796],[102.45887,16.39469]],[[102.45887,16.39469],[102.44697,16.37867]],[[102.44697,16.37867],[102.44599,16.36901]],[[102.44599,16.36901],[102.44667,16.35815]],[[102.44667,16.35815],[102.4424,16.34245]],[[102.4424,16.34245],[102.43587,16.3351]],[[102.43587,16.3351],[102.43729,16.3278]],[[102.43729,16.3278],[102.43001,16.32225]],[[102.43001,16.32225],[102.4226,16.30831]],[[102.4226,16.30831],[102.41703,16.29144]],[[102.41703,16.29144],[102.41684,16.28615]],[[102.41684,16.28615],[102.41076,16.27103]],[[102.41076,16.27103],[102.4132,16.26055]],[[102.4132,16.26055],[102.41798,16.25341]],[[102.41798,16.25341],[102.40831,16.24786]],[[102.40831,16.24786],[102.40313,16.24289]],[[102.40313,16.24289],[102.39468,16.22823]],[[102.39468,16.22823],[102.38069,16.20777]],[[102.38069,16.20777],[102.36477,16.18837]],[[102.36477,16.18837],[102.34532,16.16056]],[[102.34532,16.16056],[102.33948,16.14682]],[[102.33948,16.14682],[102.32554,16.12769]],[[102.32554,16.12769],[102.3151,16.11513]],[[102.3151,16.11513],[102.29685,16.09924]],[[102.29685,16.09924],[102.28296,16.08558]],[[102.28296,16.08558],[102.27991,16.07202]],[[102.27991,16.07202],[102.28626,16.07021]],[[102.28626,16.07021],[102.28839,16.05848]],[[102.28839,16.05848],[102.291,16.05761]],[[102.291,16.05761],[102.29779,16.04884]],[[102.29779,16.04884],[102.30255,16.03827]],[[102.30255,16.03827],[102.3128,16.04221]],[[102.3128,16.04221],[102.31641,16.03769]],[[102.31641,16.03769],[102.32177,16.037]],[[102.32177,16.037],[102.32654,16.03016]],[[102.32654,16.03016],[102.33857,16.03856]],[[102.33857,16.03856],[102.34863,16.02973]],[[102.34863,16.02973],[102.35238,16.02491]],[[102.35238,16.02491],[102.35292,16.01515]],[[102.35292,16.01515],[102.35164,16.00943]],[[102.35164,16.00943],[102.3557,16.00922]],[[102.3557,16.00922],[102.35522,16.00546]],[[102.35522,16.00546],[102.3593,16.00256]],[[102.3593,16.00256],[102.37172,16.00275]],[[102.37172,16.00275],[102.36946,16.00004]],[[102.36946,16.00004],[102.38182,15.99365]],[[102.38182,15.99365],[102.38542,15.98703]],[[102.38542,15.98703],[102.38593,15.98082]],[[102.38593,15.98082],[102.37165,15.97474]],[[102.37165,15.97474],[102.37253,15.96834]],[[102.37253,15.96834],[102.3662,15.9614]],[[102.3662,15.9614],[102.36895,15.95348]],[[102.36895,15.95348],[102.37419,15.95443]],[[102.37419,15.95443],[102.37403,15.95081]],[[102.37403,15.95081],[102.36912,15.94852]],[[102.36912,15.94852],[102.3643,15.93448]],[[102.3643,15.93448],[102.35698,15.93238]],[[102.35698,15.93238],[102.36222,15.9286]],[[102.36222,15.9286],[102.35844,15.92699]],[[102.35844,15.92699],[102.36142,15.92025]],[[102.36142,15.92025],[102.35901,15.91489]],[[102.35901,15.91489],[102.35298,15.90799]],[[102.35298,15.90799],[102.35287,15.9002]],[[102.35287,15.9002],[102.35014,15.90046]],[[102.35014,15.90046],[102.34578,15.88876]],[[102.34578,15.88876],[102.34073,15.88742]],[[102.34073,15.88742],[102.34311,15.88152]],[[102.34311,15.88152],[102.33799,15.87984]],[[102.33799,15.87984],[102.33839,15.87404]],[[102.33839,15.87404],[102.33541,15.87135]],[[102.33541,15.87135],[102.32525,15.86982]],[[102.32525,15.86982],[102.32189,15.86675]],[[102.32189,15.86675],[102.31866,15.85542]],[[102.31866,15.85542],[102.31873,15.84921]],[[102.31873,15.84921],[102.31574,15.84654]],[[102.31574,15.84654],[102.32158,15.84264]],[[102.32158,15.84264],[102.32457,15.82906]],[[102.32457,15.82906],[102.32273,15.82709]],[[102.32273,15.82709],[102.32615,15.82111]],[[102.32615,15.82111],[102.3244,15.8162]],[[102.3244,15.8162],[102.32889,15.80896]],[[102.32889,15.80896],[102.32756,15.80341]],[[101.33632,15.75302],[101.33633,15.7659]],[[101.33633,15.7659],[101.33839,15.76777]],[[101.33839,15.76777],[101.33262,15.77382]],[[101.33262,15.77382],[101.33431,15.77579]],[[101.33431,15.77579],[101.32948,15.78412]],[[101.32948,15.78412],[101.31963,15.78874]],[[101.31963,15.78874],[101.31758,15.79179]],[[101.31758,15.79179],[101.32054,15.7968]],[[101.32054,15.7968],[101.32859,15.80026]],[[101.32859,15.80026],[101.33123,15.80546]],[[101.33123,15.80546],[101.3269,15.80597]],[[101.3269,15.80597],[101.32329,15.81001]],[[101.32329,15.81001],[101.32365,15.81471]],[[101.32365,15.81471],[101.32727,15.81941]],[[101.32727,15.81941],[101.33016,15.83102]],[[101.33016,15.83102],[101.32506,15.83126]],[[101.32506,15.83126],[101.32454,15.83712]],[[101.32454,15.83712],[101.32974,15.84067]],[[101.32974,15.84067],[101.33247,15.8491]],[[101.33247,15.8491],[101.32572,15.85214]],[[101.32572,15.85214],[101.32865,15.85794]],[[101.32865,15.85794],[101.33246,15.87374]],[[101.33246,15.87374],[101.33247,15.88167]],[[101.33247,15.88167],[101.33859,15.88687]],[[101.33859,15.88687],[101.34829,15.88628]],[[101.34829,15.88628],[101.35405,15.89043]],[[101.35405,15.89043],[101.35549,15.8943]],[[101.35549,15.8943],[101.36163,15.9002]],[[101.36163,15.9002],[101.36274,15.9078]],[[101.36274,15.9078],[101.36983,15.9097]],[[101.36983,15.9097],[101.37398,15.92171]],[[101.37398,15.92171],[101.36103,15.92302]],[[101.36103,15.92302],[101.36622,15.9351]],[[101.36622,15.9351],[101.37086,15.93949]],[[101.37086,15.93949],[101.3723,15.95534]],[[101.3723,15.95534],[101.37585,15.96107]],[[101.37585,15.96107],[101.37479,15.96478]],[[101.37479,15.96478],[101.3758,15.97905]],[[101.3758,15.97905],[101.37781,15.9894]],[[101.37781,15.9894],[101.37699,16.00875]],[[101.37699,16.00875],[101.3701,16.03897]],[[101.3701,16.03897],[101.36717,16.04528]],[[101.36717,16.04528],[101.36498,16.075]],[[101.36498,16.075],[101.35306,16.06739]],[[101.35306,16.06739],[101.34605,16.06925]],[[101.34605,16.06925],[101.33364,16.09345]],[[101.33364,16.09345],[101.33625,16.09687]],[[101.33625,16.09687],[101.3345,16.10147]],[[101.3345,16.10147],[101.33895,16.10411]],[[101.33895,16.10411],[101.33692,16.11802]],[[101.33692,16.11802],[101.33974,16.12138]],[[101.33974,16.12138],[101.34137,16.1401]],[[101.34137,16.1401],[101.34408,16.14221]],[[101.34408,16.14221],[101.34258,16.15165]],[[101.34258,16.15165],[101.34496,16.15789]],[[101.34496,16.15789],[101.35303,16.163]],[[101.35303,16.163],[101.35651,16.17379]],[[101.35651,16.17379],[101.3623,16.18275]],[[101.3623,16.18275],[101.37158,16.18276]],[[101.37158,16.18276],[101.37711,16.18536]],[[101.37711,16.18536],[101.37995,16.18974]],[[101.37995,16.18974],[101.3752,16.19678]],[[101.3752,16.19678],[101.37265,16.20701]],[[101.37265,16.20701],[101.3751,16.21441]],[[101.3751,16.21441],[101.36691,16.22699]],[[101.36691,16.22699],[101.37066,16.2326]],[[101.37066,16.2326],[101.37357,16.24149]],[[101.37357,16.24149],[101.36457,16.24589]],[[101.36457,16.24589],[101.3611,16.25349]],[[101.3611,16.25349],[101.35481,16.26087]],[[101.35481,16.26087],[101.35814,16.26848]],[[101.35814,16.26848],[101.36293,16.26807]],[[101.36293,16.26807],[101.3683,16.27356]],[[101.3683,16.27356],[101.37145,16.27395]],[[101.37145,16.27395],[101.37103,16.28028]],[[101.37103,16.28028],[101.36828,16.28357]],[[101.36828,16.28357],[101.36772,16.29207]],[[101.36772,16.29207],[101.36943,16.29781]],[[101.36943,16.29781],[101.37347,16.30175]],[[101.37347,16.30175],[101.37493,16.31109]],[[101.37493,16.31109],[101.37929,16.31839]],[[101.37929,16.31839],[101.37645,16.32439]],[[101.37645,16.32439],[101.37883,16.34271]],[[101.37883,16.34271],[101.37776,16.34854]],[[101.37776,16.34854],[101.38228,16.35461]],[[101.38228,16.35461],[101.38433,16.36171]],[[101.38433,16.36171],[101.39327,16.36677]],[[101.39327,16.36677],[101.3936,16.37356]],[[101.3936,16.37356],[101.39938,16.37701]],[[101.39938,16.37701],[101.40531,16.37788]],[[101.40531,16.37788],[101.40907,16.38308]],[[101.40907,16.38308],[101.40973,16.38994]],[[101.40973,16.38994],[101.40091,16.40164]],[[101.40091,16.40164],[101.40562,16.40349]],[[101.40562,16.40349],[101.40696,16.40786]],[[101.40696,16.40786],[101.41643,16.40831]],[[101.41643,16.40831],[101.41979,16.4126]],[[101.41979,16.4126],[101.41682,16.41635]],[[101.41682,16.41635],[101.41901,16.42376]],[[101.41901,16.42376],[101.4228,16.42419]],[[101.4228,16.42419],[101.42469,16.42994]],[[101.42469,16.42994],[101.43115,16.43442]],[[101.43115,16.43442],[101.44419,16.43817]],[[101.44419,16.43817],[101.45009,16.44819]],[[101.45009,16.44819],[101.45068,16.45598]],[[101.45068,16.45598],[101.45587,16.46047]],[[101.45587,16.46047],[101.46071,16.46161]],[[101.46071,16.46161],[101.46582,16.46924]],[[101.46582,16.46924],[101.46767,16.47506]],[[101.46767,16.47506],[101.47328,16.47692]],[[101.47328,16.47692],[101.47341,16.48861]],[[101.47341,16.48861],[101.4637,16.50077]],[[101.4637,16.50077],[101.46674,16.50243]],[[101.46674,16.50243],[101.46476,16.51465]],[[101.46476,16.51465],[101.46714,16.52103]],[[101.46714,16.52103],[101.47136,16.52358]],[[101.47136,16.52358],[101.47201,16.52888]],[[101.47201,16.52888],[101.47548,16.5298]],[[101.47548,16.5298],[101.47799,16.52402]],[[101.47799,16.52402],[101.48961,16.53314]],[[101.48961,16.53314],[101.49369,16.53237]],[[101.49369,16.53237],[101.49587,16.53945]],[[101.49587,16.53945],[101.50266,16.54045]],[[101.50266,16.54045],[101.50314,16.54558]],[[101.50314,16.54558],[101.50642,16.54304]],[[101.50642,16.54304],[101.51482,16.54284]],[[101.51482,16.54284],[101.51954,16.54959]],[[101.51954,16.54959],[101.51477,16.55197]],[[101.51477,16.55197],[101.51046,16.55885]],[[101.51046,16.55885],[101.50848,16.55545]],[[101.50848,16.55545],[101.49869,16.56317]],[[101.49869,16.56317],[101.49962,16.57161]],[[101.49962,16.57161],[101.496,16.56935]],[[101.496,16.56935],[101.49883,16.57617]],[[101.49883,16.57617],[101.50165,16.60002]],[[101.50165,16.60002],[101.49992,16.60898]],[[101.49992,16.60898],[101.50649,16.61622]],[[101.50649,16.61622],[101.51857,16.61919]],[[101.51857,16.61919],[101.52455,16.61808]],[[101.52455,16.61808],[101.52625,16.62172]],[[101.52625,16.62172],[101.52311,16.63289]],[[101.52311,16.63289],[101.51395,16.64129]],[[101.51395,16.64129],[101.50886,16.65556]],[[101.50886,16.65556],[101.51181,16.66249]],[[101.51181,16.66249],[101.51397,16.67285]],[[101.51397,16.67285],[101.51052,16.677]],[[101.51052,16.677],[101.51343,16.68113]],[[101.51343,16.68113],[101.526,16.68005]],[[101.526,16.68005],[101.53297,16.67387]],[[101.53297,16.67387],[101.53777,16.66603]],[[101.53777,16.66603],[101.54539,16.66843]],[[101.54539,16.66843],[101.55434,16.65668]],[[101.55434,16.65668],[101.56074,16.65422]],[[101.56074,16.65422],[101.56486,16.64794]],[[101.56486,16.64794],[101.57175,16.64826]],[[101.57175,16.64826],[101.57333,16.65587]],[[101.57333,16.65587],[101.57711,16.66097]],[[101.57711,16.66097],[101.57872,16.67008]],[[101.57872,16.67008],[101.57568,16.67184]],[[101.57568,16.67184],[101.57181,16.68034]],[[101.57181,16.68034],[101.57046,16.69181]],[[101.57046,16.69181],[101.56021,16.6988]],[[101.56021,16.6988],[101.55886,16.70483]],[[101.55886,16.70483],[101.55309,16.7114]],[[101.55309,16.7114],[101.55197,16.71535]],[[101.55197,16.71535],[101.55325,16.72759]],[[101.55325,16.72759],[101.55986,16.72883]],[[101.55986,16.72883],[101.56301,16.72571]],[[101.56301,16.72571],[101.57404,16.72239]],[[101.57404,16.72239],[101.57613,16.7241]],[[101.57613,16.7241],[101.58555,16.72269]],[[101.58555,16.72269],[101.59138,16.71709]],[[101.59138,16.71709],[101.59043,16.70839]],[[101.59043,16.70839],[101.60468,16.70616]],[[101.60468,16.70616],[101.61387,16.69092]],[[101.61387,16.69092],[101.61887,16.68544]],[[101.61887,16.68544],[101.63031,16.68421]],[[101.63031,16.68421],[101.63624,16.68056]],[[101.63624,16.68056],[101.64598,16.68331]],[[101.64598,16.68331],[101.6498,16.68691]],[[101.6498,16.68691],[101.65641,16.68883]],[[101.65641,16.68883],[101.66402,16.68852]],[[101.66402,16.68852],[101.66526,16.68557]],[[101.66526,16.68557],[101.67843,16.6882]],[[101.67843,16.6882],[101.68785,16.6866]],[[101.68785,16.6866],[101.69921,16.67998]],[[101.69921,16.67998],[101.6975,16.67843]],[[101.6975,16.67843],[101.70291,16.67408]],[[101.70291,16.67408],[101.7037,16.66854]],[[101.7037,16.66854],[101.70645,16.67046]],[[101.70645,16.67046],[101.71689,16.66062]],[[101.71689,16.66062],[101.71696,16.65697]],[[101.71696,16.65697],[101.72504,16.65201]],[[101.72504,16.65201],[101.73111,16.65278]],[[101.73111,16.65278],[101.73097,16.65776]],[[101.73097,16.65776],[101.73753,16.66201]],[[101.73753,16.66201],[101.74129,16.66065]],[[101.74129,16.66065],[101.74392,16.66948]],[[101.74392,16.66948],[101.75082,16.66782]],[[104.97872,16.27913],[104.98803,16.27335],[105.00892,16.25014],[105.01621,16.24327],[105.01646,16.22983],[105.01175,16.2077],[105.01133,16.19758],[105.01405,16.18729],[105.01768,16.18262],[105.02273,16.16824],[105.02637,16.16146],[105.02646,16.15306],[105.0325,16.14448],[105.03584,16.13179],[105.04019,16.12082],[105.0382,16.11936],[105.04062,16.11159],[105.04732,16.10195],[105.06026,16.09815]],[[104.76607,16.19644],[104.77421,16.19679]],[[104.77421,16.19679],[104.78597,16.19973]],[[104.78597,16.19973],[104.79564,16.19719]],[[104.79564,16.19719],[104.79953,16.18957]],[[104.79953,16.18957],[104.81178,16.18526]],[[104.81178,16.18526],[104.81731,16.18785]],[[104.81731,16.18785],[104.82134,16.19357]],[[104.82134,16.19357],[104.82575,16.20478]],[[104.82575,16.20478],[104.83473,16.20029]],[[104.83473,16.20029],[104.84173,16.20319]],[[104.84173,16.20319],[104.85483,16.20165]],[[104.85483,16.20165],[104.86696,16.20902]],[[104.86696,16.20902],[104.87615,16.20921]],[[104.87615,16.20921],[104.88218,16.21346]],[[104.88218,16.21346],[104.88203,16.221]],[[104.88203,16.221],[104.8869,16.22578]],[[104.8869,16.22578],[104.88407,16.22976]],[[104.88407,16.22976],[104.88559,16.23516]],[[104.88559,16.23516],[104.89611,16.23911]],[[104.89611,16.23911],[104.89997,16.24373]],[[104.89997,16.24373],[104.91024,16.24729]],[[104.91024,16.24729],[104.91315,16.25567]],[[104.91315,16.25567],[104.932,16.25328]],[[104.932,16.25328],[104.9351,16.25686]],[[104.9351,16.25686],[104.94777,16.26197]],[[104.94777,16.26197],[104.94972,16.26727]],[[104.94972,16.26727],[104.95978,16.27172]],[[104.95978,16.27172],[104.95616,16.27752]],[[104.95616,16.27752],[104.95983,16.28436]],[[104.95983,16.28436],[104.97245,16.27534]],[[104.97245,16.27534],[104.97872,16.27913]],[[104.18998,18.02374],[104.18022,18.01867]],[[104.18022,18.01867],[104.1826,18.01364]],[[104.1826,18.01364],[104.1775,18.01308]],[[104.1775,18.01308],[104.17414,18.01576]],[[104.17414,18.01576],[104.17276,18.00274]],[[104.17276,18.00274],[104.16637,18.00448]],[[104.16637,18.00448],[104.14401,18.00344]],[[104.14401,18.00344],[104.11711,18.00605]],[[104.11711,18.00605],[104.11182,18.00481]],[[104.11182,18.00481],[104.11171,17.99945]],[[104.11171,17.99945],[104.11461,17.99608]],[[104.11461,17.99608],[104.11592,17.98731]],[[104.11592,17.98731],[104.11307,17.98139]],[[104.11307,17.98139],[104.11856,17.96496]],[[104.11856,17.96496],[104.13414,17.95593]],[[104.13414,17.95593],[104.13088,17.94572]],[[104.13088,17.94572],[104.13079,17.94001]],[[104.13079,17.94001],[104.12765,17.9351]],[[104.12765,17.9351],[104.12349,17.9216]],[[104.12349,17.9216],[104.11788,17.91732]],[[104.11788,17.91732],[104.10495,17.91194]],[[104.10495,17.91194],[104.09772,17.90632]],[[104.09772,17.90632],[104.07922,17.88591]],[[104.07922,17.88591],[104.06946,17.87816]],[[104.06946,17.87816],[104.07019,17.88221]],[[104.07019,17.88221],[104.06528,17.885]],[[104.06528,17.885],[104.06646,17.89209]],[[104.06646,17.89209],[104.0696,17.89388]],[[104.0696,17.89388],[104.06063,17.89658]],[[104.06063,17.89658],[104.05722,17.90569]],[[104.05722,17.90569],[104.0523,17.90475]],[[104.0523,17.90475],[104.04674,17.90737]],[[104.04674,17.90737],[104.03703,17.90783]],[[104.03703,17.90783],[104.03115,17.9101]],[[104.03115,17.9101],[104.02669,17.90523]],[[104.02669,17.90523],[104.01546,17.9006]],[[104.01546,17.9006],[104.0128,17.89296]],[[104.0128,17.89296],[103.99638,17.89182]],[[103.99638,17.89182],[103.9971,17.88834]],[[103.9971,17.88834],[103.993,17.88662]],[[103.993,17.88662],[103.9937,17.88128]],[[103.9937,17.88128],[103.9844,17.8716]],[[103.9844,17.8716],[103.98631,17.86263]],[[103.98631,17.86263],[103.9817,17.85882]],[[103.9817,17.85882],[103.99039,17.85321]],[[103.99039,17.85321],[103.99351,17.85375]],[[103.99351,17.85375],[103.99937,17.84843]],[[103.99937,17.84843],[104.00147,17.84936]],[[104.00147,17.84936],[103.99897,17.83997]],[[103.99897,17.83997],[104.0032,17.83889]],[[104.0032,17.83889],[104.00484,17.83322]],[[104.00484,17.83322],[104.01312,17.83028]],[[104.01312,17.83028],[104.01065,17.82648]],[[104.01065,17.82648],[104.01454,17.82219]],[[104.01454,17.82219],[104.01102,17.81949]],[[104.01102,17.81949],[104.01485,17.81589]],[[104.01485,17.81589],[104.01223,17.8108]],[[104.01223,17.8108],[104.00373,17.80988]],[[104.00373,17.80988],[103.99932,17.80212]],[[103.99932,17.80212],[104.00089,17.79518]],[[104.00089,17.79518],[104.0001,17.78814]],[[104.0001,17.78814],[103.99227,17.79107]],[[103.99227,17.79107],[103.98732,17.78917]],[[103.98732,17.78917],[103.98744,17.78209]],[[103.98744,17.78209],[103.98024,17.77612]],[[103.98024,17.77612],[103.97887,17.77098]],[[103.97887,17.77098],[103.97079,17.77865]],[[103.97079,17.77865],[103.97263,17.78508]],[[103.97263,17.78508],[103.96691,17.78413]],[[103.96691,17.78413],[103.96024,17.77562]],[[103.96024,17.77562],[103.95352,17.77791]],[[103.95352,17.77791],[103.95025,17.78216]],[[103.95025,17.78216],[103.9422,17.78514]],[[103.9422,17.78514],[103.93876,17.78987]],[[103.93876,17.78987],[103.94086,17.79394]],[[103.94086,17.79394],[103.93472,17.80667]],[[103.93472,17.80667],[103.92742,17.81487]],[[103.92742,17.81487],[103.92275,17.8155]],[[103.92275,17.8155],[103.91764,17.82111]],[[103.91764,17.82111],[103.92518,17.83443]],[[103.92518,17.83443],[103.92131,17.8479]],[[103.92131,17.8479],[103.92276,17.85436]],[[103.92276,17.85436],[103.91737,17.85905]],[[103.91737,17.85905],[103.91408,17.85847]],[[103.91408,17.85847],[103.91063,17.85103]],[[103.91063,17.85103],[103.90596,17.85115]],[[103.90596,17.85115],[103.90276,17.84686]],[[103.90276,17.84686],[103.90019,17.84933]],[[103.90019,17.84933],[103.90199,17.8625]],[[103.90199,17.8625],[103.90179,17.87251]],[[103.90179,17.87251],[103.90636,17.8756]],[[103.90636,17.8756],[103.90406,17.88076]],[[103.90406,17.88076],[103.88708,17.87909]],[[103.88708,17.87909],[103.87266,17.87387]],[[103.87266,17.87387],[103.86953,17.86502]],[[103.86953,17.86502],[103.8633,17.86519]],[[103.8633,17.86519],[103.86857,17.87769]],[[103.86857,17.87769],[103.86613,17.88108]],[[103.86613,17.88108],[103.85567,17.88302]],[[103.85567,17.88302],[103.84747,17.88064]],[[103.84747,17.88064],[103.84062,17.87181]],[[103.84062,17.87181],[103.83606,17.87021]],[[103.83606,17.87021],[103.81704,17.87089]],[[103.81704,17.87089],[103.80301,17.87369]],[[103.80301,17.87369],[103.79987,17.87721]],[[103.79987,17.87721],[103.79436,17.87626]],[[103.79436,17.87626],[103.79339,17.8726]],[[103.79339,17.8726],[103.79866,17.86882]],[[103.79866,17.86882],[103.80462,17.86132]],[[103.80462,17.86132],[103.81037,17.85979]],[[103.81037,17.85979],[103.80723,17.8501]],[[103.80723,17.8501],[103.80046,17.84747]],[[103.80046,17.84747],[103.79609,17.84219]],[[103.79609,17.84219],[103.78754,17.84953]],[[103.78754,17.84953],[103.78619,17.85778]],[[103.78619,17.85778],[103.7757,17.8628]],[[103.7757,17.8628],[103.7724,17.87283]],[[103.7724,17.87283],[103.76589,17.88084]],[[103.76589,17.88084],[103.76425,17.88623]],[[103.76425,17.88623],[103.77065,17.89135]],[[103.77065,17.89135],[103.78325,17.88871]],[[103.78325,17.88871],[103.78674,17.89228]],[[103.78674,17.89228],[103.77561,17.90664]],[[103.77561,17.90664],[103.77581,17.91417]],[[103.77581,17.91417],[103.78343,17.92793]],[[103.78343,17.92793],[103.78289,17.93094]],[[103.78289,17.93094],[103.77666,17.93079]],[[103.77666,17.93079],[103.76901,17.92333]],[[103.76901,17.92333],[103.76029,17.91935]],[[103.76029,17.91935],[103.75748,17.92062]],[[103.75748,17.92062],[103.75702,17.92929]],[[103.75702,17.92929],[103.7656,17.94462]],[[103.7656,17.94462],[103.76575,17.95479]],[[103.76575,17.95479],[103.76284,17.95558]],[[103.76284,17.95558],[103.75897,17.9502]],[[103.75897,17.9502],[103.75386,17.93355]],[[103.75386,17.93355],[103.7494,17.92626]],[[103.7494,17.92626],[103.75322,17.91888]],[[103.75322,17.91888],[103.75227,17.91473]],[[103.75227,17.91473],[103.74561,17.91163]],[[103.74561,17.91163],[103.74098,17.91777]],[[103.74098,17.91777],[103.73148,17.92333]],[[103.73148,17.92333],[103.72179,17.92603]],[[103.72179,17.92603],[103.71907,17.92981]],[[103.71907,17.92981],[103.71753,17.94071]],[[103.71753,17.94071],[103.7136,17.94274]],[[103.7136,17.94274],[103.70607,17.93912]],[[103.70607,17.93912],[103.70418,17.94398]],[[103.70418,17.94398],[103.69619,17.94974]],[[103.69619,17.94974],[103.68535,17.95526]],[[103.68535,17.95526],[103.68057,17.95553]],[[103.68057,17.95553],[103.6695,17.94861]],[[103.6695,17.94861],[103.66129,17.95025]],[[103.66129,17.95025],[103.66185,17.95892]],[[103.66185,17.95892],[103.66714,17.96727]],[[103.66714,17.96727],[103.66182,17.97375]],[[103.66182,17.97375],[103.65715,17.97241]],[[103.65715,17.97241],[103.65512,17.96576]],[[103.65512,17.96576],[103.65181,17.9631]],[[103.65181,17.9631],[103.64007,17.96325]],[[103.64007,17.96325],[103.64089,17.96867]],[[103.64089,17.96867],[103.63874,17.9759]],[[103.63874,17.9759],[103.631,17.97534]],[[103.631,17.97534],[103.62525,17.96804]],[[103.62525,17.96804],[103.6232,17.97154]],[[103.6232,17.97154],[103.62596,17.97938]],[[103.62596,17.97938],[103.62141,17.98894]],[[103.62141,17.98894],[103.62259,17.99376]],[[103.62259,17.99376],[103.62146,18.0041]],[[103.62146,18.0041],[103.62733,18.00606]],[[103.62733,18.00606],[103.63221,18.00442]],[[103.63221,18.00442],[103.6357,18.01018]],[[103.6357,18.01018],[103.64046,18.01204]],[[103.64046,18.01204],[103.63291,18.01555]],[[103.63291,18.01555],[103.62354,18.01284]],[[103.62354,18.01284],[103.61112,18.01314]],[[103.61112,18.01314],[103.60763,18.02003]],[[103.60763,18.02003],[103.60592,18.03519]],[[103.60592,18.03519],[103.59535,18.04271]],[[103.59535,18.04271],[103.59531,18.04955]],[[103.59531,18.04955],[103.58962,18.04955]],[[103.58962,18.04955],[103.58678,18.0449]],[[103.58678,18.0449],[103.58583,18.03737]],[[103.58583,18.03737],[103.57864,18.03897]],[[103.57864,18.03897],[103.57348,18.05045]],[[103.57348,18.05045],[103.5662,18.05353]],[[103.5662,18.05353],[103.55813,18.06246]],[[103.55813,18.06246],[103.54948,18.06161]],[[103.54948,18.06161],[103.54145,18.06566]],[[103.54145,18.06566],[103.53833,18.07162]],[[103.53833,18.07162],[103.5464,18.07684]],[[103.5464,18.07684],[103.54301,18.08121]],[[103.54301,18.08121],[103.54244,18.08805]],[[103.54244,18.08805],[103.53784,18.08731]],[[103.53784,18.08731],[103.53724,18.07844]],[[103.53724,18.07844],[103.53486,18.07479]],[[103.53486,18.07479],[103.53691,18.06836]],[[103.53691,18.06836],[103.53263,18.06995]],[[103.53263,18.06995],[103.52698,18.06661]],[[103.52698,18.06661],[103.52566,18.06955]],[[103.52566,18.06955],[103.51921,18.07096]],[[103.51921,18.07096],[103.51611,18.07433]],[[103.51611,18.07433],[103.50626,18.0697]],[[103.50626,18.0697],[103.50463,18.0587]],[[103.50463,18.0587],[103.49643,18.06494]],[[103.49643,18.06494],[103.49247,18.05465]],[[103.49247,18.05465],[103.49752,18.04882]],[[103.49752,18.04882],[103.49812,18.04125]],[[103.49812,18.04125],[103.49134,18.03771]],[[103.49134,18.03771],[103.49659,18.03278]],[[103.49659,18.03278],[103.49833,18.01953]],[[103.49833,18.01953],[103.49493,18.01803]],[[103.49493,18.01803],[103.49891,18.01391]],[[103.49891,18.01391],[103.50023,18.00707]],[[103.50023,18.00707],[103.50302,18.00553]],[[103.50302,18.00553],[103.50385,17.9967]],[[103.50385,17.9967],[103.49923,17.99788]],[[103.49923,17.99788],[103.49451,17.99419]],[[103.49451,17.99419],[103.4982,17.99155]],[[103.4982,17.99155],[103.49255,17.9877]],[[103.49255,17.9877],[103.48153,17.9976]],[[103.48153,17.9976],[103.47915,18.00271]],[[103.47915,18.00271],[103.4712,18.00448]],[[103.4712,18.00448],[103.47332,17.99891]],[[103.47332,17.99891],[103.46851,18.00041]],[[103.46851,18.00041],[103.46687,17.99154]],[[103.46687,17.99154],[103.46317,17.98869]],[[103.46317,17.98869],[103.45441,17.99081]],[[103.45441,17.99081],[103.44902,17.99439]],[[103.44902,17.99439],[103.44367,17.99105]],[[103.44367,17.99105],[103.4386,17.98427]],[[103.4386,17.98427],[103.43892,17.98026]],[[103.43892,17.98026],[103.4438,17.9799]],[[103.4438,17.9799],[103.44653,17.97524]],[[103.44653,17.97524],[103.45154,17.97757]],[[103.45154,17.97757],[103.45075,17.9731]],[[103.45075,17.9731],[103.44586,17.96708]],[[103.44586,17.96708],[103.43827,17.97005]],[[103.43827,17.97005],[103.43891,17.97518]],[[103.43891,17.97518],[103.42592,17.97653]],[[103.42592,17.97653],[103.42987,17.98315]],[[103.42987,17.98315],[103.42372,17.98325]],[[103.42372,17.98325],[103.40917,17.98699]],[[103.40917,17.98699],[103.40775,17.99277]],[[103.40775,17.99277],[103.40515,17.99226]],[[103.40515,17.99226],[103.40016,17.99172]],[[103.40016,17.99172],[103.40266,17.99986]],[[103.40266,17.99986],[103.40722,18.00312]],[[103.40722,18.00312],[103.40606,18.00632]],[[103.40606,18.00632],[103.39665,18.00922]],[[103.39665,18.00922],[103.39118,18.01856]],[[103.39118,18.01856],[103.393,18.02238]],[[103.393,18.02238],[103.38853,18.0268]],[[103.38853,18.0268],[103.38472,18.02576]],[[103.38472,18.02576],[103.37464,18.03362]],[[103.37464,18.03362],[103.36426,18.03207]],[[103.36426,18.03207],[103.3536,18.02798]],[[103.3536,18.02798],[103.35625,18.03225]],[[103.35625,18.03225],[103.35011,18.04728]],[[103.35011,18.04728],[103.32696,18.05429]],[[103.32696,18.05429],[103.31363,18.05694]],[[103.31363,18.05694],[103.30819,18.07159]],[[103.30819,18.07159],[103.30389,18.07487]],[[103.30389,18.07487],[103.29992,18.08151]],[[103.29992,18.08151],[103.30105,18.09081]],[[103.30105,18.09081],[103.3084,18.09755]],[[103.3084,18.09755],[103.3136,18.09977]],[[103.3136,18.09977],[103.30914,18.10561]],[[103.30914,18.10561],[103.30408,18.1071]],[[103.30408,18.1071],[103.2955,18.10404]],[[103.2955,18.10404],[103.29254,18.11151]],[[103.29254,18.11151],[103.29472,18.11963]],[[103.29472,18.11963],[103.29864,18.11982]],[[103.29864,18.11982],[103.30672,18.12579]],[[103.30672,18.12579],[103.31715,18.12312]],[[103.31715,18.12312],[103.32331,18.13365]],[[103.32331,18.13365],[103.32803,18.13247]],[[103.32803,18.13247],[103.33681,18.13689]],[[103.33681,18.13689],[103.33666,18.15243]],[[103.33666,18.15243],[103.34439,18.15313]],[[103.34439,18.15313],[103.34959,18.15907]],[[103.34959,18.15907],[103.3556,18.15923]],[[103.3556,18.15923],[103.36674,18.16302]],[[103.36674,18.16302],[103.36381,18.16958]],[[103.36381,18.16958],[103.35947,18.17264]],[[103.35947,18.17264],[103.34763,18.17281]],[[103.34763,18.17281],[103.34218,18.17591]],[[103.34218,18.17591],[103.34098,18.19344]],[[103.34098,18.19344],[103.32892,18.21086]],[[103.32892,18.21086],[103.31344,18.21958]],[[103.31344,18.21958],[103.29417,18.22791]],[[103.29417,18.22791],[103.28459,18.23096]],[[103.28459,18.23096],[103.27799,18.23643]],[[103.27799,18.23643],[103.27101,18.23545]],[[103.27101,18.23545],[103.2691,18.23909]],[[103.2691,18.23909],[103.2612,18.24487]],[[103.2612,18.24487],[103.26526,18.2492]],[[103.26526,18.2492],[103.25937,18.24895]],[[103.25937,18.24895],[103.25869,18.25466]],[[103.25869,18.25466],[103.26187,18.2628]],[[103.26187,18.2628],[103.26656,18.26013]],[[103.26656,18.26013],[103.27272,18.26394]],[[103.27272,18.26394],[103.27582,18.2692]],[[103.27582,18.2692],[103.27886,18.26403]],[[103.27886,18.26403],[103.28027,18.26908]],[[103.28027,18.26908],[103.28365,18.26935]],[[103.28365,18.26935],[103.2862,18.26485]],[[103.2862,18.26485],[103.28621,18.27312]],[[103.28621,18.27312],[103.29068,18.26965]],[[103.29068,18.26965],[103.29422,18.2719]],[[103.29422,18.2719],[103.29674,18.2807]],[[103.29674,18.2807],[103.2944,18.28278]],[[103.2944,18.28278],[103.29777,18.28781]],[[103.29777,18.28781],[103.29627,18.29468]],[[103.29627,18.29468],[103.30055,18.30341]],[[103.30055,18.30341],[103.29859,18.30525]],[[103.29859,18.30525],[103.29644,18.31619],[103.28881,18.32427],[103.27794,18.33073],[103.27203,18.33265],[103.25864,18.3343],[103.25352,18.33634],[103.24384,18.35171],[103.24244,18.36151],[103.24391,18.36835],[103.25043,18.37434],[103.25639,18.37715],[103.28241,18.4027],[103.2956,18.42445],[103.3056,18.43155],[103.31277,18.43438],[103.33424,18.43373],[103.35588,18.43585],[103.38134,18.44187],[103.40042,18.44818],[103.41489,18.44798],[103.42535,18.44337],[103.44768,18.43202],[103.45777,18.42557],[103.46452,18.42563],[103.47451,18.42818],[103.4856,18.42446],[103.49313,18.42441],[103.50653,18.4264],[103.5206,18.42678],[103.53416,18.42461],[103.54538,18.42134],[103.55665,18.41519],[103.56695,18.40772],[103.57852,18.40544],[103.60122,18.4064],[103.61287,18.40327],[103.62737,18.39392],[103.63966,18.38858],[103.67804,18.35952],[103.68871,18.34859],[103.69991,18.34295],[103.70615,18.34228],[103.74661,18.34363],[103.75005,18.33971],[103.77409,18.34297],[103.79681,18.34278],[103.81281,18.34046],[103.82385,18.33629],[103.8345,18.32856],[103.84083,18.31836],[103.84469,18.30922],[103.84889,18.29491],[103.85209,18.28847],[103.86002,18.28391],[103.87014,18.28623],[103.8895,18.29646],[103.9086,18.31678],[103.92112,18.32713],[103.94947,18.33858],[103.96514,18.3393],[103.97519,18.33603],[103.98852,18.3218],[103.99707,18.30604],[104.00958,18.28843],[104.01805,18.27873],[104.02183,18.27173],[104.04188,18.24419],[104.05213,18.2315],[104.06362,18.21393],[104.06349,18.20443],[104.06742,18.19451],[104.0753,18.18058],[104.08222,18.17422],[104.09032,18.15786],[104.09803,18.13232],[104.10326,18.11959],[104.10944,18.11094],[104.13037,18.08746],[104.14481,18.07295],[104.15972,18.05636],[104.16859,18.04923],[104.1809,18.03548],[104.18998,18.02374]],[[102.66933,16.99375],[102.67915,16.969]],[[102.67915,16.969],[102.67682,16.95397]],[[102.67682,16.95397],[102.67314,16.94737]],[[102.67314,16.94737],[102.66536,16.92656]],[[102.66536,16.92656],[102.66155,16.92067]],[[102.66155,16.92067],[102.64976,16.89788]],[[102.64976,16.89788],[102.63928,16.87996]],[[102.63928,16.87996],[102.63064,16.85926]],[[102.63064,16.85926],[102.61872,16.82754]],[[102.61872,16.82754],[102.61471,16.81045]],[[102.61471,16.81045],[102.61217,16.78684]],[[102.61217,16.78684],[102.61517,16.77961]],[[102.61517,16.77961],[102.61071,16.7737]],[[102.61071,16.7737],[102.6054,16.77202]],[[102.6054,16.77202],[102.58019,16.77671]],[[102.58019,16.77671],[102.54974,16.78128]],[[102.54974,16.78128],[102.53624,16.7853]],[[102.53624,16.7853],[102.51418,16.79536]],[[102.51418,16.79536],[102.50279,16.80195]],[[102.50279,16.80195],[102.49647,16.80388]],[[102.49647,16.80388],[102.48944,16.80331]],[[102.48944,16.80331],[102.47848,16.79987]],[[102.47848,16.79987],[102.46932,16.80136]],[[102.46932,16.80136],[102.46098,16.80799]],[[102.46098,16.80799],[102.45509,16.80686]],[[102.45509,16.80686],[102.45388,16.79813]],[[102.45388,16.79813],[102.45,16.79015]],[[102.45,16.79015],[102.44546,16.78934]],[[102.44546,16.78934],[102.44288,16.79377]],[[102.44288,16.79377],[102.43878,16.7949]],[[102.43878,16.7949],[102.4386,16.78865]],[[102.4386,16.78865],[102.43329,16.78369]],[[102.43329,16.78369],[102.42865,16.79106]],[[102.42865,16.79106],[102.42383,16.7939]],[[102.42383,16.7939],[102.41477,16.79492]],[[102.41477,16.79492],[102.4163,16.80364]],[[102.4163,16.80364],[102.40854,16.80422]],[[102.40854,16.80422],[102.40649,16.80176]],[[102.40649,16.80176],[102.40441,16.80683]],[[102.40441,16.80683],[102.40483,16.81599]],[[102.40483,16.81599],[102.40009,16.81769]],[[102.40009,16.81769],[102.39395,16.81588]],[[102.39395,16.81588],[102.39211,16.8104]],[[102.39211,16.8104],[102.38533,16.81654]],[[102.38533,16.81654],[102.37815,16.81791]],[[102.37815,16.81791],[102.37924,16.81448]],[[102.37924,16.81448],[102.37597,16.81075]],[[102.37597,16.81075],[102.36511,16.81791]],[[102.36511,16.81791],[102.36189,16.81675]],[[102.36189,16.81675],[102.35224,16.8299]],[[102.35224,16.8299],[102.34922,16.83023]],[[102.34922,16.83023],[102.35002,16.82434]],[[102.35002,16.82434],[102.34706,16.81849]],[[102.34706,16.81849],[102.34312,16.81818]],[[102.34312,16.81818],[102.33633,16.83246]],[[102.33633,16.83246],[102.34035,16.83488]],[[102.34035,16.83488],[102.33826,16.83801]],[[102.33826,16.83801],[102.33158,16.84045]],[[102.33158,16.84045],[102.32955,16.84487]],[[102.32955,16.84487],[102.32413,16.84719]],[[102.32413,16.84719],[102.33127,16.84825]],[[102.33127,16.84825],[102.33078,16.85474]],[[102.33078,16.85474],[102.3228,16.85326]],[[102.3228,16.85326],[102.31749,16.85784]],[[102.31749,16.85784],[102.32467,16.8671]],[[102.32467,16.8671],[102.30994,16.86944]],[[102.30994,16.86944],[102.30721,16.87498]],[[102.30721,16.87498],[102.30293,16.87621]],[[102.30293,16.87621],[102.30209,16.88029]],[[102.30209,16.88029],[102.30769,16.88286]],[[102.30769,16.88286],[102.30162,16.88545]],[[102.30162,16.88545],[102.298,16.88262]],[[102.298,16.88262],[102.29169,16.88405]],[[102.29169,16.88405],[102.29635,16.89106]],[[102.29635,16.89106],[102.28775,16.88984]],[[102.28775,16.88984],[102.27809,16.89389]],[[102.27809,16.89389],[102.2635,16.89174]],[[102.2635,16.89174],[102.25388,16.89448]],[[102.25388,16.89448],[102.24983,16.89176]],[[102.24983,16.89176],[102.24846,16.87845]],[[102.24846,16.87845],[102.24622,16.87707]],[[102.24622,16.87707],[102.23633,16.88066]],[[102.23633,16.88066],[102.22205,16.86852]],[[102.22205,16.86852],[102.22133,16.86573]],[[102.22133,16.86573],[102.21444,16.86313]],[[102.21444,16.86313],[102.21375,16.86033]],[[102.21375,16.86033],[102.20438,16.86274]],[[102.20438,16.86274],[102.18799,16.85761]],[[102.18799,16.85761],[102.18555,16.86566]],[[102.18555,16.86566],[102.18019,16.87208]],[[102.18019,16.87208],[102.17427,16.86555]],[[102.17427,16.86555],[102.16788,16.86665]],[[102.16788,16.86665],[102.16877,16.87]],[[102.16877,16.87],[102.15805,16.87184]],[[102.15805,16.87184],[102.1569,16.88074]],[[102.1569,16.88074],[102.15362,16.88157]],[[102.15362,16.88157],[102.13461,16.87863]],[[102.13461,16.87863],[102.12889,16.88334]],[[102.12889,16.88334],[102.12466,16.88056]],[[102.12466,16.88056],[102.1188,16.88881]],[[102.1188,16.88881],[102.1136,16.8873]],[[102.1136,16.8873],[102.1132,16.89164]],[[102.1132,16.89164],[102.10468,16.89741]],[[102.10468,16.89741],[102.10032,16.89629]],[[102.10032,16.89629],[102.09634,16.89048]],[[102.09634,16.89048],[102.097,16.88263]],[[102.097,16.88263],[102.08516,16.88578]],[[102.08516,16.88578],[102.08155,16.88968]],[[102.08155,16.88968],[102.07098,16.88519]],[[102.07098,16.88519],[102.06852,16.88952]],[[102.06852,16.88952],[102.06399,16.8963]],[[102.06399,16.8963],[102.05029,16.90289]],[[102.05029,16.90289],[102.04761,16.90652]],[[102.04761,16.90652],[102.0457,16.91611]],[[102.0457,16.91611],[102.03943,16.92631]],[[102.03943,16.92631],[102.03354,16.93845]],[[102.03354,16.93845],[102.02921,16.95067]],[[102.02921,16.95067],[102.03571,16.95585]],[[102.03571,16.95585],[102.04564,16.96013]],[[102.04564,16.96013],[102.05073,16.96493]],[[102.05073,16.96493],[102.05984,16.96456]],[[102.05984,16.96456],[102.06725,16.961]],[[102.06725,16.961],[102.07592,16.96615]],[[102.07592,16.96615],[102.07693,16.97129]],[[102.07693,16.97129],[102.08763,16.97435]],[[102.08763,16.97435],[102.09133,16.98048]],[[102.09133,16.98048],[102.10006,16.98372]],[[102.10006,16.98372],[102.11331,16.9911]],[[102.11331,16.9911],[102.12388,16.99399]],[[102.12388,16.99399],[102.14685,17.01735]],[[102.14685,17.01735],[102.15231,17.02505]],[[102.15231,17.02505],[102.15488,17.02316]],[[102.15488,17.02316],[102.15172,17.03178]],[[102.15172,17.03178],[102.14535,17.03138]],[[102.14535,17.03138],[102.1404,17.03539]],[[102.1404,17.03539],[102.13016,17.03741]],[[102.13016,17.03741],[102.12548,17.04129]],[[102.12548,17.04129],[102.1257,17.04564]],[[102.1257,17.04564],[102.12036,17.05244]],[[102.12036,17.05244],[102.11968,17.05665]],[[102.11968,17.05665],[102.10606,17.0616]],[[102.10606,17.0616],[102.10637,17.06476]],[[102.10637,17.06476],[102.10174,17.06746]],[[102.10174,17.06746],[102.10561,17.0809]],[[102.10561,17.0809],[102.09997,17.08771]],[[102.09997,17.08771],[102.09966,17.09826]],[[102.09966,17.09826],[102.09718,17.10252]],[[102.09718,17.10252],[102.09242,17.10262]],[[102.09242,17.10262],[102.09109,17.1093]],[[102.09109,17.1093],[102.08579,17.11371]],[[102.08579,17.11371],[102.0727,17.11189]],[[102.0727,17.11189],[102.06778,17.11816]],[[102.06778,17.11816],[102.06039,17.12116]],[[102.06039,17.12116],[102.0572,17.12586]],[[102.0572,17.12586],[102.05198,17.12739]],[[102.05198,17.12739],[102.05088,17.13333]],[[102.05088,17.13333],[102.04617,17.13548]],[[102.04617,17.13548],[102.0437,17.13288]],[[102.0437,17.13288],[102.03745,17.13825]],[[102.03745,17.13825],[102.03403,17.14818]],[[102.03403,17.14818],[102.0408,17.15109]],[[102.0408,17.15109],[102.04438,17.16017]],[[102.04438,17.16017],[102.04422,17.16428]],[[102.04422,17.16428],[102.03446,17.17462]],[[102.03446,17.17462],[102.02944,17.18577]],[[102.02944,17.18577],[102.03196,17.19631]],[[102.03196,17.19631],[102.02527,17.20094]],[[102.02527,17.20094],[102.02397,17.20613]],[[102.02397,17.20613],[102.03053,17.21595]],[[102.03053,17.21595],[102.03537,17.21935]],[[102.03537,17.21935],[102.03999,17.21373]],[[102.03999,17.21373],[102.05524,17.20325]],[[102.05524,17.20325],[102.06662,17.19166]],[[102.06662,17.19166],[102.06819,17.18703]],[[102.06819,17.18703],[102.07332,17.18628]],[[102.07332,17.18628],[102.08224,17.17615]],[[102.08224,17.17615],[102.08415,17.16794]],[[102.08415,17.16794],[102.08774,17.172]],[[102.08774,17.172],[102.09678,17.17707]],[[102.09678,17.17707],[102.09608,17.18933]],[[102.09608,17.18933],[102.09361,17.20548]],[[102.09361,17.20548],[102.08686,17.21168]],[[102.08686,17.21168],[102.07707,17.2482]],[[102.07707,17.2482],[102.07007,17.24754]],[[102.07007,17.24754],[102.06477,17.24927]],[[102.06477,17.24927],[102.06033,17.25458]],[[102.06033,17.25458],[102.05369,17.25013]],[[102.05369,17.25013],[102.04749,17.25531]],[[102.04749,17.25531],[102.04388,17.26153]],[[102.04388,17.26153],[102.03509,17.26521]],[[102.03509,17.26521],[102.02709,17.27737]],[[102.02709,17.27737],[102.02644,17.28124]],[[102.02644,17.28124],[102.01343,17.27837]],[[102.01343,17.27837],[102.01469,17.2878]],[[102.01469,17.2878],[102.00724,17.28923]],[[102.00724,17.28923],[102.00785,17.29205]],[[102.00785,17.29205],[101.99241,17.30587]],[[101.99241,17.30587],[101.98379,17.31605]],[[101.98379,17.31605],[101.98699,17.32892]],[[101.98699,17.32892],[101.9904,17.33411]],[[101.9904,17.33411],[102.01142,17.33423]],[[102.01142,17.33423],[102.02026,17.3412]],[[102.02026,17.3412],[102.02061,17.34535]],[[102.02061,17.34535],[102.01427,17.35777]],[[102.01427,17.35777],[102.01396,17.36411]],[[102.01396,17.36411],[102.01781,17.36574]],[[102.01781,17.36574],[102.01803,17.37391]],[[102.01803,17.37391],[102.01206,17.38192]],[[102.01206,17.38192],[102.00431,17.38726]],[[102.00431,17.38726],[101.99844,17.39562]],[[101.99844,17.39562],[101.99006,17.40267]],[[101.99006,17.40267],[101.98179,17.41147]],[[101.98179,17.41147],[101.984,17.41602]],[[101.984,17.41602],[101.99271,17.42012]],[[101.99271,17.42012],[101.99279,17.42777]],[[101.99279,17.42777],[101.98728,17.43918]],[[101.98728,17.43918],[101.99087,17.44457]],[[101.99087,17.44457],[101.9875,17.45409]],[[101.9875,17.45409],[101.99228,17.4594]],[[101.99228,17.4594],[101.99641,17.46045]],[[101.99641,17.46045],[101.99921,17.45649]],[[101.99921,17.45649],[102.00422,17.45914]],[[102.00422,17.45914],[102.0091,17.45723]],[[102.0091,17.45723],[102.01845,17.45938]],[[102.01845,17.45938],[102.0282,17.45923]],[[102.0282,17.45923],[102.04118,17.45514]],[[102.04118,17.45514],[102.0461,17.45579]],[[102.0461,17.45579],[102.05273,17.44916]],[[102.05273,17.44916],[102.07264,17.4579]],[[102.07264,17.4579],[102.08243,17.46116]],[[102.08243,17.46116],[102.0872,17.46526]],[[102.0872,17.46526],[102.09288,17.45906]],[[102.09288,17.45906],[102.1028,17.45349]],[[102.1028,17.45349],[102.10505,17.44681]],[[102.10505,17.44681],[102.11017,17.45174]],[[102.11017,17.45174],[102.11729,17.45536]],[[102.11729,17.45536],[102.12099,17.45424]],[[102.12099,17.45424],[102.12912,17.46114]],[[102.12912,17.46114],[102.12628,17.46179]],[[102.12628,17.46179],[102.12236,17.47084]],[[102.12236,17.47084],[102.11808,17.47283]],[[102.11808,17.47283],[102.1133,17.46767]],[[102.1133,17.46767],[102.10907,17.47575]],[[102.10907,17.47575],[102.10595,17.47696]],[[102.10595,17.47696],[102.10867,17.4811]],[[102.10867,17.4811],[102.12096,17.48444]],[[102.12096,17.48444],[102.12829,17.49169]],[[102.12829,17.49169],[102.12799,17.4976]],[[102.12799,17.4976],[102.12446,17.50312]],[[102.12446,17.50312],[102.12553,17.50918]],[[102.12553,17.50918],[102.13548,17.50908]],[[102.13548,17.50908],[102.13848,17.51912]],[[102.13848,17.51912],[102.13981,17.53241]],[[102.13981,17.53241],[102.13653,17.53351]],[[102.13653,17.53351],[102.13294,17.54064]],[[102.13294,17.54064],[102.13513,17.54567]],[[102.13513,17.54567],[102.13516,17.5534]],[[102.13516,17.5534],[102.13214,17.55937]],[[102.13214,17.55937],[102.11933,17.56847]],[[102.11933,17.56847],[102.11938,17.57296]],[[102.11938,17.57296],[102.11536,17.5772]],[[102.11536,17.5772],[102.11505,17.58295]],[[102.11505,17.58295],[102.10638,17.60766]],[[102.10638,17.60766],[102.1003,17.61405]],[[102.1003,17.61405],[102.0975,17.61304]],[[102.0975,17.61304],[102.08969,17.62698]],[[102.08969,17.62698],[102.08323,17.63432]],[[102.08323,17.63432],[102.09096,17.63804]],[[102.09096,17.63804],[102.09132,17.64063]],[[102.09132,17.64063],[102.09896,17.64556]],[[102.09896,17.64556],[102.10612,17.64634]],[[102.10612,17.64634],[102.11,17.6384]],[[102.11,17.6384],[102.11722,17.6363]],[[102.11722,17.6363],[102.11964,17.63277]],[[102.11964,17.63277],[102.13022,17.63631]],[[102.13022,17.63631],[102.13329,17.64056]],[[102.13329,17.64056],[102.13224,17.64716]],[[102.13224,17.64716],[102.13911,17.64934]],[[102.13911,17.64934],[102.13841,17.65214]],[[102.13841,17.65214],[102.14256,17.65837]],[[102.14256,17.65837],[102.15,17.66371]],[[102.15,17.66371],[102.14948,17.66595]],[[102.14948,17.66595],[102.15942,17.66817]],[[102.15942,17.66817],[102.16509,17.6638]],[[102.16509,17.6638],[102.17031,17.66365]],[[102.17031,17.66365],[102.17697,17.65938]],[[102.17697,17.65938],[102.18574,17.65757]],[[102.18574,17.65757],[102.1937,17.65783]],[[102.1937,17.65783],[102.20092,17.65518]],[[102.20092,17.65518],[102.20765,17.6571]],[[102.20765,17.6571],[102.22322,17.65133]],[[102.22322,17.65133],[102.22929,17.6524]],[[102.22929,17.6524],[102.24508,17.65067]],[[102.24508,17.65067],[102.26941,17.66267]],[[102.26941,17.66267],[102.26249,17.67905]],[[102.26249,17.67905],[102.26257,17.68952]],[[102.26257,17.68952],[102.2663,17.6905]],[[102.2663,17.6905],[102.28212,17.68599]],[[102.28212,17.68599],[102.28369,17.69078]],[[102.28369,17.69078],[102.28849,17.69133]],[[102.28849,17.69133],[102.29036,17.6876]],[[102.29036,17.6876],[102.29602,17.68614]],[[102.29602,17.68614],[102.29996,17.68171]],[[102.29996,17.68171],[102.30195,17.67492]],[[102.30195,17.67492],[102.31794,17.67918]],[[102.31794,17.67918],[102.31905,17.64782]],[[102.31905,17.64782],[102.32312,17.63053]],[[102.32312,17.63053],[102.32583,17.59817]],[[102.32583,17.59817],[102.32759,17.59125]],[[102.32759,17.59125],[102.33337,17.57901]],[[102.33337,17.57901],[102.33448,17.56854]],[[102.33448,17.56854],[102.33248,17.55094]],[[102.33248,17.55094],[102.34538,17.53515]],[[102.34538,17.53515],[102.34803,17.52853]],[[102.34803,17.52853],[102.36154,17.51415]],[[102.36154,17.51415],[102.36575,17.50365]],[[102.36575,17.50365],[102.36884,17.50035]],[[102.36884,17.50035],[102.37342,17.48605]],[[102.37342,17.48605],[102.38237,17.46375]],[[102.38237,17.46375],[102.3849,17.45219]],[[102.3849,17.45219],[102.39861,17.41463]],[[102.39861,17.41463],[102.40595,17.40109]],[[102.40595,17.40109],[102.42118,17.37582]],[[102.42118,17.37582],[102.42623,17.3689]],[[102.42623,17.3689],[102.4312,17.35388]],[[102.4312,17.35388],[102.43642,17.34321]],[[102.43642,17.34321],[102.44099,17.32592]],[[102.44099,17.32592],[102.44005,17.30154]],[[102.44005,17.30154],[102.43775,17.28231]],[[102.43775,17.28231],[102.4604,17.28711]],[[102.4604,17.28711],[102.47671,17.28386]],[[102.47671,17.28386],[102.48705,17.28309]],[[102.48705,17.28309],[102.50031,17.27215]],[[102.50031,17.27215],[102.51082,17.27522]],[[102.51082,17.27522],[102.5168,17.27271]],[[102.5168,17.27271],[102.52015,17.27391]],[[102.52015,17.27391],[102.52617,17.27126]],[[102.52617,17.27126],[102.53814,17.27597]],[[102.53814,17.27597],[102.54917,17.2768]],[[102.54917,17.2768],[102.55934,17.26951]],[[102.55934,17.26951],[102.57827,17.26917]],[[102.57827,17.26917],[102.57662,17.26482]],[[102.57662,17.26482],[102.59269,17.26587]],[[102.59269,17.26587],[102.59462,17.26385]],[[102.59462,17.26385],[102.59082,17.25802]],[[102.59082,17.25802],[102.59158,17.25404]],[[102.59158,17.25404],[102.58442,17.24554]],[[102.58442,17.24554],[102.58491,17.24142]],[[102.58491,17.24142],[102.57764,17.23962]],[[102.57764,17.23962],[102.57442,17.23364]],[[102.57442,17.23364],[102.56978,17.23651]],[[102.56978,17.23651],[102.56735,17.23272]],[[102.56735,17.23272],[102.53851,17.22554]],[[102.53851,17.22554],[102.53556,17.22857]],[[102.53556,17.22857],[102.52753,17.22526]],[[102.52753,17.22526],[102.51829,17.2255]],[[102.51829,17.2255],[102.5046,17.23039]],[[102.5046,17.23039],[102.5014,17.22979]],[[102.5014,17.22979],[102.4902,17.21702]],[[102.4902,17.21702],[102.49102,17.20815]],[[102.49102,17.20815],[102.48043,17.20367]],[[102.48043,17.20367],[102.47543,17.20451]],[[102.47543,17.20451],[102.46975,17.20141]],[[102.46975,17.20141],[102.47482,17.19355]],[[102.47482,17.19355],[102.47883,17.18414]],[[102.47883,17.18414],[102.48587,17.17247]],[[102.48587,17.17247],[102.49007,17.16803]],[[102.49007,17.16803],[102.5042,17.14627]],[[102.5042,17.14627],[102.51029,17.12508]],[[102.51029,17.12508],[102.51925,17.10018]],[[102.51925,17.10018],[102.53334,17.08154]],[[102.53334,17.08154],[102.54014,17.07079]],[[102.54014,17.07079],[102.54963,17.0613]],[[102.54963,17.0613],[102.56434,17.0517]],[[102.56434,17.0517],[102.57197,17.0447]],[[102.57197,17.0447],[102.58612,17.03706]],[[102.58612,17.03706],[102.6008,17.03128]],[[102.6008,17.03128],[102.61389,17.02455]],[[102.61389,17.02455],[102.62539,17.01685]],[[102.62539,17.01685],[102.6354,17.0086]],[[102.6354,17.0086],[102.64837,17.00012]],[[102.64837,17.00012],[102.66383,16.99682]],[[102.66383,16.99682],[102.66933,16.99375]],[[103.09812,16.91262],[103.10503,16.91114]],[[103.10503,16.91114],[103.10843,16.90669]],[[103.10843,16.90669],[103.11502,16.90641]],[[103.11502,16.90641],[103.12325,16.89911]],[[103.12325,16.89911],[103.12418,16.89197]],[[103.12418,16.89197],[103.12053,16.89106]],[[103.12053,16.89106],[103.12233,16.88016]],[[103.12233,16.88016],[103.11902,16.87881]],[[103.11902,16.87881],[103.11972,16.87061]],[[103.11972,16.87061],[103.11296,16.86605]],[[103.11296,16.86605],[103.11224,16.85837]],[[103.11224,16.85837],[103.115,16.85628]],[[103.115,16.85628],[103.11328,16.85155]],[[103.11328,16.85155],[103.11025,16.85227]],[[103.11025,16.85227],[103.10548,16.84818]],[[103.10548,16.84818],[103.10689,16.8438]],[[103.10689,16.8438],[103.10236,16.84138]],[[103.10236,16.84138],[103.10307,16.83621]],[[103.10307,16.83621],[103.10686,16.83403]],[[103.10686,16.83403],[103.10425,16.82947]],[[103.10425,16.82947],[103.1141,16.81816]],[[103.1141,16.81816],[103.12378,16.8182]],[[103.12378,16.8182],[103.12875,16.8242]],[[103.12875,16.8242],[103.13366,16.8268]],[[103.13366,16.8268],[103.14023,16.83792]],[[103.14023,16.83792],[103.14181,16.84852]],[[103.14181,16.84852],[103.14122,16.85544]],[[103.14122,16.85544],[103.13745,16.86043]],[[103.13745,16.86043],[103.1339,16.87018]],[[103.1339,16.87018],[103.14781,16.86686]],[[103.14781,16.86686],[103.16109,16.8671]],[[103.16109,16.8671],[103.17507,16.86345]],[[103.17507,16.86345],[103.16994,16.85303]],[[103.16994,16.85303],[103.17112,16.84649]],[[103.17112,16.84649],[103.17977,16.83932]],[[103.17977,16.83932],[103.17798,16.83347]],[[103.17798,16.83347],[103.1789,16.82676]],[[103.1789,16.82676],[103.18446,16.82013]],[[103.18446,16.82013],[103.18287,16.81755]],[[103.18287,16.81755],[103.18307,16.80567]],[[103.18307,16.80567],[103.17905,16.80196]],[[103.17905,16.80196],[103.18232,16.79687]],[[103.18232,16.79687],[103.17979,16.79444]],[[103.17979,16.79444],[103.18112,16.78942]],[[103.18112,16.78942],[103.17547,16.78476]],[[103.17547,16.78476],[103.1712,16.77031]],[[103.1712,16.77031],[103.16208,16.76325]],[[103.16208,16.76325],[103.15315,16.76124]],[[103.15315,16.76124],[103.14588,16.75349]],[[103.14588,16.75349],[103.14699,16.74596]],[[103.14699,16.74596],[103.15746,16.7366]],[[103.15746,16.7366],[103.15668,16.72221]],[[103.15668,16.72221],[103.15374,16.71785]],[[103.15374,16.71785],[103.14816,16.71539]],[[103.14816,16.71539],[103.14882,16.70836]],[[103.14882,16.70836],[103.14488,16.70196]],[[103.14488,16.70196],[103.15029,16.68736]],[[103.15029,16.68736],[103.15446,16.68549]],[[103.15446,16.68549],[103.15619,16.67807]],[[103.15619,16.67807],[103.15921,16.67662]],[[103.15921,16.67662],[103.1588,16.67052]],[[103.1588,16.67052],[103.15131,16.66167]],[[103.15131,16.66167],[103.15063,16.65728]],[[103.15063,16.65728],[103.15356,16.64664]],[[103.15356,16.64664],[103.1524,16.6436]],[[103.1524,16.6436],[103.15047,16.633]],[[103.15047,16.633],[103.15132,16.61979]],[[103.15132,16.61979],[103.1538,16.61372]],[[103.1538,16.61372],[103.15133,16.6088]],[[103.15133,16.6088],[103.14055,16.59967]],[[103.14055,16.59967],[103.13466,16.59999]],[[103.13466,16.59999],[103.12277,16.59512]],[[103.12277,16.59512],[103.1196,16.59127]],[[103.1196,16.59127],[103.12138,16.58683]],[[103.12138,16.58683],[103.11829,16.57631]],[[103.11829,16.57631],[103.11883,16.56673]],[[103.11883,16.56673],[103.10792,16.55584]],[[103.10792,16.55584],[103.10543,16.55514]],[[103.10543,16.55514],[103.10354,16.54604]],[[103.10354,16.54604],[103.09694,16.53982]],[[103.09694,16.53982],[103.09633,16.53628]],[[103.09633,16.53628],[103.08717,16.52824]],[[103.08717,16.52824],[103.0864,16.51634]],[[103.0864,16.51634],[103.0809,16.51089]],[[103.0809,16.51089],[103.07417,16.51043]],[[103.07417,16.51043],[103.0702,16.50359]],[[103.0702,16.50359],[103.06384,16.5026]],[[103.06384,16.5026],[103.0631,16.49977]],[[103.0631,16.49977],[103.05657,16.49924]],[[103.05657,16.49924],[103.05382,16.49628]],[[103.05382,16.49628],[103.04679,16.49693]],[[103.04679,16.49693],[103.04281,16.49075]],[[103.04281,16.49075],[103.03794,16.49076]],[[103.03794,16.49076],[103.03841,16.4955]],[[103.03841,16.4955],[103.03278,16.50141]],[[103.03278,16.50141],[103.0316,16.49582]],[[103.0316,16.49582],[103.0203,16.4811]],[[103.0203,16.4811],[103.02221,16.47863]],[[103.02221,16.47863],[103.01913,16.47343]],[[103.01913,16.47343],[103.01091,16.47138]],[[103.01091,16.47138],[103.00673,16.46704]],[[103.00673,16.46704],[103.00338,16.46878]],[[103.00338,16.46878],[102.99945,16.46517]],[[102.99945,16.46517],[102.99197,16.46593]],[[102.99197,16.46593],[102.9898,16.46284]],[[102.9898,16.46284],[102.98274,16.4634]],[[102.98274,16.4634],[102.97695,16.45693]],[[102.97695,16.45693],[102.96692,16.45711]],[[102.96692,16.45711],[102.96358,16.45152]],[[102.96358,16.45152],[102.95883,16.44882]],[[102.95883,16.44882],[102.95436,16.4518]],[[102.95436,16.4518],[102.95173,16.44816]],[[102.95173,16.44816],[102.95513,16.44644]],[[102.95513,16.44644],[102.95264,16.44176]],[[102.95264,16.44176],[102.95047,16.44516]],[[102.95047,16.44516],[102.94737,16.44161]],[[102.94737,16.44161],[102.94953,16.43902]],[[102.94953,16.43902],[102.94746,16.42915]],[[102.94746,16.42915],[102.94836,16.422]],[[102.94836,16.422],[102.95806,16.42818]],[[102.95806,16.42818],[102.95735,16.41873]],[[102.95735,16.41873],[102.95335,16.41481]],[[102.95335,16.41481],[102.9564,16.41269]],[[102.9564,16.41269],[102.95201,16.40931]],[[102.95201,16.40931],[102.94738,16.40992]],[[102.94738,16.40992],[102.94732,16.40226]],[[102.94732,16.40226],[102.95547,16.4023]],[[102.95547,16.4023],[102.95013,16.39024]],[[102.95013,16.39024],[102.94275,16.38983]],[[102.94275,16.38983],[102.93984,16.39254]],[[102.93984,16.39254],[102.93979,16.38578]],[[102.93979,16.38578],[102.93547,16.3882]],[[102.93547,16.3882],[102.93426,16.38277]],[[102.93426,16.38277],[102.93786,16.37701]],[[102.93786,16.37701],[102.93072,16.37742]],[[102.93072,16.37742],[102.92457,16.38002]],[[102.92457,16.38002],[102.92067,16.37755]],[[102.92067,16.37755],[102.92101,16.37372]],[[102.92101,16.37372],[102.92712,16.36655]],[[102.92712,16.36655],[102.91832,16.3652]],[[102.91832,16.3652],[102.91682,16.36884]],[[102.91682,16.36884],[102.9143,16.3615]],[[102.9143,16.3615],[102.90771,16.36164]],[[102.90771,16.36164],[102.90515,16.35709]],[[102.90515,16.35709],[102.90905,16.35175]],[[102.90905,16.35175],[102.9075,16.34898]],[[102.9075,16.34898],[102.89853,16.34895]],[[102.89853,16.34895],[102.89783,16.34302]],[[102.89783,16.34302],[102.89996,16.339]],[[102.89996,16.339],[102.8966,16.33423]],[[102.8966,16.33423],[102.89406,16.31524]],[[102.89406,16.31524],[102.87405,16.30167]],[[102.87405,16.30167],[102.86646,16.2979]],[[102.86646,16.2979],[102.86448,16.29122]],[[102.86448,16.29122],[102.8513,16.28119]],[[102.8513,16.28119],[102.84582,16.27315]],[[102.84582,16.27315],[102.84484,16.26406]],[[102.84484,16.26406],[102.85053,16.25649]],[[102.85053,16.25649],[102.84829,16.25559]],[[102.84829,16.25559],[102.84481,16.24534]],[[102.84481,16.24534],[102.84472,16.2327]],[[102.84472,16.2327],[102.85082,16.22667]],[[102.85082,16.22667],[102.85084,16.22105]],[[102.85084,16.22105],[102.84702,16.21994]],[[102.84702,16.21994],[102.84365,16.20949]],[[102.84365,16.20949],[102.84812,16.1991]],[[102.84812,16.1991],[102.84529,16.19136]],[[102.84529,16.19136],[102.84621,16.18507]],[[102.84621,16.18507],[102.84505,16.17246]],[[102.84505,16.17246],[102.85455,16.16664]],[[102.85455,16.16664],[102.85724,16.16269]],[[102.85724,16.16269],[102.85583,16.15573]],[[102.85583,16.15573],[102.84386,16.15088]],[[102.84386,16.15088],[102.84538,16.1415]],[[102.84538,16.1415],[102.85337,16.13229]],[[102.85337,16.13229],[102.85447,16.12604]],[[102.85447,16.12604],[102.85835,16.12739]],[[102.85835,16.12739],[102.86763,16.12538]],[[102.86763,16.12538],[102.86884,16.11866]],[[102.86884,16.11866],[102.8653,16.11636]],[[102.8653,16.11636],[102.86483,16.11135]],[[102.86483,16.11135],[102.86044,16.10077]],[[102.86044,16.10077],[102.86083,16.09466]],[[102.86083,16.09466],[102.85561,16.09222]],[[102.85561,16.09222],[102.85604,16.08217]],[[102.85604,16.08217],[102.84786,16.07534]],[[102.84786,16.07534],[102.85141,16.06542]],[[102.85141,16.06542],[102.85599,16.06445]],[[102.85599,16.06445],[102.8614,16.05906]],[[102.8614,16.05906],[102.86237,16.04819]],[[102.86237,16.04819],[102.85792,16.04628]],[[102.85792,16.04628],[102.85904,16.03896]],[[102.85904,16.03896],[102.87028,16.03657]],[[102.87028,16.03657],[102.87619,16.03797]],[[102.87619,16.03797],[102.87856,16.03327]],[[102.87856,16.03327],[102.88423,16.03308]],[[102.88423,16.03308],[102.89135,16.0294]],[[102.89135,16.0294],[102.89506,16.02268]],[[102.89506,16.02268],[102.89134,16.01819]],[[102.89134,16.01819],[102.88415,16.01679]],[[102.88415,16.01679],[102.88965,16.00458]],[[102.88965,16.00458],[102.89735,16.00216]],[[102.89735,16.00216],[102.90329,15.99063]],[[102.90329,15.99063],[102.90896,15.98403]],[[102.90896,15.98403],[102.90413,15.9806]],[[102.90413,15.9806],[102.90052,15.9624]],[[102.90052,15.9624],[102.89476,15.95753]],[[102.89476,15.95753],[102.8979,15.95067]],[[102.8979,15.95067],[102.89636,15.94563]],[[102.89636,15.94563],[102.88989,15.94062]],[[102.88989,15.94062],[102.89397,15.92682]],[[102.89397,15.92682],[102.89666,15.92689]],[[102.89666,15.92689],[102.89681,15.91808]],[[102.89681,15.91808],[102.90202,15.9105]],[[102.90202,15.9105],[102.90262,15.90324]],[[102.90262,15.90324],[102.91284,15.89093]],[[102.91284,15.89093],[102.9157,15.8814]],[[102.9157,15.8814],[102.92516,15.88034]],[[102.92516,15.88034],[102.9253,15.875]],[[102.9253,15.875],[102.92258,15.87092]],[[102.92258,15.87092],[102.92561,15.86107]],[[102.92561,15.86107],[102.92189,15.85544]],[[102.92189,15.85544],[102.92303,15.84895]],[[102.92303,15.84895],[102.92003,15.84699]],[[102.92003,15.84699],[102.9199,15.83986]],[[102.9199,15.83986],[102.92297,15.83852]],[[102.92297,15.83852],[102.9231,15.83182]],[[102.9231,15.83182],[102.91933,15.82373]],[[102.91933,15.82373],[102.93113,15.81562]],[[102.93113,15.81562],[102.93249,15.80123]],[[102.93249,15.80123],[102.92857,15.80023]],[[102.92857,15.80023],[102.93046,15.79583]],[[101.75082,16.66782],[101.74964,16.67425]],[[101.74964,16.67425],[101.75357,16.67782]],[[101.75357,16.67782],[101.76474,16.67921]],[[101.76474,16.67921],[101.77197,16.68597]],[[101.77197,16.68597],[101.77148,16.69048]],[[101.77148,16.69048],[101.77428,16.69719]],[[101.77428,16.69719],[101.77148,16.70219]],[[101.77148,16.70219],[101.77525,16.70288]],[[101.77525,16.70288],[101.77616,16.71227]],[[101.77616,16.71227],[101.78304,16.72147]],[[101.78304,16.72147],[101.78729,16.72188]],[[101.78729,16.72188],[101.79111,16.72645]],[[101.79111,16.72645],[101.78983,16.73823]],[[101.78983,16.73823],[101.78643,16.74136]],[[101.78643,16.74136],[101.79348,16.75088]],[[101.79348,16.75088],[101.79385,16.7661]],[[101.79385,16.7661],[101.79725,16.76901]],[[101.79725,16.76901],[101.80131,16.76892]],[[101.80131,16.76892],[101.82428,16.77881]],[[101.82428,16.77881],[101.82942,16.7793]],[[101.82942,16.7793],[101.83418,16.78381]],[[101.83418,16.78381],[101.84375,16.78579]],[[101.84375,16.78579],[101.84922,16.78869]],[[101.84922,16.78869],[101.86208,16.7905]],[[101.86208,16.7905],[101.86731,16.79342]],[[101.86731,16.79342],[101.87133,16.80356]],[[101.87133,16.80356],[101.88182,16.81136]],[[101.88182,16.81136],[101.89809,16.81232]],[[101.89809,16.81232],[101.91732,16.82281]],[[101.91732,16.82281],[101.927,16.83118]],[[101.927,16.83118],[101.93719,16.834]],[[101.93719,16.834],[101.9452,16.83884]],[[101.9452,16.83884],[101.95132,16.84052]],[[101.95132,16.84052],[101.94471,16.8458]],[[101.94471,16.8458],[101.94362,16.85237]],[[101.94362,16.85237],[101.94661,16.84969]],[[101.94661,16.84969],[101.95679,16.84708]],[[101.95679,16.84708],[101.96185,16.85232]],[[101.96185,16.85232],[101.96234,16.84737]],[[101.96234,16.84737],[101.96889,16.847]],[[101.96889,16.847],[101.96974,16.84188]],[[101.96974,16.84188],[101.97546,16.84151]],[[101.97546,16.84151],[101.97827,16.84522]],[[101.97827,16.84522],[101.98002,16.84002]],[[101.98002,16.84002],[101.98202,16.84395]],[[101.98202,16.84395],[101.98668,16.84062]],[[101.98668,16.84062],[101.99385,16.83998]],[[101.99385,16.83998],[101.99535,16.84519]],[[101.99535,16.84519],[101.99798,16.84359]],[[101.99798,16.84359],[101.9979,16.8513]],[[101.9979,16.8513],[101.99992,16.84865]],[[101.99992,16.84865],[102.00612,16.85527]],[[102.00612,16.85527],[102.00257,16.85524]],[[102.00257,16.85524],[101.99944,16.86023]],[[101.99944,16.86023],[102.00478,16.86221]],[[102.00478,16.86221],[102.00934,16.86975]],[[102.00934,16.86975],[102.01599,16.86428]],[[102.01599,16.86428],[102.01927,16.86874]],[[102.01927,16.86874],[102.0259,16.86221]],[[102.0259,16.86221],[102.03172,16.86367]],[[102.03172,16.86367],[102.03977,16.85835]],[[102.03977,16.85835],[102.04468,16.86076]],[[102.04468,16.86076],[102.04432,16.86788]],[[102.04432,16.86788],[102.05117,16.86941]],[[102.05117,16.86941],[102.05589,16.86773]],[[102.05589,16.86773],[102.05949,16.87149]],[[102.05949,16.87149],[102.05512,16.87533]],[[102.05512,16.87533],[102.06325,16.8816]],[[102.06325,16.8816],[102.06343,16.88734]],[[102.06343,16.88734],[102.06852,16.88952]],[[102.66933,16.99375],[102.67658,17.003]],[[102.67658,17.003],[102.68195,17.01719]],[[102.68195,17.01719],[102.67917,17.02499]],[[102.67917,17.02499],[102.68184,17.02819]],[[102.68184,17.02819],[102.67771,17.03198]],[[102.67771,17.03198],[102.67953,17.03694]],[[102.67953,17.03694],[102.67954,17.05152]],[[102.67954,17.05152],[102.68275,17.05263]],[[102.68275,17.05263],[102.69075,17.06475]],[[102.69075,17.06475],[102.69515,17.0652]],[[102.69515,17.0652],[102.6985,17.0724]],[[102.6985,17.0724],[102.70005,17.08688]],[[102.70005,17.08688],[102.71025,17.08636]],[[102.71025,17.08636],[102.70898,17.08037]],[[102.70898,17.08037],[102.71276,17.07678]],[[102.71276,17.07678],[102.71724,17.06566]],[[102.71724,17.06566],[102.71564,17.05838]],[[102.71564,17.05838],[102.72317,17.04958]],[[102.72317,17.04958],[102.73773,17.04714]],[[102.73773,17.04714],[102.74734,17.04089]],[[102.74734,17.04089],[102.75048,17.04183]],[[102.75048,17.04183],[102.75989,17.03334]],[[102.75989,17.03334],[102.76441,17.02551]],[[102.76441,17.02551],[102.77655,17.0229]],[[102.77655,17.0229],[102.78114,17.01647]],[[102.78114,17.01647],[102.78744,17.01496]],[[102.78744,17.01496],[102.79497,17.00815]],[[102.79497,17.00815],[102.79432,17.0044]],[[102.79432,17.0044],[102.79793,16.99856]],[[102.79793,16.99856],[102.79767,16.99431]],[[102.79767,16.99431],[102.80158,16.9875]],[[102.80158,16.9875],[102.80639,16.98622]],[[102.80639,16.98622],[102.81723,16.97971]],[[102.81723,16.97971],[102.81702,16.97602]],[[102.81702,16.97602],[102.82286,16.97224]],[[102.82286,16.97224],[102.80959,16.96292]],[[102.80959,16.96292],[102.80442,16.95744]],[[102.80442,16.95744],[102.80434,16.95209]],[[102.80434,16.95209],[102.8136,16.94568]],[[102.8136,16.94568],[102.82039,16.9367]],[[102.82039,16.9367],[102.81777,16.93418]],[[102.81777,16.93418],[102.8169,16.92617]],[[102.8169,16.92617],[102.81203,16.9234]],[[102.81203,16.9234],[102.8091,16.90885]],[[102.8091,16.90885],[102.81243,16.90428]],[[102.81243,16.90428],[102.81169,16.89119]],[[102.81169,16.89119],[102.8197,16.87619]],[[102.8197,16.87619],[102.82227,16.87535]],[[102.82227,16.87535],[102.82043,16.86723]],[[102.82043,16.86723],[102.82399,16.86264]],[[102.82399,16.86264],[102.83619,16.87042]],[[102.83619,16.87042],[102.84034,16.8683]],[[102.84034,16.8683],[102.84146,16.87273]],[[102.84146,16.87273],[102.84832,16.8733]],[[102.84832,16.8733],[102.84865,16.87732]],[[102.84865,16.87732],[102.85453,16.88305]],[[102.85453,16.88305],[102.86013,16.88354]],[[102.86013,16.88354],[102.86274,16.87974]],[[102.86274,16.87974],[102.87324,16.88118]],[[102.87324,16.88118],[102.87567,16.87301]],[[102.87567,16.87301],[102.88274,16.87556]],[[102.88274,16.87556],[102.88656,16.86755]],[[102.88656,16.86755],[102.89395,16.86199]],[[102.89395,16.86199],[102.90195,16.85098]],[[102.90195,16.85098],[102.90885,16.84486]],[[102.90885,16.84486],[102.91253,16.83859]],[[102.91253,16.83859],[102.91942,16.83528]],[[102.91942,16.83528],[102.92626,16.83835]],[[102.92626,16.83835],[102.94186,16.8364]],[[102.94186,16.8364],[102.9499,16.84162]],[[102.9499,16.84162],[102.95349,16.84045]],[[102.95349,16.84045],[102.97368,16.85005]],[[102.97368,16.85005],[102.97943,16.85536]],[[102.97943,16.85536],[102.99565,16.85968]],[[102.99565,16.85968],[103.00172,16.86486]],[[103.00172,16.86486],[103.0068,16.86445]],[[103.0068,16.86445],[103.00929,16.87004]],[[103.00929,16.87004],[103.01636,16.87002]],[[103.01636,16.87002],[103.02588,16.87233]],[[103.02588,16.87233],[103.02811,16.87809]],[[103.02811,16.87809],[103.03762,16.88564]],[[103.03762,16.88564],[103.04356,16.88844]],[[103.04356,16.88844],[103.05253,16.88564]],[[103.05253,16.88564],[103.05482,16.88898]],[[103.05482,16.88898],[103.06192,16.89133]],[[103.06192,16.89133],[103.06356,16.89504]],[[103.06356,16.89504],[103.07368,16.9022]],[[103.07368,16.9022],[103.07882,16.89803]],[[103.07882,16.89803],[103.08387,16.89927]],[[103.08387,16.89927],[103.08671,16.90515]],[[103.08671,16.90515],[103.09211,16.91026]],[[103.09211,16.91026],[103.09812,16.91262]],[[103.39971,17.90458],[103.40807,17.90417]],[[103.40807,17.90417],[103.4129,17.90102]],[[103.4129,17.90102],[103.41096,17.89501]],[[103.41096,17.89501],[103.41765,17.88204]],[[103.41765,17.88204],[103.40544,17.87688]],[[103.40544,17.87688],[103.40323,17.86829]],[[103.40323,17.86829],[103.40811,17.86108]],[[103.40811,17.86108],[103.40668,17.85851]],[[103.40668,17.85851],[103.39371,17.85569]],[[103.39371,17.85569],[103.4,17.84621]],[[103.4,17.84621],[103.40488,17.84996]],[[103.40488,17.84996],[103.41454,17.84259]],[[103.41454,17.84259],[103.42066,17.84323]],[[103.42066,17.84323],[103.41407,17.83421]],[[103.41407,17.83421],[103.409,17.8357]],[[103.409,17.8357],[103.40325,17.84295]],[[103.40325,17.84295],[103.40469,17.83665]],[[103.40469,17.83665],[103.40141,17.83096]],[[103.40141,17.83096],[103.39498,17.8326]],[[103.39498,17.8326],[103.39903,17.84034]],[[103.39903,17.84034],[103.39762,17.84274]],[[103.39762,17.84274],[103.38702,17.84285]],[[103.38702,17.84285],[103.38006,17.83985]],[[103.38006,17.83985],[103.38008,17.83727]],[[103.38008,17.83727],[103.38999,17.82974]],[[103.38999,17.82974],[103.38746,17.82244]],[[103.38746,17.82244],[103.37484,17.81362]],[[103.37484,17.81362],[103.38121,17.81257]],[[103.38121,17.81257],[103.37422,17.80122]],[[103.37422,17.80122],[103.37878,17.79605]],[[103.37878,17.79605],[103.37696,17.79275]],[[103.37696,17.79275],[103.37138,17.79204]],[[103.37138,17.79204],[103.36911,17.79468]],[[103.36911,17.79468],[103.36776,17.77994]],[[103.36776,17.77994],[103.37593,17.77555]],[[103.37593,17.77555],[103.38075,17.76953]],[[103.38075,17.76953],[103.37702,17.76404]],[[103.37702,17.76404],[103.38579,17.75232]],[[103.38579,17.75232],[103.39404,17.7564]],[[103.39404,17.7564],[103.39506,17.75401]],[[103.39506,17.75401],[103.39988,17.75863]],[[103.39988,17.75863],[103.40665,17.7439]],[[103.40665,17.7439],[103.41067,17.72831]],[[103.41067,17.72831],[103.40471,17.72546]],[[103.40471,17.72546],[103.40825,17.72182]],[[103.40825,17.72182],[103.40085,17.71864]],[[103.40085,17.71864],[103.40576,17.71071]],[[103.40576,17.71071],[103.40468,17.69293]],[[103.40468,17.69293],[103.40091,17.68478]],[[103.40091,17.68478],[103.40719,17.66935]],[[103.40719,17.66935],[103.4018,17.66053]],[[103.4018,17.66053],[103.39921,17.65199]],[[103.39921,17.65199],[103.39822,17.64263]],[[103.39822,17.64263],[103.4011,17.64012]],[[103.4011,17.64012],[103.40129,17.63244]],[[103.40129,17.63244],[103.39832,17.6251]],[[103.39832,17.6251],[103.40164,17.62042]],[[103.40164,17.62042],[103.39736,17.61723]],[[103.39736,17.61723],[103.39855,17.61114]],[[103.39855,17.61114],[103.40358,17.60308]],[[103.40358,17.60308],[103.40644,17.6039]],[[103.40644,17.6039],[103.41103,17.5964]],[[103.41103,17.5964],[103.40296,17.591]],[[103.40296,17.591],[103.39646,17.59574]],[[103.39646,17.59574],[103.39388,17.59152]],[[103.39388,17.59152],[103.39127,17.59413]],[[103.39127,17.59413],[103.38461,17.59469]],[[103.38461,17.59469],[103.38057,17.58951]],[[103.38057,17.58951],[103.37546,17.59191]],[[103.37546,17.59191],[103.3779,17.58281]],[[103.3779,17.58281],[103.37516,17.57932]],[[103.37516,17.57932],[103.37107,17.58462]],[[103.37107,17.58462],[103.3604,17.59165]],[[103.3604,17.59165],[103.35511,17.58977]],[[103.35511,17.58977],[103.35392,17.5855]],[[103.35392,17.5855],[103.35057,17.58783]],[[103.35057,17.58783],[103.34357,17.57835]],[[103.34357,17.57835],[103.3378,17.57831]],[[103.3378,17.57831],[103.33718,17.57289]],[[103.33718,17.57289],[103.34028,17.57108]],[[103.34028,17.57108],[103.3371,17.56764]],[[103.3371,17.56764],[103.33517,17.55744]],[[103.33517,17.55744],[103.33225,17.5585]],[[103.33225,17.5585],[103.32821,17.54972]],[[103.32821,17.54972],[103.32304,17.55463]],[[103.32304,17.55463],[103.31971,17.54629]],[[103.31971,17.54629],[103.31789,17.5357]],[[103.31789,17.5357],[103.31543,17.53472]],[[103.31543,17.53472],[103.31692,17.52381]],[[103.31692,17.52381],[103.30136,17.5107]],[[103.30136,17.5107],[103.30203,17.50759]],[[103.30203,17.50759],[103.29479,17.50102]],[[103.29479,17.50102],[103.28944,17.50138]],[[103.28944,17.50138],[103.287,17.49831]],[[103.287,17.49831],[103.28869,17.48895]],[[103.28869,17.48895],[103.29111,17.4876]],[[103.29111,17.4876],[103.2865,17.48214]],[[103.2865,17.48214],[103.28837,17.47591]],[[103.28837,17.47591],[103.28674,17.47304]],[[103.28674,17.47304],[103.29013,17.46827]],[[103.29013,17.46827],[103.28506,17.46268]],[[103.28506,17.46268],[103.28498,17.45714]],[[103.28498,17.45714],[103.28197,17.45869]],[[103.28197,17.45869],[103.28128,17.45061]],[[103.28128,17.45061],[103.27504,17.44462]],[[103.27504,17.44462],[103.27662,17.43469]],[[103.27662,17.43469],[103.28359,17.42626]],[[103.28359,17.42626],[103.28136,17.42249]],[[103.28136,17.42249],[103.28844,17.40721]],[[103.28844,17.40721],[103.29311,17.40328]],[[103.29311,17.40328],[103.29492,17.39848]],[[103.29492,17.39848],[103.30139,17.39526]],[[103.30139,17.39526],[103.30149,17.38982]],[[103.30149,17.38982],[103.29697,17.38852]],[[103.29697,17.38852],[103.2924,17.38037]],[[103.2924,17.38037],[103.29077,17.3741]],[[103.29077,17.3741],[103.28281,17.36806]],[[103.28281,17.36806],[103.28345,17.36564]],[[103.28345,17.36564],[103.27635,17.35094]],[[103.27635,17.35094],[103.27205,17.34672]],[[103.27205,17.34672],[103.27254,17.33747]],[[103.27254,17.33747],[103.26894,17.33511]],[[103.26894,17.33511],[103.2674,17.32897]],[[103.2674,17.32897],[103.25667,17.32684]],[[103.25667,17.32684],[103.25611,17.32043]],[[103.25611,17.32043],[103.25083,17.31303]],[[103.25083,17.31303],[103.25715,17.30944]],[[103.25715,17.30944],[103.2574,17.30349]],[[103.2574,17.30349],[103.26267,17.28952]],[[103.26267,17.28952],[103.26891,17.28274]],[[103.26891,17.28274],[103.27385,17.28062]],[[103.27385,17.28062],[103.27509,17.27031]],[[103.27509,17.27031],[103.28406,17.26679]],[[103.28406,17.26679],[103.28653,17.27118]],[[103.28653,17.27118],[103.29139,17.2672]],[[103.29139,17.2672],[103.29344,17.27006]],[[103.29344,17.27006],[103.30122,17.26869]],[[103.30122,17.26869],[103.30567,17.27088]],[[103.30567,17.27088],[103.30727,17.26762]],[[103.30727,17.26762],[103.31367,17.26734]],[[103.31367,17.26734],[103.31454,17.26432]],[[103.31454,17.26432],[103.32189,17.26252]],[[103.32189,17.26252],[103.32461,17.26427]],[[103.32461,17.26427],[103.3286,17.25679]],[[103.3286,17.25679],[103.33527,17.2585]],[[103.33527,17.2585],[103.3373,17.25625]],[[103.3373,17.25625],[103.3519,17.25516]],[[103.3519,17.25516],[103.35527,17.25074]],[[103.35527,17.25074],[103.3523,17.24512]],[[103.3523,17.24512],[103.3612,17.23587]],[[103.3612,17.23587],[103.37802,17.23554]],[[103.37802,17.23554],[103.38345,17.22757]],[[103.38345,17.22757],[103.38588,17.23024]],[[103.38588,17.23024],[103.3966,17.22361]],[[103.3966,17.22361],[103.40014,17.22483]],[[103.40014,17.22483],[103.40172,17.22068]],[[103.40172,17.22068],[103.4171,17.21249]],[[103.4171,17.21249],[103.42153,17.21944]],[[103.42153,17.21944],[103.42787,17.22118]],[[103.42787,17.22118],[103.43049,17.21645]],[[103.43049,17.21645],[103.44049,17.21325]],[[103.44049,17.21325],[103.44719,17.21734]],[[103.44719,17.21734],[103.4515,17.21259]],[[103.4515,17.21259],[103.46324,17.21732]],[[103.46324,17.21732],[103.46851,17.22303]],[[103.46851,17.22303],[103.47026,17.22992]],[[103.47026,17.22992],[103.47169,17.22177]],[[103.47169,17.22177],[103.47507,17.2175]],[[103.47507,17.2175],[103.48771,17.2104]],[[103.48771,17.2104],[103.50744,17.20089]],[[103.50744,17.20089],[103.53227,17.18579]],[[103.53227,17.18579],[103.54749,17.17489]],[[103.54749,17.17489],[103.55377,17.17256]],[[103.55377,17.17256],[103.55931,17.16572]],[[103.55931,17.16572],[103.56613,17.1612]],[[103.56613,17.1612],[103.56726,17.15762]],[[103.56726,17.15762],[103.57264,17.1573]],[[103.57264,17.1573],[103.58271,17.16336]],[[103.58271,17.16336],[103.59001,17.17095]],[[103.59001,17.17095],[103.59938,17.17005]],[[103.59938,17.17005],[103.607,17.16036]],[[103.607,17.16036],[103.61126,17.15843]],[[103.61126,17.15843],[103.61388,17.15043]],[[103.61388,17.15043],[103.62022,17.15072]],[[103.62022,17.15072],[103.62252,17.14343]],[[103.62252,17.14343],[103.62801,17.13629]],[[103.62801,17.13629],[103.63624,17.12075]],[[103.63624,17.12075],[103.63845,17.11145]],[[103.63845,17.11145],[103.6433,17.11423]],[[103.6433,17.11423],[103.65845,17.11348]],[[103.65845,17.11348],[103.66807,17.10588]],[[103.66807,17.10588],[103.66575,17.10232]],[[103.66575,17.10232],[103.66306,17.09085]],[[103.66306,17.09085],[103.65608,17.08352]],[[103.65608,17.08352],[103.65408,17.07142]],[[103.65408,17.07142],[103.66165,17.06588]],[[103.66165,17.06588],[103.66177,17.0617]],[[103.66177,17.0617],[103.66638,17.05406]],[[103.66638,17.05406],[103.6609,17.04152]],[[103.6609,17.04152],[103.65978,17.02844]],[[103.65978,17.02844],[103.66212,17.01962]],[[103.66212,17.01962],[103.65044,17.02125]],[[103.65044,17.02125],[103.64723,17.02347]],[[103.64723,17.02347],[103.6526,17.04021]],[[103.6526,17.04021],[103.6528,17.0477]],[[103.6528,17.0477],[103.64855,17.05307]],[[103.64855,17.05307],[103.64319,17.05432]],[[103.64319,17.05432],[103.63987,17.05839]],[[103.63987,17.05839],[103.63906,17.07038]],[[103.63906,17.07038],[103.63151,17.07612]],[[103.63151,17.07612],[103.6284,17.07606]],[[103.6284,17.07606],[103.62652,17.08316]],[[103.62652,17.08316],[103.62229,17.08673]],[[103.62229,17.08673],[103.62074,17.09285]],[[103.62074,17.09285],[103.61134,17.09446]],[[103.61134,17.09446],[103.60725,17.09964]],[[103.60725,17.09964],[103.60486,17.09589]],[[103.60486,17.09589],[103.59987,17.09683]],[[103.59987,17.09683],[103.59237,17.09409]],[[103.59237,17.09409],[103.58624,17.09922]],[[103.58624,17.09922],[103.57999,17.10195]],[[103.57999,17.10195],[103.57296,17.09099]],[[103.57296,17.09099],[103.56215,17.0935]],[[103.56215,17.0935],[103.5603,17.08783]],[[103.5603,17.08783],[103.54836,17.08898]],[[103.54836,17.08898],[103.54719,17.07917]],[[103.54719,17.07917],[103.54024,17.07908]],[[103.54024,17.07908],[103.54067,17.07452]],[[103.54067,17.07452],[103.53516,17.07107]],[[103.53516,17.07107],[103.53685,17.06561]],[[103.53685,17.06561],[103.52947,17.06243]],[[103.52947,17.06243],[103.52536,17.05858]],[[103.52536,17.05858],[103.51964,17.05891]],[[103.51964,17.05891],[103.51673,17.05249]],[[103.51673,17.05249],[103.50745,17.0438]],[[103.50745,17.0438],[103.51361,17.04388]],[[103.51361,17.04388],[103.51543,17.04141]],[[103.51543,17.04141],[103.51142,17.03606]],[[103.51142,17.03606],[103.51866,17.0342]],[[103.51866,17.0342],[103.51527,17.0274]],[[103.51527,17.0274],[103.51955,17.00686]],[[103.51955,17.00686],[103.51972,16.99793]],[[103.51972,16.99793],[103.51608,16.99681]],[[103.51608,16.99681],[103.51375,16.98953]],[[103.51375,16.98953],[103.50214,16.98273]],[[103.50214,16.98273],[103.50285,16.97482]],[[103.50285,16.97482],[103.49518,16.97067]],[[103.49518,16.97067],[103.49673,16.96469]],[[103.49673,16.96469],[103.49155,16.9559]],[[103.49155,16.9559],[103.49407,16.95274]],[[103.49407,16.95274],[103.49228,16.9471]],[[103.49228,16.9471],[103.48675,16.94022]],[[103.48675,16.94022],[103.48724,16.93251]],[[103.48724,16.93251],[103.49376,16.92758]],[[103.49376,16.92758],[103.49045,16.92097]],[[103.49045,16.92097],[103.49065,16.91339]],[[103.49065,16.91339],[103.48823,16.91143]],[[103.48823,16.91143],[103.49166,16.90703]],[[103.49166,16.90703],[103.48887,16.90203]],[[103.48887,16.90203],[103.4855,16.90417]],[[103.4855,16.90417],[103.47824,16.89165]],[[103.47824,16.89165],[103.47996,16.88816]],[[103.47996,16.88816],[103.47376,16.88389]],[[103.47376,16.88389],[103.47109,16.88587]],[[103.47109,16.88587],[103.47005,16.87509]],[[103.47005,16.87509],[103.4645,16.87452]],[[103.4645,16.87452],[103.45422,16.86424]],[[103.45422,16.86424],[103.4506,16.85256]],[[103.4506,16.85256],[103.44322,16.84735]],[[103.44322,16.84735],[103.44336,16.84399]],[[103.44336,16.84399],[103.44917,16.83798]],[[103.44917,16.83798],[103.44973,16.83448]],[[103.44973,16.83448],[103.44139,16.8253]],[[103.44139,16.8253],[103.43258,16.8131]],[[103.43258,16.8131],[103.42163,16.80307]],[[103.42163,16.80307],[103.41366,16.807]],[[103.41366,16.807],[103.41326,16.81097]],[[103.41326,16.81097],[103.41798,16.81948]],[[103.41798,16.81948],[103.41518,16.83296]],[[103.41518,16.83296],[103.41062,16.84201]],[[103.41062,16.84201],[103.40819,16.85075]],[[103.40819,16.85075],[103.40076,16.85481]],[[103.40076,16.85481],[103.41194,16.86096]],[[103.41194,16.86096],[103.41069,16.87149]],[[103.41069,16.87149],[103.40482,16.88218]],[[103.40482,16.88218],[103.39741,16.88831]],[[103.39741,16.88831],[103.3959,16.89296]],[[103.3959,16.89296],[103.38891,16.89717]],[[103.38891,16.89717],[103.3802,16.90629]],[[103.3802,16.90629],[103.37476,16.90322]],[[103.37476,16.90322],[103.3697,16.90407]],[[103.3697,16.90407],[103.36732,16.90814]],[[103.36732,16.90814],[103.35394,16.91718]],[[103.35394,16.91718],[103.35081,16.92091]],[[103.35081,16.92091],[103.33012,16.92407]],[[103.33012,16.92407],[103.32187,16.92405]],[[103.32187,16.92405],[103.30634,16.92212]],[[103.30634,16.92212],[103.29038,16.92408]],[[103.29038,16.92408],[103.28535,16.9272]],[[103.28535,16.9272],[103.28535,16.93046]],[[103.28535,16.93046],[103.27953,16.93451]],[[103.27953,16.93451],[103.27882,16.94019]],[[103.27882,16.94019],[103.27409,16.94346]],[[103.27409,16.94346],[103.2576,16.949]],[[103.2576,16.949],[103.2398,16.96139]],[[103.2398,16.96139],[103.23653,16.95821]],[[103.23653,16.95821],[103.22884,16.95899]],[[103.22884,16.95899],[103.22743,16.96295]],[[103.22743,16.96295],[103.22096,16.96784]],[[103.22096,16.96784],[103.21317,16.96367]],[[103.21317,16.96367],[103.21087,16.95824]],[[103.21087,16.95824],[103.20605,16.96013]],[[103.20605,16.96013],[103.20298,16.95729]],[[103.20298,16.95729],[103.20218,16.95157]],[[103.20218,16.95157],[103.18909,16.94988]],[[103.18909,16.94988],[103.18234,16.94738]],[[103.18234,16.94738],[103.18235,16.95232]],[[103.18235,16.95232],[103.17805,16.95385]],[[103.17805,16.95385],[103.17001,16.95025]],[[103.17001,16.95025],[103.1639,16.95115]],[[103.1639,16.95115],[103.16061,16.94686]],[[103.16061,16.94686],[103.15595,16.94981]],[[103.15595,16.94981],[103.15188,16.94817]],[[103.15188,16.94817],[103.13241,16.95718]],[[103.13241,16.95718],[103.12822,16.95501]],[[103.12822,16.95501],[103.12133,16.96234]],[[103.12133,16.96234],[103.1174,16.96222]],[[103.1174,16.96222],[103.11371,16.95778]],[[103.11371,16.95778],[103.11216,16.94977]],[[103.11216,16.94977],[103.10694,16.93834]],[[103.10694,16.93834],[103.10179,16.93851]],[[103.10179,16.93851],[103.10221,16.93445]],[[103.10221,16.93445],[103.0984,16.9309]],[[103.0984,16.9309],[103.09693,16.91855]],[[103.09693,16.91855],[103.09812,16.91262]],[[102.08323,17.63432],[102.07843,17.64581]],[[102.07843,17.64581],[102.07283,17.64551]],[[102.07283,17.64551],[102.06709,17.6496]],[[102.06709,17.6496],[102.06116,17.65702]],[[102.06116,17.65702],[102.05661,17.65734]],[[102.05661,17.65734],[102.05309,17.65369]],[[102.05309,17.65369],[102.04479,17.65159]],[[102.04479,17.65159],[102.0422,17.64899]],[[102.0422,17.64899],[102.03643,17.65029]],[[102.03643,17.65029],[102.03671,17.65797]],[[102.03671,17.65797],[102.03927,17.66335]],[[102.03927,17.66335],[102.03257,17.66741]],[[102.03257,17.66741],[102.02654,17.67644]],[[102.02654,17.67644],[102.02916,17.68418]],[[102.02916,17.68418],[102.02966,17.7002]],[[102.02966,17.7002],[102.02565,17.71744]],[[102.02565,17.71744],[102.02329,17.72174]],[[102.02329,17.72174],[102.02303,17.73151]],[[102.02303,17.73151],[102.0178,17.74634]],[[102.0178,17.74634],[102.01916,17.75178]],[[102.01916,17.75178],[102.0238,17.75567]],[[102.0238,17.75567],[102.02451,17.76724]],[[102.02451,17.76724],[102.02971,17.77609]],[[102.02971,17.77609],[102.02844,17.78276]],[[102.02844,17.78276],[102.03061,17.78617]],[[102.03061,17.78617],[102.04048,17.78523]],[[102.04048,17.78523],[102.04515,17.79269]],[[102.04515,17.79269],[102.03988,17.79655]],[[102.03988,17.79655],[102.03652,17.80642]],[[102.03652,17.80642],[102.04726,17.81893]],[[102.04726,17.81893],[102.05068,17.83364]],[[102.05068,17.83364],[102.04932,17.8356]],[[102.04932,17.8356],[102.05165,17.84872]],[[102.05165,17.84872],[102.04911,17.85188]],[[102.04911,17.85188],[102.04998,17.86652]],[[102.04998,17.86652],[102.05226,17.87119]],[[102.05226,17.87119],[102.04363,17.88169]],[[102.04363,17.88169],[102.03868,17.88404]],[[102.03868,17.88404],[102.036,17.89797]],[[102.036,17.89797],[102.03879,17.90765]],[[102.03879,17.90765],[102.03221,17.92223]],[[102.03221,17.92223],[102.0329,17.92726]],[[102.0329,17.92726],[102.03053,17.93454]],[[102.03053,17.93454],[102.03086,17.94428]],[[102.03086,17.94428],[102.02439,17.95633]],[[102.02439,17.95633],[102.02416,17.96504]],[[102.02416,17.96504],[102.02712,17.96754]],[[102.02712,17.96754],[102.02427,17.97685]],[[102.02427,17.97685],[102.01577,17.98103]],[[102.01577,17.98103],[102.02683,17.99144]],[[102.02683,17.99144],[102.04231,17.98979]],[[102.04231,17.98979],[102.0389,17.99413]],[[102.0389,17.99413],[102.03762,18.00524]],[[102.03762,18.00524],[102.03908,18.01862]],[[102.03908,18.01862],[102.03733,18.02206]],[[102.03733,18.02206],[102.04681,18.02882]],[[102.04681,18.02882],[102.05401,18.03625]],[[102.05401,18.03625],[102.05253,18.05082]],[[102.05253,18.05082],[102.05581,18.06016]],[[102.05581,18.06016],[102.05535,18.06888]],[[102.05535,18.06888],[102.05259,18.07483]],[[102.05259,18.07483],[102.05514,18.08617]],[[102.05514,18.08617],[102.06043,18.08434]],[[102.06043,18.08434],[102.07169,18.08504]],[[102.07169,18.08504],[102.08053,18.08217]],[[102.08053,18.08217],[102.08324,18.0791]],[[102.08324,18.0791],[102.0948,18.08033]],[[102.0948,18.08033],[102.09721,18.08306]],[[102.09721,18.08306],[102.10189,18.07864]],[[102.10189,18.07864],[102.09978,18.07239]],[[102.09978,18.07239],[102.10848,18.06721]],[[102.10848,18.06721],[102.10829,18.0589]],[[102.10829,18.0589],[102.11263,18.05512]],[[102.11263,18.05512],[102.11167,18.0418]],[[102.11167,18.0418],[102.10428,18.03347]],[[102.10428,18.03347],[102.1078,18.02605]],[[102.1078,18.02605],[102.12724,18.03477]],[[102.12724,18.03477],[102.14233,18.03544]],[[102.14233,18.03544],[102.1448,18.03309]],[[102.1448,18.03309],[102.14412,18.02445]],[[102.14412,18.02445],[102.14128,18.02114]],[[102.14128,18.02114],[102.14221,18.01378]],[[102.14221,18.01378],[102.13992,18.00669]],[[102.13992,18.00669],[102.14568,18.00407]],[[102.14568,18.00407],[102.14869,17.99222]],[[102.14869,17.99222],[102.15595,17.99035]],[[102.15595,17.99035],[102.16374,18.00123]],[[102.16374,18.00123],[102.16992,18.00687]],[[102.16992,18.00687],[102.18261,18.01383]],[[102.18261,18.01383],[102.18703,18.01432]],[[102.18703,18.01432],[102.20089,18.022]],[[102.20089,18.022],[102.20556,18.02158]],[[102.20556,18.02158],[102.20044,18.01501]],[[102.20044,18.01501],[102.20454,18.00861]],[[102.20454,18.00861],[102.21434,18.00553]],[[102.21434,18.00553],[102.22194,18.008]],[[102.22194,18.008],[102.23491,18.00422]],[[102.23491,18.00422],[102.24098,17.99819]],[[102.24098,17.99819],[102.24492,17.99696]],[[102.24492,17.99696],[102.24551,17.99222]],[[102.24551,17.99222],[102.25373,17.99032]],[[102.25373,17.99032],[102.25994,17.98579]],[[102.25994,17.98579],[102.27593,17.98062]],[[102.27593,17.98062],[102.27972,17.98387]],[[102.27972,17.98387],[102.28147,17.99324]],[[102.28147,17.99324],[102.29569,17.9804]],[[102.29569,17.9804],[102.29121,17.97115]],[[102.29121,17.97115],[102.29781,17.96757]],[[102.29781,17.96757],[102.29844,17.96083]],[[102.29844,17.96083],[102.30375,17.95717]],[[102.30375,17.95717],[102.30937,17.94692]],[[102.30937,17.94692],[102.31924,17.94079]],[[102.31924,17.94079],[102.32095,17.93641]],[[102.32095,17.93641],[102.32531,17.93427]],[[102.32531,17.93427],[102.3362,17.93411]],[[102.3362,17.93411],[102.35005,17.92369]],[[102.35005,17.92369],[102.35568,17.92443]],[[102.35568,17.92443],[102.35731,17.91647]],[[102.35731,17.91647],[102.36463,17.91733]],[[102.36463,17.91733],[102.36693,17.91093]],[[102.36693,17.91093],[102.36405,17.90802]],[[102.36405,17.90802],[102.38048,17.89649]],[[102.38048,17.89649],[102.38727,17.89841]],[[102.38727,17.89841],[102.38992,17.8903]],[[102.38992,17.8903],[102.4002,17.87623]],[[102.4002,17.87623],[102.39826,17.86685]],[[102.39826,17.86685],[102.39551,17.86439]],[[102.39551,17.86439],[102.40061,17.86188]],[[102.40061,17.86188],[102.40311,17.85526]],[[102.40311,17.85526],[102.40036,17.84347]],[[102.40036,17.84347],[102.4099,17.84104]],[[102.4099,17.84104],[102.40908,17.83496]],[[102.40908,17.83496],[102.42264,17.82535]],[[102.42264,17.82535],[102.42481,17.82055]],[[102.42481,17.82055],[102.43763,17.82198]],[[102.43763,17.82198],[102.44059,17.81645]],[[102.44059,17.81645],[102.4316,17.80837]],[[102.4316,17.80837],[102.43438,17.80628]],[[102.43438,17.80628],[102.43071,17.80238]],[[102.43071,17.80238],[102.43022,17.79574]],[[102.43022,17.79574],[102.43379,17.79372]],[[102.43379,17.79372],[102.43402,17.78767]],[[102.43402,17.78767],[102.44224,17.78442]],[[102.44224,17.78442],[102.43722,17.77811]],[[102.43722,17.77811],[102.44035,17.76743]],[[102.44035,17.76743],[102.44458,17.76742]],[[102.44458,17.76742],[102.44918,17.77129]],[[102.44918,17.77129],[102.45256,17.76716]],[[102.45256,17.76716],[102.45218,17.76145]],[[102.45218,17.76145],[102.46427,17.75707]],[[102.46427,17.75707],[102.46898,17.75298]],[[102.46898,17.75298],[102.47671,17.75719]],[[102.47671,17.75719],[102.49043,17.7572]],[[102.49043,17.7572],[102.49717,17.76005]],[[102.49717,17.76005],[102.50113,17.75759]],[[102.50113,17.75759],[102.51156,17.76168]],[[102.51156,17.76168],[102.5237,17.76318]],[[102.5237,17.76318],[102.53219,17.75988]],[[102.53219,17.75988],[102.5369,17.75461]],[[102.5369,17.75461],[102.53828,17.7451]],[[102.53828,17.7451],[102.56456,17.72352]],[[102.56456,17.72352],[102.57527,17.71539]],[[102.57527,17.71539],[102.58106,17.70778]],[[102.58106,17.70778],[102.58874,17.70088]],[[102.58874,17.70088],[102.60462,17.6932]],[[102.60462,17.6932],[102.61187,17.68347]],[[102.61187,17.68347],[102.60077,17.68111]],[[102.60077,17.68111],[102.59681,17.6693]],[[102.59681,17.6693],[102.60296,17.65368]],[[102.60296,17.65368],[102.60154,17.65044]],[[102.60154,17.65044],[102.60311,17.64315]],[[102.60311,17.64315],[102.60149,17.63353]],[[102.60149,17.63353],[102.59699,17.62903]],[[102.59699,17.62903],[102.59671,17.62255]],[[102.59671,17.62255],[102.60552,17.62528]],[[102.60552,17.62528],[102.61369,17.62474]],[[102.61369,17.62474],[102.63005,17.62048]],[[102.63005,17.62048],[102.64697,17.61428]],[[102.64697,17.61428],[102.64662,17.60953]],[[102.64662,17.60953],[102.64953,17.60378]],[[102.64953,17.60378],[102.64695,17.59884]],[[102.64695,17.59884],[102.65129,17.59377]],[[102.65129,17.59377],[102.668,17.59627]],[[102.668,17.59627],[102.67298,17.60502]],[[102.67298,17.60502],[102.68646,17.61051]],[[102.68646,17.61051],[102.69451,17.62102]],[[102.69451,17.62102],[102.699,17.62013]],[[102.699,17.62013],[102.70274,17.614]],[[102.70274,17.614],[102.71213,17.60599]],[[102.71213,17.60599],[102.71732,17.60404]],[[102.71732,17.60404],[102.73155,17.60354]],[[102.73155,17.60354],[102.73564,17.60807]],[[102.73564,17.60807],[102.73861,17.6181]],[[102.73861,17.6181],[102.74187,17.6203]],[[102.74187,17.6203],[102.74528,17.61668]],[[102.74528,17.61668],[102.75017,17.62201]],[[102.75017,17.62201],[102.76647,17.61993]],[[102.76647,17.61993],[102.76835,17.62243]],[[102.76835,17.62243],[102.7643,17.62854]],[[102.7643,17.62854],[102.76027,17.64187]],[[102.76027,17.64187],[102.76566,17.64564]],[[102.76566,17.64564],[102.76913,17.64368]],[[102.76913,17.64368],[102.77481,17.64841]],[[102.77481,17.64841],[102.77644,17.65505]],[[102.77644,17.65505],[102.77467,17.66345]],[[102.77467,17.66345],[102.78044,17.67025]],[[102.78044,17.67025],[102.78413,17.6825]],[[102.78413,17.6825],[102.78864,17.68224]],[[102.78864,17.68224],[102.79708,17.6865]],[[102.79708,17.6865],[102.80612,17.68446]],[[102.80612,17.68446],[102.81637,17.68699]],[[102.81637,17.68699],[102.82125,17.69077]],[[102.82125,17.69077],[102.83075,17.69363]],[[102.83075,17.69363],[102.83518,17.70203]],[[102.83518,17.70203],[102.83548,17.70842]],[[102.83548,17.70842],[102.83289,17.71567]],[[102.83289,17.71567],[102.84202,17.7204]],[[102.84202,17.7204],[102.8464,17.72688]],[[102.8464,17.72688],[102.84955,17.73685]],[[102.84955,17.73685],[102.84242,17.74192]],[[102.84242,17.74192],[102.84654,17.7492]],[[102.84654,17.7492],[102.8502,17.74947]],[[102.8502,17.74947],[102.84917,17.7554]],[[102.84917,17.7554],[102.84546,17.76163]],[[102.84546,17.76163],[102.85161,17.76574]],[[102.85161,17.76574],[102.85409,17.77629]],[[102.85409,17.77629],[102.84499,17.78001]],[[102.84499,17.78001],[102.84354,17.78462]],[[102.84354,17.78462],[102.84904,17.78311]],[[102.84904,17.78311],[102.85053,17.78607]],[[102.85053,17.78607],[102.83869,17.79381]],[[102.83869,17.79381],[102.84228,17.80376]],[[102.84228,17.80376],[102.84132,17.80701]],[[102.84132,17.80701],[102.83361,17.80572]],[[102.83361,17.80572],[102.83217,17.80968]],[[102.83217,17.80968],[102.82796,17.80935]],[[102.82796,17.80935],[102.82606,17.81362]],[[102.82606,17.81362],[102.83382,17.81108]],[[102.83382,17.81108],[102.83996,17.81285]],[[102.83996,17.81285],[102.83634,17.81984]],[[102.83634,17.81984],[102.83755,17.82376]],[[102.83755,17.82376],[102.84578,17.82433]],[[102.84578,17.82433],[102.85087,17.82852]],[[102.85087,17.82852],[102.84416,17.83666]],[[102.84416,17.83666],[102.8495,17.83972]],[[102.8495,17.83972],[102.85301,17.83628]],[[102.85301,17.83628],[102.85709,17.84298]],[[102.85709,17.84298],[102.86914,17.8465]],[[102.86914,17.8465],[102.86742,17.85755]],[[102.86742,17.85755],[102.8734,17.85732]],[[102.8734,17.85732],[102.87373,17.87283]],[[102.87373,17.87283],[102.86836,17.8742]],[[102.86836,17.8742],[102.86983,17.88812]],[[102.86983,17.88812],[102.87593,17.89497]],[[102.87593,17.89497],[102.88211,17.89395]],[[102.88211,17.89395],[102.88342,17.89831]],[[102.88342,17.89831],[102.88977,17.89564]],[[102.88977,17.89564],[102.89385,17.89118]],[[102.89385,17.89118],[102.91812,17.89099]],[[102.91812,17.89099],[102.92745,17.89305]],[[102.92745,17.89305],[102.93669,17.88463]],[[102.93669,17.88463],[102.93584,17.87785]],[[102.93584,17.87785],[102.94233,17.87081]],[[102.94233,17.87081],[102.94217,17.85937]],[[102.94217,17.85937],[102.94419,17.85546]],[[102.94419,17.85546],[102.9517,17.85012]],[[102.9517,17.85012],[102.95485,17.84423]],[[102.95485,17.84423],[102.95657,17.83505]],[[102.95657,17.83505],[102.96164,17.83325]],[[102.96164,17.83325],[102.96103,17.82734]],[[102.96103,17.82734],[102.96542,17.82745]],[[102.96542,17.82745],[102.96862,17.82374]],[[102.96862,17.82374],[102.9818,17.82998]],[[102.9818,17.82998],[102.98249,17.83644]],[[102.98249,17.83644],[102.98839,17.84346]],[[102.98839,17.84346],[102.99305,17.84435]],[[102.99305,17.84435],[103.00408,17.84201]],[[103.00408,17.84201],[103.00444,17.86234]],[[103.00444,17.86234],[103.01209,17.86215]],[[103.01209,17.86215],[103.01023,17.8691]],[[103.01023,17.8691],[103.01248,17.87581]],[[103.01248,17.87581],[103.02644,17.87705]],[[103.02644,17.87705],[103.03012,17.8743]],[[103.03012,17.8743],[103.03818,17.87767]],[[103.03818,17.87767],[103.04136,17.88316]],[[103.04136,17.88316],[103.03703,17.89092]],[[103.03703,17.89092],[103.04148,17.89277]],[[103.04148,17.89277],[103.04436,17.88527]],[[103.04436,17.88527],[103.0515,17.88013]],[[103.0515,17.88013],[103.05872,17.8796]],[[103.05872,17.8796],[103.078,17.88574]],[[103.078,17.88574],[103.08199,17.87933]],[[103.08199,17.87933],[103.08156,17.87484]],[[103.08156,17.87484],[103.08604,17.87545]],[[103.08604,17.87545],[103.09417,17.86653]],[[103.09417,17.86653],[103.10015,17.86943]],[[103.10015,17.86943],[103.1014,17.86034]],[[103.1014,17.86034],[103.10876,17.85453]],[[103.10876,17.85453],[103.10813,17.86172]],[[103.10813,17.86172],[103.11379,17.86134]],[[103.11379,17.86134],[103.11636,17.84643]],[[103.11636,17.84643],[103.12733,17.84431]],[[103.12733,17.84431],[103.12723,17.83737]],[[103.12723,17.83737],[103.1227,17.83248]],[[103.1227,17.83248],[103.13037,17.82564]],[[103.13037,17.82564],[103.13552,17.82483]],[[103.13552,17.82483],[103.13227,17.8212]],[[103.13227,17.8212],[103.13981,17.81192]],[[103.13981,17.81192],[103.15277,17.80281]],[[103.15277,17.80281],[103.16018,17.80612]],[[103.16018,17.80612],[103.16675,17.81424]],[[103.16675,17.81424],[103.16817,17.82457]],[[103.16817,17.82457],[103.17175,17.83096]],[[103.17175,17.83096],[103.17256,17.83846]],[[103.17256,17.83846],[103.17743,17.84997]],[[103.17743,17.84997],[103.17516,17.85204]],[[103.17516,17.85204],[103.18044,17.85886]],[[103.18044,17.85886],[103.18936,17.86605]],[[103.18936,17.86605],[103.19055,17.8713]],[[103.19055,17.8713],[103.19804,17.86597]],[[103.19804,17.86597],[103.20999,17.87323]],[[103.20999,17.87323],[103.22093,17.87057]],[[103.22093,17.87057],[103.22803,17.87396]],[[103.22803,17.87396],[103.23007,17.87796]],[[103.23007,17.87796],[103.23944,17.87991]],[[103.23944,17.87991],[103.24059,17.88569]],[[103.24059,17.88569],[103.24589,17.88118]],[[103.24589,17.88118],[103.25579,17.87636]],[[103.25579,17.87636],[103.25813,17.87162]],[[103.25813,17.87162],[103.2662,17.86548]],[[103.2662,17.86548],[103.26603,17.85786]],[[103.26603,17.85786],[103.27002,17.84874]],[[103.27002,17.84874],[103.2931,17.83066]],[[103.2931,17.83066],[103.30032,17.82707]],[[103.30032,17.82707],[103.30447,17.82896]],[[103.30447,17.82896],[103.31043,17.82562]],[[103.31043,17.82562],[103.32127,17.82632]],[[103.32127,17.82632],[103.32984,17.82459]],[[103.32984,17.82459],[103.3402,17.84144]],[[103.3402,17.84144],[103.34125,17.84914]],[[103.34125,17.84914],[103.35261,17.855]],[[103.35261,17.855],[103.35553,17.85406]],[[103.35553,17.85406],[103.36842,17.86109]],[[103.36842,17.86109],[103.37609,17.86654]],[[103.37609,17.86654],[103.37341,17.87515]],[[103.37341,17.87515],[103.38196,17.87406]],[[103.38196,17.87406],[103.38973,17.8699]],[[103.38973,17.8699],[103.39771,17.88371]],[[103.39771,17.88371],[103.39794,17.89761]],[[103.39794,17.89761],[103.39398,17.90107]],[[103.39398,17.90107],[103.39971,17.90458]],[[102.10566,18.21351],[102.10351,18.2042]],[[102.10351,18.2042],[102.10112,18.20146]],[[102.10112,18.20146],[102.10283,18.18174]],[[102.10283,18.18174],[102.10052,18.17912]],[[102.10052,18.17912],[102.10298,18.16861]],[[102.10298,18.16861],[102.10143,18.16224]],[[102.10143,18.16224],[102.08955,18.16086]],[[102.08955,18.16086],[102.08448,18.15858]],[[102.08448,18.15858],[102.06838,18.14383]],[[102.06838,18.14383],[102.06933,18.13902]],[[102.06933,18.13902],[102.06476,18.12031]],[[102.06476,18.12031],[102.06401,18.11321]],[[102.06401,18.11321],[102.06029,18.1015]],[[102.06029,18.1015],[102.0555,18.09729]],[[102.0555,18.09729],[102.05514,18.08617]],[[101.79725,16.76901],[101.78525,16.76218]],[[101.78525,16.76218],[101.77449,16.75988]],[[101.77449,16.75988],[101.76951,16.76056]],[[101.76951,16.76056],[101.76472,16.75692]],[[101.76472,16.75692],[101.75838,16.75586]],[[101.75838,16.75586],[101.74505,16.75722]],[[101.74505,16.75722],[101.73014,16.75357]],[[101.73014,16.75357],[101.72507,16.75469]],[[101.72507,16.75469],[101.71806,16.75988]],[[101.71806,16.75988],[101.70439,16.78412]],[[101.70439,16.78412],[101.68638,16.79848]],[[101.68638,16.79848],[101.69424,16.80609]],[[101.69424,16.80609],[101.70051,16.8095]],[[101.70051,16.8095],[101.71858,16.79977]],[[101.71858,16.79977],[101.72177,16.80746]],[[101.72177,16.80746],[101.71844,16.80857]],[[101.71844,16.80857],[101.71878,16.81553]],[[101.71878,16.81553],[101.70892,16.8226]],[[101.70892,16.8226],[101.70512,16.83043]],[[101.70512,16.83043],[101.70095,16.8285]],[[101.70095,16.8285],[101.69771,16.83545]],[[101.69771,16.83545],[101.69359,16.83499]],[[101.69359,16.83499],[101.68451,16.85147]],[[101.68451,16.85147],[101.68862,16.85784]],[[101.68862,16.85784],[101.68138,16.85733]],[[101.68138,16.85733],[101.67777,16.8679]],[[101.67777,16.8679],[101.68402,16.86832]],[[101.68402,16.86832],[101.68026,16.87312]],[[101.68026,16.87312],[101.68361,16.87429]],[[101.68361,16.87429],[101.68336,16.87915]],[[101.68336,16.87915],[101.67871,16.8833]],[[101.67871,16.8833],[101.6815,16.89616]],[[101.6815,16.89616],[101.685,16.89951]],[[101.685,16.89951],[101.68288,16.91258]],[[101.68288,16.91258],[101.68653,16.91902]],[[101.68653,16.91902],[101.68725,16.9312]],[[101.68725,16.9312],[101.69174,16.93705]],[[101.69174,16.93705],[101.68494,16.93676]],[[101.68494,16.93676],[101.68003,16.93936]],[[101.68003,16.93936],[101.67542,16.94558]],[[101.67542,16.94558],[101.66984,16.96018]],[[101.66984,16.96018],[101.67376,16.96645]],[[101.67376,16.96645],[101.67522,16.97562]],[[101.67522,16.97562],[101.66901,16.97993]],[[101.66901,16.97993],[101.66827,16.98495]],[[101.66827,16.98495],[101.65982,16.99532]],[[101.65982,16.99532],[101.65443,17.0059]],[[101.65443,17.0059],[101.65563,17.00962]],[[101.65563,17.00962],[101.65075,17.01719]],[[101.65075,17.01719],[101.64775,17.02666]],[[101.64775,17.02666],[101.64548,17.02836]],[[101.64548,17.02836],[101.64603,17.03582]],[[101.64603,17.03582],[101.6503,17.04023]],[[101.6503,17.04023],[101.64307,17.04001]],[[101.64307,17.04001],[101.63682,17.04493]],[[101.63682,17.04493],[101.63657,17.04264]],[[101.63657,17.04264],[101.62863,17.04499]],[[101.62863,17.04499],[101.62039,17.02623]],[[101.62039,17.02623],[101.61597,17.02002]],[[101.61597,17.02002],[101.61709,17.01516]],[[101.61709,17.01516],[101.61264,17.00901]],[[101.61264,17.00901],[101.61298,17.00429]],[[101.61298,17.00429],[101.60575,16.99836]],[[101.60575,16.99836],[101.59872,16.9998]],[[101.59872,16.9998],[101.59769,16.99667]],[[101.59769,16.99667],[101.5877,16.99623]],[[101.5877,16.99623],[101.58332,16.98788]],[[101.58332,16.98788],[101.57538,16.98382]],[[101.57538,16.98382],[101.56678,16.9855]],[[101.56678,16.9855],[101.56122,16.99296]],[[101.56122,16.99296],[101.55164,16.99473]],[[101.55164,16.99473],[101.54687,17.00171]],[[101.54687,17.00171],[101.54414,17.01356]],[[101.54414,17.01356],[101.54024,17.01978]],[[101.54024,17.01978],[101.53359,17.02319]],[[101.53359,17.02319],[101.52054,17.01922]],[[101.52054,17.01922],[101.51801,17.01514]],[[101.51801,17.01514],[101.50803,17.01315]],[[101.50803,17.01315],[101.50428,17.01014]],[[101.50428,17.01014],[101.50147,17.01716]],[[101.50147,17.01716],[101.49659,17.02259]],[[101.49659,17.02259],[101.49583,17.02787]],[[101.49583,17.02787],[101.49193,17.03311]],[[101.49193,17.03311],[101.48934,17.05891]],[[101.48934,17.05891],[101.48015,17.07478]],[[101.48015,17.07478],[101.47972,17.08117]],[[101.47972,17.08117],[101.47602,17.08854]],[[101.47602,17.08854],[101.46715,17.09504]],[[101.46715,17.09504],[101.4624,17.09524]],[[101.4624,17.09524],[101.45873,17.09868]],[[101.45873,17.09868],[101.46184,17.10285]],[[101.46184,17.10285],[101.4558,17.11152]],[[101.4558,17.11152],[101.45906,17.11354]],[[101.45906,17.11354],[101.45174,17.12374]],[[101.45174,17.12374],[101.45675,17.12619]],[[101.45675,17.12619],[101.45261,17.13083]],[[101.45261,17.13083],[101.45274,17.13957]],[[101.45274,17.13957],[101.44562,17.14695]],[[101.44562,17.14695],[101.44202,17.14767]],[[101.44202,17.14767],[101.42571,17.15666]],[[101.42571,17.15666],[101.42145,17.1633]],[[101.42145,17.1633],[101.4147,17.16763]],[[101.4147,17.16763],[101.41128,17.16737]],[[101.41128,17.16737],[101.40942,17.17322]],[[101.40942,17.17322],[101.40271,17.17273]],[[101.40271,17.17273],[101.39848,17.17797]],[[101.39848,17.17797],[101.389,17.17545]],[[101.389,17.17545],[101.3824,17.17025]],[[101.3824,17.17025],[101.37443,17.17049]],[[101.37443,17.17049],[101.37137,17.16823]],[[101.37137,17.16823],[101.36245,17.17154]],[[101.36245,17.17154],[101.35082,17.16743]],[[101.35082,17.16743],[101.34999,17.16257]],[[101.34999,17.16257],[101.34402,17.16108]],[[101.34402,17.16108],[101.34394,17.1578]],[[101.34394,17.1578],[101.33752,17.15381]],[[101.33752,17.15381],[101.33069,17.14634]],[[101.33069,17.14634],[101.32319,17.14461]],[[101.32319,17.14461],[101.32312,17.1407]],[[101.32312,17.1407],[101.31735,17.13548]],[[101.31735,17.13548],[101.30685,17.12881]],[[101.30685,17.12881],[101.30629,17.11821]],[[101.30629,17.11821],[101.29984,17.11341]],[[101.29984,17.11341],[101.29482,17.1071]],[[101.29482,17.1071],[101.28843,17.10758]],[[101.28843,17.10758],[101.27824,17.09846]],[[101.27824,17.09846],[101.27171,17.09626]],[[101.27171,17.09626],[101.25927,17.10838]],[[101.25927,17.10838],[101.25016,17.11159]],[[101.25016,17.11159],[101.24075,17.1054]],[[101.24075,17.1054],[101.23774,17.09702]],[[101.23774,17.09702],[101.22626,17.0871]],[[101.22626,17.0871],[101.2247,17.08358]],[[101.2247,17.08358],[101.22864,17.06481]],[[101.22864,17.06481],[101.22125,17.05993]],[[101.22125,17.05993],[101.21417,17.06287]],[[101.21417,17.06287],[101.2091,17.06779]],[[101.2091,17.06779],[101.20048,17.06835]],[[101.20048,17.06835],[101.18844,17.06597]],[[101.18844,17.06597],[101.17852,17.05592]],[[101.17852,17.05592],[101.17272,17.05374]],[[101.17272,17.05374],[101.16968,17.0393]],[[101.16968,17.0393],[101.16718,17.03737]],[[101.16718,17.03737],[101.1463,17.03278]],[[101.1463,17.03278],[101.14015,17.03263]],[[101.14015,17.03263],[101.13526,17.02792]],[[101.13526,17.02792],[101.12892,17.02658]],[[101.12892,17.02658],[101.12741,17.0238]],[[101.12741,17.0238],[101.12027,17.0226]],[[101.12027,17.0226],[101.11507,17.01641]],[[101.11507,17.01641],[101.11443,17.00703]],[[101.11443,17.00703],[101.11009,17.00432]],[[101.11009,17.00432],[101.11456,16.99009]],[[101.11456,16.99009],[101.11345,16.9764]],[[101.11345,16.9764],[101.11552,16.95164]],[[101.11552,16.95164],[101.11208,16.94658]],[[101.11208,16.94658],[101.11142,16.93745]],[[101.11142,16.93745],[101.10676,16.93692]],[[101.10676,16.93692],[101.10367,16.93189]],[[101.10367,16.93189],[101.10462,16.92262]],[[101.10462,16.92262],[101.10053,16.91155]],[[101.10053,16.91155],[101.09199,16.90834]],[[101.09199,16.90834],[101.07904,16.89956]],[[101.07904,16.89956],[101.07406,16.90221]],[[101.07406,16.90221],[101.06703,16.90285]],[[101.06703,16.90285],[101.07121,16.9117]],[[101.07121,16.9117],[101.07149,16.92448]],[[101.07149,16.92448],[101.06177,16.92959]],[[101.06177,16.92959],[101.05341,16.93068]],[[101.05341,16.93068],[101.03953,16.92883]],[[101.03953,16.92883],[101.03176,16.93269]],[[101.03176,16.93269],[101.02747,16.93878]],[[101.02747,16.93878],[101.02669,16.9439]],[[101.02669,16.9439],[101.03765,16.94744]],[[101.03765,16.94744],[101.04197,16.95187]],[[101.04197,16.95187],[101.05144,16.95597]],[[101.05144,16.95597],[101.04461,16.96654]],[[101.04461,16.96654],[101.04876,16.97647]],[[101.04876,16.97647],[101.04268,16.98286]],[[101.04268,16.98286],[101.04621,16.98659]],[[101.04621,16.98659],[101.04641,17.00221]],[[101.04641,17.00221],[101.05563,17.01733]],[[101.05563,17.01733],[101.05344,17.02249]],[[101.05344,17.02249],[101.05826,17.02876]],[[101.05826,17.02876],[101.0578,17.03432]],[[101.0578,17.03432],[101.05201,17.04089]],[[101.05201,17.04089],[101.0571,17.04842]],[[101.0571,17.04842],[101.05501,17.05423]],[[101.05501,17.05423],[101.05788,17.06302]],[[101.05788,17.06302],[101.05596,17.0708]],[[101.05596,17.0708],[101.04959,17.07815]],[[101.04959,17.07815],[101.05643,17.09393]],[[101.05643,17.09393],[101.05108,17.09663]],[[101.05108,17.09663],[101.0545,17.10549]],[[101.0545,17.10549],[101.0512,17.11531]],[[101.0512,17.11531],[101.06123,17.11254]],[[101.06123,17.11254],[101.06941,17.11455]],[[101.06941,17.11455],[101.0716,17.11767]],[[101.0716,17.11767],[101.06986,17.12882]],[[101.06986,17.12882],[101.0733,17.13437]],[[101.0733,17.13437],[101.07782,17.13662]],[[101.07782,17.13662],[101.07833,17.15146]],[[101.07833,17.15146],[101.08,17.15332]],[[101.08,17.15332],[101.07555,17.15984]],[[101.07555,17.15984],[101.07999,17.16708]],[[101.07999,17.16708],[101.07514,17.16958]],[[101.07514,17.16958],[101.07508,17.17769]],[[101.07508,17.17769],[101.08329,17.19298]],[[101.08329,17.19298],[101.09566,17.1998]],[[101.09566,17.1998],[101.09958,17.20969]],[[101.09958,17.20969],[101.10799,17.21635]],[[101.10799,17.21635],[101.10999,17.23094]],[[101.10999,17.23094],[101.10877,17.23529]],[[101.10877,17.23529],[101.09277,17.25311]],[[101.09277,17.25311],[101.089,17.26488]],[[101.089,17.26488],[101.0824,17.27236]],[[101.0824,17.27236],[101.08314,17.27982]],[[101.08314,17.27982],[101.08011,17.28198]],[[101.08011,17.28198],[101.06984,17.28008]],[[101.06984,17.28008],[101.0612,17.281]],[[101.0612,17.281],[101.04843,17.28624]],[[101.04843,17.28624],[101.03845,17.29665]],[[101.03845,17.29665],[101.02708,17.31106]],[[101.02708,17.31106],[101.02204,17.31354]],[[101.02204,17.31354],[101.01542,17.31156]],[[101.01542,17.31156],[101.01062,17.31586]],[[101.01062,17.31586],[101.00731,17.32403]],[[101.00731,17.32403],[101.00876,17.32908]],[[101.00876,17.32908],[101.00675,17.33333]],[[101.00675,17.33333],[100.99293,17.34143]],[[100.99293,17.34143],[100.98728,17.33901]],[[100.98728,17.33901],[100.97229,17.34042]],[[100.97229,17.34042],[100.96956,17.34216]],[[100.96956,17.34216],[100.96335,17.33834]],[[100.96335,17.33834],[100.95714,17.33748]],[[100.95714,17.33748],[100.94328,17.34094]],[[100.94328,17.34094],[100.93709,17.33547]],[[100.93709,17.33547],[100.92893,17.33616]],[[100.92893,17.33616],[100.91368,17.34262]],[[100.91368,17.34262],[100.91635,17.35525]],[[100.91635,17.35525],[100.9169,17.36368]],[[100.9169,17.36368],[100.91466,17.36626]],[[100.91466,17.36626],[100.91681,17.37283]],[[100.91681,17.37283],[100.913,17.37583]],[[100.913,17.37583],[100.91629,17.39186]],[[100.91629,17.39186],[100.91679,17.39931]],[[100.91679,17.39931],[100.92243,17.40225]],[[100.92243,17.40225],[100.92083,17.41509]],[[100.92083,17.41509],[100.92252,17.42011]],[[100.92252,17.42011],[100.92048,17.43179]],[[100.92048,17.43179],[100.91439,17.43476]],[[100.91439,17.43476],[100.91759,17.44391]],[[100.91759,17.44391],[100.91642,17.45084]],[[100.91642,17.45084],[100.90581,17.45382]],[[100.90581,17.45382],[100.90319,17.45843]],[[100.90319,17.45843],[100.89784,17.45908]],[[100.89784,17.45908],[100.89387,17.46558]],[[100.89387,17.46558],[100.89226,17.46241]],[[100.89226,17.46241],[100.88624,17.46051]],[[100.88624,17.46051],[100.88001,17.45226]],[[100.88001,17.45226],[100.87452,17.44936]],[[100.87452,17.44936],[100.86616,17.45115]],[[100.86616,17.45115],[100.86232,17.45399]],[[100.86232,17.45399],[100.85491,17.45151]],[[100.85491,17.45151],[100.85474,17.45516]],[[100.85474,17.45516],[100.85027,17.4546]],[[100.85027,17.4546],[100.84738,17.45957]],[[100.84738,17.45957],[100.83478,17.46849]],[[100.83478,17.46849],[100.83382,17.48254]],[[100.83382,17.48254],[100.84405,17.48929]],[[100.84405,17.48929],[100.84403,17.49807]],[[100.84403,17.49807],[100.84732,17.50378]],[[100.84732,17.50378],[100.85436,17.50648]],[[100.85436,17.50648],[100.86488,17.51652]],[[100.86488,17.51652],[100.87183,17.52918]],[[100.87183,17.52918],[100.86117,17.54474]],[[100.86117,17.54474],[100.86694,17.56577]],[[100.86694,17.56577],[100.87282,17.57643]],[[100.87282,17.57643],[100.87929,17.5838]],[[100.87929,17.5838],[100.88517,17.58225]],[[100.88517,17.58225],[100.89046,17.58383]],[[100.89046,17.58383],[100.90006,17.59101]],[[100.90006,17.59101],[100.90436,17.59174]],[[100.90436,17.59174],[100.90527,17.58813]],[[100.90527,17.58813],[100.91211,17.58182]],[[100.91211,17.58182],[100.91885,17.5804]],[[100.91885,17.5804],[100.91714,17.57625]],[[100.91714,17.57625],[100.92448,17.57313]],[[100.92448,17.57313],[100.92816,17.56924]],[[100.92816,17.56924],[100.93799,17.56975]],[[100.93799,17.56975],[100.93995,17.573]],[[100.93995,17.573],[100.94702,17.57244]],[[100.94702,17.57244],[100.94917,17.57455]],[[100.94917,17.57455],[100.95661,17.57313]],[[100.95661,17.57313],[100.95945,17.5754]],[[100.95945,17.5754],[100.96788,17.57162]],[[100.96788,17.57162],[100.9738,17.56937],[100.97481,17.57318],[100.97901,17.57209],[100.98553,17.56615],[100.98954,17.56791],[100.99817,17.56315],[100.99762,17.56004],[101.00283,17.5568],[101.0095,17.55632],[101.02386,17.55766],[101.02356,17.5523],[101.03741,17.54656],[101.03981,17.54159],[101.04298,17.54527],[101.04613,17.54403],[101.04625,17.53031],[101.06088,17.5267],[101.06045,17.51669],[101.06404,17.51521],[101.07503,17.50516],[101.08079,17.50299],[101.09336,17.50893],[101.10222,17.50929],[101.09747,17.50498],[101.09951,17.5006],[101.09402,17.49577],[101.10718,17.49221],[101.11069,17.48541],[101.10975,17.48024],[101.11561,17.47881],[101.12059,17.48357],[101.12603,17.48183],[101.13621,17.48326],[101.12987,17.47948],[101.13091,17.47319],[101.14142,17.47559],[101.14626,17.47859],[101.14727,17.46956],[101.14997,17.46662],[101.16021,17.46714],[101.16363,17.46963],[101.16395,17.47748],[101.16775,17.48077],[101.16263,17.48269],[101.16276,17.49071],[101.16975,17.49409],[101.18276,17.49786],[101.18151,17.50599],[101.17518,17.52323],[101.18317,17.52894],[101.18934,17.53117],[101.20245,17.53034],[101.21222,17.53097],[101.22074,17.53459],[101.22915,17.53591],[101.2326,17.55485],[101.2422,17.55364],[101.24727,17.56156],[101.24721,17.57171],[101.24973,17.57916],[101.25543,17.58348],[101.25942,17.58952],[101.25873,17.59727],[101.26629,17.6051],[101.27435,17.61137],[101.28023,17.60803],[101.28775,17.62325],[101.29325,17.62981],[101.29974,17.63389],[101.3078,17.63272],[101.31173,17.64118],[101.30549,17.64935],[101.32076,17.65401],[101.32543,17.65668],[101.33182,17.65451],[101.33974,17.66052],[101.34545,17.65923],[101.35792,17.67254],[101.3606,17.68052],[101.36713,17.67929],[101.37794,17.68232],[101.37845,17.69382],[101.38242,17.69797],[101.38653,17.69744],[101.39807,17.69012],[101.40177,17.68273],[101.4088,17.68982],[101.40565,17.7003],[101.41402,17.70942],[101.4284,17.71259],[101.4292,17.7187],[101.42169,17.72375],[101.41274,17.72506],[101.40971,17.72333],[101.40108,17.72374],[101.39688,17.7276],[101.40329,17.73548],[101.41599,17.73557],[101.41743,17.73001],[101.42076,17.73054],[101.42203,17.73683],[101.42598,17.7369],[101.43633,17.73188],[101.44293,17.73354],[101.44606,17.72903],[101.44804,17.7367],[101.45282,17.73795],[101.45664,17.74746],[101.4637,17.74629],[101.46667,17.74903],[101.46297,17.752],[101.48208,17.76048],[101.48303,17.7542],[101.4758,17.75166],[101.47716,17.74518],[101.48277,17.74398],[101.49041,17.74644],[101.49098,17.74359],[101.48648,17.73671],[101.48515,17.72626],[101.49212,17.7251],[101.49472,17.73314],[101.49502,17.7401],[101.5024,17.74582],[101.49726,17.75074],[101.49808,17.75551],[101.50381,17.75546],[101.50537,17.76046],[101.51241,17.7648],[101.52197,17.77322],[101.52308,17.777],[101.52949,17.77415],[101.54042,17.77643],[101.54731,17.78689],[101.55697,17.78907],[101.57438,17.78486],[101.57411,17.7904],[101.56697,17.80359],[101.5602,17.80877],[101.55281,17.80779],[101.55336,17.81774],[101.55187,17.82084],[101.56426,17.84001],[101.56779,17.85014],[101.57007,17.86446],[101.57539,17.86981],[101.58086,17.86783],[101.5879,17.85102],[101.59234,17.84918],[101.59976,17.85324],[101.60969,17.87202],[101.61218,17.8789],[101.6119,17.88695],[101.61697,17.89359],[101.6225,17.89247],[101.63127,17.89545],[101.65022,17.89665],[101.69392,17.91306],[101.70457,17.90999],[101.70628,17.9043],[101.71186,17.90311],[101.71736,17.90608],[101.73,17.91832],[101.73357,17.92855],[101.72934,17.93977],[101.72876,17.94806],[101.73579,17.96006],[101.744,17.98029],[101.74475,17.99144],[101.75182,18.00134],[101.75415,18.00678],[101.75521,18.02918],[101.75696,18.03675],[101.76418,18.04683],[101.76588,18.0546],[101.78088,18.06814],[101.78697,18.07166],[101.7941,18.06514],[101.80039,18.06468],[101.81403,18.05993],[101.82183,18.06072],[101.82922,18.05736],[101.83527,18.05184],[101.84004,18.05144],[101.85653,18.04434],[101.86325,18.03953],[101.86704,18.03423],[101.87387,18.0291],[101.87954,18.02746],[101.88813,18.02896],[101.89399,18.02804],[101.90351,18.02986],[101.90999,18.03446],[101.91285,18.04198],[101.92596,18.06004],[101.93399,18.06851],[101.93759,18.07453],[101.93739,18.0797],[101.95306,18.09172],[101.9546,18.09428],[101.95335,18.10297],[101.96214,18.1026],[101.96686,18.10976],[101.97317,18.11308],[101.9863,18.12343],[101.99486,18.1245],[102.00167,18.13287],[102.01634,18.14797],[102.02492,18.15144],[102.03274,18.16148],[102.03329,18.17077],[102.0438,18.19913],[102.07946,18.21819],[102.08887,18.22027],[102.10566,18.21351]],[[103.40515,17.99226],[103.40121,17.9886]],[[103.40121,17.9886],[103.39915,17.98138]],[[103.39915,17.98138],[103.3908,17.98678]],[[103.3908,17.98678],[103.38727,17.97912]],[[103.38727,17.97912],[103.39112,17.98029]],[[103.39112,17.98029],[103.38871,17.97157]],[[103.38871,17.97157],[103.38864,17.95852]],[[103.38864,17.95852],[103.39706,17.9583]],[[103.39706,17.9583],[103.40357,17.95447]],[[103.40357,17.95447],[103.40995,17.94651]],[[103.40995,17.94651],[103.40463,17.94259]],[[103.40463,17.94259],[103.41024,17.94221]],[[103.41024,17.94221],[103.41246,17.93137]],[[103.41246,17.93137],[103.40714,17.93143]],[[103.40714,17.93143],[103.39822,17.92852]],[[103.39822,17.92852],[103.39564,17.9332]],[[103.39564,17.9332],[103.39395,17.92974]],[[103.39395,17.92974],[103.39572,17.9229]],[[103.39572,17.9229],[103.39906,17.9241]],[[103.39906,17.9241],[103.40039,17.91563]],[[103.40039,17.91563],[103.39665,17.90864]],[[103.39665,17.90864],[103.39971,17.90458]],[[102.10566,18.21351],[102.11309,18.21071],[102.13453,18.21585],[102.14107,18.21265],[102.14296,18.20655],[102.16397,18.20349],[102.17345,18.17559],[102.17727,18.17067],[102.18295,18.15228],[102.18533,18.14809],[102.19307,18.14353],[102.19898,18.13444],[102.21183,18.12897],[102.23019,18.11312],[102.24667,18.10009],[102.26574,18.08023],[102.28418,18.06378],[102.28838,18.059],[102.29791,18.05424],[102.31546,18.05063],[102.33739,18.04822],[102.34758,18.04566],[102.37452,18.02578],[102.38935,18.01556],[102.40034,18.00368],[102.41541,17.99306],[102.42518,17.98739],[102.45996,17.97093],[102.47943,17.96662],[102.49236,17.96715],[102.50844,17.97129],[102.51502,17.96955],[102.52655,17.96365],[102.54093,17.9642],[102.5553,17.96998],[102.57451,17.96474],[102.59092,17.96259],[102.59723,17.95965],[102.60922,17.9493],[102.61372,17.94157],[102.61384,17.91648],[102.61188,17.90026],[102.60517,17.88252],[102.59662,17.86709],[102.59193,17.85584],[102.5917,17.83867],[102.59581,17.83529],[102.61487,17.83208],[102.63442,17.83275],[102.6431,17.82912],[102.65165,17.82184],[102.65832,17.81309],[102.6647,17.80713],[102.67675,17.80373],[102.6893,17.808],[102.69612,17.81666],[102.69629,17.82273],[102.67748,17.84003],[102.677,17.85304],[102.6831,17.86424],[102.68878,17.87064],[102.69697,17.87568],[102.70759,17.87893],[102.72323,17.8816],[102.7433,17.88692],[102.75408,17.89145],[102.76387,17.89772],[102.7738,17.91135],[102.7773,17.92261],[102.78416,17.93288],[102.79415,17.93834],[102.81381,17.93956],[102.82801,17.94749],[102.84736,17.96495],[102.86045,17.97367],[102.87324,17.97701],[102.88687,17.97833],[102.90621,17.9846],[102.91384,17.98943],[102.9378,18.00153],[102.94785,18.00438],[102.96006,18.00544],[102.97053,18.00352],[102.98019,17.99976],[102.99512,17.99193],[103.0026,17.98551],[103.00973,17.97716],[103.02104,17.97265],[103.03571,17.97866],[103.04063,17.98192],[103.05086,17.99203],[103.06143,18.00581],[103.07543,18.02643],[103.07954,18.03711],[103.08078,18.05091],[103.07212,18.07248],[103.07321,18.08116],[103.07767,18.09592],[103.0786,18.10762],[103.07803,18.11753],[103.08177,18.12799],[103.087,18.13297],[103.09999,18.13929],[103.11063,18.14676],[103.13274,18.15869],[103.14282,18.16784],[103.14986,18.17685],[103.15517,18.19328],[103.15523,18.20288],[103.15037,18.22038],[103.15256,18.23292],[103.16814,18.25776],[103.18466,18.26686],[103.20677,18.27106],[103.22222,18.27638],[103.23491,18.28206],[103.24823,18.28552],[103.25687,18.28645],[103.28208,18.29457],[103.29297,18.29927],[103.29859,18.30525]],[[103.50228,16.19965],[103.50137,16.19387]],[[103.50137,16.19387],[103.4982,16.19397]],[[103.4982,16.19397],[103.49491,16.18868]],[[103.49491,16.18868],[103.49263,16.19122]],[[103.49263,16.19122],[103.48813,16.18789]],[[103.48813,16.18789],[103.48977,16.17803]],[[103.48977,16.17803],[103.48955,16.16964]],[[103.48955,16.16964],[103.48342,16.16342]],[[103.48342,16.16342],[103.48393,16.15982]],[[103.48393,16.15982],[103.47849,16.14334]],[[103.47849,16.14334],[103.47382,16.144]],[[103.47382,16.144],[103.47108,16.1349]],[[103.47108,16.1349],[103.46814,16.13612]],[[103.46814,16.13612],[103.4664,16.13152]],[[103.4664,16.13152],[103.45986,16.12645]],[[103.45986,16.12645],[103.45777,16.12241]],[[103.45777,16.12241],[103.45834,16.106]],[[103.45834,16.106],[103.45359,16.08671]],[[103.45359,16.08671],[103.45431,16.08129]],[[103.45431,16.08129],[103.46074,16.0701]],[[103.46074,16.0701],[103.46478,16.06664]],[[103.46478,16.06664],[103.46319,16.06179]],[[103.46319,16.06179],[103.46663,16.05746]],[[103.46663,16.05746],[103.4665,16.05293]],[[103.4665,16.05293],[103.47039,16.04678]],[[103.47039,16.04678],[103.46786,16.03453]],[[103.46786,16.03453],[103.46043,16.02421]],[[103.46043,16.02421],[103.46338,16.00902]],[[103.46338,16.00902],[103.46053,16.00558]],[[103.46053,16.00558],[103.45985,15.99706]],[[103.45985,15.99706],[103.46196,15.99416]],[[103.46196,15.99416],[103.46317,15.98337]],[[103.46317,15.98337],[103.46304,15.97174]],[[103.46304,15.97174],[103.46704,15.96192]],[[103.46704,15.96192],[103.47001,15.9601]],[[103.47001,15.9601],[103.4742,15.94745]],[[103.4742,15.94745],[103.47797,15.94763]],[[103.47797,15.94763],[103.48145,15.93649]],[[103.48145,15.93649],[103.48825,15.93138]],[[103.48825,15.93138],[103.47763,15.92452]],[[103.47763,15.92452],[103.46773,15.91539]],[[103.46773,15.91539],[103.45719,15.90795]],[[103.45719,15.90795],[103.45854,15.89921]],[[103.45854,15.89921],[103.45463,15.89253]],[[103.45463,15.89253],[103.45465,15.88803]],[[103.45465,15.88803],[103.45106,15.88218]],[[103.45106,15.88218],[103.45074,15.87575]],[[103.45074,15.87575],[103.44411,15.86879]],[[103.44411,15.86879],[103.44358,15.85626]],[[103.44358,15.85626],[103.44066,15.84175]],[[103.44066,15.84175],[103.43703,15.83439]],[[103.43703,15.83439],[103.44124,15.82865]],[[103.44124,15.82865],[103.43783,15.82271]],[[103.43783,15.82271],[103.44032,15.81576]],[[103.44032,15.81576],[103.43775,15.80923]],[[103.43775,15.80923],[103.43406,15.80852]],[[103.43406,15.80852],[103.43608,15.80298]],[[103.43608,15.80298],[103.43993,15.80039]],[[103.43993,15.80039],[103.4285,15.78258]],[[103.4285,15.78258],[103.42558,15.77319]],[[103.42558,15.77319],[103.40835,15.7664]],[[103.40835,15.7664],[103.40637,15.76125]],[[103.40637,15.76125],[103.40071,15.75845]],[[103.40071,15.75845],[103.40642,15.757]],[[103.40642,15.757],[103.41006,15.74466]],[[103.41006,15.74466],[103.42071,15.73975]],[[103.42071,15.73975],[103.42381,15.7342]],[[103.42381,15.7342],[103.42335,15.72832]],[[103.42335,15.72832],[103.41856,15.71804]],[[103.41856,15.71804],[103.41126,15.71163]],[[103.41126,15.71163],[103.4038,15.71193]],[[103.4038,15.71193],[103.39625,15.70898]],[[103.39625,15.70898],[103.38758,15.71013]],[[103.38758,15.71013],[103.38461,15.71303]],[[103.38461,15.71303],[103.3517,15.72576]],[[103.3517,15.72576],[103.34556,15.71972]],[[103.34556,15.71972],[103.34235,15.71013]],[[103.34235,15.71013],[103.33975,15.71038]],[[103.33975,15.71038],[103.32971,15.69943]],[[103.32971,15.69943],[103.32403,15.69765]],[[103.32403,15.69765],[103.31616,15.70847]],[[103.31616,15.70847],[103.30103,15.70639]],[[103.30103,15.70639],[103.30817,15.70282]],[[103.30817,15.70282],[103.30837,15.69358]],[[103.30837,15.69358],[103.29195,15.69262]],[[103.29195,15.69262],[103.29479,15.68593]],[[103.29479,15.68593],[103.29853,15.68451]],[[103.29853,15.68451],[103.28543,15.67429]],[[103.28543,15.67429],[103.28422,15.66352]],[[103.28422,15.66352],[103.27682,15.65416]],[[103.27682,15.65416],[103.26747,15.65209]],[[103.26747,15.65209],[103.26712,15.64962]],[[103.26712,15.64962],[103.29896,15.64885]],[[103.29896,15.64885],[103.28915,15.62081]],[[103.28915,15.62081],[103.28337,15.61393]],[[103.28337,15.61393],[103.27557,15.61116]],[[103.27557,15.61116],[103.27378,15.60157]],[[103.27378,15.60157],[103.28342,15.59259]],[[103.28342,15.59259],[103.2887,15.59673]],[[103.2887,15.59673],[103.29489,15.59183]],[[103.29489,15.59183],[103.29708,15.58694]],[[103.29708,15.58694],[103.2941,15.58084]],[[103.2941,15.58084],[103.29592,15.57544]],[[103.29592,15.57544],[103.3032,15.57378]],[[103.3032,15.57378],[103.30071,15.56791]],[[103.30071,15.56791],[103.30229,15.56282]],[[103.30229,15.56282],[103.30922,15.5621]],[[103.30922,15.5621],[103.31298,15.55565]],[[103.31298,15.55565],[103.31954,15.55592]],[[103.31954,15.55592],[103.32742,15.54898]],[[103.32742,15.54898],[103.34472,15.54656]],[[103.34472,15.54656],[103.35493,15.54111]],[[103.35493,15.54111],[103.35943,15.53168]],[[103.35943,15.53168],[103.36023,15.52625]],[[103.36023,15.52625],[103.36601,15.52947]],[[103.36601,15.52947],[103.36965,15.52833]],[[103.36965,15.52833],[103.37407,15.53115]],[[103.37407,15.53115],[103.37523,15.5368]],[[103.37523,15.5368],[103.38049,15.5351]],[[103.38049,15.5351],[103.38432,15.53857]],[[103.38432,15.53857],[103.39077,15.53903]],[[103.39077,15.53903],[103.39497,15.53662]],[[103.39497,15.53662],[103.4042,15.53603]],[[103.4042,15.53603],[103.41107,15.54018]],[[103.41107,15.54018],[103.41645,15.53533]],[[103.41645,15.53533],[103.41895,15.53666]],[[103.41895,15.53666],[103.42386,15.53324]],[[103.42386,15.53324],[103.42669,15.52489]],[[103.42669,15.52489],[103.42104,15.52416]],[[103.42104,15.52416],[103.42091,15.50588]],[[103.42091,15.50588],[103.41153,15.48058]],[[103.41153,15.48058],[103.40761,15.45963]],[[103.40761,15.45963],[103.40293,15.44703]],[[103.40293,15.44703],[103.4008,15.44502]],[[103.4008,15.44502],[103.40327,15.43645]],[[103.1524,16.6436],[103.16131,16.64118]],[[103.16131,16.64118],[103.18948,16.64048]],[[103.18948,16.64048],[103.19157,16.63967]],[[103.19157,16.63967],[103.19572,16.62766]],[[103.19572,16.62766],[103.18019,16.61725]],[[103.18019,16.61725],[103.17818,16.61278]],[[103.17818,16.61278],[103.17506,16.61351]],[[103.17506,16.61351],[103.1724,16.60679]],[[103.1724,16.60679],[103.16751,16.60109]],[[103.16751,16.60109],[103.17175,16.59579]],[[103.17175,16.59579],[103.18118,16.57703]],[[103.18118,16.57703],[103.18541,16.56247]],[[103.18541,16.56247],[103.18706,16.5516]],[[103.18706,16.5516],[103.18386,16.54119]],[[103.18386,16.54119],[103.17653,16.53184]],[[103.17653,16.53184],[103.17022,16.51762]],[[103.17022,16.51762],[103.16918,16.51201]],[[103.16918,16.51201],[103.16413,16.50357]],[[103.16413,16.50357],[103.16281,16.4963]],[[103.16281,16.4963],[103.16369,16.48682]],[[103.16369,16.48682],[103.16769,16.4765]],[[103.16769,16.4765],[103.16694,16.46818]],[[103.16694,16.46818],[103.17091,16.46221]],[[103.17091,16.46221],[103.18382,16.45064]],[[103.18382,16.45064],[103.18451,16.43692]],[[103.18451,16.43692],[103.18171,16.42624]],[[103.18171,16.42624],[103.17491,16.41957]],[[103.17491,16.41957],[103.17539,16.40857]],[[103.17539,16.40857],[103.17077,16.40896]],[[103.17077,16.40896],[103.16506,16.39678]],[[103.16506,16.39678],[103.16357,16.38915]],[[103.16357,16.38915],[103.16855,16.38239]],[[103.16855,16.38239],[103.16837,16.37446]],[[103.16837,16.37446],[103.17435,16.37059]],[[103.17435,16.37059],[103.17542,16.36343]],[[103.17542,16.36343],[103.22901,16.37248]],[[103.22901,16.37248],[103.23487,16.37676]],[[103.23487,16.37676],[103.23894,16.3761]],[[103.23894,16.3761],[103.24788,16.37964]],[[103.24788,16.37964],[103.25997,16.37622]],[[103.25997,16.37622],[103.26692,16.38004]],[[103.26692,16.38004],[103.2694,16.38428]],[[103.2694,16.38428],[103.27515,16.3863]],[[103.27515,16.3863],[103.2838,16.39565]],[[103.2838,16.39565],[103.29035,16.39536]],[[103.29035,16.39536],[103.29489,16.39077]],[[103.29489,16.39077],[103.2966,16.37682]],[[103.2966,16.37682],[103.29984,16.3701]],[[103.29984,16.3701],[103.30725,16.36523]],[[103.30725,16.36523],[103.31177,16.36773]],[[103.31177,16.36773],[103.32545,16.36748]],[[103.32545,16.36748],[103.33045,16.36435]],[[103.33045,16.36435],[103.34359,16.36023]],[[103.34359,16.36023],[103.34646,16.35014]],[[103.34646,16.35014],[103.34667,16.34309]],[[103.34667,16.34309],[103.34943,16.33596]],[[103.34943,16.33596],[103.34815,16.32526]],[[103.34815,16.32526],[103.34965,16.31762]],[[103.34965,16.31762],[103.35511,16.3074]],[[103.35511,16.3074],[103.39566,16.29272]],[[103.39566,16.29272],[103.40778,16.29476]],[[103.40778,16.29476],[103.41308,16.28123]],[[103.41308,16.28123],[103.40741,16.27262]],[[103.40741,16.27262],[103.40941,16.26239]],[[103.40941,16.26239],[103.40445,16.25682]],[[103.40445,16.25682],[103.4101,16.24995]],[[103.4101,16.24995],[103.41338,16.24052]],[[103.41338,16.24052],[103.42795,16.23656]],[[103.42795,16.23656],[103.43272,16.2328]],[[103.43272,16.2328],[103.43852,16.22406]],[[103.43852,16.22406],[103.44251,16.22218]],[[103.44251,16.22218],[103.4438,16.22888]],[[103.4438,16.22888],[103.44689,16.22783]],[[103.44689,16.22783],[103.44783,16.21718]],[[103.44783,16.21718],[103.44407,16.21777]],[[103.44407,16.21777],[103.4484,16.21254]],[[103.4484,16.21254],[103.44184,16.2096]],[[103.44184,16.2096],[103.44095,16.20502]],[[103.44095,16.20502],[103.44983,16.2053]],[[103.44983,16.2053],[103.44471,16.19939]],[[103.44471,16.19939],[103.45559,16.19205]],[[103.45559,16.19205],[103.45523,16.18973]],[[103.45523,16.18973],[103.4485,16.19213]],[[103.4485,16.19213],[103.45202,16.18224]],[[103.45202,16.18224],[103.46385,16.18923]],[[103.46385,16.18923],[103.46629,16.19367]],[[103.46629,16.19367],[103.47147,16.19209]],[[103.47147,16.19209],[103.47189,16.19757]],[[103.47189,16.19757],[103.48017,16.20836]],[[103.48017,16.20836],[103.48701,16.20718]],[[103.48701,16.20718],[103.4923,16.20266]],[[103.4923,16.20266],[103.49623,16.20821]],[[103.49623,16.20821],[103.50314,16.20865]],[[103.50314,16.20865],[103.50075,16.20283]],[[103.50075,16.20283],[103.50228,16.19965]],[[103.50228,16.19965],[103.50864,16.19769]],[[103.50864,16.19769],[103.51424,16.19991]],[[103.51424,16.19991],[103.51695,16.19505]],[[103.51695,16.19505],[103.52183,16.19635]],[[103.52183,16.19635],[103.52145,16.20143]],[[103.52145,16.20143],[103.5255,16.20158]],[[103.5255,16.20158],[103.5334,16.22001]],[[103.5334,16.22001],[103.5406,16.22233]],[[103.5406,16.22233],[103.5409,16.2183]],[[103.5409,16.2183],[103.53523,16.21289]],[[103.53523,16.21289],[103.55261,16.21358]],[[103.55261,16.21358],[103.55545,16.21845]],[[103.55545,16.21845],[103.56028,16.21661]],[[103.56028,16.21661],[103.5534,16.20839]],[[103.5534,16.20839],[103.54952,16.2086]],[[103.54952,16.2086],[103.55231,16.20307]],[[103.55231,16.20307],[103.56804,16.20191]],[[103.56804,16.20191],[103.58924,16.19439]],[[103.58924,16.19439],[103.59402,16.19631]],[[103.59402,16.19631],[103.59448,16.20141]],[[103.59448,16.20141],[103.59853,16.20132]],[[103.59853,16.20132],[103.59755,16.19343]],[[103.59755,16.19343],[103.60667,16.19488]],[[103.60667,16.19488],[103.6072,16.20062]],[[103.6072,16.20062],[103.61395,16.19938]],[[103.61395,16.19938],[103.61823,16.20209]],[[103.61823,16.20209],[103.61848,16.20653]],[[103.61848,16.20653],[103.61263,16.20872]],[[103.61263,16.20872],[103.61233,16.21523]],[[103.61233,16.21523],[103.60058,16.21276]],[[103.60058,16.21276],[103.60029,16.21529]],[[103.60029,16.21529],[103.60978,16.21863]],[[103.60978,16.21863],[103.61774,16.21737]],[[103.61774,16.21737],[103.62755,16.20543]],[[103.62755,16.20543],[103.62981,16.20035]],[[103.62981,16.20035],[103.63117,16.19005]],[[103.63117,16.19005],[103.63403,16.18744]],[[103.63403,16.18744],[103.63989,16.1883]],[[103.63989,16.1883],[103.6451,16.19349]],[[103.6451,16.19349],[103.65135,16.18885]],[[103.65135,16.18885],[103.65286,16.20394]],[[103.65286,16.20394],[103.65505,16.20335]],[[103.65505,16.20335],[103.65608,16.19379]],[[103.65608,16.19379],[103.66156,16.19264]],[[103.66156,16.19264],[103.66626,16.19996]],[[103.66626,16.19996],[103.66894,16.19732]],[[103.66894,16.19732],[103.6752,16.20107]],[[103.6752,16.20107],[103.67545,16.20451]],[[103.67545,16.20451],[103.66782,16.20606]],[[103.66782,16.20606],[103.66718,16.21044]],[[103.66718,16.21044],[103.66301,16.20935]],[[103.66301,16.20935],[103.66079,16.21434]],[[103.66079,16.21434],[103.66373,16.22052]],[[103.66373,16.22052],[103.6704,16.2204]],[[103.6704,16.2204],[103.66908,16.2152]],[[103.66908,16.2152],[103.67452,16.21181]],[[103.67452,16.21181],[103.67772,16.21631]],[[103.67772,16.21631],[103.68547,16.21765]],[[103.68547,16.21765],[103.68595,16.21078]],[[103.68595,16.21078],[103.69078,16.21721]],[[103.69078,16.21721],[103.69418,16.2145]],[[103.69418,16.2145],[103.69743,16.21798]],[[103.69743,16.21798],[103.69091,16.22218]],[[103.69091,16.22218],[103.69417,16.22361]],[[103.69417,16.22361],[103.70428,16.22172]],[[103.70428,16.22172],[103.71219,16.21861]],[[103.71219,16.21861],[103.72303,16.22084]],[[103.72303,16.22084],[103.72354,16.22255]],[[103.72354,16.22255],[103.73395,16.22305]],[[103.73395,16.22305],[103.73109,16.23431]],[[103.73109,16.23431],[103.73471,16.23951]],[[103.73471,16.23951],[103.73402,16.24769]],[[103.73402,16.24769],[103.74828,16.25789]],[[103.74828,16.25789],[103.75508,16.27092]],[[103.75508,16.27092],[103.75203,16.27388]],[[103.75203,16.27388],[103.75443,16.278]],[[103.75443,16.278],[103.75107,16.28344]],[[103.75107,16.28344],[103.75136,16.2895]],[[103.75136,16.2895],[103.75528,16.29298]],[[103.75528,16.29298],[103.75608,16.30011]],[[103.75608,16.30011],[103.75411,16.3036]],[[103.75411,16.3036],[103.72294,16.33033]],[[103.72294,16.33033],[103.72897,16.34072]],[[103.72897,16.34072],[103.72797,16.34564]],[[103.72797,16.34564],[103.72419,16.34761]],[[103.72419,16.34761],[103.71501,16.35651]],[[103.71501,16.35651],[103.70808,16.3666]],[[103.70808,16.3666],[103.70015,16.37406]],[[103.70015,16.37406],[103.70597,16.38632]],[[103.70597,16.38632],[103.71471,16.38701]],[[103.71471,16.38701],[103.72432,16.40333]],[[103.72432,16.40333],[103.73073,16.40819]],[[103.73073,16.40819],[103.7395,16.40996]],[[103.7395,16.40996],[103.76899,16.42604]],[[103.76899,16.42604],[103.76985,16.4318]],[[103.76985,16.4318],[103.77538,16.43607]],[[103.77538,16.43607],[103.78238,16.43695]],[[103.78238,16.43695],[103.78624,16.4437]],[[103.78624,16.4437],[103.79104,16.44439]],[[103.79104,16.44439],[103.80633,16.45425]],[[103.80633,16.45425],[103.81037,16.46372]],[[103.81037,16.46372],[103.81655,16.46891]],[[103.81655,16.46891],[103.82646,16.47077]],[[103.82646,16.47077],[103.8309,16.46595]],[[103.8309,16.46595],[103.84357,16.46213]],[[103.84357,16.46213],[103.85199,16.46436]],[[103.85199,16.46436],[103.85957,16.46964]],[[103.85957,16.46964],[103.866,16.47069]],[[103.866,16.47069],[103.87238,16.46552]],[[103.87238,16.46552],[103.88302,16.45968]],[[103.88302,16.45968],[103.88521,16.45379]],[[103.88521,16.45379],[103.89685,16.45178]],[[103.89685,16.45178],[103.90436,16.44739]],[[103.90436,16.44739],[103.90963,16.45357]],[[103.90963,16.45357],[103.91483,16.44456]],[[103.91483,16.44456],[103.91443,16.43923]],[[103.91443,16.43923],[103.92103,16.43981]],[[103.92103,16.43981],[103.92843,16.43435]],[[103.92843,16.43435],[103.94257,16.44289]],[[103.94257,16.44289],[103.94953,16.44314]],[[103.94953,16.44314],[103.95586,16.4381]],[[103.95586,16.4381],[103.96175,16.43766]],[[103.96175,16.43766],[103.97314,16.43101]],[[103.97314,16.43101],[103.98288,16.43228]],[[103.98288,16.43228],[103.98675,16.4348]],[[103.98675,16.4348],[103.99383,16.44387]],[[103.99383,16.44387],[104.00052,16.44549]],[[104.00052,16.44549],[104.00975,16.44204]],[[104.00975,16.44204],[104.01801,16.44077]],[[104.01801,16.44077],[104.03003,16.44345]],[[104.03003,16.44345],[104.03782,16.43668]],[[104.03782,16.43668],[104.03965,16.42727]],[[104.03965,16.42727],[104.03556,16.41549]],[[104.03556,16.41549],[104.03984,16.41511]],[[104.03984,16.41511],[104.04126,16.40106]],[[104.04126,16.40106],[104.03924,16.39691]],[[104.03924,16.39691],[104.04547,16.39088]],[[104.04547,16.39088],[104.05594,16.39712]],[[104.05594,16.39712],[104.06247,16.39657]],[[104.06247,16.39657],[104.06824,16.40064]],[[104.06824,16.40064],[104.06739,16.40694]],[[104.06739,16.40694],[104.07126,16.4101]],[[104.07126,16.4101],[104.08473,16.4092]],[[104.08473,16.4092],[104.08754,16.41494]],[[104.08754,16.41494],[104.09525,16.41573]],[[104.09525,16.41573],[104.09747,16.42084]],[[104.09747,16.42084],[104.10559,16.42126]],[[104.10559,16.42126],[104.10878,16.42345]],[[104.10878,16.42345],[104.12555,16.42629]],[[104.12555,16.42629],[104.12898,16.42867]],[[104.12898,16.42867],[104.13665,16.42416]],[[104.13665,16.42416],[104.13936,16.42796]],[[104.13936,16.42796],[104.14544,16.42913]],[[104.14544,16.42913],[104.14447,16.43426]],[[104.14447,16.43426],[104.14743,16.43859]],[[104.14743,16.43859],[104.15325,16.43817]],[[104.15325,16.43817],[104.15876,16.44192]],[[104.15876,16.44192],[104.16479,16.44252]],[[104.16479,16.44252],[104.17242,16.44595]],[[104.17242,16.44595],[104.17439,16.44221]],[[104.17439,16.44221],[104.17906,16.44221]],[[104.17906,16.44221],[104.18327,16.43489]],[[104.18327,16.43489],[104.18804,16.43054]],[[104.18804,16.43054],[104.19988,16.43139]],[[104.19988,16.43139],[104.20198,16.42987]],[[104.20198,16.42987],[104.21272,16.43379]],[[104.21272,16.43379],[104.21806,16.43775]],[[104.21806,16.43775],[104.22686,16.43538]],[[104.22686,16.43538],[104.22705,16.43359]],[[104.22705,16.43359],[104.23786,16.42857]],[[104.23786,16.42857],[104.24664,16.43629]],[[104.24664,16.43629],[104.25024,16.43367]],[[104.25024,16.43367],[104.25739,16.43707]],[[104.25739,16.43707],[104.26606,16.43677]],[[104.26606,16.43677],[104.27385,16.44387]],[[104.27385,16.44387],[104.28421,16.44988]],[[104.28421,16.44988],[104.28748,16.45962]],[[104.28748,16.45962],[104.28801,16.46733]],[[104.28801,16.46733],[104.29119,16.47281]],[[104.29119,16.47281],[104.30632,16.46035]],[[104.30632,16.46035],[104.31121,16.4524]],[[104.31121,16.4524],[104.31411,16.43943]],[[104.31411,16.43943],[104.31416,16.43029]],[[104.31416,16.43029],[104.31911,16.42356]],[[104.31911,16.42356],[104.31766,16.40454]],[[104.31766,16.40454],[104.31511,16.39342]],[[104.31511,16.39342],[104.31815,16.38363]],[[104.31815,16.38363],[104.31816,16.37519]],[[104.31816,16.37519],[104.32076,16.36654]],[[104.32076,16.36654],[104.32606,16.35621]],[[104.32606,16.35621],[104.3279,16.34168]],[[104.3279,16.34168],[104.32663,16.33263]],[[104.32663,16.33263],[104.348,16.32321]],[[103.66212,17.01962],[103.67369,17.02049]],[[103.67369,17.02049],[103.67641,17.02492]],[[103.67641,17.02492],[103.67479,17.0295]],[[103.67479,17.0295],[103.67963,17.03204]],[[103.67963,17.03204],[103.68369,17.02964]],[[103.68369,17.02964],[103.68668,17.03244]],[[103.68668,17.03244],[103.69501,17.03368]],[[103.69501,17.03368],[103.70419,17.0245]],[[103.70419,17.0245],[103.70552,17.02066]],[[103.70552,17.02066],[103.71069,17.01991]],[[103.71069,17.01991],[103.7208,17.01486]],[[103.7208,17.01486],[103.72825,17.00803]],[[103.72825,17.00803],[103.73025,17.00357]],[[103.73025,17.00357],[103.72111,16.99133]],[[103.72111,16.99133],[103.71856,16.98448]],[[103.71856,16.98448],[103.72222,16.98046]],[[103.72222,16.98046],[103.7273,16.98242]],[[103.7273,16.98242],[103.73593,16.9901]],[[103.73593,16.9901],[103.74068,16.98861]],[[103.74068,16.98861],[103.7362,16.98314]],[[103.7362,16.98314],[103.7416,16.97816]],[[103.7416,16.97816],[103.74,16.97127]],[[103.74,16.97127],[103.75051,16.97314]],[[103.75051,16.97314],[103.76316,16.96431]],[[103.76316,16.96431],[103.76887,16.96703]],[[103.76887,16.96703],[103.78281,16.95903]],[[103.78281,16.95903],[103.77865,16.9474]],[[103.77865,16.9474],[103.77595,16.94365]],[[103.77595,16.94365],[103.77875,16.93442]],[[103.77875,16.93442],[103.7787,16.92568]],[[103.7787,16.92568],[103.78071,16.92003]],[[103.78071,16.92003],[103.78103,16.91012]],[[103.78103,16.91012],[103.78911,16.90372]],[[103.78911,16.90372],[103.7923,16.89402]],[[103.7923,16.89402],[103.7889,16.8888]],[[103.7889,16.8888],[103.79925,16.8841]],[[103.79925,16.8841],[103.80604,16.8846]],[[103.80604,16.8846],[103.80612,16.87873]],[[103.80612,16.87873],[103.80988,16.87648]],[[103.80988,16.87648],[103.82052,16.8751]],[[103.82052,16.8751],[103.82533,16.86552]],[[103.82533,16.86552],[103.83475,16.8657]],[[103.83475,16.8657],[103.83669,16.85911]],[[103.83669,16.85911],[103.836,16.84843]],[[103.836,16.84843],[103.83986,16.84611]],[[103.83986,16.84611],[103.84266,16.84018]],[[103.84266,16.84018],[103.85643,16.83669]],[[103.85643,16.83669],[103.86267,16.83299]],[[103.86267,16.83299],[103.86689,16.83325]],[[103.86689,16.83325],[103.87339,16.82981]],[[103.87339,16.82981],[103.87405,16.81952]],[[103.87405,16.81952],[103.88008,16.81894]],[[103.88008,16.81894],[103.88398,16.81571]],[[103.88398,16.81571],[103.88802,16.81645]],[[103.88802,16.81645],[103.89151,16.81189]],[[103.89151,16.81189],[103.89735,16.80998]],[[103.89735,16.80998],[103.9016,16.80545]],[[103.9016,16.80545],[103.91366,16.79931]],[[103.91366,16.79931],[103.92034,16.79433]],[[103.92034,16.79433],[103.92351,16.78897]],[[103.92351,16.78897],[103.93217,16.7892]],[[103.93217,16.7892],[103.9358,16.78726]],[[103.9358,16.78726],[103.93595,16.77495]],[[103.93595,16.77495],[103.9418,16.77226]],[[103.9418,16.77226],[103.95099,16.77656]],[[103.95099,16.77656],[103.95252,16.78059]],[[103.95252,16.78059],[103.94923,16.78977]],[[103.94923,16.78977],[103.9548,16.79936]],[[103.9548,16.79936],[103.95385,16.8046]],[[103.95385,16.8046],[103.95658,16.81936]],[[103.95658,16.81936],[103.96117,16.8196]],[[103.96117,16.8196],[103.96804,16.81142]],[[103.96804,16.81142],[103.97367,16.81455]],[[103.97367,16.81455],[103.97769,16.81994]],[[103.97769,16.81994],[103.98139,16.83471]],[[103.98139,16.83471],[103.9901,16.83344]],[[103.9901,16.83344],[104.00019,16.83704]],[[104.00019,16.83704],[104.00496,16.84162]],[[104.00496,16.84162],[104.01137,16.84384]],[[104.01137,16.84384],[104.01429,16.84937]],[[104.01429,16.84937],[104.02281,16.85594]],[[104.02281,16.85594],[104.02989,16.85206]],[[104.02989,16.85206],[104.03573,16.84611]],[[104.03573,16.84611],[104.04606,16.84224]],[[104.04606,16.84224],[104.05107,16.84251]],[[104.05107,16.84251],[104.06893,16.83786]],[[104.06893,16.83786],[104.06744,16.82836]],[[104.06744,16.82836],[104.07011,16.8213]],[[104.07011,16.8213],[104.07863,16.81089]],[[104.07863,16.81089],[104.08371,16.80925]],[[104.08371,16.80925],[104.09192,16.81034]],[[104.09192,16.81034],[104.09126,16.7985]],[[104.09126,16.7985],[104.09468,16.78967]],[[104.09468,16.78967],[104.09901,16.78384]],[[104.09901,16.78384],[104.10873,16.77472]],[[104.10873,16.77472],[104.11461,16.76634]],[[104.11461,16.76634],[104.11887,16.7658]],[[104.11887,16.7658],[104.13431,16.77196]],[[104.13431,16.77196],[104.14283,16.75926]],[[104.14283,16.75926],[104.13658,16.75632]],[[104.13658,16.75632],[104.13102,16.74853]],[[104.13102,16.74853],[104.13193,16.73653]],[[104.13193,16.73653],[104.13614,16.72947]],[[104.13614,16.72947],[104.14553,16.72229]],[[104.14553,16.72229],[104.15106,16.71528]],[[104.15106,16.71528],[104.14986,16.70455]],[[104.14986,16.70455],[104.15396,16.69858]],[[104.15396,16.69858],[104.16908,16.698]],[[104.16908,16.698],[104.16861,16.69234]],[[104.16861,16.69234],[104.16192,16.68557]],[[104.16192,16.68557],[104.16196,16.67932]],[[104.16196,16.67932],[104.16667,16.67419]],[[104.16667,16.67419],[104.18332,16.67004]],[[104.18332,16.67004],[104.18881,16.66489]],[[104.18881,16.66489],[104.19909,16.66002]],[[104.19909,16.66002],[104.19538,16.65802]],[[104.19538,16.65802],[104.19367,16.64958]],[[104.19367,16.64958],[104.18921,16.64946]],[[104.18921,16.64946],[104.18566,16.64574]],[[104.18566,16.64574],[104.18217,16.63769]],[[104.18217,16.63769],[104.1749,16.63526]],[[104.1749,16.63526],[104.1799,16.62658]],[[104.1799,16.62658],[104.17789,16.61644]],[[104.17789,16.61644],[104.17312,16.60931]],[[104.17312,16.60931],[104.17768,16.60073]],[[104.17768,16.60073],[104.17776,16.5969]],[[104.17776,16.5969],[104.18511,16.59762]],[[104.18511,16.59762],[104.18934,16.5925]],[[104.18934,16.5925],[104.20389,16.58563]],[[104.20389,16.58563],[104.20624,16.58143]],[[104.20624,16.58143],[104.20419,16.5726]],[[104.20419,16.5726],[104.20546,16.56516]],[[104.20546,16.56516],[104.21712,16.5616]],[[104.21712,16.5616],[104.21664,16.55789]],[[104.21664,16.55789],[104.22328,16.5547]],[[104.22328,16.5547],[104.22585,16.54968]],[[104.22585,16.54968],[104.22107,16.54219]],[[104.22107,16.54219],[104.22233,16.52946]],[[104.22233,16.52946],[104.23793,16.52236]],[[104.23793,16.52236],[104.24051,16.51812]],[[104.24051,16.51812],[104.23872,16.51326]],[[104.23872,16.51326],[104.23869,16.49159]],[[104.23869,16.49159],[104.23159,16.48276]],[[104.23159,16.48276],[104.22649,16.47941]],[[104.22649,16.47941],[104.22468,16.46792]],[[104.22468,16.46792],[104.23425,16.4604]],[[104.23425,16.4604],[104.23853,16.45452]],[[104.23853,16.45452],[104.23851,16.44267]],[[104.23851,16.44267],[104.23675,16.43425]],[[104.23675,16.43425],[104.23786,16.42857]],[[104.01223,17.8108],[104.0168,17.81025]],[[104.0168,17.81025],[104.02047,17.80167]],[[104.02047,17.80167],[104.01875,17.79586]],[[104.01875,17.79586],[104.01096,17.7954]],[[104.01096,17.7954],[104.00992,17.79193]],[[104.00992,17.79193],[104.01448,17.78457]],[[104.01448,17.78457],[104.01503,17.77754]],[[104.01503,17.77754],[104.01961,17.77289]],[[104.01961,17.77289],[104.02398,17.75829]],[[104.02398,17.75829],[104.02924,17.75785]],[[104.02924,17.75785],[104.02903,17.76815]],[[104.02903,17.76815],[104.03977,17.76943]],[[104.03977,17.76943],[104.05063,17.76419]],[[104.05063,17.76419],[104.05857,17.75566]],[[104.05857,17.75566],[104.05848,17.75066]],[[104.05848,17.75066],[104.04998,17.74856]],[[104.04998,17.74856],[104.0495,17.74068]],[[104.0495,17.74068],[104.05223,17.73708]],[[104.05223,17.73708],[104.05866,17.73986]],[[104.05866,17.73986],[104.06168,17.74741]],[[104.06168,17.74741],[104.06479,17.74707]],[[104.06479,17.74707],[104.06841,17.73127]],[[104.06841,17.73127],[104.06848,17.72422]],[[104.06848,17.72422],[104.06569,17.72246]],[[104.06569,17.72246],[104.06127,17.72898]],[[104.06127,17.72898],[104.05967,17.72533]],[[104.05967,17.72533],[104.06655,17.71579]],[[104.06655,17.71579],[104.07126,17.71248]],[[104.07126,17.71248],[104.07118,17.70799]],[[104.07118,17.70799],[104.07735,17.70658]],[[104.07735,17.70658],[104.07708,17.70246]],[[104.07708,17.70246],[104.07089,17.70201]],[[104.07089,17.70201],[104.07833,17.69662]],[[104.07833,17.69662],[104.07559,17.69307]],[[104.07559,17.69307],[104.06816,17.6934]],[[104.06816,17.6934],[104.06636,17.6907]],[[104.06636,17.6907],[104.07123,17.6824]],[[104.07123,17.6824],[104.07009,17.67969]],[[104.07009,17.67969],[104.0841,17.68035]],[[104.0841,17.68035],[104.07822,17.674]],[[104.07822,17.674],[104.08388,17.67204]],[[104.08388,17.67204],[104.07838,17.66913]],[[104.07838,17.66913],[104.07802,17.67275]],[[104.07802,17.67275],[104.07155,17.66736]],[[104.07155,17.66736],[104.0729,17.65838]],[[104.0729,17.65838],[104.07055,17.64897]],[[104.07055,17.64897],[104.06736,17.65078]],[[104.06736,17.65078],[104.06736,17.6442]],[[104.06736,17.6442],[104.05909,17.64376]],[[104.05909,17.64376],[104.04991,17.64009]],[[104.04991,17.64009],[104.04539,17.64147]],[[104.04539,17.64147],[104.04272,17.64593]],[[104.04272,17.64593],[104.04058,17.64119]],[[104.04058,17.64119],[104.03123,17.64047]],[[104.03123,17.64047],[104.03648,17.63537]],[[104.03648,17.63537],[104.03235,17.62651]],[[104.03235,17.62651],[104.03314,17.61683]],[[104.03314,17.61683],[104.03836,17.61325]],[[104.03836,17.61325],[104.03879,17.60847]],[[104.03879,17.60847],[104.04354,17.60741]],[[104.04354,17.60741],[104.0543,17.59382]],[[104.0543,17.59382],[104.05188,17.5752]],[[104.05188,17.5752],[104.04692,17.57021]],[[104.04692,17.57021],[104.03886,17.56825]],[[104.03886,17.56825],[104.03517,17.56352]],[[104.03517,17.56352],[104.03514,17.55832]],[[104.03514,17.55832],[104.03844,17.53559]],[[104.03844,17.53559],[104.04095,17.52931]],[[104.04095,17.52931],[104.03932,17.52383]],[[104.03932,17.52383],[104.03325,17.51992]],[[104.03325,17.51992],[104.03371,17.51631]],[[104.03371,17.51631],[104.03004,17.50739]],[[104.03004,17.50739],[104.02414,17.50269]],[[104.02414,17.50269],[104.02347,17.49623]],[[104.02347,17.49623],[104.01971,17.48727]],[[104.01971,17.48727],[104.00947,17.48596]],[[104.00947,17.48596],[104.01304,17.47038]],[[104.01304,17.47038],[104.01778,17.45679]],[[104.01778,17.45679],[104.02075,17.45549]],[[104.02075,17.45549],[104.02943,17.44332]],[[104.02943,17.44332],[104.02758,17.43767]],[[104.02758,17.43767],[104.03506,17.43182]],[[104.03506,17.43182],[104.03875,17.42357]],[[104.03875,17.42357],[104.03768,17.42026]],[[104.03768,17.42026],[104.0447,17.4138]],[[104.0447,17.4138],[104.04801,17.40779]],[[104.04801,17.40779],[104.05904,17.39468]],[[104.05904,17.39468],[104.05681,17.39056]],[[104.05681,17.39056],[104.06061,17.3882]],[[104.06061,17.3882],[104.06601,17.389]],[[104.06601,17.389],[104.06836,17.38122]],[[104.06836,17.38122],[104.07393,17.37652]],[[104.07393,17.37652],[104.07331,17.38024]],[[104.07331,17.38024],[104.07747,17.38682]],[[104.07747,17.38682],[104.07685,17.39312]],[[104.07685,17.39312],[104.08199,17.39164]],[[104.08199,17.39164],[104.09103,17.38279]],[[104.09103,17.38279],[104.08745,17.37806]],[[104.08745,17.37806],[104.09088,17.37505]],[[104.09088,17.37505],[104.09603,17.37586]],[[104.09603,17.37586],[104.10176,17.38873]],[[104.10176,17.38873],[104.09921,17.39226]],[[104.09921,17.39226],[104.09474,17.38817]],[[104.09474,17.38817],[104.0921,17.38925]],[[104.0921,17.38925],[104.09602,17.39856]],[[104.09602,17.39856],[104.09094,17.40151]],[[104.09094,17.40151],[104.09586,17.40359]],[[104.09586,17.40359],[104.10067,17.39933]],[[104.10067,17.39933],[104.10446,17.40253]],[[104.10446,17.40253],[104.11128,17.39927]],[[104.11128,17.39927],[104.10816,17.39208]],[[104.10816,17.39208],[104.11354,17.39149]],[[104.11354,17.39149],[104.11754,17.39825]],[[104.11754,17.39825],[104.1207,17.39634]],[[104.1207,17.39634],[104.125,17.39906]],[[104.125,17.39906],[104.12428,17.39149]],[[104.12428,17.39149],[104.12728,17.38856]],[[104.12728,17.38856],[104.12681,17.38277]],[[104.12681,17.38277],[104.13116,17.37981]],[[104.13116,17.37981],[104.14022,17.38443]],[[104.14022,17.38443],[104.14296,17.38938]],[[104.14296,17.38938],[104.13919,17.39435]],[[104.13919,17.39435],[104.14395,17.39739]],[[104.14395,17.39739],[104.15013,17.39271]],[[104.15013,17.39271],[104.15343,17.39742]],[[104.15343,17.39742],[104.14997,17.40242]],[[104.14997,17.40242],[104.14592,17.40077]],[[104.14592,17.40077],[104.14261,17.40628]],[[104.14261,17.40628],[104.14427,17.40935]],[[104.14427,17.40935],[104.14773,17.40573]],[[104.14773,17.40573],[104.15447,17.40726]],[[104.15447,17.40726],[104.15235,17.41104]],[[104.15235,17.41104],[104.15692,17.4169]],[[104.15692,17.4169],[104.17037,17.41523]],[[104.17037,17.41523],[104.17226,17.42938]],[[104.17226,17.42938],[104.17614,17.42741]],[[104.17614,17.42741],[104.18026,17.42928]],[[104.18026,17.42928],[104.18153,17.42328]],[[104.18153,17.42328],[104.18446,17.42227]],[[104.18446,17.42227],[104.1885,17.42672]],[[104.1885,17.42672],[104.19019,17.42403]],[[104.19019,17.42403],[104.19778,17.42938]],[[104.19778,17.42938],[104.20505,17.4231]],[[104.20505,17.4231],[104.20456,17.4179]],[[104.20456,17.4179],[104.20784,17.41545]],[[104.20784,17.41545],[104.21639,17.41735]],[[104.21639,17.41735],[104.22936,17.41366]],[[104.22936,17.41366],[104.2446,17.41718]],[[104.2446,17.41718],[104.25134,17.41552]],[[104.25134,17.41552],[104.26046,17.41715]],[[104.26046,17.41715],[104.2807,17.42932]],[[104.2807,17.42932],[104.28796,17.4321]],[[104.28796,17.4321],[104.30327,17.43004]],[[104.30327,17.43004],[104.30839,17.43234]],[[104.30839,17.43234],[104.31785,17.43194]],[[104.31785,17.43194],[104.32502,17.42727]],[[104.32502,17.42727],[104.33263,17.42706]],[[104.33263,17.42706],[104.33949,17.42236]],[[104.33949,17.42236],[104.37255,17.42089]],[[104.37255,17.42089],[104.38371,17.41324]],[[104.38371,17.41324],[104.38791,17.41628]],[[104.38791,17.41628],[104.39248,17.41438]],[[104.39248,17.41438],[104.39506,17.42084]],[[104.39506,17.42084],[104.39322,17.42456]],[[104.39322,17.42456],[104.40113,17.4297]],[[104.40113,17.4297],[104.40178,17.42726]],[[104.40178,17.42726],[104.40887,17.42877]],[[104.40887,17.42877],[104.4138,17.42696]],[[104.4138,17.42696],[104.41683,17.42191]],[[104.41683,17.42191],[104.41642,17.41348]],[[104.41642,17.41348],[104.41036,17.40862]],[[104.41036,17.40862],[104.41157,17.40132]],[[104.41157,17.40132],[104.41532,17.3957]],[[104.41532,17.3957],[104.41245,17.39288]],[[104.41245,17.39288],[104.40696,17.37902]],[[104.40696,17.37902],[104.41148,17.37108]],[[104.41148,17.37108],[104.41423,17.35226]],[[104.41423,17.35226],[104.42,17.34825]],[[104.42,17.34825],[104.42362,17.33789]],[[104.42362,17.33789],[104.42277,17.32884]],[[104.42277,17.32884],[104.41604,17.3213]],[[104.41604,17.3213],[104.41811,17.31593]],[[104.41811,17.31593],[104.41528,17.3129]],[[104.41528,17.3129],[104.40808,17.31167]],[[104.40808,17.31167],[104.40312,17.30836]],[[104.40312,17.30836],[104.40296,17.29923]],[[104.40296,17.29923],[104.40578,17.29281]],[[104.40578,17.29281],[104.40531,17.28318]],[[104.40531,17.28318],[104.41621,17.26233]],[[104.41621,17.26233],[104.42081,17.26237]],[[104.42081,17.26237],[104.42584,17.25543]],[[104.42584,17.25543],[104.42451,17.24756]],[[104.42451,17.24756],[104.43507,17.241]],[[104.43507,17.241],[104.43031,17.2363]],[[104.43031,17.2363],[104.42475,17.22672]],[[104.42475,17.22672],[104.41734,17.21771]],[[104.41734,17.21771],[104.40755,17.19899]],[[104.40755,17.19899],[104.40444,17.1901]],[[104.40444,17.1901],[104.39455,17.18383]],[[104.39455,17.18383],[104.39138,17.17786]],[[104.39138,17.17786],[104.39108,17.15718]],[[104.39108,17.15718],[104.38869,17.14818]],[[104.38869,17.14818],[104.39068,17.14517]],[[104.39068,17.14517],[104.40116,17.14011]],[[104.40116,17.14011],[104.40882,17.13865]],[[104.40882,17.13865],[104.40327,17.13601]],[[104.40327,17.13601],[104.3909,17.12278]],[[104.3909,17.12278],[104.39323,17.12239]],[[104.39323,17.12239],[104.3919,17.11214]],[[104.3919,17.11214],[104.38031,17.10925]],[[104.38031,17.10925],[104.37834,17.10539]],[[104.37834,17.10539],[104.37276,17.10335]],[[104.37276,17.10335],[104.36618,17.10585]],[[104.36618,17.10585],[104.35898,17.09532]],[[104.35898,17.09532],[104.35984,17.08537]],[[104.35984,17.08537],[104.36324,17.0798]],[[104.36324,17.0798],[104.36065,17.07897]],[[104.36065,17.07897],[104.36221,17.07296]],[[104.36221,17.07296],[104.35865,17.06988]],[[104.35865,17.06988],[104.35264,17.07082]],[[104.35264,17.07082],[104.35132,17.06839]],[[104.35132,17.06839],[104.35289,17.05953]],[[104.35289,17.05953],[104.3581,17.06307]],[[104.3581,17.06307],[104.36321,17.06343]],[[104.36321,17.06343],[104.36258,17.05748]],[[104.36258,17.05748],[104.36648,17.05455]],[[104.36648,17.05455],[104.38526,17.04468]],[[104.38526,17.04468],[104.38317,17.03644]],[[104.38317,17.03644],[104.39137,17.0348]],[[104.39137,17.0348],[104.39462,17.03748]],[[104.39462,17.03748],[104.39564,17.02779]],[[104.39564,17.02779],[104.39905,17.02805]],[[104.39905,17.02805],[104.39734,17.02331]],[[104.39734,17.02331],[104.38215,17.01531]],[[104.38215,17.01531],[104.37825,17.01712]],[[104.37825,17.01712],[104.37489,17.01204]],[[104.37489,17.01204],[104.36651,17.00729]],[[104.36651,17.00729],[104.36189,17.00885]],[[104.36189,17.00885],[104.35651,17.00572]],[[104.35651,17.00572],[104.35582,16.99887]],[[104.35582,16.99887],[104.35265,16.99376]],[[104.35265,16.99376],[104.35482,16.98908]],[[104.35482,16.98908],[104.34935,16.98545]],[[104.34935,16.98545],[104.33654,16.98229]],[[104.33654,16.98229],[104.33313,16.97591]],[[104.33313,16.97591],[104.32274,16.97785]],[[104.32274,16.97785],[104.31758,16.97423]],[[104.31758,16.97423],[104.32105,16.96761]],[[104.32105,16.96761],[104.31593,16.96185]],[[104.31593,16.96185],[104.31033,16.94515]],[[104.31033,16.94515],[104.30146,16.92714]],[[104.30146,16.92714],[104.2862,16.929]],[[104.2862,16.929],[104.26678,16.92042]],[[104.26678,16.92042],[104.25883,16.91053]],[[104.25883,16.91053],[104.25218,16.90693]],[[104.25218,16.90693],[104.24395,16.89969]],[[104.24395,16.89969],[104.24183,16.8938]],[[104.24183,16.8938],[104.22049,16.89276]],[[104.22049,16.89276],[104.21378,16.88639]],[[104.21378,16.88639],[104.20891,16.87726]],[[104.20891,16.87726],[104.2083,16.87298]],[[104.2083,16.87298],[104.19774,16.87717]],[[104.19774,16.87717],[104.19451,16.87619]],[[104.19451,16.87619],[104.18164,16.88629]],[[104.18164,16.88629],[104.17663,16.88826]],[[104.17663,16.88826],[104.16969,16.88625]],[[104.16969,16.88625],[104.16084,16.8887]],[[104.16084,16.8887],[104.13275,16.88611]],[[104.13275,16.88611],[104.12425,16.88831]],[[104.12425,16.88831],[104.11936,16.88031]],[[104.11936,16.88031],[104.12381,16.86115]],[[104.12381,16.86115],[104.11629,16.85428]],[[104.11629,16.85428],[104.10532,16.85234]],[[104.10532,16.85234],[104.10427,16.85074]],[[104.10427,16.85074],[104.10465,16.83646]],[[104.10465,16.83646],[104.08819,16.82642]],[[104.08819,16.82642],[104.07543,16.82689]],[[104.07543,16.82689],[104.07011,16.8213]],[[104.73726,16.80471],[104.72718,16.80626]],[[104.72718,16.80626],[104.72134,16.80912]],[[104.72134,16.80912],[104.7204,16.8163]],[[104.7204,16.8163],[104.71629,16.82451]],[[104.71629,16.82451],[104.71666,16.82921]],[[104.71666,16.82921],[104.70011,16.82719]],[[104.70011,16.82719],[104.69263,16.82316]],[[104.69263,16.82316],[104.69319,16.79221]],[[104.69319,16.79221],[104.68652,16.79484]],[[104.68652,16.79484],[104.67737,16.79359]],[[104.67737,16.79359],[104.67614,16.79581]],[[104.67614,16.79581],[104.66878,16.79247]],[[104.66878,16.79247],[104.66877,16.78712]],[[104.66877,16.78712],[104.66255,16.78949]],[[104.66255,16.78949],[104.65513,16.80529]],[[104.65513,16.80529],[104.64794,16.80685]],[[104.64794,16.80685],[104.64604,16.81318]],[[104.64604,16.81318],[104.64174,16.81916]],[[104.64174,16.81916],[104.63723,16.82106]],[[104.63723,16.82106],[104.63581,16.82608]],[[104.63581,16.82608],[104.6374,16.84108]],[[104.6374,16.84108],[104.6336,16.84982]],[[104.6336,16.84982],[104.63038,16.85208]],[[104.63038,16.85208],[104.62833,16.86311]],[[104.62833,16.86311],[104.60596,16.86321]],[[104.60596,16.86321],[104.59243,16.86704]],[[104.59243,16.86704],[104.57765,16.8644]],[[104.57765,16.8644],[104.57277,16.86553]],[[104.57277,16.86553],[104.56678,16.86329]],[[104.56678,16.86329],[104.55136,16.86907]],[[104.55136,16.86907],[104.5478,16.86501]],[[104.5478,16.86501],[104.53748,16.86754]],[[104.53748,16.86754],[104.52703,16.86492]],[[104.52703,16.86492],[104.52435,16.85935]],[[104.52435,16.85935],[104.51082,16.8567]],[[104.51082,16.8567],[104.50658,16.85233]],[[104.50658,16.85233],[104.49992,16.85447]],[[104.49992,16.85447],[104.48356,16.85355]],[[104.48356,16.85355],[104.4679,16.86594]],[[104.4679,16.86594],[104.46299,16.86239]],[[104.46299,16.86239],[104.46861,16.86009]],[[104.46861,16.86009],[104.47758,16.84706]],[[104.47758,16.84706],[104.47869,16.84208]],[[104.47869,16.84208],[104.47187,16.84381]],[[104.47187,16.84381],[104.46742,16.8415]],[[104.46742,16.8415],[104.46901,16.84944]],[[104.46901,16.84944],[104.4654,16.85674]],[[104.4654,16.85674],[104.45959,16.86068]],[[104.45959,16.86068],[104.45402,16.85692]],[[104.45402,16.85692],[104.45832,16.85282]],[[104.45832,16.85282],[104.45656,16.84196]],[[104.45656,16.84196],[104.45162,16.83827]],[[104.45162,16.83827],[104.45317,16.83122]],[[104.45317,16.83122],[104.44896,16.83044]],[[104.44896,16.83044],[104.44555,16.83395]],[[104.44555,16.83395],[104.44952,16.84483]],[[104.44952,16.84483],[104.44691,16.85318]],[[104.44691,16.85318],[104.44943,16.85547]],[[104.44943,16.85547],[104.44492,16.85773]],[[104.44492,16.85773],[104.44076,16.85284]],[[104.44076,16.85284],[104.44233,16.8434]],[[104.44233,16.8434],[104.43956,16.84272]],[[104.43956,16.84272],[104.43671,16.84917]],[[104.43671,16.84917],[104.43193,16.84976]],[[104.43193,16.84976],[104.43606,16.85316]],[[104.43606,16.85316],[104.4353,16.86031]],[[104.4353,16.86031],[104.42891,16.85686]],[[104.42891,16.85686],[104.42881,16.86292]],[[104.42881,16.86292],[104.43698,16.86808]],[[104.43698,16.86808],[104.44211,16.86938]],[[104.44211,16.86938],[104.44152,16.87251]],[[104.44152,16.87251],[104.43512,16.87906]],[[104.43512,16.87906],[104.42861,16.88257]],[[104.42861,16.88257],[104.42789,16.8867]],[[104.42789,16.8867],[104.41954,16.89146]],[[104.41954,16.89146],[104.41041,16.89256]],[[104.41041,16.89256],[104.40735,16.8962]],[[104.40735,16.8962],[104.40465,16.8823]],[[104.40465,16.8823],[104.39855,16.87179]],[[104.39855,16.87179],[104.39861,16.86345]],[[104.39861,16.86345],[104.4032,16.85224]],[[104.4032,16.85224],[104.40958,16.84502]],[[104.40958,16.84502],[104.4056,16.83788]],[[104.4056,16.83788],[104.39811,16.83787]],[[104.39811,16.83787],[104.3884,16.85213]],[[104.3884,16.85213],[104.38251,16.85838]],[[104.38251,16.85838],[104.3817,16.8644]],[[104.3817,16.8644],[104.37676,16.8656]],[[104.37676,16.8656],[104.36937,16.86406]],[[104.36937,16.86406],[104.36227,16.86616]],[[104.36227,16.86616],[104.36332,16.87733]],[[104.36332,16.87733],[104.35698,16.88008]],[[104.35698,16.88008],[104.33129,16.87559]],[[104.33129,16.87559],[104.3267,16.87656]],[[104.3267,16.87656],[104.31943,16.87466]],[[104.31943,16.87466],[104.31971,16.86936]],[[104.31971,16.86936],[104.31397,16.8666]],[[104.31397,16.8666],[104.30611,16.85399]],[[104.30611,16.85399],[104.30522,16.84499]],[[104.30522,16.84499],[104.29602,16.83777]],[[104.29602,16.83777],[104.28945,16.84886]],[[104.28945,16.84886],[104.28758,16.85673]],[[104.28758,16.85673],[104.2774,16.85702]],[[104.2774,16.85702],[104.27871,16.86046]],[[104.27871,16.86046],[104.27492,16.86369]],[[104.27492,16.86369],[104.26249,16.86615]],[[104.26249,16.86615],[104.2591,16.87272]],[[104.2591,16.87272],[104.2484,16.87193]],[[104.2484,16.87193],[104.24896,16.87862]],[[104.24896,16.87862],[104.25258,16.88607]],[[104.25258,16.88607],[104.25113,16.89711]],[[104.25113,16.89711],[104.25218,16.90693]],[[104.18998,18.02374],[104.19755,18.0151],[104.21296,18.00027],[104.22659,17.97687],[104.24155,17.93927],[104.24599,17.93223],[104.24987,17.92135],[104.26398,17.88823],[104.27061,17.87155],[104.27974,17.85855],[104.29962,17.84594],[104.30726,17.84316],[104.31608,17.84204],[104.32945,17.83768],[104.33625,17.8367],[104.3495,17.82834],[104.36107,17.81487],[104.37409,17.79268],[104.3757,17.78869],[104.39257,17.76338],[104.39745,17.75146],[104.40247,17.74281],[104.42106,17.71831],[104.43281,17.70575],[104.44509,17.68924],[104.44704,17.68468],[104.46651,17.65666],[104.47307,17.65118],[104.48247,17.64771],[104.48877,17.64211],[104.50316,17.63357],[104.51472,17.62841],[104.54897,17.609],[104.57252,17.59759],[104.58372,17.59075],[104.60817,17.57736],[104.6166,17.57863],[104.63844,17.56439],[104.64679,17.55991],[104.6659,17.54749],[104.67435,17.54455],[104.68924,17.53689],[104.70554,17.52644],[104.71443,17.51513],[104.72986,17.49922],[104.73127,17.49265],[104.72793,17.49151],[104.73541,17.47567],[104.74597,17.4638],[104.75229,17.4516],[104.75846,17.44439],[104.77713,17.42667],[104.79318,17.40556],[104.80061,17.39316],[104.80298,17.38162],[104.80411,17.36483],[104.80412,17.33864],[104.80508,17.32162],[104.80677,17.30994],[104.80252,17.27056],[104.80601,17.24717],[104.80728,17.22412],[104.805,17.21506],[104.80291,17.1891],[104.80226,17.17194],[104.79786,17.15917],[104.79212,17.14665],[104.78842,17.12754],[104.77543,17.10116],[104.77185,17.08979],[104.76067,17.06442],[104.75677,17.05767],[104.74484,17.04498],[104.7349,17.02821],[104.7306,17.01484],[104.72935,17.00104],[104.73267,16.9755],[104.73463,16.96795],[104.73553,16.94945],[104.73554,16.92111],[104.73915,16.90555],[104.74874,16.88325],[104.75968,16.86449],[104.76407,16.84851],[104.76242,16.84092],[104.75485,16.83273],[104.74188,16.82147],[104.73772,16.81149],[104.73726,16.80471]],[[104.73726,16.80471],[104.73835,16.7933],[104.74649,16.7642],[104.75583,16.74893],[104.7592,16.73801],[104.75841,16.72192],[104.76108,16.70804],[104.7636,16.70316],[104.76295,16.69117],[104.75814,16.67567],[104.75372,16.66483],[104.75181,16.65041],[104.74553,16.64096],[104.74293,16.63102],[104.74082,16.61692],[104.73932,16.59276],[104.73486,16.57081],[104.73381,16.56002],[104.73629,16.54272],[104.74309,16.52764],[104.74918,16.52189],[104.75972,16.50915],[104.77702,16.49317],[104.79521,16.4813],[104.81949,16.46949],[104.83045,16.46529],[104.84436,16.4558],[104.85126,16.44611],[104.85898,16.43166],[104.864,16.41459],[104.86192,16.40205],[104.87156,16.38556],[104.88418,16.37149],[104.88598,16.3664],[104.88555,16.35747],[104.8918,16.34653],[104.89667,16.34197],[104.90463,16.33841],[104.91377,16.33978],[104.92167,16.33772],[104.92997,16.33201],[104.9348,16.31987],[104.94563,16.30904],[104.95504,16.2957],[104.96188,16.28925],[104.97872,16.27913]],[[99.4018,19.00015],[99.39214,18.99716]],[[99.39214,18.99716],[99.39024,18.99362]],[[99.39024,18.99362],[99.38329,18.99105]],[[99.38329,18.99105],[99.37748,18.98245]],[[99.37748,18.98245],[99.37625,18.97427]],[[99.37625,18.97427],[99.37767,18.96863]],[[99.37767,18.96863],[99.37502,18.95984]],[[99.37502,18.95984],[99.38423,18.95187]],[[99.38423,18.95187],[99.38672,18.94404]],[[99.38672,18.94404],[99.38493,18.93417]],[[99.38493,18.93417],[99.37764,18.92172]],[[99.37764,18.92172],[99.38354,18.91093]],[[99.38354,18.91093],[99.3838,18.90099]],[[99.3838,18.90099],[99.38718,18.89632]],[[99.38718,18.89632],[99.38614,18.8885]],[[99.38614,18.8885],[99.39141,18.88434]],[[99.39141,18.88434],[99.38565,18.87793]],[[99.38565,18.87793],[99.38756,18.87466]],[[99.38756,18.87466],[99.38039,18.86401]],[[99.38039,18.86401],[99.37403,18.85805]],[[99.37403,18.85805],[99.36061,18.85052]],[[99.36061,18.85052],[99.3524,18.84719]],[[99.3524,18.84719],[99.35051,18.83585]],[[99.35051,18.83585],[99.35504,18.82856]],[[99.35504,18.82856],[99.35288,18.82314]],[[99.35288,18.82314],[99.35724,18.81722]],[[99.35724,18.81722],[99.35719,18.80793]],[[99.35719,18.80793],[99.35919,18.80101]],[[99.35919,18.80101],[99.36397,18.79849]],[[99.36397,18.79849],[99.36622,18.78688]],[[99.36622,18.78688],[99.37108,18.77967]],[[99.37108,18.77967],[99.36705,18.77489]],[[99.36705,18.77489],[99.36622,18.76937]],[[99.36622,18.76937],[99.37137,18.75946]],[[99.37137,18.75946],[99.37148,18.75342]],[[99.37148,18.75342],[99.36649,18.7486]],[[99.36649,18.7486],[99.36145,18.74704]],[[99.36145,18.74704],[99.35383,18.7376]],[[99.35383,18.7376],[99.34932,18.73666]],[[99.34932,18.73666],[99.34841,18.72425]],[[99.34841,18.72425],[99.34459,18.71792]],[[99.34459,18.71792],[99.34056,18.71534]],[[99.34056,18.71534],[99.34211,18.70597]],[[99.34211,18.70597],[99.33379,18.70164]],[[99.33379,18.70164],[99.33682,18.69365]],[[99.33682,18.69365],[99.32719,18.68446]],[[99.32719,18.68446],[99.33143,18.67949]],[[99.33143,18.67949],[99.33454,18.67192]],[[99.33454,18.67192],[99.33311,18.66902]],[[99.33311,18.66902],[99.33933,18.66577]],[[99.33933,18.66577],[99.34906,18.65502]],[[99.34906,18.65502],[99.34219,18.64948]],[[99.34219,18.64948],[99.33281,18.65038]],[[99.33281,18.65038],[99.32698,18.63849]],[[99.32698,18.63849],[99.32856,18.63253]],[[99.32856,18.63253],[99.32688,18.62833]],[[99.32688,18.62833],[99.33071,18.62752]],[[99.33071,18.62752],[99.32688,18.61969]],[[99.32688,18.61969],[99.33633,18.61577]],[[99.33633,18.61577],[99.34885,18.61754]],[[99.34885,18.61754],[99.35471,18.61291]],[[99.35471,18.61291],[99.3588,18.60688]],[[99.3588,18.60688],[99.35696,18.60008]],[[99.35696,18.60008],[99.34862,18.59325]],[[99.34862,18.59325],[99.35176,18.58932]],[[99.35176,18.58932],[99.35025,18.58245]],[[99.35025,18.58245],[99.35345,18.57938]],[[99.35345,18.57938],[99.34822,18.57851]],[[99.34822,18.57851],[99.34387,18.57466]],[[99.34387,18.57466],[99.33888,18.5771]],[[99.33888,18.5771],[99.3334,18.57643]],[[99.3334,18.57643],[99.32779,18.56571]],[[99.32779,18.56571],[99.32981,18.5571]],[[99.32981,18.5571],[99.32733,18.55353]],[[99.32733,18.55353],[99.32844,18.54556]],[[99.32844,18.54556],[99.32277,18.53707]],[[99.32277,18.53707],[99.31734,18.53217]],[[99.31734,18.53217],[99.30647,18.53605]],[[99.30647,18.53605],[99.29668,18.53681]],[[99.29668,18.53681],[99.28863,18.54736]],[[99.28863,18.54736],[99.27884,18.55332]],[[99.27884,18.55332],[99.27356,18.55832]],[[99.27356,18.55832],[99.2729,18.56246]],[[99.2729,18.56246],[99.26437,18.56874]],[[99.26437,18.56874],[99.26391,18.57129]],[[99.26391,18.57129],[99.24958,18.57607]],[[99.24958,18.57607],[99.24401,18.58373]],[[99.24401,18.58373],[99.23648,18.58335]],[[99.23648,18.58335],[99.23485,18.58612]],[[99.23485,18.58612],[99.21751,18.59201]],[[99.21751,18.59201],[99.22671,18.61134]],[[99.22671,18.61134],[99.2347,18.61588]],[[99.2347,18.61588],[99.2308,18.62708]],[[99.2308,18.62708],[99.23385,18.63459]],[[99.23385,18.63459],[99.23135,18.64289]],[[99.23135,18.64289],[99.23389,18.64873]],[[99.23389,18.64873],[99.23098,18.65395]],[[99.23098,18.65395],[99.22552,18.65278]],[[99.22552,18.65278],[99.21808,18.6541]],[[99.21808,18.6541],[99.21443,18.6595]],[[99.21443,18.6595],[99.20587,18.66069]],[[99.20587,18.66069],[99.20581,18.66775]],[[99.20581,18.66775],[99.18875,18.67891]],[[99.18875,18.67891],[99.18701,18.68815]],[[99.18701,18.68815],[99.19031,18.69915]],[[99.19031,18.69915],[99.18998,18.705]],[[99.18998,18.705],[99.18005,18.70837]],[[99.18005,18.70837],[99.17698,18.70641]],[[99.17698,18.70641],[99.16127,18.70602]],[[99.16127,18.70602],[99.1534,18.70831]],[[99.1534,18.70831],[99.13671,18.70134]],[[99.13671,18.70134],[99.12679,18.68922]],[[99.12679,18.68922],[99.1258,18.68445]],[[99.1258,18.68445],[99.11438,18.68224]],[[99.11438,18.68224],[99.1135,18.67909]],[[99.1135,18.67909],[99.09619,18.67902]],[[99.09619,18.67902],[99.0798,18.68049]],[[99.0798,18.68049],[99.0762,18.6818]],[[99.0762,18.6818],[99.07725,18.67551]],[[99.07725,18.67551],[99.07364,18.66652]],[[99.07364,18.66652],[99.06946,18.666]],[[99.06946,18.666],[99.06519,18.65968]],[[99.06519,18.65968],[99.05407,18.66607]],[[99.05407,18.66607],[99.03077,18.67122]],[[99.03077,18.67122],[99.01794,18.67333]],[[99.01794,18.67333],[99.01324,18.67088]],[[99.01324,18.67088],[99.00993,18.67328]],[[99.00993,18.67328],[99.00429,18.66218]],[[99.00429,18.66218],[99.00442,18.64303]],[[99.00442,18.64303],[98.99457,18.6381]],[[98.99457,18.6381],[98.99138,18.63992]],[[98.99138,18.63992],[98.98285,18.63415]],[[98.98285,18.63415],[98.97823,18.63538]],[[98.97823,18.63538],[98.97702,18.6287]],[[98.97702,18.6287],[98.96545,18.61534]],[[98.96545,18.61534],[98.96533,18.60865]],[[98.96533,18.60865],[98.96944,18.6026]],[[98.96944,18.6026],[98.9649,18.59741]],[[98.9649,18.59741],[98.96013,18.5954]],[[98.96013,18.5954],[98.95359,18.58626]],[[98.95359,18.58626],[98.9534,18.57957]],[[98.9534,18.57957],[98.94735,18.57534]],[[98.94735,18.57534],[98.94783,18.57055]],[[98.94783,18.57055],[98.9432,18.56332]],[[98.9432,18.56332],[98.93809,18.56355]],[[98.93809,18.56355],[98.93576,18.55635]],[[98.93576,18.55635],[98.93237,18.55394]],[[98.93237,18.55394],[98.93204,18.54598]],[[98.93204,18.54598],[98.93411,18.54204]],[[98.93411,18.54204],[98.92774,18.54001]],[[98.92774,18.54001],[98.92294,18.53595]],[[98.92294,18.53595],[98.9164,18.53687]],[[98.9164,18.53687],[98.9064,18.52816]],[[98.9064,18.52816],[98.89561,18.52337]],[[98.89561,18.52337],[98.8768,18.51081]],[[98.8768,18.51081],[98.87381,18.51563]],[[98.87381,18.51563],[98.86769,18.51533]],[[98.86769,18.51533],[98.86192,18.51022]],[[98.86192,18.51022],[98.86175,18.50328]],[[98.86175,18.50328],[98.85584,18.49946]],[[98.85584,18.49946],[98.85281,18.50122]],[[98.85281,18.50122],[98.84605,18.4994]],[[98.84605,18.4994],[98.8427,18.48976]],[[98.8427,18.48976],[98.83554,18.48347]],[[98.83554,18.48347],[98.82394,18.47859]],[[98.82394,18.47859],[98.82225,18.47533]],[[98.82225,18.47533],[98.81438,18.46965]],[[98.81438,18.46965],[98.8143,18.46164]],[[98.8143,18.46164],[98.80497,18.46291]],[[98.80497,18.46291],[98.79956,18.45367]],[[98.79956,18.45367],[98.79522,18.45222]],[[98.79522,18.45222],[98.78574,18.45326]],[[98.78574,18.45326],[98.77456,18.44738]],[[98.77456,18.44738],[98.76603,18.43549]],[[98.76603,18.43549],[98.75671,18.43551]],[[98.75671,18.43551],[98.74234,18.43154]],[[98.74234,18.43154],[98.73775,18.43823]],[[98.73775,18.43823],[98.72742,18.44461]],[[98.72742,18.44461],[98.72305,18.44406]],[[98.72305,18.44406],[98.72106,18.43534]],[[98.72106,18.43534],[98.71594,18.43311]],[[98.71594,18.43311],[98.71048,18.44206]],[[98.71048,18.44206],[98.7074,18.44075]],[[98.7074,18.44075],[98.7022,18.43187]],[[98.7022,18.43187],[98.70102,18.42658]],[[98.70102,18.42658],[98.69397,18.41901]],[[98.69397,18.41901],[98.69327,18.41498]],[[98.69327,18.41498],[98.6974,18.41051]],[[98.6974,18.41051],[98.70554,18.41523]],[[98.70554,18.41523],[98.70953,18.41383]],[[98.70953,18.41383],[98.69743,18.39522]],[[98.69743,18.39522],[98.69103,18.39226]],[[98.69103,18.39226],[98.6882,18.38724]],[[98.6882,18.38724],[98.68744,18.37817]],[[98.68744,18.37817],[98.68144,18.36808]],[[98.68144,18.36808],[98.69571,18.35184]],[[98.69571,18.35184],[98.70374,18.33643]],[[98.70374,18.33643],[98.70297,18.33121]],[[98.70297,18.33121],[98.69639,18.33033]],[[98.69639,18.33033],[98.6911,18.33452]],[[98.6911,18.33452],[98.685,18.33305]],[[98.685,18.33305],[98.67952,18.32809]],[[98.67952,18.32809],[98.67129,18.3263]],[[98.67129,18.3263],[98.67456,18.3207]],[[98.67456,18.3207],[98.67513,18.31259]],[[98.67513,18.31259],[98.6725,18.3101]],[[98.6725,18.3101],[98.68387,18.30986]],[[98.68387,18.30986],[98.68664,18.30275]],[[98.68664,18.30275],[98.69889,18.29686]],[[98.69889,18.29686],[98.70084,18.29299]],[[98.70084,18.29299],[98.7206,18.28551]],[[98.7206,18.28551],[98.72821,18.2732]],[[98.72821,18.2732],[98.73481,18.27013]],[[98.73481,18.27013],[98.73661,18.26659]],[[98.73661,18.26659],[98.76261,18.25648]],[[98.76261,18.25648],[98.77079,18.25579]],[[98.77079,18.25579],[98.77709,18.24432]],[[98.77709,18.24432],[98.77548,18.23218]],[[98.77548,18.23218],[98.77238,18.22965]],[[98.77238,18.22965],[98.77509,18.22437]],[[98.77509,18.22437],[98.78408,18.22195]],[[98.78408,18.22195],[98.78565,18.21488]],[[98.78565,18.21488],[98.7815,18.20659]],[[98.7815,18.20659],[98.78394,18.19973]],[[98.78394,18.19973],[98.78024,18.19609]],[[98.78024,18.19609],[98.78638,18.17251]],[[98.78638,18.17251],[98.79175,18.16607]],[[98.79175,18.16607],[98.79302,18.15984]],[[98.79302,18.15984],[98.79844,18.1607]],[[98.79844,18.1607],[98.80498,18.15607]],[[98.80498,18.15607],[98.80286,18.15136]],[[98.80286,18.15136],[98.80587,18.14524]],[[98.80587,18.14524],[98.80369,18.14366]],[[98.80369,18.14366],[98.80477,18.12974]],[[98.80477,18.12974],[98.80721,18.12525]],[[98.80721,18.12525],[98.80539,18.122]],[[98.80539,18.122],[98.80907,18.11497]],[[98.80907,18.11497],[98.80694,18.10629]],[[98.80694,18.10629],[98.80125,18.10345]],[[98.80125,18.10345],[98.80136,18.09105]],[[98.80136,18.09105],[98.79694,18.0874]],[[98.79694,18.0874],[98.81298,18.08008]],[[98.81298,18.08008],[98.81331,18.07728]],[[98.81331,18.07728],[98.80636,18.07235]],[[98.80636,18.07235],[98.80837,18.06539]],[[98.80837,18.06539],[98.79681,18.05698]],[[98.79681,18.05698],[98.79855,18.05414]],[[98.79855,18.05414],[98.79412,18.04095]],[[98.79412,18.04095],[98.79111,18.03708]],[[98.79111,18.03708],[98.79423,18.03013]],[[98.79423,18.03013],[98.78629,18.02493]],[[98.78629,18.02493],[98.78497,18.01791]],[[98.78497,18.01791],[98.7789,18.01359]],[[98.7789,18.01359],[98.7791,18.00433]],[[98.7791,18.00433],[98.77691,18.00057]],[[98.77691,18.00057],[98.78684,17.99878]],[[98.78684,17.99878],[98.79214,18.0029]],[[98.79214,18.0029],[98.806,18.0086]],[[98.806,18.0086],[98.81443,18.0062]],[[98.81443,18.0062],[98.82388,17.99447]],[[98.82388,17.99447],[98.83357,17.98609]],[[98.83357,17.98609],[98.83098,17.98162]],[[98.83098,17.98162],[98.83106,17.97446]],[[98.83106,17.97446],[98.84069,17.9635]],[[98.84069,17.9635],[98.83907,17.95993]],[[98.83907,17.95993],[98.84262,17.94168]],[[98.84262,17.94168],[98.85044,17.92929]],[[98.85044,17.92929],[98.84895,17.92494]],[[98.84895,17.92494],[98.85058,17.91754]],[[98.85058,17.91754],[98.85562,17.91088]],[[98.85562,17.91088],[98.85437,17.90359]],[[98.85437,17.90359],[98.85642,17.89718]],[[98.85642,17.89718],[98.86077,17.89533]],[[98.86077,17.89533],[98.86114,17.88618]],[[98.86114,17.88618],[98.86703,17.87787]],[[98.86703,17.87787],[98.86538,17.87194]],[[98.86538,17.87194],[98.87069,17.85421]],[[98.87069,17.85421],[98.87036,17.84916]],[[98.87036,17.84916],[98.85939,17.85543]],[[98.85939,17.85543],[98.85204,17.84426]],[[98.85204,17.84426],[98.85487,17.83205]],[[98.85487,17.83205],[98.85198,17.82339]],[[98.85198,17.82339],[98.85711,17.81458]],[[98.85711,17.81458],[98.8337,17.80556]],[[98.8337,17.80556],[98.83009,17.8003]],[[98.83009,17.8003],[98.82101,17.79753]],[[98.82101,17.79753],[98.81179,17.79876]],[[98.81179,17.79876],[98.80322,17.79823]],[[98.80322,17.79823],[98.79983,17.79588]],[[98.79983,17.79588],[98.79798,17.80262]],[[98.79798,17.80262],[98.79214,17.81276]],[[98.79214,17.81276],[98.79628,17.81211]],[[98.79628,17.81211],[98.79239,17.8166]],[[98.79239,17.8166],[98.79303,17.82462]],[[98.79303,17.82462],[98.78858,17.82447]],[[98.78858,17.82447],[98.78745,17.83086]],[[98.78745,17.83086],[98.77746,17.83101]],[[98.77746,17.83101],[98.77283,17.81993]],[[98.77283,17.81993],[98.76721,17.8131]],[[98.76721,17.8131],[98.76731,17.80964]],[[98.76731,17.80964],[98.76276,17.80177]],[[98.76276,17.80177],[98.74972,17.8012]],[[98.74972,17.8012],[98.74607,17.80516]],[[98.74607,17.80516],[98.74175,17.8052]],[[98.74175,17.8052],[98.73494,17.79776]],[[98.73494,17.79776],[98.727,17.79356]],[[98.727,17.79356],[98.72464,17.79705]],[[98.72464,17.79705],[98.71216,17.79875]],[[98.71216,17.79875],[98.69767,17.79191]],[[98.69767,17.79191],[98.68538,17.79096]],[[98.68538,17.79096],[98.6847,17.7965]],[[98.6847,17.7965],[98.67892,17.80513]],[[98.67892,17.80513],[98.67556,17.81632]],[[98.67556,17.81632],[98.67139,17.8201]],[[98.67139,17.8201],[98.67261,17.83145]],[[98.67261,17.83145],[98.66911,17.83454]],[[98.66911,17.83454],[98.65972,17.82683]],[[98.65972,17.82683],[98.65295,17.8262]],[[98.65295,17.8262],[98.64923,17.81804]],[[98.64923,17.81804],[98.63898,17.81477]],[[98.63898,17.81477],[98.63499,17.80414]],[[98.63499,17.80414],[98.63152,17.80097]],[[98.63152,17.80097],[98.63467,17.79189]],[[98.63467,17.79189],[98.63046,17.78098]],[[98.63046,17.78098],[98.62344,17.77722]],[[98.62344,17.77722],[98.62223,17.77994]],[[98.62223,17.77994],[98.61464,17.77981]],[[98.61464,17.77981],[98.60819,17.78703]],[[98.60819,17.78703],[98.59752,17.80298]],[[98.59752,17.80298],[98.59021,17.8054]],[[98.59021,17.8054],[98.59028,17.80202]],[[98.59028,17.80202],[98.58151,17.80119]],[[98.58151,17.80119],[98.58026,17.80627]],[[98.58026,17.80627],[98.57106,17.80856]],[[98.57106,17.80856],[98.56168,17.79543]],[[98.56168,17.79543],[98.55651,17.79753]],[[98.55651,17.79753],[98.53963,17.81443]],[[98.53963,17.81443],[98.53132,17.81473]],[[98.53132,17.81473],[98.52243,17.82426]],[[98.52243,17.82426],[98.51715,17.82471]],[[98.51715,17.82471],[98.51389,17.8217]],[[98.51389,17.8217],[98.51553,17.8168]],[[98.51553,17.8168],[98.50817,17.81248]],[[98.50817,17.81248],[98.5032,17.81555]],[[98.5032,17.81555],[98.49568,17.81617]],[[98.49568,17.81617],[98.49163,17.81241]],[[98.49163,17.81241],[98.49273,17.80318]],[[98.49273,17.80318],[98.49732,17.79629]],[[98.49732,17.79629],[98.50076,17.79584]],[[98.50076,17.79584],[98.50987,17.78803]],[[98.50987,17.78803],[98.50832,17.78247]],[[98.50832,17.78247],[98.50914,17.77146]],[[98.50914,17.77146],[98.50606,17.76851]],[[98.50606,17.76851],[98.50348,17.76056]],[[98.50348,17.76056],[98.50566,17.75292]],[[98.50566,17.75292],[98.51258,17.74392]],[[98.51258,17.74392],[98.51742,17.73492]],[[98.51742,17.73492],[98.51608,17.7307]],[[98.51608,17.7307],[98.51903,17.72642]],[[98.51903,17.72642],[98.52068,17.71494]],[[98.52068,17.71494],[98.52548,17.70634]],[[98.52548,17.70634],[98.52171,17.69768]],[[98.52171,17.69768],[98.52326,17.69116]],[[98.52326,17.69116],[98.52187,17.68357]],[[98.52187,17.68357],[98.525,17.66593]],[[98.525,17.66593],[98.53137,17.64745]],[[98.53137,17.64745],[98.53219,17.63842]],[[98.53219,17.63842],[98.52913,17.63406]],[[98.52913,17.63406],[98.53064,17.6259]],[[98.53064,17.6259],[98.53473,17.6159]],[[98.53473,17.6159],[98.54186,17.6155]],[[98.54186,17.6155],[98.54891,17.61271]],[[98.54891,17.61271],[98.55469,17.60613]],[[98.55469,17.60613],[98.56729,17.59553]],[[98.56729,17.59553],[98.57369,17.5851]],[[98.57369,17.5851],[98.578,17.57394]],[[98.578,17.57394],[98.56632,17.56709]],[[98.56632,17.56709],[98.56354,17.56218]],[[98.56354,17.56218],[98.55449,17.56163]],[[98.55449,17.56163],[98.54961,17.55928]],[[98.54961,17.55928],[98.54481,17.54936]],[[98.54481,17.54936],[98.53818,17.5445]],[[98.53818,17.5445],[98.53438,17.53932]],[[98.53438,17.53932],[98.52733,17.53637]],[[98.52733,17.53637],[98.52429,17.52233]],[[98.52429,17.52233],[98.52634,17.51897]],[[98.52634,17.51897],[98.52003,17.51407]],[[98.52003,17.51407],[98.51987,17.50742]],[[98.51987,17.50742],[98.52433,17.49778]],[[98.52433,17.49778],[98.52204,17.48706]],[[98.52204,17.48706],[98.51951,17.48609]],[[98.51951,17.48609],[98.51857,17.47762]],[[98.51857,17.47762],[98.52832,17.45364]],[[98.52832,17.45364],[98.53257,17.44988]],[[98.53257,17.44988],[98.54072,17.44917]],[[98.54072,17.44917],[98.54641,17.44585]],[[98.54641,17.44585],[98.54616,17.43366]],[[98.54616,17.43366],[98.55765,17.42661]],[[98.55765,17.42661],[98.55726,17.41858]],[[98.55726,17.41858],[98.55431,17.40975]],[[98.55431,17.40975],[98.55614,17.39713]],[[98.55614,17.39713],[98.54949,17.38619]],[[98.54949,17.38619],[98.53749,17.36188]],[[98.53749,17.36188],[98.54319,17.35608]],[[98.54319,17.35608],[98.54927,17.35388]],[[98.54927,17.35388],[98.554,17.35636]],[[98.554,17.35636],[98.56058,17.35362]],[[98.56058,17.35362],[98.56216,17.35047]],[[98.56216,17.35047],[98.55778,17.34619]],[[98.55778,17.34619],[98.55526,17.33567]],[[98.55526,17.33567],[98.56041,17.31765]],[[98.56041,17.31765],[98.55579,17.31432]],[[98.55579,17.31432],[98.55792,17.29877]],[[98.55792,17.29877],[98.55683,17.29415]],[[98.55683,17.29415],[98.56284,17.29294]],[[98.56284,17.29294],[98.57429,17.29973]],[[98.57429,17.29973],[98.57773,17.29989]],[[98.57773,17.29989],[98.57885,17.2944]],[[98.57885,17.2944],[98.57553,17.29131]],[[98.57553,17.29131],[98.57491,17.28485]],[[98.57491,17.28485],[98.56552,17.28511]],[[98.56552,17.28511],[98.55128,17.28138]],[[98.55128,17.28138],[98.54636,17.2832]],[[98.54636,17.2832],[98.53202,17.27451]],[[98.53202,17.27451],[98.52267,17.27814]],[[98.52267,17.27814],[98.51867,17.28144]],[[98.51867,17.28144],[98.51006,17.27918]],[[98.51006,17.27918],[98.50361,17.28058]],[[98.50361,17.28058],[98.49715,17.27346]],[[98.49715,17.27346],[98.48194,17.27314]],[[98.48194,17.27314],[98.47777,17.27736]],[[98.47777,17.27736],[98.45603,17.27334]],[[98.45603,17.27334],[98.45367,17.269]],[[98.45367,17.269],[98.44997,17.272]],[[98.44997,17.272],[98.44527,17.26833]],[[98.44527,17.26833],[98.4417,17.27099]],[[98.4417,17.27099],[98.43515,17.2608]],[[98.43515,17.2608],[98.42564,17.25543]],[[98.42564,17.25543],[98.41384,17.25228]],[[98.41384,17.25228],[98.40888,17.2552]],[[98.40888,17.2552],[98.39829,17.25215]],[[98.39829,17.25215],[98.39206,17.24231]],[[98.39206,17.24231],[98.38658,17.2492]],[[98.38658,17.2492],[98.37775,17.25463]],[[98.37775,17.25463],[98.3749,17.26235]],[[98.3749,17.26235],[98.36884,17.26863]],[[98.36884,17.26863],[98.36185,17.27007]],[[98.36185,17.27007],[98.35786,17.27384]],[[98.35786,17.27384],[98.35826,17.28357]],[[98.35826,17.28357],[98.36248,17.28853]],[[98.36248,17.28853],[98.35636,17.2888]],[[98.35636,17.2888],[98.35093,17.29359]],[[98.35093,17.29359],[98.33979,17.29581]],[[98.33979,17.29581],[98.32724,17.30455]],[[98.32724,17.30455],[98.32268,17.30967]],[[98.32268,17.30967],[98.32102,17.31888]],[[98.32102,17.31888],[98.31768,17.32267]],[[98.31768,17.32267],[98.32776,17.32597]],[[98.32776,17.32597],[98.33219,17.32967]],[[98.33219,17.32967],[98.32962,17.33535]],[[98.32962,17.33535],[98.33129,17.34451]],[[98.33129,17.34451],[98.33412,17.3476]],[[98.33412,17.3476],[98.32915,17.35509]],[[98.32915,17.35509],[98.32358,17.35941]],[[98.32358,17.35941],[98.32339,17.36271]],[[98.32339,17.36271],[98.31739,17.36739]],[[98.31739,17.36739],[98.31693,17.37219]],[[98.31693,17.37219],[98.32083,17.37601]],[[98.32083,17.37601],[98.31932,17.37967]],[[98.31932,17.37967],[98.30283,17.39193]],[[98.30283,17.39193],[98.29903,17.40025]],[[98.29903,17.40025],[98.29176,17.40733]],[[98.29176,17.40733],[98.29604,17.41269]],[[98.29604,17.41269],[98.3089,17.4136]],[[98.3089,17.4136],[98.3225,17.41705]],[[98.3225,17.41705],[98.32629,17.42924]],[[98.32629,17.42924],[98.31951,17.43508]],[[98.31951,17.43508],[98.31946,17.44496]],[[98.31946,17.44496],[98.32243,17.44867]],[[98.32243,17.44867],[98.32407,17.4598]],[[98.32407,17.4598],[98.32968,17.46957]],[[98.32968,17.46957],[98.32765,17.48661]],[[98.32765,17.48661],[98.32505,17.49316]],[[98.32505,17.49316],[98.31521,17.5051]],[[98.31521,17.5051],[98.31548,17.51175]],[[98.31548,17.51175],[98.31268,17.51685]],[[98.31268,17.51685],[98.31412,17.52765]],[[98.31412,17.52765],[98.30582,17.53397]],[[98.30582,17.53397],[98.309,17.53542]],[[98.309,17.53542],[98.30532,17.54941]],[[98.30532,17.54941],[98.29876,17.55296]],[[98.29876,17.55296],[98.29814,17.55799]],[[98.29814,17.55799],[98.30238,17.5657]],[[98.30238,17.5657],[98.29791,17.57553]],[[98.29791,17.57553],[98.29227,17.57453]],[[98.29227,17.57453],[98.27782,17.57679]],[[98.27782,17.57679],[98.27035,17.58009]],[[98.27035,17.58009],[98.26482,17.57858]],[[98.26482,17.57858],[98.26122,17.57392]],[[98.26122,17.57392],[98.25438,17.57215]],[[98.25438,17.57215],[98.25066,17.5674]],[[98.25066,17.5674],[98.24872,17.55766]],[[98.24872,17.55766],[98.24221,17.5565]],[[98.24221,17.5565],[98.23908,17.55039]],[[98.23908,17.55039],[98.23271,17.54994]],[[98.23271,17.54994],[98.22473,17.54565]],[[98.22473,17.54565],[98.21706,17.54689]],[[98.21706,17.54689],[98.21224,17.54125]],[[98.21224,17.54125],[98.20338,17.53938]],[[98.20338,17.53938],[98.19687,17.54248]],[[98.19687,17.54248],[98.18868,17.54054]],[[98.18868,17.54054],[98.18697,17.53791]],[[98.18697,17.53791],[98.17816,17.53744]],[[98.17816,17.53744],[98.17476,17.54279]],[[98.17476,17.54279],[98.16762,17.54767]],[[98.16762,17.54767],[98.15846,17.54345]],[[98.15846,17.54345],[98.14963,17.54112]],[[98.14963,17.54112],[98.13598,17.54173]],[[98.13598,17.54173],[98.12564,17.55823]],[[98.12564,17.55823],[98.12766,17.56767]],[[98.12766,17.56767],[98.11202,17.5774]],[[98.11202,17.5774],[98.11309,17.58125]],[[98.11309,17.58125],[98.1085,17.58234]],[[98.1085,17.58234],[98.10634,17.58713]],[[98.10634,17.58713],[98.10997,17.59336]],[[98.10997,17.59336],[98.1058,17.59489]],[[98.1058,17.59489],[98.10304,17.60036]],[[98.10304,17.60036],[98.1075,17.60472]],[[98.1075,17.60472],[98.10477,17.60831]],[[98.10477,17.60831],[98.10711,17.61114]],[[98.10711,17.61114],[98.09952,17.61443]],[[98.09952,17.61443],[98.10202,17.62098]],[[98.10202,17.62098],[98.0979,17.62136]],[[98.0979,17.62136],[98.08921,17.63718]],[[98.08921,17.63718],[98.0946,17.63741]],[[98.0946,17.63741],[98.10105,17.64642]],[[98.10105,17.64642],[98.10495,17.64605]],[[98.10495,17.64605],[98.10835,17.65146]],[[98.10835,17.65146],[98.11169,17.64971]],[[98.11169,17.64971],[98.11448,17.65435]],[[98.11448,17.65435],[98.12629,17.66027]],[[98.12629,17.66027],[98.12659,17.66386]],[[98.12659,17.66386],[98.13195,17.66564]],[[98.13195,17.66564],[98.13406,17.6708]],[[98.13406,17.6708],[98.14573,17.68511]],[[98.14573,17.68511],[98.14415,17.69052]],[[98.14415,17.69052],[98.15073,17.69979]],[[98.15073,17.69979],[98.14918,17.71119]],[[98.14918,17.71119],[98.14949,17.72345]],[[98.14949,17.72345],[98.15341,17.72971]],[[98.15341,17.72971],[98.15005,17.73437]],[[98.15005,17.73437],[98.14889,17.74609]],[[98.14889,17.74609],[98.13981,17.749]],[[98.13981,17.749],[98.13534,17.75989]],[[98.13534,17.75989],[98.14013,17.76129]],[[98.14013,17.76129],[98.14721,17.77661]],[[98.14721,17.77661],[98.14163,17.78077]],[[98.14163,17.78077],[98.13542,17.78915]],[[98.13542,17.78915],[98.13266,17.79653]],[[98.13266,17.79653],[98.12307,17.79853]],[[98.12307,17.79853],[98.11326,17.79762]],[[98.11326,17.79762],[98.10953,17.79356]],[[98.10953,17.79356],[98.08622,17.81057]],[[98.08622,17.81057],[98.08597,17.8153]],[[98.08597,17.8153],[98.07831,17.82249]],[[98.07831,17.82249],[98.07177,17.8338]],[[98.07177,17.8338],[98.07267,17.83824]],[[98.07267,17.83824],[98.06941,17.84474]],[[98.06941,17.84474],[98.06996,17.85278]],[[98.06996,17.85278],[98.06415,17.85836]],[[98.06415,17.85836],[98.06008,17.85744]],[[98.06008,17.85744],[98.05446,17.86786]],[[98.05446,17.86786],[98.05067,17.87138]],[[98.05067,17.87138],[98.04857,17.86867]],[[98.04857,17.86867],[98.02949,17.87912]],[[98.02949,17.87912],[98.02696,17.88856]],[[98.02696,17.88856],[98.02041,17.88851]],[[98.02041,17.88851],[98.01568,17.89377]],[[98.01568,17.89377],[98.01036,17.89583]],[[98.01036,17.89583],[98.00868,17.90421]],[[98.00868,17.90421],[98.0117,17.90962]],[[98.0117,17.90962],[98.01029,17.91338]],[[98.01029,17.91338],[98.01094,17.92691]],[[98.01094,17.92691],[98.01466,17.91942]],[[98.01466,17.91942],[98.02163,17.92437]],[[98.02163,17.92437],[98.01896,17.93018]],[[98.01896,17.93018],[98.02337,17.93221]],[[98.02337,17.93221],[98.02238,17.93552]],[[98.02238,17.93552],[98.03539,17.94272]],[[98.03539,17.94272],[98.04284,17.94481]],[[98.04284,17.94481],[98.04633,17.94292]],[[98.04633,17.94292],[98.05251,17.94668]],[[98.05251,17.94668],[98.05709,17.95215]],[[98.05709,17.95215],[98.06181,17.94976]],[[98.06181,17.94976],[98.07386,17.95762]],[[98.07386,17.95762],[98.07996,17.9564]],[[98.07996,17.9564],[98.08999,17.96334]],[[98.08999,17.96334],[98.09862,17.96259]],[[98.09862,17.96259],[98.1024,17.95741]],[[98.1024,17.95741],[98.11307,17.95123]],[[98.11307,17.95123],[98.12372,17.94812]],[[98.12372,17.94812],[98.12911,17.94391]],[[98.12911,17.94391],[98.13294,17.9461]],[[98.13294,17.9461],[98.13435,17.94207]],[[98.13435,17.94207],[98.14072,17.94081]],[[98.14072,17.94081],[98.14369,17.93547]],[[98.14369,17.93547],[98.1502,17.94064]],[[98.1502,17.94064],[98.14866,17.94295]],[[98.14866,17.94295],[98.15063,17.95334]],[[98.15063,17.95334],[98.15358,17.95255]],[[98.15358,17.95255],[98.15253,17.9581]],[[98.15253,17.9581],[98.15509,17.96179]],[[98.15509,17.96179],[98.15937,17.96108]],[[98.15937,17.96108],[98.16383,17.97098]],[[98.16383,17.97098],[98.17063,17.97478]],[[98.17063,17.97478],[98.17977,17.97185]],[[98.17977,17.97185],[98.18496,17.9795]],[[98.18496,17.9795],[98.18939,17.97812]],[[98.18939,17.97812],[98.1904,17.9817]],[[98.1904,17.9817],[98.19682,17.9791]],[[98.19682,17.9791],[98.2038,17.98157]],[[98.2038,17.98157],[98.20539,17.98541]],[[98.20539,17.98541],[98.21208,17.98115]],[[98.21208,17.98115],[98.21952,17.98603]],[[98.21952,17.98603],[98.23545,17.98601]],[[98.23545,17.98601],[98.24668,17.99269]],[[98.24668,17.99269],[98.24466,18.00353]],[[98.24466,18.00353],[98.2403,18.0117]],[[98.2403,18.0117],[98.24358,18.0201]],[[98.24358,18.0201],[98.25324,18.02593]],[[98.25324,18.02593],[98.257,18.03694]],[[98.257,18.03694],[98.26522,18.05005]],[[98.26522,18.05005],[98.2726,18.04845]],[[98.2726,18.04845],[98.28256,18.06043]],[[98.28256,18.06043],[98.28373,18.06706]],[[98.28373,18.06706],[98.28699,18.06887]],[[98.28699,18.06887],[98.28945,18.07821]],[[98.28945,18.07821],[98.28679,18.085]],[[98.28679,18.085],[98.28222,18.08278]],[[98.28222,18.08278],[98.27639,18.08484]],[[98.27639,18.08484],[98.27149,18.08306]],[[98.27149,18.08306],[98.27231,18.08713]],[[98.27231,18.08713],[98.25992,18.08561]],[[98.25992,18.08561],[98.25683,18.0877]],[[98.25683,18.0877],[98.2517,18.07789]],[[98.2517,18.07789],[98.24793,18.07593]],[[98.24793,18.07593],[98.24121,18.07894]],[[98.24121,18.07894],[98.24265,18.08796]],[[98.24265,18.08796],[98.22877,18.08904]],[[98.22877,18.08904],[98.23347,18.09219]],[[98.23347,18.09219],[98.2303,18.09874]],[[98.2303,18.09874],[98.22552,18.09545]],[[98.22552,18.09545],[98.22655,18.09195]],[[98.22655,18.09195],[98.21374,18.08726]],[[98.21374,18.08726],[98.20171,18.09073]],[[98.20171,18.09073],[98.20296,18.10008]],[[98.20296,18.10008],[98.19027,18.10993]],[[98.19027,18.10993],[98.19058,18.11399]],[[98.19058,18.11399],[98.16573,18.11905]],[[98.16573,18.11905],[98.16572,18.12625]],[[98.16572,18.12625],[98.16289,18.13399]],[[98.16289,18.13399],[98.16803,18.1412]],[[98.16803,18.1412],[98.16431,18.14312]],[[98.16431,18.14312],[98.15604,18.16131]],[[98.15604,18.16131],[98.15898,18.16751]],[[98.15898,18.16751],[98.16611,18.16738]],[[98.16611,18.16738],[98.1666,18.18225]],[[98.1666,18.18225],[98.17606,18.19208]],[[98.17606,18.19208],[98.17095,18.20165]],[[98.17095,18.20165],[98.16639,18.2042]],[[98.16639,18.2042],[98.16714,18.21292]],[[98.16714,18.21292],[98.16985,18.22041]],[[98.16985,18.22041],[98.1659,18.22474]],[[98.1659,18.22474],[98.15835,18.22193]],[[98.15835,18.22193],[98.15042,18.22446]],[[98.15042,18.22446],[98.14643,18.22775]],[[98.14643,18.22775],[98.14182,18.23854]],[[98.14182,18.23854],[98.13898,18.24071]],[[98.13898,18.24071],[98.14289,18.25224]],[[98.14289,18.25224],[98.13735,18.25795]],[[98.13735,18.25795],[98.13575,18.2691]],[[98.13575,18.2691],[98.13839,18.28116]],[[98.13839,18.28116],[98.1535,18.28626]],[[98.1535,18.28626],[98.15735,18.28296]],[[98.15735,18.28296],[98.1672,18.28206]],[[98.1672,18.28206],[98.18203,18.28635]],[[98.18203,18.28635],[98.19236,18.28505]],[[98.19236,18.28505],[98.20184,18.29144]],[[98.20184,18.29144],[98.20213,18.2963]],[[98.20213,18.2963],[98.20698,18.3028]],[[98.20698,18.3028],[98.20733,18.31023]],[[98.20733,18.31023],[98.20306,18.31374]],[[98.20306,18.31374],[98.20173,18.32244]],[[98.20173,18.32244],[98.19768,18.33329]],[[98.19768,18.33329],[98.1956,18.3302]],[[98.1956,18.3302],[98.1899,18.33643]],[[98.1899,18.33643],[98.1763,18.34622]],[[98.1763,18.34622],[98.1712,18.34556]],[[98.1712,18.34556],[98.16591,18.35326]],[[98.16591,18.35326],[98.16073,18.3567]],[[98.16073,18.3567],[98.15012,18.35966]],[[98.15012,18.35966],[98.14547,18.3629]],[[98.14547,18.3629],[98.13968,18.3717]],[[98.13968,18.3717],[98.1354,18.38592]],[[98.1354,18.38592],[98.12998,18.38628]],[[98.12998,18.38628],[98.12707,18.39336]],[[98.12707,18.39336],[98.12295,18.39416]],[[98.12295,18.39416],[98.12693,18.40273]],[[98.12693,18.40273],[98.12621,18.40593]],[[98.12621,18.40593],[98.11736,18.40936]],[[98.11736,18.40936],[98.11075,18.40913]],[[98.11075,18.40913],[98.10319,18.41368]],[[98.10319,18.41368],[98.10087,18.41835]],[[98.10087,18.41835],[98.09248,18.4212]],[[98.09248,18.4212],[98.08382,18.4174]],[[98.08382,18.4174],[98.07855,18.42151]],[[98.07855,18.42151],[98.07405,18.42995]],[[98.07405,18.42995],[98.08169,18.43928]],[[98.08169,18.43928],[98.0827,18.44592]],[[98.0827,18.44592],[98.09931,18.45671]],[[98.09931,18.45671],[98.10513,18.45784]],[[98.10513,18.45784],[98.10684,18.46674]],[[98.10684,18.46674],[98.11005,18.47172]],[[98.11005,18.47172],[98.11261,18.48445]],[[98.11261,18.48445],[98.1189,18.48951]],[[98.1189,18.48951],[98.1199,18.49917]],[[98.1199,18.49917],[98.12245,18.50257]],[[98.12245,18.50257],[98.12823,18.5006]],[[98.12823,18.5006],[98.13162,18.505]],[[98.13162,18.505],[98.14224,18.50974]],[[98.14224,18.50974],[98.14578,18.51364]],[[98.14578,18.51364],[98.15428,18.51236]],[[98.15428,18.51236],[98.16271,18.52198]],[[98.16271,18.52198],[98.16292,18.52479]],[[98.16292,18.52479],[98.17027,18.52512]],[[98.17027,18.52512],[98.17038,18.5298]],[[98.17038,18.5298],[98.17497,18.54141]],[[98.17497,18.54141],[98.17456,18.54664]],[[98.17456,18.54664],[98.18479,18.54823]],[[98.18479,18.54823],[98.19331,18.54042]],[[98.19331,18.54042],[98.20176,18.54148]],[[98.20176,18.54148],[98.20653,18.53751]],[[98.20653,18.53751],[98.21627,18.54325]],[[98.21627,18.54325],[98.21972,18.54942]],[[98.21972,18.54942],[98.22304,18.54914]],[[98.22304,18.54914],[98.22484,18.5546]],[[98.22484,18.5546],[98.23143,18.55668]],[[98.23143,18.55668],[98.23149,18.56362]],[[98.23149,18.56362],[98.23543,18.56548]],[[98.23543,18.56548],[98.2372,18.57155]],[[98.2372,18.57155],[98.23058,18.58017]],[[98.23058,18.58017],[98.22743,18.58672]],[[98.22743,18.58672],[98.21858,18.58741]],[[98.21858,18.58741],[98.21293,18.59092]],[[98.21293,18.59092],[98.21066,18.60718]],[[98.21066,18.60718],[98.1992,18.60861]],[[98.1992,18.60861],[98.19229,18.60804]],[[98.19229,18.60804],[98.18213,18.61005]],[[98.18213,18.61005],[98.18375,18.61846]],[[98.18375,18.61846],[98.18291,18.62505]],[[98.18291,18.62505],[98.17363,18.62806]],[[98.17363,18.62806],[98.16803,18.62601]],[[98.16803,18.62601],[98.15993,18.62681]],[[98.15993,18.62681],[98.15521,18.63279]],[[98.15521,18.63279],[98.14326,18.63934]],[[98.14326,18.63934],[98.13595,18.63586]],[[98.13595,18.63586],[98.13207,18.63645]],[[98.13207,18.63645],[98.12139,18.63394]],[[98.12139,18.63394],[98.11753,18.63474]],[[98.11753,18.63474],[98.11086,18.64485]],[[98.11086,18.64485],[98.10543,18.64862]],[[98.10543,18.64862],[98.10921,18.6643]],[[98.10921,18.6643],[98.11265,18.66932]],[[98.11265,18.66932],[98.11014,18.67503]],[[98.11014,18.67503],[98.10481,18.67703]],[[98.10481,18.67703],[98.10732,18.68818]],[[98.10732,18.68818],[98.10362,18.69874]],[[98.10362,18.69874],[98.10025,18.70391]],[[98.10025,18.70391],[98.10768,18.71312]],[[98.10768,18.71312],[98.10328,18.71826]],[[98.10328,18.71826],[98.10402,18.72734]],[[98.10402,18.72734],[98.1022,18.7355]],[[98.1022,18.7355],[98.0937,18.73831]],[[98.0937,18.73831],[98.10678,18.74531]],[[98.10678,18.74531],[98.10746,18.75121]],[[98.10746,18.75121],[98.11489,18.75397]],[[98.11489,18.75397],[98.12067,18.75905]],[[98.12067,18.75905],[98.11816,18.76908]],[[98.11816,18.76908],[98.12198,18.77403]],[[98.12198,18.77403],[98.12102,18.77727]],[[98.12102,18.77727],[98.10701,18.78019]],[[98.10701,18.78019],[98.0983,18.77521]],[[98.0983,18.77521],[98.09318,18.77656]],[[98.09318,18.77656],[98.0896,18.78325]],[[98.0896,18.78325],[98.09126,18.78639]],[[98.09126,18.78639],[98.08635,18.79262]],[[98.08635,18.79262],[98.08596,18.80019]],[[98.08596,18.80019],[98.08829,18.80401]],[[98.08829,18.80401],[98.08556,18.80635]],[[98.08556,18.80635],[98.0796,18.81749]],[[98.0796,18.81749],[98.08236,18.83109]],[[98.08236,18.83109],[98.08123,18.83483]],[[98.08123,18.83483],[98.08378,18.84348]],[[98.08378,18.84348],[98.08779,18.85051]],[[98.08779,18.85051],[98.0885,18.85968]],[[98.0885,18.85968],[98.09256,18.87072]],[[98.09256,18.87072],[98.09499,18.87145]],[[98.09499,18.87145],[98.10232,18.8846]],[[98.10232,18.8846],[98.10846,18.88636]],[[98.10846,18.88636],[98.11081,18.89272]],[[98.11081,18.89272],[98.1195,18.89753]],[[98.1195,18.89753],[98.12452,18.90767]],[[98.12452,18.90767],[98.13039,18.912]],[[98.13039,18.912],[98.14411,18.91179]],[[98.14411,18.91179],[98.15035,18.91892]],[[98.15035,18.91892],[98.15624,18.91904]],[[98.15624,18.91904],[98.1588,18.92945]],[[98.1588,18.92945],[98.15696,18.93733]],[[98.15696,18.93733],[98.16574,18.93905]],[[98.16574,18.93905],[98.17183,18.94819]],[[98.17183,18.94819],[98.17285,18.96241]],[[98.17285,18.96241],[98.1651,18.97576]],[[98.1651,18.97576],[98.16367,18.98135]],[[98.16367,18.98135],[98.16924,18.98915]],[[98.16924,18.98915],[98.1692,18.9988]],[[98.1692,18.9988],[98.17876,19.00592]],[[98.17876,19.00592],[98.18602,19.01512]],[[98.18602,19.01512],[98.18627,19.02397]],[[98.18627,19.02397],[98.18441,19.03175]],[[98.18441,19.03175],[98.19086,19.03213]],[[98.19086,19.03213],[98.19088,19.04002]],[[98.19088,19.04002],[98.2058,19.04989]],[[98.2058,19.04989],[98.20844,19.06221]],[[98.20844,19.06221],[98.2126,19.06317]],[[98.2126,19.06317],[98.2168,19.07101]],[[98.2168,19.07101],[98.2245,19.07934]],[[98.2245,19.07934],[98.22581,19.08793]],[[98.22581,19.08793],[98.23127,19.08957]],[[98.23127,19.08957],[98.23683,19.09435]],[[98.23683,19.09435],[98.2375,19.10133]],[[98.2375,19.10133],[98.24323,19.10548]],[[98.24323,19.10548],[98.25015,19.10774]],[[98.25015,19.10774],[98.25214,19.11368]],[[98.25214,19.11368],[98.24757,19.12217]],[[98.24757,19.12217],[98.24071,19.127]],[[98.24071,19.127],[98.24409,19.13401]],[[98.24409,19.13401],[98.24099,19.13795]],[[98.24099,19.13795],[98.24312,19.1535]],[[98.24312,19.1535],[98.24955,19.15654]],[[98.24955,19.15654],[98.25199,19.16087]],[[98.25199,19.16087],[98.26145,19.15753]],[[98.26145,19.15753],[98.26575,19.15205]],[[98.26575,19.15205],[98.26849,19.15571]],[[98.26849,19.15571],[98.28492,19.15276]],[[98.28492,19.15276],[98.29302,19.15566]],[[98.29302,19.15566],[98.31405,19.15306]],[[98.31405,19.15306],[98.3253,19.1558]],[[98.3253,19.1558],[98.33028,19.15032]],[[98.33028,19.15032],[98.34143,19.15162]],[[98.34143,19.15162],[98.33924,19.14306]],[[98.33924,19.14306],[98.34212,19.13804]],[[98.34212,19.13804],[98.34968,19.13139]],[[98.34968,19.13139],[98.34427,19.128]],[[98.34427,19.128],[98.34733,19.10969]],[[98.34733,19.10969],[98.35252,19.10341]],[[98.35252,19.10341],[98.35117,19.09759]],[[98.35117,19.09759],[98.35339,19.09039]],[[98.35339,19.09039],[98.36585,19.08837]],[[98.36585,19.08837],[98.37181,19.08459]],[[98.37181,19.08459],[98.37492,19.07506]],[[98.37492,19.07506],[98.37252,19.06717]],[[98.37252,19.06717],[98.381,19.05863]],[[98.381,19.05863],[98.38293,19.06125]],[[98.38293,19.06125],[98.38833,19.05638]],[[98.38833,19.05638],[98.39298,19.05528]],[[98.39298,19.05528],[98.39597,19.04583]],[[98.39597,19.04583],[98.39974,19.04423]],[[98.39974,19.04423],[98.40078,19.03643]],[[98.40078,19.03643],[98.40717,19.0351]],[[98.40717,19.0351],[98.42098,19.02715]],[[98.42098,19.02715],[98.42336,19.02923]],[[98.42336,19.02923],[98.43021,19.04245]],[[98.43021,19.04245],[98.43921,19.04844]],[[98.43921,19.04844],[98.44474,19.04577]],[[98.44474,19.04577],[98.45403,19.04685]],[[98.45403,19.04685],[98.47118,19.04102]],[[98.47118,19.04102],[98.47497,19.04286]],[[98.47497,19.04286],[98.49248,19.03816]],[[98.49248,19.03816],[98.50564,19.0362]],[[98.50564,19.0362],[98.5154,19.033]],[[98.5154,19.033],[98.52522,19.02632]],[[98.52522,19.02632],[98.52982,19.0253]],[[98.52982,19.0253],[98.54192,19.0262]],[[98.54192,19.0262],[98.55271,19.03242]],[[98.55271,19.03242],[98.55536,19.03805]],[[98.55536,19.03805],[98.56075,19.03727]],[[98.56075,19.03727],[98.5658,19.0395]],[[98.5658,19.0395],[98.56916,19.04621]],[[98.56916,19.04621],[98.58031,19.04848]],[[98.58031,19.04848],[98.58654,19.04725]],[[98.58654,19.04725],[98.59337,19.04312]],[[98.59337,19.04312],[98.60433,19.05361]],[[98.60433,19.05361],[98.61203,19.05571]],[[98.61203,19.05571],[98.61718,19.06579]],[[98.61718,19.06579],[98.62257,19.06782]],[[98.62257,19.06782],[98.62575,19.06441]],[[98.62575,19.06441],[98.6285,19.06701]],[[98.6285,19.06701],[98.64047,19.06781]],[[98.64047,19.06781],[98.6411,19.07524]],[[98.6411,19.07524],[98.64642,19.07702]],[[98.64642,19.07702],[98.64899,19.08105]],[[98.64899,19.08105],[98.65179,19.0957]],[[98.65179,19.0957],[98.6441,19.10523]],[[98.6441,19.10523],[98.64598,19.10994]],[[98.64598,19.10994],[98.64222,19.11404]],[[98.64222,19.11404],[98.64223,19.12272]],[[98.64223,19.12272],[98.63975,19.13411]],[[98.63975,19.13411],[98.63653,19.13993]],[[98.63653,19.13993],[98.6392,19.14899]],[[98.6392,19.14899],[98.6383,19.15465]],[[98.6383,19.15465],[98.62286,19.15772]],[[98.62286,19.15772],[98.62224,19.16855]],[[98.62224,19.16855],[98.61488,19.16914]],[[98.61488,19.16914],[98.60753,19.17302]],[[98.60753,19.17302],[98.60861,19.17837]],[[98.60861,19.17837],[98.6026,19.18263]],[[98.6026,19.18263],[98.59137,19.18658]],[[98.59137,19.18658],[98.58559,19.1861]],[[98.58559,19.1861],[98.57866,19.19606]],[[98.57866,19.19606],[98.57661,19.2022]],[[98.57661,19.2022],[98.56948,19.20572]],[[98.56948,19.20572],[98.56803,19.21056]],[[98.56803,19.21056],[98.57157,19.21643]],[[98.57157,19.21643],[98.57803,19.21486]],[[98.57803,19.21486],[98.58803,19.21892]],[[98.58803,19.21892],[98.59849,19.22851]],[[98.59849,19.22851],[98.59733,19.23791]],[[98.59733,19.23791],[98.5927,19.24211]],[[98.5927,19.24211],[98.58777,19.2533]],[[98.58777,19.2533],[98.58996,19.2575]],[[98.58996,19.2575],[98.59164,19.26785]],[[98.59164,19.26785],[98.59796,19.27088]],[[98.59796,19.27088],[98.59934,19.27635]],[[98.59934,19.27635],[98.60494,19.27977]],[[98.60494,19.27977],[98.59433,19.28919]],[[98.59433,19.28919],[98.60063,19.29945]],[[98.60063,19.29945],[98.5984,19.30126]],[[98.5984,19.30126],[98.60184,19.30713]],[[98.60184,19.30713],[98.60131,19.3166]],[[98.60131,19.3166],[98.59819,19.31776]],[[98.59819,19.31776],[98.59049,19.32746]],[[98.59049,19.32746],[98.58909,19.33224]],[[98.58909,19.33224],[98.59405,19.33967]],[[98.59405,19.33967],[98.59107,19.34271]],[[98.59107,19.34271],[98.59069,19.35399]],[[98.59069,19.35399],[98.59519,19.35398]],[[98.59519,19.35398],[98.59658,19.36227]],[[98.59658,19.36227],[98.59234,19.36746]],[[98.59234,19.36746],[98.58177,19.36614]],[[98.58177,19.36614],[98.57521,19.37935]],[[98.57521,19.37935],[98.57373,19.39154]],[[98.57373,19.39154],[98.57704,19.39846]],[[98.57704,19.39846],[98.5803,19.40011]],[[98.5803,19.40011],[98.58622,19.39796]],[[98.58622,19.39796],[98.59442,19.40353]],[[98.59442,19.40353],[98.59618,19.40698]],[[98.59618,19.40698],[98.58937,19.41381]],[[98.58937,19.41381],[98.58585,19.41505]],[[98.58585,19.41505],[98.58453,19.42659]],[[98.58453,19.42659],[98.58608,19.42922]],[[98.58608,19.42922],[98.58437,19.4398]],[[98.58437,19.4398],[98.58674,19.4479]],[[98.58674,19.4479],[98.59101,19.45056]],[[98.59101,19.45056],[98.59129,19.46287]],[[98.59129,19.46287],[98.59549,19.46206]],[[98.59549,19.46206],[98.60002,19.47105]],[[98.60002,19.47105],[98.59677,19.47392]],[[98.59677,19.47392],[98.59699,19.47929]],[[98.59699,19.47929],[98.59271,19.48317]],[[98.59271,19.48317],[98.5952,19.48912]],[[98.5952,19.48912],[98.58439,19.50568]],[[98.58439,19.50568],[98.57414,19.51245]],[[98.57414,19.51245],[98.56874,19.50764]],[[98.56874,19.50764],[98.56371,19.51929]],[[98.56371,19.51929],[98.56575,19.52372]],[[98.56575,19.52372],[98.56197,19.52954]],[[98.56197,19.52954],[98.56392,19.54434]],[[98.56392,19.54434],[98.56585,19.54662]],[[98.56585,19.54662],[98.54479,19.55607]],[[98.54479,19.55607],[98.54225,19.55854]],[[98.54225,19.55854],[98.54542,19.56326]],[[98.54542,19.56326],[98.54146,19.56854]],[[98.54146,19.56854],[98.54218,19.57803]],[[98.54218,19.57803],[98.53784,19.5845]],[[98.53784,19.5845],[98.53765,19.59203]],[[98.53765,19.59203],[98.5399,19.59824]],[[98.5399,19.59824],[98.53574,19.60181]],[[98.53574,19.60181],[98.54018,19.61106]],[[98.54018,19.61106],[98.53397,19.61442]],[[98.53397,19.61442],[98.527,19.61359]],[[98.527,19.61359],[98.52175,19.61974]],[[98.52175,19.61974],[98.52112,19.62637]],[[98.52112,19.62637],[98.51654,19.62558]],[[98.51654,19.62558],[98.50263,19.63233]],[[98.50263,19.63233],[98.50014,19.63731]],[[98.50014,19.63731],[98.48939,19.64283]],[[98.48939,19.64283],[98.48834,19.64739]],[[98.48834,19.64739],[98.48204,19.65157]],[[98.48204,19.65157],[98.48135,19.6547]],[[98.48135,19.6547],[98.47208,19.65628]],[[98.47208,19.65628],[98.47027,19.66558]],[[98.47027,19.66558],[98.47167,19.67674]],[[98.47167,19.67674],[98.46905,19.67934]],[[98.46905,19.67934],[98.47007,19.68558]],[[98.47007,19.68558],[98.46652,19.69223]],[[98.46652,19.69223],[98.4724,19.69437],[98.47507,19.69803],[98.4856,19.70446],[98.4968,19.70577],[98.50567,19.70977],[98.50856,19.71761],[98.51981,19.71488],[98.52625,19.70623],[98.53,19.70502],[98.53369,19.69597],[98.53898,19.69294],[98.53851,19.68915],[98.54944,19.68651],[98.55781,19.68024],[98.55924,19.67527],[98.56603,19.67211],[98.57158,19.70394],[98.57474,19.70439],[98.58703,19.71232],[98.58996,19.71568],[98.59946,19.71342],[98.60736,19.70927],[98.61277,19.7104],[98.61662,19.71742],[98.62127,19.714],[98.62681,19.71556],[98.62797,19.72051],[98.6255,19.72809],[98.63524,19.72959],[98.63641,19.732],[98.64389,19.73359],[98.65384,19.74012],[98.65996,19.73449],[98.66546,19.74184],[98.6635,19.747],[98.67222,19.75198],[98.67974,19.74951],[98.68462,19.75455],[98.69387,19.75452],[98.70424,19.75818],[98.71206,19.76852],[98.71402,19.76502],[98.72182,19.76092],[98.72924,19.76107],[98.73832,19.75434],[98.74513,19.75585],[98.74965,19.75979],[98.76033,19.75661],[98.7699,19.75577],[98.77502,19.75236],[98.77937,19.75306],[98.78188,19.75791],[98.79217,19.76824],[98.79627,19.77608],[98.80532,19.77687],[98.82223,19.7879],[98.82953,19.79577],[98.82819,19.80281],[98.83322,19.81158],[98.84009,19.81347],[98.84932,19.80816],[98.8513,19.80013],[98.86125,19.79438],[98.87132,19.79176],[98.87185,19.78588],[98.87719,19.782],[98.88417,19.78137],[98.88957,19.77554],[98.89513,19.77294],[98.89867,19.76576],[98.90238,19.76647],[98.91215,19.76159],[98.92049,19.76256],[98.92659,19.76753],[98.92903,19.77362],[98.93285,19.77365],[98.94028,19.76932],[98.952,19.76886],[98.96401,19.77408],[98.96748,19.77739],[98.98612,19.78396],[98.99374,19.78895],[98.99722,19.79363],[99.00326,19.78811],[99.00728,19.79204],[99.00271,19.79719],[99.00901,19.79837],[99.00779,19.80991],[99.01391,19.81169],[99.02327,19.81812],[99.02471,19.82728],[99.02699,19.8273],[99.02962,19.8362],[99.03599,19.86505],[99.03342,19.87028],[99.03597,19.88504],[99.03084,19.88992],[99.02518,19.88858],[99.02545,19.89764],[99.02888,19.90088],[99.02731,19.91556],[99.02348,19.91858],[99.02189,19.92728],[99.02519,19.9298],[99.03032,19.92482],[99.03589,19.93063],[99.04275,19.93139],[99.04109,19.93681],[99.04508,19.94802],[99.04004,19.95547],[99.03864,19.96637],[99.03223,19.97313],[99.03602,19.98073],[99.03763,19.99033],[99.04635,19.99771],[99.05057,19.99776],[99.05433,20.00444],[99.04615,20.00948],[99.04363,20.0163],[99.04563,20.02529],[99.04397,20.03874],[99.04789,20.04551],[99.0532,20.05028],[99.05661,20.06305],[99.06674,20.06837],[99.06979,20.08229],[99.06687,20.08446],[99.06952,20.09319],[99.07773,20.10198],[99.08391,20.09719],[99.09078,20.09748],[99.09242,20.10666],[99.0968,20.10498],[99.09979,20.09787],[99.11941,20.10108],[99.12723,20.10579],[99.1261,20.11944],[99.13961,20.12216],[99.14761,20.1277],[99.15872,20.13301],[99.1634,20.13114],[99.16845,20.13315],[99.1757,20.12933],[99.18164,20.12889],[99.18826,20.1317],[99.19226,20.12827],[99.1997,20.13108],[99.21047,20.1325],[99.21846,20.12848],[99.22548,20.11994],[99.23101,20.12504],[99.23569,20.12305],[99.24255,20.11447],[99.24715,20.11271],[99.25405,20.11442],[99.26541,20.11352],[99.27868,20.11648],[99.28178,20.1141],[99.29373,20.11387],[99.30134,20.11545],[99.30903,20.11266],[99.31259,20.11416],[99.31529,20.11024],[99.33588,20.10978],[99.33824,20.1037],[99.34468,20.10512],[99.3517,20.09635],[99.36574,20.09894],[99.37375,20.09443],[99.37816,20.08946],[99.39198,20.08789],[99.39619,20.0895],[99.40015,20.08621],[99.40683,20.08896],[99.41185,20.0883],[99.41655,20.09348],[99.42335,20.09321],[99.42933,20.09011],[99.44074,20.09215],[99.44458,20.09835],[99.4535,20.09794],[99.46187,20.10433],[99.47201,20.10926],[99.48341,20.10961],[99.49075,20.11517],[99.49906,20.11767],[99.4987,20.12298],[99.49489,20.13356],[99.50008,20.13494],[99.5098,20.1471],[99.51307,20.14743]],[[99.51307,20.14743],[99.52151,20.13776]],[[99.52151,20.13776],[99.52974,20.13753]],[[99.52974,20.13753],[99.54599,20.13088]],[[99.54599,20.13088],[99.55571,20.13035]],[[99.55571,20.13035],[99.57287,20.11949]],[[99.57287,20.11949],[99.57082,20.10781]],[[99.57082,20.10781],[99.55772,20.09807]],[[99.55772,20.09807],[99.55198,20.10412]],[[99.55198,20.10412],[99.53765,20.09949]],[[99.53765,20.09949],[99.53216,20.09466]],[[99.53216,20.09466],[99.51753,20.0915]],[[99.51753,20.0915],[99.5085,20.08818]],[[99.5085,20.08818],[99.50217,20.08306]],[[99.50217,20.08306],[99.49116,20.07899]],[[99.49116,20.07899],[99.48948,20.07235]],[[99.48948,20.07235],[99.4927,20.06429]],[[99.4927,20.06429],[99.50294,20.05944]],[[99.50294,20.05944],[99.50519,20.0537]],[[99.50519,20.0537],[99.49838,20.05203]],[[99.49838,20.05203],[99.49555,20.04734]],[[99.49555,20.04734],[99.48296,20.03825]],[[99.48296,20.03825],[99.4763,20.03938]],[[99.4763,20.03938],[99.47138,20.03396]],[[99.47138,20.03396],[99.46761,20.03384]],[[99.46761,20.03384],[99.46946,20.02962]],[[99.46946,20.02962],[99.46567,20.0259]],[[99.46567,20.0259],[99.47261,20.01772]],[[99.47261,20.01772],[99.47806,20.01513]],[[99.47806,20.01513],[99.46544,20.00526]],[[99.46544,20.00526],[99.46529,20.001]],[[99.46529,20.001],[99.45984,19.99669]],[[99.45984,19.99669],[99.46031,19.9932]],[[99.46031,19.9932],[99.45439,19.98705]],[[99.45439,19.98705],[99.44886,19.97657]],[[99.44886,19.97657],[99.44232,19.97023]],[[99.44232,19.97023],[99.44138,19.96317]],[[99.44138,19.96317],[99.43789,19.96107]],[[99.43789,19.96107],[99.4271,19.9607]],[[99.4271,19.9607],[99.41858,19.95298]],[[99.41858,19.95298],[99.41739,19.94299]],[[99.41739,19.94299],[99.41495,19.94041]],[[99.41495,19.94041],[99.41476,19.93088]],[[99.41476,19.93088],[99.41728,19.92239]],[[99.41728,19.92239],[99.42059,19.91794]],[[99.42059,19.91794],[99.41342,19.91549]],[[99.41342,19.91549],[99.40213,19.9141]],[[99.40213,19.9141],[99.39857,19.9064]],[[99.39857,19.9064],[99.39433,19.90227]],[[99.39433,19.90227],[99.38862,19.9004]],[[99.38862,19.9004],[99.38127,19.88831]],[[99.38127,19.88831],[99.38352,19.88355]],[[99.38352,19.88355],[99.38213,19.87844]],[[99.38213,19.87844],[99.38633,19.87715]],[[99.38633,19.87715],[99.38759,19.8653]],[[99.38759,19.8653],[99.39602,19.85648]],[[99.39602,19.85648],[99.40263,19.85215]],[[99.40263,19.85215],[99.40966,19.8451]],[[99.40966,19.8451],[99.41497,19.8453]],[[99.41497,19.8453],[99.40801,19.83408]],[[99.40801,19.83408],[99.40928,19.82971]],[[99.40928,19.82971],[99.41932,19.82453]],[[99.41932,19.82453],[99.41964,19.81376]],[[99.41964,19.81376],[99.41268,19.81405]],[[99.41268,19.81405],[99.38871,19.81088]],[[99.38871,19.81088],[99.38346,19.8116]],[[99.38346,19.8116],[99.37866,19.8083]],[[99.37866,19.8083],[99.38056,19.79914]],[[99.38056,19.79914],[99.37741,19.79734]],[[99.37741,19.79734],[99.37701,19.77916]],[[99.37701,19.77916],[99.36749,19.77472]],[[99.36749,19.77472],[99.36153,19.77733]],[[99.36153,19.77733],[99.3662,19.76916]],[[99.3662,19.76916],[99.36471,19.76409]],[[99.36471,19.76409],[99.36453,19.75132]],[[99.36453,19.75132],[99.36079,19.74932]],[[99.36079,19.74932],[99.36208,19.73249]],[[99.36208,19.73249],[99.3598,19.7263]],[[99.3598,19.7263],[99.34892,19.72464]],[[99.34892,19.72464],[99.34655,19.72032]],[[99.34655,19.72032],[99.34776,19.7137]],[[99.34776,19.7137],[99.34574,19.71183]],[[99.34574,19.71183],[99.33732,19.7133]],[[99.33732,19.7133],[99.3258,19.71205]],[[99.3258,19.71205],[99.31342,19.70763]],[[99.31342,19.70763],[99.3021,19.68985]],[[99.3021,19.68985],[99.29679,19.6854]],[[99.29679,19.6854],[99.29679,19.68212]],[[99.29679,19.68212],[99.28904,19.67896]],[[99.28904,19.67896],[99.27602,19.6682]],[[99.27602,19.6682],[99.26472,19.66372]],[[99.26472,19.66372],[99.26201,19.65335]],[[99.26201,19.65335],[99.2581,19.65037]],[[99.2581,19.65037],[99.25916,19.63977]],[[99.25916,19.63977],[99.26131,19.63666]],[[99.26131,19.63666],[99.25856,19.62913]],[[99.25856,19.62913],[99.26658,19.62531]],[[99.26658,19.62531],[99.26782,19.62156]],[[99.26782,19.62156],[99.26726,19.61054]],[[99.26726,19.61054],[99.28154,19.60269]],[[99.28154,19.60269],[99.28386,19.60379]],[[99.28386,19.60379],[99.2912,19.59593]],[[99.2912,19.59593],[99.29291,19.59031]],[[99.29291,19.59031],[99.28965,19.58628]],[[99.28965,19.58628],[99.28928,19.58059]],[[99.28928,19.58059],[99.29464,19.57734]],[[99.29464,19.57734],[99.29469,19.56769]],[[99.29469,19.56769],[99.30566,19.55482]],[[99.30566,19.55482],[99.31545,19.55558]],[[99.31545,19.55558],[99.32012,19.54224]],[[99.32012,19.54224],[99.32623,19.53922]],[[99.32623,19.53922],[99.32265,19.53509]],[[99.32265,19.53509],[99.3137,19.53502]],[[99.3137,19.53502],[99.3123,19.529]],[[99.3123,19.529],[99.30592,19.52663]],[[99.30592,19.52663],[99.30696,19.52109]],[[99.30696,19.52109],[99.30178,19.51741]],[[99.30178,19.51741],[99.29919,19.50761]],[[99.29919,19.50761],[99.29463,19.49855]],[[99.29463,19.49855],[99.29495,19.49242]],[[99.29495,19.49242],[99.29868,19.48701]],[[99.29868,19.48701],[99.30617,19.4896]],[[99.30617,19.4896],[99.30793,19.48813]],[[99.30793,19.48813],[99.30754,19.47856]],[[99.30754,19.47856],[99.3054,19.47462]],[[99.3054,19.47462],[99.31056,19.47132]],[[99.31056,19.47132],[99.31703,19.45519]],[[99.31703,19.45519],[99.31458,19.45214]],[[99.31458,19.45214],[99.31334,19.44075]],[[99.31334,19.44075],[99.30889,19.42899]],[[99.30889,19.42899],[99.31435,19.42495]],[[99.31435,19.42495],[99.31491,19.41855]],[[99.31491,19.41855],[99.31871,19.41412]],[[99.31871,19.41412],[99.32055,19.40611]],[[99.32055,19.40611],[99.33057,19.39842]],[[99.33057,19.39842],[99.32356,19.39723]],[[99.32356,19.39723],[99.32766,19.38395]],[[99.32766,19.38395],[99.33083,19.38177]],[[99.33083,19.38177],[99.33112,19.36925]],[[99.33112,19.36925],[99.32989,19.36468]],[[99.32989,19.36468],[99.33273,19.36229]],[[99.33273,19.36229],[99.33429,19.34859]],[[99.33429,19.34859],[99.33346,19.33951]],[[99.33346,19.33951],[99.33495,19.33641]],[[99.33495,19.33641],[99.33255,19.32733]],[[99.33255,19.32733],[99.32776,19.3237]],[[99.32776,19.3237],[99.32725,19.31924]],[[99.32725,19.31924],[99.33199,19.31063]],[[99.33199,19.31063],[99.33273,19.30361]],[[99.33273,19.30361],[99.33904,19.29873]],[[99.33904,19.29873],[99.33691,19.29114]],[[99.33691,19.29114],[99.34005,19.28553]],[[99.34005,19.28553],[99.33715,19.28514]],[[99.33715,19.28514],[99.33922,19.27468]],[[99.33922,19.27468],[99.34295,19.26806]],[[99.34295,19.26806],[99.33597,19.26217]],[[99.33597,19.26217],[99.33762,19.25581]],[[99.33762,19.25581],[99.33231,19.24974]],[[99.33231,19.24974],[99.32898,19.24937]],[[99.32898,19.24937],[99.32125,19.2437]],[[99.32125,19.2437],[99.32218,19.23414]],[[99.32218,19.23414],[99.31704,19.22823]],[[99.31704,19.22823],[99.31155,19.22544]],[[99.31155,19.22544],[99.31005,19.21824]],[[99.31005,19.21824],[99.31454,19.20925]],[[99.31454,19.20925],[99.3089,19.20499]],[[99.3089,19.20499],[99.30647,19.19411]],[[99.30647,19.19411],[99.30364,19.19356]],[[99.30364,19.19356],[99.30648,19.1886]],[[99.30648,19.1886],[99.30482,19.18396]],[[99.30482,19.18396],[99.30627,19.17588]],[[99.30627,19.17588],[99.3141,19.172]],[[99.3141,19.172],[99.31945,19.16472]],[[99.31945,19.16472],[99.31955,19.15407]],[[99.31955,19.15407],[99.32279,19.14739]],[[99.32279,19.14739],[99.32403,19.13567]],[[99.32403,19.13567],[99.3192,19.13277]],[[99.3192,19.13277],[99.32108,19.12361]],[[99.32108,19.12361],[99.32882,19.11796]],[[99.32882,19.11796],[99.33005,19.11299]],[[99.33005,19.11299],[99.33787,19.10379]],[[99.33787,19.10379],[99.34066,19.09565]],[[99.34066,19.09565],[99.34357,19.09381]],[[99.34357,19.09381],[99.34432,19.08649]],[[99.34432,19.08649],[99.35099,19.08722]],[[99.35099,19.08722],[99.36445,19.08004]],[[99.36445,19.08004],[99.36397,19.07314]],[[99.36397,19.07314],[99.36879,19.06771]],[[99.36879,19.06771],[99.38159,19.0652]],[[99.38159,19.0652],[99.38508,19.05533]],[[99.38508,19.05533],[99.38275,19.05347]],[[99.38275,19.05347],[99.38147,19.04153]],[[99.38147,19.04153],[99.38595,19.03867]],[[99.38595,19.03867],[99.38985,19.02011]],[[99.38985,19.02011],[99.39326,19.02027]],[[99.39326,19.02027],[99.39637,19.01478]],[[99.39637,19.01478],[99.39588,19.00858]],[[99.39588,19.00858],[99.4018,19.00015]],[[99.31734,18.53217],[99.3169,18.52617]],[[99.3169,18.52617],[99.31957,18.51935]],[[99.31957,18.51935],[99.31961,18.5042]],[[99.31961,18.5042],[99.32152,18.50029]],[[99.32152,18.50029],[99.30851,18.49604]],[[99.30851,18.49604],[99.2978,18.48884]],[[99.2978,18.48884],[99.28538,18.49285]],[[99.28538,18.49285],[99.28513,18.49716]],[[99.28513,18.49716],[99.28049,18.49991]],[[99.28049,18.49991],[99.26699,18.49479]],[[99.26699,18.49479],[99.2565,18.49664]],[[99.2565,18.49664],[99.25603,18.49216]],[[99.25603,18.49216],[99.24337,18.48091]],[[99.24337,18.48091],[99.2395,18.47272]],[[99.2395,18.47272],[99.23758,18.44791]],[[99.23758,18.44791],[99.2313,18.44464]],[[99.2313,18.44464],[99.22092,18.42985]],[[99.22092,18.42985],[99.21445,18.4296]],[[99.21445,18.4296],[99.20245,18.42438]],[[99.20245,18.42438],[99.19878,18.42063]],[[99.19878,18.42063],[99.19775,18.40982]],[[99.19775,18.40982],[99.19074,18.40321]],[[99.19074,18.40321],[99.18861,18.39551]],[[99.18861,18.39551],[99.18968,18.38862]],[[99.18968,18.38862],[99.18444,18.38551]],[[99.18444,18.38551],[99.17098,18.3741]],[[99.17098,18.3741],[99.16802,18.37494]],[[99.16802,18.37494],[99.16749,18.36357]],[[99.16749,18.36357],[99.16898,18.34967]],[[99.16898,18.34967],[99.16509,18.34051]],[[99.16509,18.34051],[99.15946,18.34044]],[[99.15946,18.34044],[99.15976,18.33603]],[[99.15976,18.33603],[99.15337,18.33007]],[[99.15337,18.33007],[99.15109,18.32307]],[[99.15109,18.32307],[99.15243,18.31572]],[[99.15243,18.31572],[99.14714,18.31335]],[[99.14714,18.31335],[99.13248,18.31435]],[[99.13248,18.31435],[99.12384,18.31213]],[[99.12384,18.31213],[99.12318,18.30018]],[[99.12318,18.30018],[99.11278,18.29521]],[[99.11278,18.29521],[99.11453,18.28898]],[[99.11453,18.28898],[99.11564,18.27067]],[[99.11564,18.27067],[99.11222,18.26667]],[[99.11222,18.26667],[99.10701,18.26521]],[[99.10701,18.26521],[99.09794,18.27247]],[[99.09794,18.27247],[99.09387,18.27848]],[[99.09387,18.27848],[99.08988,18.28004]],[[99.08988,18.28004],[99.08269,18.27805]],[[99.08269,18.27805],[99.08223,18.2696]],[[99.08223,18.2696],[99.07714,18.2688]],[[99.07714,18.2688],[99.06647,18.27226]],[[99.06647,18.27226],[99.05464,18.27032]],[[99.05464,18.27032],[99.05205,18.26594]],[[99.05205,18.26594],[99.04206,18.26457]],[[99.04206,18.26457],[99.02921,18.26505]],[[99.02921,18.26505],[99.0288,18.26149]],[[99.0288,18.26149],[99.01789,18.25265]],[[99.01789,18.25265],[99.02032,18.25097]],[[99.02032,18.25097],[99.02277,18.23646]],[[99.02277,18.23646],[99.0273,18.23273]],[[99.0273,18.23273],[99.02998,18.2238]],[[99.02998,18.2238],[99.02914,18.21606]],[[99.02914,18.21606],[99.0358,18.20492]],[[99.0358,18.20492],[99.03766,18.19935]],[[99.03766,18.19935],[99.04373,18.19628]],[[99.04373,18.19628],[99.04558,18.19042]],[[99.04558,18.19042],[99.0507,18.185]],[[99.0507,18.185],[99.05688,18.17266]],[[99.05688,18.17266],[99.05236,18.16843]],[[99.05236,18.16843],[99.05143,18.16339]],[[99.05143,18.16339],[99.05856,18.15605]],[[99.05856,18.15605],[99.05957,18.14947]],[[99.05957,18.14947],[99.06395,18.14452]],[[99.06395,18.14452],[99.06531,18.13807]],[[99.06531,18.13807],[99.06473,18.12462]],[[99.06473,18.12462],[99.06656,18.11808]],[[99.06656,18.11808],[99.06633,18.10812]],[[99.06633,18.10812],[99.07047,18.10558]],[[99.07047,18.10558],[99.06816,18.09619]],[[99.06816,18.09619],[99.07204,18.09403]],[[99.07204,18.09403],[99.07321,18.08374]],[[99.07321,18.08374],[99.07113,18.07438]],[[99.07113,18.07438],[99.07067,18.0611]],[[99.07067,18.0611],[99.07539,18.05307]],[[99.07539,18.05307],[99.07983,18.05041]],[[99.07983,18.05041],[99.08387,18.04307]],[[99.08387,18.04307],[99.08344,18.03191]],[[99.08344,18.03191],[99.08813,18.02579]],[[99.08813,18.02579],[99.09228,18.02432]],[[99.09228,18.02432],[99.09278,18.01456]],[[99.09278,18.01456],[99.09846,18.01005]],[[99.09846,18.01005],[99.10085,17.99875]],[[99.10085,17.99875],[99.09527,17.99748]],[[99.09527,17.99748],[99.09489,17.99364]],[[99.09489,17.99364],[99.10108,17.98353]],[[99.10108,17.98353],[99.09558,17.97442]],[[99.09558,17.97442],[99.09734,17.96809]],[[99.09734,17.96809],[99.09421,17.96224]],[[99.09421,17.96224],[99.09495,17.95485]],[[99.09495,17.95485],[99.10108,17.94781]],[[99.10108,17.94781],[99.10606,17.94935]],[[99.10606,17.94935],[99.11368,17.94834]],[[99.11368,17.94834],[99.11593,17.94427]],[[99.11593,17.94427],[99.11561,17.93167]],[[99.11561,17.93167],[99.11248,17.92824]],[[99.11248,17.92824],[99.1114,17.92039]],[[99.1114,17.92039],[99.10816,17.91334]],[[99.10816,17.91334],[99.11363,17.91251]],[[99.11363,17.91251],[99.11778,17.91564]],[[99.11778,17.91564],[99.13125,17.91432]],[[99.13125,17.91432],[99.13742,17.91108]],[[99.13742,17.91108],[99.14592,17.91118]],[[99.14592,17.91118],[99.14415,17.90161]],[[99.14415,17.90161],[99.14855,17.89535]],[[99.14855,17.89535],[99.15419,17.89385]],[[99.15419,17.89385],[99.1631,17.8864]],[[99.1631,17.8864],[99.16214,17.87769]],[[99.16214,17.87769],[99.17526,17.86864]],[[99.17526,17.86864],[99.17943,17.86176]],[[99.17943,17.86176],[99.18332,17.86053]],[[99.18332,17.86053],[99.18368,17.85023]],[[99.18368,17.85023],[99.18019,17.84602]],[[99.18019,17.84602],[99.16315,17.84675]],[[99.16315,17.84675],[99.1591,17.84323]],[[99.1591,17.84323],[99.16993,17.82372]],[[99.16993,17.82372],[99.17333,17.82182]],[[99.17333,17.82182],[99.17014,17.81517]],[[99.17014,17.81517],[99.17441,17.81464]],[[99.17441,17.81464],[99.17468,17.81043]],[[99.17468,17.81043],[99.1598,17.80795]],[[99.1598,17.80795],[99.1544,17.81342]],[[99.1544,17.81342],[99.1471,17.81318]],[[99.1471,17.81318],[99.1433,17.81729]],[[99.1433,17.81729],[99.13556,17.82104]],[[99.13556,17.82104],[99.12809,17.81608]],[[99.12809,17.81608],[99.12274,17.81921]],[[99.12274,17.81921],[99.10999,17.81616]],[[99.10999,17.81616],[99.10318,17.81261]],[[99.10318,17.81261],[99.10901,17.80353]],[[99.10901,17.80353],[99.10982,17.79276]],[[99.10982,17.79276],[99.11721,17.79111]],[[99.11721,17.79111],[99.11693,17.78402]],[[99.11693,17.78402],[99.12466,17.7778]],[[99.12466,17.7778],[99.12147,17.77367]],[[99.12147,17.77367],[99.12565,17.77155]],[[99.12565,17.77155],[99.12393,17.7685]],[[99.12393,17.7685],[99.11501,17.76979]],[[99.11501,17.76979],[99.11178,17.76786]],[[99.11178,17.76786],[99.11044,17.75324]],[[99.11044,17.75324],[99.10465,17.74815]],[[99.10465,17.74815],[99.10448,17.74107]],[[99.10448,17.74107],[99.09195,17.74202]],[[99.09195,17.74202],[99.08577,17.7389]],[[99.08577,17.7389],[99.08307,17.73012]],[[99.08307,17.73012],[99.08258,17.72119]],[[99.08258,17.72119],[99.08476,17.71777]],[[99.08476,17.71777],[99.08343,17.70974]],[[99.08343,17.70974],[99.0874,17.70324]],[[99.0874,17.70324],[99.08109,17.69808]],[[99.08109,17.69808],[99.07568,17.69828]],[[99.07568,17.69828],[99.06555,17.69278]],[[99.06555,17.69278],[99.06234,17.68339]],[[99.06234,17.68339],[99.06514,17.67272]],[[99.06514,17.67272],[99.06148,17.66902]],[[99.06148,17.66902],[99.06001,17.66139]],[[99.06001,17.66139],[99.06076,17.65271]],[[99.06076,17.65271],[99.06337,17.64361]],[[99.06337,17.64361],[99.05902,17.62918]],[[99.05902,17.62918],[99.05964,17.62633]],[[99.05964,17.62633],[99.05495,17.62281]],[[99.05495,17.62281],[99.04863,17.61175]],[[99.04863,17.61175],[99.03882,17.61499]],[[99.03882,17.61499],[99.03673,17.61261]],[[99.03673,17.61261],[99.02898,17.61466]],[[99.02898,17.61466],[99.0185,17.61495]],[[99.0185,17.61495],[99.01472,17.62214]],[[99.01472,17.62214],[99.00936,17.62236]],[[99.00936,17.62236],[99.00553,17.62971]],[[99.00553,17.62971],[98.99848,17.63716]],[[98.99848,17.63716],[98.99006,17.63427]],[[98.99006,17.63427],[98.97553,17.64347]],[[98.97553,17.64347],[98.96254,17.64006]],[[98.96254,17.64006],[98.95518,17.64136]],[[98.95518,17.64136],[98.95063,17.64578]],[[98.95063,17.64578],[98.94429,17.64679]],[[98.94429,17.64679],[98.93808,17.64087]],[[98.93808,17.64087],[98.92725,17.64377]],[[98.92725,17.64377],[98.91978,17.64078]],[[98.91978,17.64078],[98.90575,17.64894]],[[98.90575,17.64894],[98.90272,17.63994]],[[98.90272,17.63994],[98.89567,17.6396]],[[98.89567,17.6396],[98.89348,17.6339]],[[98.89348,17.6339],[98.88783,17.62955]],[[98.88783,17.62955],[98.88087,17.62718]],[[98.88087,17.62718],[98.8845,17.62139]],[[98.8845,17.62139],[98.88088,17.61182]],[[98.88088,17.61182],[98.88005,17.60517]],[[98.88005,17.60517],[98.88702,17.60163]],[[98.88702,17.60163],[98.8878,17.58943]],[[98.8878,17.58943],[98.91073,17.58225]],[[98.91073,17.58225],[98.90808,17.57587]],[[98.90808,17.57587],[98.90875,17.57146]],[[98.90875,17.57146],[98.90458,17.56092]],[[98.90458,17.56092],[98.90657,17.55517]],[[98.90657,17.55517],[98.9063,17.54723]],[[98.9063,17.54723],[98.91015,17.53671]],[[98.91015,17.53671],[98.90259,17.53205]],[[98.90259,17.53205],[98.89437,17.51885]],[[98.89437,17.51885],[98.89033,17.51803]],[[98.89033,17.51803],[98.88941,17.51382]],[[98.88941,17.51382],[98.88196,17.50942]],[[98.88196,17.50942],[98.87943,17.49772]],[[98.87943,17.49772],[98.87963,17.49095]],[[98.87963,17.49095],[98.87141,17.4926]],[[98.87141,17.4926],[98.86991,17.50027]],[[98.86991,17.50027],[98.85906,17.51098]],[[98.85906,17.51098],[98.8534,17.51375]],[[98.8534,17.51375],[98.83896,17.51472]],[[98.83896,17.51472],[98.83383,17.51228]],[[98.83383,17.51228],[98.83091,17.51505]],[[98.83091,17.51505],[98.81948,17.51045]],[[98.81948,17.51045],[98.81589,17.50726]],[[98.81589,17.50726],[98.81435,17.49958]],[[98.81435,17.49958],[98.81181,17.4981]],[[98.81181,17.4981],[98.79571,17.4988]],[[98.79571,17.4988],[98.7855,17.49604]],[[98.7855,17.49604],[98.77693,17.48972]],[[98.77693,17.48972],[98.76378,17.48418]],[[98.76378,17.48418],[98.75716,17.47883]],[[98.75716,17.47883],[98.755,17.47233]],[[98.755,17.47233],[98.74994,17.46809]],[[98.74994,17.46809],[98.74229,17.46844]],[[98.74229,17.46844],[98.7333,17.46496]],[[98.7333,17.46496],[98.72398,17.46365]],[[98.72398,17.46365],[98.71865,17.46561]],[[98.71865,17.46561],[98.71433,17.45577]],[[98.71433,17.45577],[98.71074,17.45419]],[[98.71074,17.45419],[98.70164,17.44499]],[[98.70164,17.44499],[98.69931,17.4342]],[[98.69931,17.4342],[98.69096,17.42589]],[[98.69096,17.42589],[98.69072,17.4332]],[[98.69072,17.4332],[98.68693,17.44123]],[[98.68693,17.44123],[98.68093,17.44716]],[[98.68093,17.44716],[98.68308,17.45422]],[[98.68308,17.45422],[98.68272,17.46046]],[[98.68272,17.46046],[98.68806,17.47391]],[[98.68806,17.47391],[98.69356,17.47755]],[[98.69356,17.47755],[98.70004,17.47876]],[[98.70004,17.47876],[98.70523,17.48599]],[[98.70523,17.48599],[98.70432,17.49483]],[[98.70432,17.49483],[98.70558,17.5012]],[[98.70558,17.5012],[98.70201,17.50433]],[[98.70201,17.50433],[98.69689,17.51527]],[[98.69689,17.51527],[98.70263,17.52662]],[[98.70263,17.52662],[98.70196,17.53575]],[[98.70196,17.53575],[98.70397,17.54262]],[[98.70397,17.54262],[98.70243,17.55453]],[[98.70243,17.55453],[98.69567,17.57415]],[[98.69567,17.57415],[98.69428,17.58455]],[[98.69428,17.58455],[98.68616,17.59126]],[[98.68616,17.59126],[98.68259,17.59683]],[[98.68259,17.59683],[98.68437,17.60395]],[[98.68437,17.60395],[98.68974,17.61484]],[[98.68974,17.61484],[98.68835,17.62422]],[[98.68835,17.62422],[98.69163,17.63147]],[[98.69163,17.63147],[98.6869,17.63825]],[[98.6869,17.63825],[98.68462,17.64865]],[[98.68462,17.64865],[98.68934,17.65555]],[[98.68934,17.65555],[98.68394,17.66365]],[[98.68394,17.66365],[98.6879,17.66712]],[[98.6879,17.66712],[98.70045,17.66748]],[[98.70045,17.66748],[98.71558,17.67367]],[[98.71558,17.67367],[98.72451,17.67595]],[[98.72451,17.67595],[98.72969,17.68113]],[[98.72969,17.68113],[98.7365,17.68228]],[[98.7365,17.68228],[98.74507,17.68947]],[[98.74507,17.68947],[98.74544,17.69793]],[[98.74544,17.69793],[98.74153,17.7046]],[[98.74153,17.7046],[98.73556,17.71]],[[98.73556,17.71],[98.72572,17.71539]],[[98.72572,17.71539],[98.72451,17.72539]],[[98.72451,17.72539],[98.71671,17.73252]],[[98.71671,17.73252],[98.70942,17.73629]],[[98.70942,17.73629],[98.70334,17.74377]],[[98.70334,17.74377],[98.70546,17.76094]],[[98.70546,17.76094],[98.69944,17.76639]],[[98.69944,17.76639],[98.69468,17.77406]],[[98.69468,17.77406],[98.68673,17.78227]],[[98.68673,17.78227],[98.68538,17.79096]],[[99.69362,19.38268],[99.69545,19.38165]],[[99.69545,19.38165],[99.69147,19.36105]],[[99.69147,19.36105],[99.69478,19.35448]],[[99.69478,19.35448],[99.69946,19.35185]],[[99.69946,19.35185],[99.70133,19.34664]],[[99.70133,19.34664],[99.70732,19.34472]],[[99.70732,19.34472],[99.70831,19.33031]],[[99.70831,19.33031],[99.70182,19.31809]],[[99.70182,19.31809],[99.69803,19.30609]],[[99.69803,19.30609],[99.70202,19.29872]],[[99.70202,19.29872],[99.70281,19.28548]],[[99.70281,19.28548],[99.70506,19.27782]],[[99.70506,19.27782],[99.70221,19.25489]],[[99.70221,19.25489],[99.70571,19.24952]],[[99.70571,19.24952],[99.70314,19.2452]],[[99.70314,19.2452],[99.70902,19.23876]],[[99.70902,19.23876],[99.71165,19.22574]],[[99.71165,19.22574],[99.71479,19.22163]],[[99.71479,19.22163],[99.7141,19.21147]],[[99.7141,19.21147],[99.71914,19.20712]],[[99.71914,19.20712],[99.72223,19.19848]],[[99.72223,19.19848],[99.72184,19.19266]],[[99.72184,19.19266],[99.72842,19.18182]],[[99.72842,19.18182],[99.72614,19.16989]],[[99.72614,19.16989],[99.72988,19.16943]],[[99.72988,19.16943],[99.73438,19.16268]],[[99.73438,19.16268],[99.73935,19.15875]],[[99.73935,19.15875],[99.74179,19.15282]],[[99.74179,19.15282],[99.74319,19.14272]],[[99.74319,19.14272],[99.75799,19.13479]],[[99.75799,19.13479],[99.75916,19.12896]],[[99.75916,19.12896],[99.75745,19.12241]],[[99.75745,19.12241],[99.76023,19.11519]],[[99.76023,19.11519],[99.76514,19.09657]],[[99.76514,19.09657],[99.76332,19.09127]],[[99.76332,19.09127],[99.76938,19.07777]],[[99.76938,19.07777],[99.77427,19.07603]],[[99.77427,19.07603],[99.77327,19.06421]],[[99.77327,19.06421],[99.78243,19.05875]],[[99.78243,19.05875],[99.78328,19.05537]],[[99.78328,19.05537],[99.78952,19.05579]],[[99.78952,19.05579],[99.79601,19.05318]],[[99.79601,19.05318],[99.79962,19.05646]],[[99.79962,19.05646],[99.81253,19.05836]],[[99.81253,19.05836],[99.81483,19.06251]],[[99.81483,19.06251],[99.82007,19.06045]],[[99.82007,19.06045],[99.81866,19.05557]],[[99.81866,19.05557],[99.82186,19.04775]],[[99.82186,19.04775],[99.82966,19.04045]],[[99.82966,19.04045],[99.83347,19.03967]],[[99.83347,19.03967],[99.83008,19.03266]],[[99.83008,19.03266],[99.83506,19.02644]],[[99.83506,19.02644],[99.83391,19.01666]],[[99.83391,19.01666],[99.82917,19.01252]],[[99.82917,19.01252],[99.8307,19.00825]],[[99.8307,19.00825],[99.83915,19.00135]],[[99.83915,19.00135],[99.84486,19.0041]],[[99.84486,19.0041],[99.85505,19.00258]],[[99.85505,19.00258],[99.85681,19.00038]],[[99.85681,19.00038],[99.87274,18.99662]],[[99.87274,18.99662],[99.87868,19.00038]],[[99.87868,19.00038],[99.88262,18.9999]],[[99.88262,18.9999],[99.88439,18.99379]],[[99.88439,18.99379],[99.88994,18.9878]],[[99.88994,18.9878],[99.89233,18.98928]],[[99.89233,18.98928],[99.90797,18.98364]],[[99.90797,18.98364],[99.9099,18.98816]],[[99.9099,18.98816],[99.91449,18.98302]],[[99.91449,18.98302],[99.92621,18.97879]],[[99.92621,18.97879],[99.92704,18.97437]],[[99.92704,18.97437],[99.93992,18.95971]],[[99.93992,18.95971],[99.94067,18.95485]],[[99.94067,18.95485],[99.94674,18.94246]],[[99.94674,18.94246],[99.95355,18.93475]],[[99.95355,18.93475],[99.965,18.92825]],[[99.965,18.92825],[99.96686,18.92414]],[[99.96686,18.92414],[99.97573,18.91865]],[[99.97573,18.91865],[99.97944,18.9202]],[[99.97944,18.9202],[99.98884,18.91337]],[[99.98884,18.91337],[99.99628,18.90509]],[[99.99628,18.90509],[100.00183,18.90755]],[[100.00183,18.90755],[100.00858,18.90443]],[[100.00858,18.90443],[100.01649,18.89597]],[[100.01649,18.89597],[100.02273,18.8955]],[[100.02273,18.8955],[100.03336,18.90242]],[[100.03336,18.90242],[100.03713,18.8979]],[[100.03713,18.8979],[100.0391,18.89124]],[[100.0391,18.89124],[100.04324,18.88977]],[[100.04324,18.88977],[100.04645,18.88466]],[[100.04645,18.88466],[100.05118,18.88559]],[[100.05118,18.88559],[100.05611,18.88079]],[[100.05611,18.88079],[100.06115,18.88]],[[100.06115,18.88],[100.06706,18.86673]],[[100.06706,18.86673],[100.07017,18.8655]],[[100.07017,18.8655],[100.06973,18.8572]],[[100.06973,18.8572],[100.06665,18.85104]],[[100.06665,18.85104],[100.06906,18.84888]],[[100.06906,18.84888],[100.06807,18.84283]],[[100.06807,18.84283],[100.06438,18.84085]],[[100.06438,18.84085],[100.0609,18.82959]],[[100.0609,18.82959],[100.06611,18.82755]],[[100.06611,18.82755],[100.06595,18.81755]],[[100.06595,18.81755],[100.06894,18.81631]],[[100.06894,18.81631],[100.07721,18.82004]],[[100.07721,18.82004],[100.0813,18.82485]],[[100.0813,18.82485],[100.08787,18.82727]],[[100.08787,18.82727],[100.10102,18.81389]],[[100.10102,18.81389],[100.10626,18.81366]],[[100.10626,18.81366],[100.11402,18.80855]],[[100.11402,18.80855],[100.11549,18.79988]],[[100.11549,18.79988],[100.12106,18.7982]],[[100.12106,18.7982],[100.12599,18.78741]],[[100.12599,18.78741],[100.1228,18.7818]],[[100.1228,18.7818],[100.11454,18.77644]],[[100.11454,18.77644],[100.11581,18.7655]],[[100.11581,18.7655],[100.10834,18.76221]],[[100.10834,18.76221],[100.10693,18.75624]],[[100.10693,18.75624],[100.10026,18.75215]],[[100.10026,18.75215],[100.10163,18.73755]],[[100.10163,18.73755],[100.09636,18.7305]],[[100.09636,18.7305],[100.1015,18.72283]],[[100.1015,18.72283],[100.10021,18.71531]],[[100.10021,18.71531],[100.10283,18.71099]],[[100.10283,18.71099],[100.10292,18.70469]],[[100.10292,18.70469],[100.10733,18.70374]],[[100.10733,18.70374],[100.10853,18.69156]],[[100.10853,18.69156],[100.10458,18.68642]],[[100.10458,18.68642],[100.10935,18.68056]],[[100.10935,18.68056],[100.11132,18.67132]],[[100.11132,18.67132],[100.10531,18.6637]],[[100.10531,18.6637],[100.10646,18.65165]],[[100.10646,18.65165],[100.10364,18.64884]],[[100.10364,18.64884],[100.09954,18.62892]],[[100.09954,18.62892],[100.10553,18.62128]],[[100.10553,18.62128],[100.10642,18.61548]],[[100.10642,18.61548],[100.11597,18.60997]],[[100.11597,18.60997],[100.12086,18.60232]],[[100.12086,18.60232],[100.10901,18.58891]],[[100.10901,18.58891],[100.11127,18.57628]],[[100.11127,18.57628],[100.10664,18.57303]],[[100.10664,18.57303],[100.10593,18.56754]],[[100.10593,18.56754],[100.10928,18.56018]],[[100.10928,18.56018],[100.10526,18.55928]],[[100.10526,18.55928],[100.09463,18.5701]],[[100.09463,18.5701],[100.08913,18.57275]],[[100.08913,18.57275],[100.07851,18.56284]],[[100.07851,18.56284],[100.06295,18.56091]],[[100.06295,18.56091],[100.0559,18.55738]],[[100.0559,18.55738],[100.05538,18.54992]],[[100.05538,18.54992],[100.05186,18.5423]],[[100.05186,18.5423],[100.05286,18.53903]],[[100.05286,18.53903],[100.04929,18.52967]],[[100.04929,18.52967],[100.05651,18.5271]],[[100.05651,18.5271],[100.05261,18.51889]],[[100.05261,18.51889],[100.04968,18.49766]],[[100.04968,18.49766],[100.0387,18.48525]],[[100.0387,18.48525],[100.03851,18.48307]],[[100.03851,18.48307],[100.02986,18.46931]],[[100.02986,18.46931],[100.02342,18.46957]],[[100.02342,18.46957],[100.02864,18.46491]],[[100.02864,18.46491],[100.02065,18.44726]],[[100.02065,18.44726],[100.00539,18.44586]],[[100.00539,18.44586],[100.01048,18.44292]],[[100.01048,18.44292],[100.01419,18.43767]],[[100.01419,18.43767],[100.00655,18.4228]],[[100.00655,18.4228],[100.00444,18.41555]],[[100.00444,18.41555],[100.00689,18.41169]],[[100.00689,18.41169],[99.98928,18.39722]],[[99.98928,18.39722],[99.98732,18.39175]],[[99.98732,18.39175],[99.97681,18.39089]],[[99.97681,18.39089],[99.96779,18.39402]],[[99.96779,18.39402],[99.97063,18.3901]],[[99.97063,18.3901],[99.9665,18.3831]],[[99.9665,18.3831],[99.96041,18.38379]],[[99.96041,18.38379],[99.95575,18.37729]],[[99.95575,18.37729],[99.95013,18.36446]],[[99.95013,18.36446],[99.95091,18.35631]],[[99.95091,18.35631],[99.94191,18.3543]],[[99.94191,18.3543],[99.93832,18.34527]],[[99.93832,18.34527],[99.93831,18.33409]],[[99.93831,18.33409],[99.93577,18.32707]],[[99.93577,18.32707],[99.92699,18.31338]],[[99.92699,18.31338],[99.92117,18.3069]],[[99.92117,18.3069],[99.91972,18.30094]],[[99.91972,18.30094],[99.90688,18.28052]],[[99.90688,18.28052],[99.89614,18.27972]],[[99.89614,18.27972],[99.88112,18.28266]],[[99.88112,18.28266],[99.87827,18.27941]],[[99.87827,18.27941],[99.87202,18.27792]],[[99.87202,18.27792],[99.86358,18.27992]],[[99.86358,18.27992],[99.8576,18.28391]],[[99.8576,18.28391],[99.85627,18.27336]],[[99.85627,18.27336],[99.84962,18.25487]],[[99.84962,18.25487],[99.84392,18.25498]],[[99.84392,18.25498],[99.83942,18.24462]],[[99.83942,18.24462],[99.83456,18.24027]],[[99.83456,18.24027],[99.8341,18.23625]],[[99.8341,18.23625],[99.82166,18.23751]],[[99.82166,18.23751],[99.8103,18.22659]],[[99.8103,18.22659],[99.8016,18.21496]],[[99.8016,18.21496],[99.79936,18.19936]],[[99.79936,18.19936],[99.79046,18.19125]],[[99.79046,18.19125],[99.78883,18.18503]],[[99.78883,18.18503],[99.77932,18.17512]],[[99.77932,18.17512],[99.77206,18.16256]],[[99.77206,18.16256],[99.75893,18.14808]],[[99.75893,18.14808],[99.75387,18.13996]],[[99.75387,18.13996],[99.75626,18.13631]],[[99.75626,18.13631],[99.75447,18.12997]],[[99.75447,18.12997],[99.76202,18.12342]],[[99.76202,18.12342],[99.75496,18.12001]],[[99.75496,18.12001],[99.74671,18.11143]],[[99.74671,18.11143],[99.73946,18.10883]],[[99.73946,18.10883],[99.73607,18.10281]],[[99.73607,18.10281],[99.73448,18.09515]],[[99.73448,18.09515],[99.72694,18.08744]],[[99.72694,18.08744],[99.71983,18.07008]],[[99.71983,18.07008],[99.71633,18.07157]],[[99.71633,18.07157],[99.70931,18.06877]],[[99.70931,18.06877],[99.70448,18.07037]],[[99.70448,18.07037],[99.70067,18.0671]],[[99.70067,18.0671],[99.69323,18.06625]],[[99.69323,18.06625],[99.68939,18.06301]],[[99.68939,18.06301],[99.69179,18.0566]],[[99.69179,18.0566],[99.68427,18.05172]],[[99.68427,18.05172],[99.68022,18.0458]],[[99.68022,18.0458],[99.66883,18.04168]],[[99.66883,18.04168],[99.65946,18.04106]],[[99.65946,18.04106],[99.65097,18.05229]],[[99.65097,18.05229],[99.65009,18.05674]],[[99.65009,18.05674],[99.64185,18.05563]],[[99.64185,18.05563],[99.63475,18.06135]],[[99.63475,18.06135],[99.6276,18.06076]],[[99.6276,18.06076],[99.6188,18.04859]],[[99.6188,18.04859],[99.61004,18.04982]],[[99.61004,18.04982],[99.60447,18.04247]],[[99.60447,18.04247],[99.59693,18.03816]],[[99.59693,18.03816],[99.585,18.03521]],[[99.585,18.03521],[99.58884,18.02683]],[[99.58884,18.02683],[99.5883,18.02204]],[[99.5883,18.02204],[99.59497,18.00974]],[[99.59497,18.00974],[99.5802,18.00035]],[[99.5802,18.00035],[99.57636,17.99554]],[[99.57636,17.99554],[99.57213,17.99561]],[[99.57213,17.99561],[99.56502,17.99159]],[[99.56502,17.99159],[99.56148,17.98652]],[[99.56148,17.98652],[99.56116,17.97783]],[[99.56116,17.97783],[99.55803,17.9741]],[[99.55803,17.9741],[99.54298,17.97008]],[[99.54298,17.97008],[99.53833,17.96238]],[[99.53833,17.96238],[99.53317,17.96182]],[[99.53317,17.96182],[99.52294,17.95705]],[[99.52294,17.95705],[99.52177,17.95208]],[[99.52177,17.95208],[99.51215,17.94352]],[[99.51215,17.94352],[99.50668,17.94281]],[[99.50668,17.94281],[99.50149,17.93722]],[[99.50149,17.93722],[99.49817,17.92717]],[[99.49817,17.92717],[99.48523,17.91953]],[[99.48523,17.91953],[99.47424,17.89359]],[[99.47424,17.89359],[99.469,17.89271]],[[99.469,17.89271],[99.4688,17.88921]],[[99.4688,17.88921],[99.46312,17.88281]],[[99.46312,17.88281],[99.45726,17.88262]],[[99.45726,17.88262],[99.45202,17.87824]],[[99.45202,17.87824],[99.44801,17.86959]],[[99.44801,17.86959],[99.44207,17.86374]],[[99.44207,17.86374],[99.4376,17.86377]],[[99.4376,17.86377],[99.42858,17.85738]],[[99.42858,17.85738],[99.42795,17.85324]],[[99.42795,17.85324],[99.423,17.85046]],[[99.423,17.85046],[99.42024,17.84285]],[[99.42024,17.84285],[99.41782,17.84316]],[[99.41782,17.84316],[99.41268,17.8319]],[[99.41268,17.8319],[99.41254,17.82685]],[[99.41254,17.82685],[99.40442,17.82316]],[[99.40442,17.82316],[99.40154,17.81886]],[[99.40154,17.81886],[99.39265,17.8147]],[[99.39265,17.8147],[99.39356,17.80787]],[[99.39356,17.80787],[99.3865,17.7949]],[[99.3865,17.7949],[99.38539,17.79025]],[[99.38539,17.79025],[99.3764,17.78166]],[[99.3764,17.78166],[99.3709,17.77923]],[[99.3709,17.77923],[99.36757,17.77349]],[[99.36757,17.77349],[99.37406,17.76255]],[[99.37406,17.76255],[99.38021,17.75718]],[[99.38021,17.75718],[99.37919,17.74577]],[[99.37919,17.74577],[99.38111,17.74168]],[[99.38111,17.74168],[99.37673,17.73346]],[[99.37673,17.73346],[99.3769,17.72635]],[[99.3769,17.72635],[99.37974,17.72244]],[[99.37974,17.72244],[99.38588,17.72171]],[[99.38588,17.72171],[99.38483,17.71534]],[[99.38483,17.71534],[99.3796,17.71123]],[[99.3796,17.71123],[99.38147,17.70263]],[[99.38147,17.70263],[99.38922,17.69651]],[[99.38922,17.69651],[99.38721,17.68756]],[[99.38721,17.68756],[99.4055,17.69712]],[[99.4055,17.69712],[99.42208,17.71008]],[[99.42208,17.71008],[99.44216,17.70751]],[[99.44216,17.70751],[99.44899,17.70905]],[[99.44899,17.70905],[99.45589,17.71549]],[[99.45589,17.71549],[99.45817,17.72243]],[[99.45817,17.72243],[99.45647,17.72819]],[[99.45647,17.72819],[99.46417,17.73692]],[[99.46417,17.73692],[99.47105,17.73787]],[[99.47105,17.73787],[99.47923,17.7293]],[[99.47923,17.7293],[99.47433,17.71732]],[[99.47433,17.71732],[99.47361,17.70942]],[[99.47361,17.70942],[99.47505,17.69706]],[[99.47505,17.69706],[99.47035,17.68938]],[[99.47035,17.68938],[99.47511,17.68232]],[[99.47511,17.68232],[99.47621,17.67633]],[[99.47621,17.67633],[99.4717,17.67222]],[[99.4717,17.67222],[99.47064,17.66581]],[[99.47064,17.66581],[99.45573,17.65483]],[[99.45573,17.65483],[99.45061,17.65484]],[[99.45061,17.65484],[99.44754,17.64463]],[[99.44754,17.64463],[99.44992,17.63057]],[[99.44992,17.63057],[99.44699,17.6234]],[[99.44699,17.6234],[99.44953,17.61327]],[[99.44953,17.61327],[99.45516,17.60818]],[[99.45516,17.60818],[99.45311,17.6071]],[[99.45311,17.6071],[99.45433,17.59811]],[[99.45433,17.59811],[99.44965,17.5984]],[[99.44965,17.5984],[99.44235,17.60289]],[[99.44235,17.60289],[99.44136,17.60909]],[[99.44136,17.60909],[99.42593,17.60913]],[[99.42593,17.60913],[99.41911,17.60046]],[[99.41911,17.60046],[99.42037,17.59083]],[[99.42037,17.59083],[99.4153,17.58292]],[[99.4153,17.58292],[99.41602,17.57772]],[[99.41602,17.57772],[99.41304,17.57407]],[[99.41304,17.57407],[99.4152,17.57026]],[[99.4152,17.57026],[99.42411,17.56815]],[[99.42411,17.56815],[99.42991,17.56903]],[[99.42991,17.56903],[99.43595,17.56276]],[[99.43595,17.56276],[99.43077,17.54843]],[[99.43077,17.54843],[99.43286,17.54076]],[[99.43286,17.54076],[99.43861,17.53226]],[[99.43861,17.53226],[99.43936,17.52742]],[[99.43936,17.52742],[99.43128,17.52098]],[[99.43128,17.52098],[99.42328,17.51996]],[[99.42328,17.51996],[99.41874,17.50485]],[[99.41874,17.50485],[99.42151,17.50107]],[[99.42151,17.50107],[99.41817,17.49462]],[[99.41817,17.49462],[99.41945,17.48761]],[[99.41945,17.48761],[99.41605,17.47898]],[[99.41605,17.47898],[99.40749,17.47633]],[[99.40749,17.47633],[99.40708,17.46771]],[[99.40708,17.46771],[99.41825,17.45714]],[[99.41825,17.45714],[99.41459,17.45063]],[[99.41459,17.45063],[99.42105,17.44227]],[[99.42105,17.44227],[99.42634,17.44246]],[[99.42634,17.44246],[99.43298,17.43487]],[[99.43298,17.43487],[99.4407,17.43375]],[[99.4407,17.43375],[99.44127,17.42525]],[[99.44127,17.42525],[99.43936,17.42051]],[[99.43936,17.42051],[99.43161,17.4186]],[[99.43161,17.4186],[99.42716,17.4093]],[[99.42716,17.4093],[99.43083,17.39063]],[[99.43083,17.39063],[99.43259,17.38893]],[[99.43259,17.38893],[99.44183,17.38924]],[[99.44183,17.38924],[99.44477,17.38098]],[[99.44477,17.38098],[99.45437,17.37341]],[[99.45437,17.37341],[99.45629,17.36935]],[[99.45629,17.36935],[99.46849,17.36902]],[[99.46849,17.36902],[99.47098,17.36604]],[[99.47098,17.36604],[99.47064,17.35755]],[[99.47064,17.35755],[99.47335,17.35519]],[[99.47335,17.35519],[99.47419,17.34646]],[[99.47419,17.34646],[99.47681,17.3404]],[[99.47681,17.3404],[99.47723,17.3261]],[[99.47723,17.3261],[99.46432,17.31461]],[[99.46432,17.31461],[99.45983,17.30896]],[[99.45983,17.30896],[99.4573,17.31193]],[[99.4573,17.31193],[99.45411,17.29827]],[[99.45411,17.29827],[99.4518,17.29703]],[[99.4518,17.29703],[99.45161,17.27889]],[[99.45161,17.27889],[99.4527,17.27011]],[[99.4527,17.27011],[99.45492,17.26723]],[[99.45492,17.26723],[99.45588,17.25891]],[[99.45588,17.25891],[99.4536,17.25184]],[[99.4536,17.25184],[99.44846,17.25074]],[[99.44846,17.25074],[99.44109,17.25231]],[[99.44109,17.25231],[99.44533,17.24217]],[[99.44533,17.24217],[99.44016,17.23553]],[[99.44016,17.23553],[99.43992,17.22907]],[[99.43992,17.22907],[99.43609,17.22801]],[[99.43609,17.22801],[99.42917,17.23198]],[[99.42917,17.23198],[99.42506,17.22701]],[[99.42506,17.22701],[99.41882,17.22645]],[[99.41882,17.22645],[99.41991,17.21824]],[[99.41991,17.21824],[99.4005,17.22002]],[[99.4005,17.22002],[99.39525,17.20699]],[[99.39525,17.20699],[99.39313,17.2055]],[[99.39313,17.2055],[99.38324,17.20706]],[[99.38324,17.20706],[99.37392,17.21058]],[[99.37392,17.21058],[99.36975,17.22121]],[[99.36975,17.22121],[99.37133,17.2295]],[[99.37133,17.2295],[99.36818,17.23035]],[[99.36818,17.23035],[99.3603,17.24192]],[[99.3603,17.24192],[99.35845,17.24915]],[[99.35845,17.24915],[99.35129,17.25531]],[[99.35129,17.25531],[99.34246,17.26046]],[[99.34246,17.26046],[99.34048,17.26639]],[[99.34048,17.26639],[99.33726,17.26783]],[[99.33726,17.26783],[99.32431,17.26653]],[[99.32431,17.26653],[99.32098,17.26996]],[[99.32098,17.26996],[99.31523,17.26984]],[[99.31523,17.26984],[99.30397,17.27302]],[[99.30397,17.27302],[99.29826,17.28708]],[[99.29826,17.28708],[99.29745,17.29271]],[[99.29745,17.29271],[99.30059,17.29415]],[[99.30059,17.29415],[99.29714,17.2981]],[[99.29714,17.2981],[99.29721,17.30346]],[[99.29721,17.30346],[99.29307,17.31128]],[[99.29307,17.31128],[99.28673,17.31127]],[[99.28673,17.31127],[99.28604,17.31933]],[[99.28604,17.31933],[99.27664,17.33146]],[[99.27664,17.33146],[99.27781,17.34629]],[[99.27781,17.34629],[99.27102,17.34933]],[[99.27102,17.34933],[99.27122,17.36576]],[[99.27122,17.36576],[99.27538,17.38119]],[[99.27538,17.38119],[99.27044,17.40001]],[[99.27044,17.40001],[99.26046,17.40559]],[[99.26046,17.40559],[99.24999,17.40669]],[[99.24999,17.40669],[99.23836,17.40277]],[[99.23836,17.40277],[99.22806,17.40556]],[[99.22806,17.40556],[99.22509,17.40466]],[[99.22509,17.40466],[99.21691,17.39541]],[[99.21691,17.39541],[99.20793,17.38284]],[[99.20793,17.38284],[99.2109,17.37654]],[[99.2109,17.37654],[99.20496,17.36801]],[[99.20496,17.36801],[99.19724,17.36387]],[[99.19724,17.36387],[99.19657,17.36025]],[[99.19657,17.36025],[99.1883,17.35253]],[[99.1883,17.35253],[99.17813,17.34936]],[[99.17813,17.34936],[99.17384,17.33585]],[[99.17384,17.33585],[99.16461,17.33258]],[[99.16461,17.33258],[99.15995,17.33323]],[[99.15995,17.33323],[99.155,17.33829]],[[99.155,17.33829],[99.14676,17.35535]],[[99.14676,17.35535],[99.1418,17.36101]],[[99.1418,17.36101],[99.13475,17.36162]],[[99.13475,17.36162],[99.12599,17.36577]],[[99.12599,17.36577],[99.12158,17.36485]],[[99.12158,17.36485],[99.11716,17.36745]],[[99.11716,17.36745],[99.11422,17.36137]],[[99.11422,17.36137],[99.10834,17.35937]],[[99.10834,17.35937],[99.10343,17.36517]],[[99.10343,17.36517],[99.08712,17.37707]],[[99.08712,17.37707],[99.07732,17.37332]],[[99.07732,17.37332],[99.07725,17.37639]],[[99.07725,17.37639],[99.07169,17.37514]],[[99.07169,17.37514],[99.06691,17.37701]],[[99.06691,17.37701],[99.06557,17.38223]],[[99.06557,17.38223],[99.05345,17.38886]],[[99.05345,17.38886],[99.04695,17.38563]],[[99.04695,17.38563],[99.04142,17.3901]],[[99.04142,17.3901],[99.04227,17.3962]],[[99.04227,17.3962],[99.0345,17.40249]],[[99.0345,17.40249],[99.03227,17.4107]],[[99.03227,17.4107],[99.02159,17.4111]],[[99.02159,17.4111],[99.01133,17.41617]],[[99.01133,17.41617],[99.01379,17.42249]],[[99.01379,17.42249],[99.01036,17.42465]],[[99.01036,17.42465],[99.00458,17.43671]],[[99.00458,17.43671],[99.00017,17.43915]],[[99.00017,17.43915],[98.99744,17.44501]],[[98.99744,17.44501],[98.99155,17.44855]],[[98.99155,17.44855],[98.9927,17.45178]],[[98.9927,17.45178],[98.98837,17.45489]],[[98.98837,17.45489],[98.98693,17.4595]],[[98.98693,17.4595],[98.98025,17.46775]],[[98.98025,17.46775],[98.97356,17.46456]],[[98.97356,17.46456],[98.96237,17.46649]],[[98.96237,17.46649],[98.95874,17.46293]],[[98.95874,17.46293],[98.95392,17.47419]],[[98.95392,17.47419],[98.94564,17.46859]],[[98.94564,17.46859],[98.93717,17.47105]],[[98.93717,17.47105],[98.93778,17.47443]],[[98.93778,17.47443],[98.93126,17.47436]],[[98.93126,17.47436],[98.93279,17.48317]],[[98.93279,17.48317],[98.9295,17.48501]],[[98.9295,17.48501],[98.92649,17.49187]],[[98.92649,17.49187],[98.92998,17.4949]],[[98.92998,17.4949],[98.92647,17.49904]],[[98.92647,17.49904],[98.92798,17.5071]],[[98.92798,17.5071],[98.92185,17.5126]],[[98.92185,17.5126],[98.92475,17.52567]],[[98.92475,17.52567],[98.92192,17.53002]],[[98.92192,17.53002],[98.91417,17.53213]],[[98.91417,17.53213],[98.91015,17.53671]],[[99.4018,19.00015],[99.40526,19.00208]],[[99.40526,19.00208],[99.42173,19.0028]],[[99.42173,19.0028],[99.42843,19.00855]],[[99.42843,19.00855],[99.43616,19.00787]],[[99.43616,19.00787],[99.43712,19.01186]],[[99.43712,19.01186],[99.44381,19.0178]],[[99.44381,19.0178],[99.44437,19.02068]],[[99.44437,19.02068],[99.45314,19.0292]],[[99.45314,19.0292],[99.46432,19.03521]],[[99.46432,19.03521],[99.46798,19.0415]],[[99.46798,19.0415],[99.47481,19.04886]],[[99.47481,19.04886],[99.47872,19.05746]],[[99.47872,19.05746],[99.48317,19.07144]],[[99.48317,19.07144],[99.49171,19.07388]],[[99.49171,19.07388],[99.49392,19.07746]],[[99.49392,19.07746],[99.4991,19.0748]],[[99.4991,19.0748],[99.50444,19.07833]],[[99.50444,19.07833],[99.51516,19.07723]],[[99.51516,19.07723],[99.51863,19.08015]],[[99.51863,19.08015],[99.52143,19.07561]],[[99.52143,19.07561],[99.52867,19.07638]],[[99.52867,19.07638],[99.53011,19.0801]],[[99.53011,19.0801],[99.53803,19.08585]],[[99.53803,19.08585],[99.53488,19.09666]],[[99.53488,19.09666],[99.53901,19.10177]],[[99.53901,19.10177],[99.53706,19.10751]],[[99.53706,19.10751],[99.55343,19.12273]],[[99.55343,19.12273],[99.55456,19.12866]],[[99.55456,19.12866],[99.55945,19.13103]],[[99.55945,19.13103],[99.56006,19.14339]],[[99.56006,19.14339],[99.55445,19.14419]],[[99.55445,19.14419],[99.54968,19.1564]],[[99.54968,19.1564],[99.54606,19.15997]],[[99.54606,19.15997],[99.53663,19.16392]],[[99.53663,19.16392],[99.54226,19.16896]],[[99.54226,19.16896],[99.54295,19.1805]],[[99.54295,19.1805],[99.54585,19.19092]],[[99.54585,19.19092],[99.54578,19.19736]],[[99.54578,19.19736],[99.54158,19.2045]],[[99.54158,19.2045],[99.54425,19.20958]],[[99.54425,19.20958],[99.54528,19.22176]],[[99.54528,19.22176],[99.54895,19.2247]],[[99.54895,19.2247],[99.54785,19.23026]],[[99.54785,19.23026],[99.5498,19.23577]],[[99.5498,19.23577],[99.54725,19.2406]],[[99.54725,19.2406],[99.55243,19.25719]],[[99.55243,19.25719],[99.55908,19.25695]],[[99.55908,19.25695],[99.562,19.26493]],[[99.562,19.26493],[99.56057,19.27321]],[[99.56057,19.27321],[99.56494,19.28462]],[[99.56494,19.28462],[99.57155,19.29386]],[[99.57155,19.29386],[99.57687,19.29296]],[[99.57687,19.29296],[99.57788,19.29728]],[[99.57788,19.29728],[99.57535,19.30227]],[[99.57535,19.30227],[99.58042,19.31203]],[[99.58042,19.31203],[99.57735,19.31696]],[[99.57735,19.31696],[99.57984,19.32045]],[[99.57984,19.32045],[99.57605,19.32576]],[[99.57605,19.32576],[99.58027,19.33181]],[[99.58027,19.33181],[99.58092,19.33823]],[[99.58092,19.33823],[99.57282,19.34648]],[[99.57282,19.34648],[99.57758,19.34806]],[[99.57758,19.34806],[99.58066,19.35237]],[[99.58066,19.35237],[99.57981,19.35807]],[[99.57981,19.35807],[99.57538,19.36249]],[[99.57538,19.36249],[99.57642,19.3749]],[[99.57642,19.3749],[99.57573,19.38964]],[[99.57573,19.38964],[99.57216,19.39233]],[[99.57216,19.39233],[99.56341,19.4043]],[[99.56341,19.4043],[99.56262,19.41236]],[[99.56262,19.41236],[99.56538,19.41766]],[[99.56538,19.41766],[99.57663,19.40948]],[[99.57663,19.40948],[99.58451,19.40593]],[[99.58451,19.40593],[99.59556,19.40594]],[[99.59556,19.40594],[99.60067,19.40215]],[[99.60067,19.40215],[99.60572,19.40164]],[[99.60572,19.40164],[99.61073,19.39709]],[[99.61073,19.39709],[99.61562,19.39583]],[[99.61562,19.39583],[99.61725,19.39195]],[[99.61725,19.39195],[99.62816,19.38965]],[[99.62816,19.38965],[99.63929,19.38536]],[[99.63929,19.38536],[99.64631,19.38912]],[[99.64631,19.38912],[99.65044,19.38559]],[[99.65044,19.38559],[99.66026,19.38538]],[[99.66026,19.38538],[99.67473,19.3916]],[[99.67473,19.3916],[99.68209,19.39109]],[[99.68209,19.39109],[99.68374,19.38279]],[[99.68374,19.38279],[99.69362,19.38268]],[[100.98885,17.74368],[100.98451,17.73413]],[[100.98451,17.73413],[100.98502,17.73023]],[[100.98502,17.73023],[100.98077,17.72209]],[[100.98077,17.72209],[100.97202,17.70931]],[[100.97202,17.70931],[100.9657,17.70183]],[[100.9657,17.70183],[100.9592,17.70247]],[[100.9592,17.70247],[100.95593,17.69994]],[[100.95593,17.69994],[100.94663,17.69926]],[[100.94663,17.69926],[100.94389,17.70141]],[[100.94389,17.70141],[100.92388,17.69651]],[[100.92388,17.69651],[100.92125,17.69972]],[[100.92125,17.69972],[100.91389,17.69908]],[[100.91389,17.69908],[100.90626,17.70793]],[[100.90626,17.70793],[100.90537,17.71492]],[[100.90537,17.71492],[100.89469,17.71557]],[[100.89469,17.71557],[100.87999,17.71321]],[[100.87999,17.71321],[100.87461,17.71078]],[[100.87461,17.71078],[100.8669,17.70182]],[[100.8669,17.70182],[100.86646,17.69892]],[[100.86646,17.69892],[100.85785,17.68906]],[[100.85785,17.68906],[100.85386,17.67584]],[[100.85386,17.67584],[100.85005,17.66769]],[[100.85005,17.66769],[100.84571,17.66269]],[[100.84571,17.66269],[100.84272,17.65341]],[[100.84272,17.65341],[100.83661,17.64829]],[[100.83661,17.64829],[100.81834,17.64381]],[[100.81834,17.64381],[100.81447,17.64414]],[[100.81447,17.64414],[100.80225,17.63877]],[[100.80225,17.63877],[100.80197,17.63374]],[[100.80197,17.63374],[100.79143,17.6189]],[[100.79143,17.6189],[100.78961,17.61287]],[[100.78961,17.61287],[100.78445,17.60635]],[[100.78445,17.60635],[100.77974,17.60563]],[[100.77974,17.60563],[100.77249,17.59604]],[[100.77249,17.59604],[100.77477,17.58544]],[[100.77477,17.58544],[100.77217,17.58174]],[[100.77217,17.58174],[100.76544,17.58043]],[[100.76544,17.58043],[100.7651,17.57283]],[[100.7651,17.57283],[100.75888,17.57013]],[[100.75888,17.57013],[100.75595,17.56388]],[[100.75595,17.56388],[100.74673,17.55907]],[[100.74673,17.55907],[100.74204,17.55097]],[[100.74204,17.55097],[100.74042,17.54284]],[[100.74042,17.54284],[100.73557,17.53864]],[[100.73557,17.53864],[100.72026,17.53319]],[[100.72026,17.53319],[100.71058,17.53251]],[[100.71058,17.53251],[100.68883,17.52209]],[[100.68883,17.52209],[100.68439,17.5142]],[[100.68439,17.5142],[100.67561,17.5061]],[[100.67561,17.5061],[100.6661,17.50127]],[[100.6661,17.50127],[100.6567,17.49877]],[[100.6567,17.49877],[100.65177,17.49424]],[[100.65177,17.49424],[100.64225,17.49327]],[[100.64225,17.49327],[100.64488,17.48518]],[[100.64488,17.48518],[100.64326,17.48255]],[[100.64326,17.48255],[100.64414,17.4738]],[[100.64414,17.4738],[100.62949,17.47434]],[[100.62949,17.47434],[100.62099,17.46842]],[[100.62099,17.46842],[100.61306,17.46552]],[[100.61306,17.46552],[100.60697,17.45228]],[[100.60697,17.45228],[100.60314,17.44809]],[[100.60314,17.44809],[100.60262,17.44001]],[[100.60262,17.44001],[100.60007,17.43675]],[[100.60007,17.43675],[100.60322,17.42786]],[[100.60322,17.42786],[100.59682,17.42329]],[[100.59682,17.42329],[100.5849,17.41894]],[[100.5849,17.41894],[100.57086,17.42223]],[[100.57086,17.42223],[100.56128,17.41735]],[[100.56128,17.41735],[100.55096,17.41454]],[[100.55096,17.41454],[100.5476,17.41646]],[[100.5476,17.41646],[100.53236,17.41377]],[[100.53236,17.41377],[100.53028,17.41711]],[[100.53028,17.41711],[100.52762,17.41326]],[[100.52762,17.41326],[100.52149,17.41021]],[[100.52149,17.41021],[100.52247,17.40806]],[[100.52247,17.40806],[100.51271,17.40465]],[[100.51271,17.40465],[100.50661,17.4097]],[[100.50661,17.4097],[100.50854,17.41272]],[[100.50854,17.41272],[100.50693,17.42525]],[[100.50693,17.42525],[100.50151,17.42884]],[[100.50151,17.42884],[100.49539,17.42287]],[[100.49539,17.42287],[100.48128,17.41785]],[[100.48128,17.41785],[100.469,17.42084]],[[100.469,17.42084],[100.45457,17.41801]],[[100.45457,17.41801],[100.45002,17.42318]],[[100.45002,17.42318],[100.44654,17.42373]],[[100.44654,17.42373],[100.43572,17.41669]],[[100.43572,17.41669],[100.42738,17.42143]],[[100.42738,17.42143],[100.42187,17.41258]],[[100.42187,17.41258],[100.40714,17.40746]],[[100.40714,17.40746],[100.39728,17.40298]],[[100.39728,17.40298],[100.39216,17.4048]],[[100.39216,17.4048],[100.38909,17.40078]],[[100.38909,17.40078],[100.3804,17.39677]],[[100.3804,17.39677],[100.37077,17.3905]],[[100.37077,17.3905],[100.36473,17.389]],[[100.36473,17.389],[100.35581,17.38285]],[[100.35581,17.38285],[100.34861,17.3926]],[[100.34861,17.3926],[100.34238,17.38695]],[[100.34238,17.38695],[100.33518,17.38918]],[[100.33518,17.38918],[100.32849,17.38532]],[[100.32849,17.38532],[100.32995,17.37791]],[[100.32995,17.37791],[100.32551,17.36937]],[[100.32551,17.36937],[100.31534,17.37411]],[[100.31534,17.37411],[100.30762,17.38302]],[[100.30762,17.38302],[100.299,17.37504]],[[100.299,17.37504],[100.28891,17.37611]],[[100.28891,17.37611],[100.29478,17.36604]],[[100.29478,17.36604],[100.29481,17.35588]],[[100.29481,17.35588],[100.29671,17.34742]],[[100.29671,17.34742],[100.28978,17.33949]],[[100.28978,17.33949],[100.28334,17.33639]],[[100.28334,17.33639],[100.28066,17.32086]],[[100.28066,17.32086],[100.2822,17.30674]],[[100.2822,17.30674],[100.28104,17.30123]],[[100.28104,17.30123],[100.27497,17.29628]],[[100.27497,17.29628],[100.27646,17.29158]],[[100.27646,17.29158],[100.27375,17.28835]],[[100.27375,17.28835],[100.27258,17.27423]],[[100.27258,17.27423],[100.27788,17.26878]],[[100.27788,17.26878],[100.27729,17.25931]],[[100.27729,17.25931],[100.27369,17.25411]],[[100.27369,17.25411],[100.27372,17.2386]],[[100.27372,17.2386],[100.27913,17.23349]],[[100.27913,17.23349],[100.2805,17.22243]],[[100.2805,17.22243],[100.28246,17.22061]],[[100.28246,17.22061],[100.2701,17.22135]],[[100.2701,17.22135],[100.25971,17.22049]],[[100.25971,17.22049],[100.2505,17.22307]],[[100.2505,17.22307],[100.23926,17.2217]],[[100.23926,17.2217],[100.2297,17.21168]],[[100.2297,17.21168],[100.21391,17.20882]],[[100.21391,17.20882],[100.20626,17.20842]],[[100.20626,17.20842],[100.20186,17.2057]],[[100.20186,17.2057],[100.19739,17.2066]],[[100.19739,17.2066],[100.18296,17.20607]],[[100.18296,17.20607],[100.16758,17.20112]],[[100.16758,17.20112],[100.16304,17.17065]],[[100.16304,17.17065],[100.15968,17.1658]],[[100.15968,17.1658],[100.15581,17.17006]],[[100.15581,17.17006],[100.15522,17.17519]],[[100.15522,17.17519],[100.14932,17.18001]],[[100.14932,17.18001],[100.14977,17.1858]],[[100.14977,17.1858],[100.1362,17.18111]],[[100.1362,17.18111],[100.13453,17.18488]],[[100.13453,17.18488],[100.11836,17.18342]],[[100.11836,17.18342],[100.1035,17.18927]],[[100.1035,17.18927],[100.09073,17.18729]],[[100.09073,17.18729],[100.09,17.18574]],[[100.09,17.18574],[100.0778,17.18199]],[[100.0778,17.18199],[100.06929,17.18299]],[[100.06929,17.18299],[100.05635,17.18106]],[[100.05635,17.18106],[100.05272,17.18291]],[[100.05272,17.18291],[100.04833,17.17888]],[[100.04833,17.17888],[100.03832,17.18107]],[[100.03832,17.18107],[100.03184,17.17167]],[[100.03184,17.17167],[100.03291,17.16653]],[[100.03291,17.16653],[100.03045,17.16401]],[[100.03045,17.16401],[100.02373,17.16511]],[[100.02373,17.16511],[100.0253,17.15553]],[[100.0253,17.15553],[100.01954,17.14915]],[[100.01954,17.14915],[100.01383,17.13904]],[[100.01383,17.13904],[99.99596,17.13892]],[[99.99596,17.13892],[100.00065,17.14722]],[[100.00065,17.14722],[100.00787,17.14646]],[[100.00787,17.14646],[100.00923,17.15129]],[[100.00923,17.15129],[99.99404,17.15637]],[[99.99404,17.15637],[99.99201,17.1593]],[[99.99201,17.1593],[99.98518,17.16018]],[[99.98518,17.16018],[99.9832,17.15564]],[[99.9832,17.15564],[99.97788,17.15856]],[[99.97788,17.15856],[99.97288,17.16517]],[[99.97288,17.16517],[99.98104,17.17471]],[[99.98104,17.17471],[99.98338,17.18981]],[[99.98338,17.18981],[99.98173,17.19306]],[[99.98173,17.19306],[99.97333,17.19973]],[[99.97333,17.19973],[99.9747,17.20873]],[[99.9747,17.20873],[99.97101,17.21123]],[[99.97101,17.21123],[99.97848,17.21236]],[[99.97848,17.21236],[99.98216,17.21557]],[[99.98216,17.21557],[99.96976,17.22468]],[[99.96976,17.22468],[99.95848,17.22969]],[[99.95848,17.22969],[99.95806,17.23136]],[[99.95806,17.23136],[99.97237,17.23873]],[[99.97237,17.23873],[99.97295,17.2418]],[[99.97295,17.2418],[99.95508,17.24161]],[[99.95508,17.24161],[99.95533,17.24418]],[[99.95533,17.24418],[99.96295,17.25005]],[[99.96295,17.25005],[99.96175,17.25676]],[[99.96175,17.25676],[99.96558,17.26339]],[[99.96558,17.26339],[99.9646,17.27228]],[[99.9646,17.27228],[99.96998,17.27089]],[[99.96998,17.27089],[99.97539,17.27602]],[[99.97539,17.27602],[99.96884,17.28138]],[[99.96884,17.28138],[99.97704,17.28725]],[[99.97704,17.28725],[99.99607,17.28871]],[[99.99607,17.28871],[99.99931,17.29529]],[[99.99931,17.29529],[100.00444,17.29633]],[[100.00444,17.29633],[99.99733,17.30131]],[[99.99733,17.30131],[99.99332,17.31389]],[[99.99332,17.31389],[99.9965,17.322]],[[99.9965,17.322],[99.99543,17.32672]],[[99.99543,17.32672],[100.00216,17.32852]],[[100.00216,17.32852],[100.00251,17.33118]],[[100.00251,17.33118],[100.01579,17.32989]],[[100.01579,17.32989],[100.01919,17.33366]],[[100.01919,17.33366],[100.01641,17.33673]],[[100.01641,17.33673],[100.01123,17.33663]],[[100.01123,17.33663],[100.00088,17.3542]],[[100.00088,17.3542],[100.008,17.35948]],[[100.008,17.35948],[100.00526,17.36714]],[[100.00526,17.36714],[99.99991,17.36871]],[[99.99991,17.36871],[100.00669,17.37403]],[[100.00669,17.37403],[100.00954,17.38134]],[[100.00954,17.38134],[100.0049,17.39065]],[[100.0049,17.39065],[99.99618,17.39455]],[[99.99618,17.39455],[99.9912,17.40186]],[[99.9912,17.40186],[99.99099,17.40837]],[[99.99099,17.40837],[99.99436,17.40992]],[[99.99436,17.40992],[99.99694,17.41672]],[[99.99694,17.41672],[100.01049,17.4189]],[[100.01049,17.4189],[100.01714,17.41842]],[[100.01714,17.41842],[100.01833,17.42259]],[[100.01833,17.42259],[100.02737,17.42957]],[[100.02737,17.42957],[100.03052,17.43604]],[[100.03052,17.43604],[100.03081,17.44382]],[[100.03081,17.44382],[100.02896,17.44943]],[[100.02896,17.44943],[100.02001,17.45857]],[[100.02001,17.45857],[100.01307,17.45709]],[[100.01307,17.45709],[100.00275,17.45799]],[[100.00275,17.45799],[99.99866,17.46686]],[[99.99866,17.46686],[99.99121,17.46656]],[[99.99121,17.46656],[99.98163,17.47273]],[[99.98163,17.47273],[99.98072,17.48737]],[[99.98072,17.48737],[99.97486,17.48935]],[[99.97486,17.48935],[99.97146,17.49594]],[[99.97146,17.49594],[99.96816,17.49223]],[[99.96816,17.49223],[99.96018,17.50016]],[[99.96018,17.50016],[99.9311,17.51608]],[[99.9311,17.51608],[99.92966,17.5218]],[[99.92966,17.5218],[99.93351,17.52531]],[[99.93351,17.52531],[99.9403,17.53736]],[[99.9403,17.53736],[99.94269,17.54526]],[[99.94269,17.54526],[99.93414,17.55916]],[[99.93414,17.55916],[99.92633,17.56446]],[[99.92633,17.56446],[99.92348,17.58015]],[[99.92348,17.58015],[99.92374,17.58594]],[[99.92374,17.58594],[99.92706,17.5886]],[[99.92706,17.5886],[99.9402,17.59215]],[[99.9402,17.59215],[99.95601,17.60364]],[[99.95601,17.60364],[99.96062,17.61039]],[[99.96062,17.61039],[99.97691,17.62221]],[[99.97691,17.62221],[99.97297,17.6231]],[[99.97297,17.6231],[99.96666,17.62863]],[[99.96666,17.62863],[99.96603,17.63239]],[[99.96603,17.63239],[99.96979,17.64276]],[[99.96979,17.64276],[99.97445,17.64707]],[[99.97445,17.64707],[99.97723,17.657]],[[99.97723,17.657],[99.97428,17.66052]],[[99.97428,17.66052],[99.97479,17.67126]],[[99.97479,17.67126],[99.96796,17.68674]],[[99.96796,17.68674],[99.96874,17.69254]],[[99.96874,17.69254],[99.96545,17.69665]],[[99.96545,17.69665],[99.96644,17.70251]],[[99.96644,17.70251],[99.96327,17.71138]],[[99.96327,17.71138],[99.95685,17.71634]],[[99.95685,17.71634],[99.94354,17.7238]],[[99.94354,17.7238],[99.93933,17.73459]],[[99.93933,17.73459],[99.93576,17.73529]],[[99.93576,17.73529],[99.9301,17.74442]],[[99.9301,17.74442],[99.92637,17.74303]],[[99.92637,17.74303],[99.92016,17.74797]],[[99.92016,17.74797],[99.91146,17.76403]],[[99.91146,17.76403],[99.92036,17.76674]],[[99.92036,17.76674],[99.9248,17.77556]],[[99.9248,17.77556],[99.9205,17.78177]],[[99.9205,17.78177],[99.92217,17.78637]],[[99.92217,17.78637],[99.9117,17.79519]],[[99.9117,17.79519],[99.90592,17.79362]],[[99.90592,17.79362],[99.89917,17.79717]],[[99.89917,17.79717],[99.89449,17.80719]],[[99.89449,17.80719],[99.90058,17.80415]],[[99.90058,17.80415],[99.90616,17.8058]],[[99.90616,17.8058],[99.91093,17.80297]],[[99.91093,17.80297],[99.91195,17.79823]],[[99.91195,17.79823],[99.92513,17.79187]],[[99.92513,17.79187],[99.93235,17.79015]],[[99.93235,17.79015],[99.93676,17.78178]],[[99.93676,17.78178],[99.94289,17.78066]],[[99.94289,17.78066],[99.94561,17.77729]],[[99.94561,17.77729],[99.95278,17.77899]],[[99.95278,17.77899],[99.95962,17.77838]],[[99.95962,17.77838],[99.96155,17.78317]],[[99.96155,17.78317],[99.96149,17.79277]],[[99.96149,17.79277],[99.96868,17.79945]],[[99.96868,17.79945],[99.97802,17.79715]],[[99.97802,17.79715],[99.9842,17.80233]],[[99.9842,17.80233],[99.99072,17.81137]],[[99.99072,17.81137],[99.98603,17.82909]],[[99.98603,17.82909],[99.98999,17.82946]],[[99.98999,17.82946],[99.98861,17.83504]],[[99.98861,17.83504],[99.99418,17.83097]],[[99.99418,17.83097],[100.0052,17.83684]],[[100.0052,17.83684],[100.01137,17.83293]],[[100.01137,17.83293],[100.01585,17.83633]],[[100.01585,17.83633],[100.0255,17.83973]],[[100.0255,17.83973],[100.02758,17.83812]],[[100.02758,17.83812],[100.03365,17.84376]],[[100.03365,17.84376],[100.04572,17.84629]],[[100.04572,17.84629],[100.05076,17.8388]],[[100.05076,17.8388],[100.05757,17.83331]],[[100.05757,17.83331],[100.06281,17.84032]],[[100.06281,17.84032],[100.07559,17.83828]],[[100.07559,17.83828],[100.08078,17.84241]],[[100.08078,17.84241],[100.08805,17.84258]],[[100.08805,17.84258],[100.08937,17.847]],[[100.08937,17.847],[100.09529,17.85102]],[[100.09529,17.85102],[100.10021,17.84743]],[[100.10021,17.84743],[100.11021,17.85033]],[[100.11021,17.85033],[100.11307,17.85491]],[[100.11307,17.85491],[100.11984,17.8586]],[[100.11984,17.8586],[100.12969,17.85636]],[[100.12969,17.85636],[100.14438,17.867]],[[100.14438,17.867],[100.14656,17.8711]],[[100.14656,17.8711],[100.15851,17.88395]],[[100.15851,17.88395],[100.15855,17.8876]],[[100.15855,17.8876],[100.16442,17.89138]],[[100.16442,17.89138],[100.16907,17.89088]],[[100.16907,17.89088],[100.18905,17.9043]],[[100.18905,17.9043],[100.19593,17.90636]],[[100.19593,17.90636],[100.20276,17.91794]],[[100.20276,17.91794],[100.20855,17.91732]],[[100.20855,17.91732],[100.21494,17.92066]],[[100.21494,17.92066],[100.21501,17.9281]],[[100.21501,17.9281],[100.22017,17.93836]],[[100.22017,17.93836],[100.22541,17.93935]],[[100.22541,17.93935],[100.22583,17.94908]],[[100.22583,17.94908],[100.23132,17.94936]],[[100.23132,17.94936],[100.235,17.95516]],[[100.235,17.95516],[100.2397,17.95617]],[[100.2397,17.95617],[100.24598,17.96142]],[[100.24598,17.96142],[100.25283,17.96091]],[[100.25283,17.96091],[100.26182,17.95346]],[[100.26182,17.95346],[100.27978,17.95746]],[[100.27978,17.95746],[100.28633,17.94906]],[[100.28633,17.94906],[100.2872,17.93717]],[[100.2872,17.93717],[100.29941,17.93909]],[[100.29941,17.93909],[100.30682,17.93341]],[[100.30682,17.93341],[100.30909,17.9281]],[[100.30909,17.9281],[100.3088,17.92018]],[[100.3088,17.92018],[100.31194,17.91679]],[[100.31194,17.91679],[100.31302,17.90922]],[[100.31302,17.90922],[100.31727,17.90883]],[[100.31727,17.90883],[100.32505,17.89662]],[[100.32505,17.89662],[100.32515,17.89197]],[[100.32515,17.89197],[100.33025,17.89302]],[[100.33025,17.89302],[100.33484,17.88916]],[[100.33484,17.88916],[100.34209,17.89445]],[[100.34209,17.89445],[100.34251,17.90021]],[[100.34251,17.90021],[100.34893,17.90928]],[[100.34893,17.90928],[100.34769,17.91523]],[[100.34769,17.91523],[100.35363,17.92095]],[[100.35363,17.92095],[100.35867,17.9232]],[[100.35867,17.9232],[100.36004,17.9363]],[[100.36004,17.9363],[100.35469,17.943]],[[100.35469,17.943],[100.35458,17.95261]],[[100.35458,17.95261],[100.35636,17.96297]],[[100.35636,17.96297],[100.35038,17.9833]],[[100.35038,17.9833],[100.36494,17.99116]],[[100.36494,17.99116],[100.37915,18.00384]],[[100.37915,18.00384],[100.38155,18.01159]],[[100.38155,18.01159],[100.38821,18.01466]],[[100.38821,18.01466],[100.394,18.02101]],[[100.394,18.02101],[100.40065,18.0209]],[[100.40065,18.0209],[100.40806,18.02401]],[[100.40806,18.02401],[100.4143,18.0217]],[[100.4143,18.0217],[100.41817,18.01616]],[[100.41817,18.01616],[100.42515,18.01299]],[[100.42515,18.01299],[100.43276,18.01976]],[[100.43276,18.01976],[100.44641,18.02553]],[[100.44641,18.02553],[100.4469,18.02969]],[[100.4469,18.02969],[100.45181,18.03449]],[[100.45181,18.03449],[100.45329,18.03935]],[[100.45329,18.03935],[100.46438,18.04534]],[[100.46438,18.04534],[100.47219,18.0446]],[[100.47219,18.0446],[100.47984,18.05474]],[[100.47984,18.05474],[100.48229,18.05557]],[[100.48229,18.05557],[100.49946,18.05042]],[[100.49946,18.05042],[100.50325,18.05337]],[[100.50325,18.05337],[100.5085,18.04781]],[[100.5085,18.04781],[100.5155,18.04456]],[[100.5155,18.04456],[100.52784,18.04173]],[[100.52784,18.04173],[100.53516,18.03873]],[[100.53516,18.03873],[100.54012,18.04133]],[[100.54012,18.04133],[100.55801,18.03271]],[[100.55801,18.03271],[100.56703,18.03744]],[[100.56703,18.03744],[100.57463,18.03695]],[[100.57463,18.03695],[100.57787,18.04366]],[[100.57787,18.04366],[100.58962,18.03995]],[[100.58962,18.03995],[100.60064,18.04426]],[[100.60064,18.04426],[100.61016,18.05]],[[100.61016,18.05],[100.62203,18.04434]],[[100.62203,18.04434],[100.6309,18.04456]],[[100.6309,18.04456],[100.65565,18.03887]],[[100.65565,18.03887],[100.67094,18.04181]],[[100.67094,18.04181],[100.68869,18.02676]],[[100.68869,18.02676],[100.6988,18.02553]],[[100.6988,18.02553],[100.70539,18.02652]],[[100.70539,18.02652],[100.70874,18.03122]],[[100.70874,18.03122],[100.71443,18.02923]],[[100.71443,18.02923],[100.72508,18.03274]],[[100.72508,18.03274],[100.74069,18.02825]],[[100.74069,18.02825],[100.7533,18.02984]],[[100.7533,18.02984],[100.76567,18.02565]],[[100.76567,18.02565],[100.7744,18.02925]],[[100.7744,18.02925],[100.78554,18.04354]],[[100.78554,18.04354],[100.80069,18.05402]],[[100.80069,18.05402],[100.80713,18.06452]],[[100.80713,18.06452],[100.80873,18.07627]],[[100.80873,18.07627],[100.81976,18.08312]],[[100.81976,18.08312],[100.82458,18.08027]],[[100.82458,18.08027],[100.8311,18.08192]],[[100.8311,18.08192],[100.84325,18.07948]],[[100.84325,18.07948],[100.8494,18.08189]],[[100.8494,18.08189],[100.84891,18.08718]],[[100.84891,18.08718],[100.85585,18.10237]],[[100.85585,18.10237],[100.86587,18.11353]],[[100.86587,18.11353],[100.87378,18.11794]],[[100.87378,18.11794],[100.87454,18.12259]],[[100.87454,18.12259],[100.87159,18.12658]],[[100.87159,18.12658],[100.87296,18.13912]],[[100.87296,18.13912],[100.87981,18.14553]],[[100.87981,18.14553],[100.8824,18.15074]],[[100.8824,18.15074],[100.88753,18.14783]],[[100.88753,18.14783],[100.90162,18.15265]],[[100.90162,18.15265],[100.91352,18.16011]],[[100.91352,18.16011],[100.90906,18.1655]],[[100.90906,18.1655],[100.90572,18.17734]],[[100.90572,18.17734],[100.90871,18.1882]],[[100.90871,18.1882],[100.90756,18.194]],[[100.90756,18.194],[100.91396,18.19973]],[[100.91396,18.19973],[100.91877,18.2011]],[[100.91877,18.2011],[100.92478,18.20837]],[[100.92478,18.20837],[100.9253,18.2125]],[[100.9253,18.2125],[100.91806,18.21764]],[[100.91806,18.21764],[100.91228,18.22746]],[[100.91228,18.22746],[100.91585,18.23187]],[[100.91585,18.23187],[100.91876,18.24266]],[[100.91876,18.24266],[100.92588,18.25048]],[[100.92588,18.25048],[100.93954,18.25445]],[[100.93954,18.25445],[100.94731,18.26509]],[[100.94731,18.26509],[100.96337,18.27834]],[[100.96337,18.27834],[100.9656,18.28404]],[[100.9656,18.28404],[100.97379,18.29388]],[[100.97379,18.29388],[100.97728,18.29517]],[[100.97728,18.29517],[100.97919,18.30539]],[[100.97919,18.30539],[100.98336,18.30795]],[[100.98336,18.30795],[100.99925,18.30929]],[[100.99925,18.30929],[101.00356,18.31635]],[[101.00356,18.31635],[101.02353,18.32594]],[[101.02353,18.32594],[101.02853,18.33287]],[[101.02853,18.33287],[101.03423,18.33361]],[[101.03423,18.33361],[101.04301,18.33955]],[[101.04301,18.33955],[101.046,18.34575]],[[101.046,18.34575],[101.05159,18.3491]],[[101.05159,18.3491],[101.05584,18.35587]],[[101.05584,18.35587],[101.0741,18.35674]],[[101.0741,18.35674],[101.07697,18.36511]],[[101.07697,18.36511],[101.08215,18.37058]],[[101.08215,18.37058],[101.08542,18.38102]],[[101.08542,18.38102],[101.09414,18.38153],[101.09867,18.3772],[101.10725,18.37423],[101.10989,18.37112],[101.11934,18.37102],[101.13122,18.36662],[101.14176,18.35647],[101.14327,18.35264],[101.15025,18.34733],[101.15488,18.34917],[101.16274,18.34512],[101.16762,18.34668],[101.17625,18.34173],[101.18219,18.34072],[101.18015,18.33438],[101.18197,18.3318],[101.17649,18.32604],[101.17489,18.32092],[101.16798,18.32022],[101.1653,18.31399],[101.15951,18.30952],[101.16109,18.30467],[101.15333,18.30119],[101.14901,18.29335],[101.15954,18.28369],[101.16289,18.27806],[101.14981,18.26731],[101.14459,18.26004],[101.15882,18.24699],[101.16218,18.23479],[101.16669,18.2304],[101.16418,18.2227],[101.16503,18.21799],[101.17347,18.21737],[101.1779,18.22397],[101.18338,18.22336],[101.19283,18.21273],[101.18394,18.19545],[101.18385,18.18975],[101.17676,18.17625],[101.17876,18.17336],[101.17319,18.16396],[101.17505,18.16314],[101.17167,18.15386],[101.16871,18.13897],[101.16117,18.12349],[101.16656,18.11309],[101.16531,18.10526],[101.167,18.09933],[101.17531,18.08809],[101.17278,18.08684],[101.17304,18.07938],[101.17544,18.07219],[101.18136,18.07049],[101.18449,18.06617],[101.1759,18.05252],[101.17848,18.05125],[101.17261,18.04605],[101.1679,18.03819],[101.15928,18.02953],[101.15661,18.03646],[101.15168,18.03717],[101.14812,18.03144],[101.14162,18.02772],[101.13861,18.01942],[101.13343,18.01478],[101.12773,18.00348],[101.12246,18.00041],[101.11998,17.99346],[101.11791,17.9766],[101.11878,17.97149],[101.11498,17.97088],[101.11723,17.96352],[101.11794,17.9516],[101.10474,17.94703],[101.09477,17.93522],[101.09567,17.93131],[101.08706,17.92405],[101.07791,17.92341],[101.07095,17.91887],[101.07041,17.91335],[101.06516,17.9158],[101.06028,17.91352],[101.04703,17.91258],[101.04336,17.90883],[101.02819,17.90066],[101.0268,17.89672],[101.01932,17.89125],[101.01674,17.88413],[101.02071,17.88309],[101.01737,17.87795],[101.02568,17.87251],[101.02902,17.8656],[101.03414,17.86124],[101.03289,17.85161],[101.03005,17.84675],[101.02965,17.83793],[101.03254,17.83415],[101.02719,17.8284],[101.01756,17.82874],[101.00654,17.82418],[101.00201,17.82421],[100.99857,17.81976],[100.99967,17.81621],[100.99269,17.80426],[100.99837,17.8011],[101.00258,17.79516],[101.00639,17.78393],[100.99863,17.77039],[100.99048,17.76796],[100.9829,17.76804],[100.97807,17.76299],[100.97817,17.75292],[100.98679,17.74831],[100.98885,17.74368]],[[100.34038,18.80596],[100.33604,18.7953]],[[100.33604,18.7953],[100.33712,18.78693]],[[100.33712,18.78693],[100.34137,18.78473]],[[100.34137,18.78473],[100.34842,18.78609]],[[100.34842,18.78609],[100.35604,18.7846]],[[100.35604,18.7846],[100.36234,18.77804]],[[100.36234,18.77804],[100.35895,18.77138]],[[100.35895,18.77138],[100.3611,18.76706]],[[100.3611,18.76706],[100.35731,18.76121]],[[100.35731,18.76121],[100.35828,18.75056]],[[100.35828,18.75056],[100.37271,18.74153]],[[100.37271,18.74153],[100.38387,18.73909]],[[100.38387,18.73909],[100.39067,18.74109]],[[100.39067,18.74109],[100.38738,18.73179]],[[100.38738,18.73179],[100.3884,18.72747]],[[100.3884,18.72747],[100.37775,18.72268]],[[100.37775,18.72268],[100.37757,18.71943]],[[100.37757,18.71943],[100.37059,18.70984]],[[100.37059,18.70984],[100.36332,18.70722]],[[100.36332,18.70722],[100.36011,18.69912]],[[100.36011,18.69912],[100.3589,18.69001]],[[100.3589,18.69001],[100.35158,18.68055]],[[100.35158,18.68055],[100.35618,18.67317]],[[100.35618,18.67317],[100.35746,18.66693]],[[100.35746,18.66693],[100.35422,18.66199]],[[100.35422,18.66199],[100.35937,18.65885]],[[100.35937,18.65885],[100.35926,18.64906]],[[100.35926,18.64906],[100.36106,18.64418]],[[100.36106,18.64418],[100.36814,18.63918]],[[100.36814,18.63918],[100.37507,18.63707]],[[100.37507,18.63707],[100.38685,18.63939]],[[100.38685,18.63939],[100.39259,18.63839]],[[100.39259,18.63839],[100.39174,18.62683]],[[100.39174,18.62683],[100.38111,18.62219]],[[100.38111,18.62219],[100.38121,18.61732]],[[100.38121,18.61732],[100.37781,18.61099]],[[100.37781,18.61099],[100.37814,18.59844]],[[100.37814,18.59844],[100.37674,18.5925]],[[100.37674,18.5925],[100.37927,18.58708]],[[100.37927,18.58708],[100.37618,18.58102]],[[100.37618,18.58102],[100.37615,18.57525]],[[100.37615,18.57525],[100.37101,18.56745]],[[100.37101,18.56745],[100.37949,18.56165]],[[100.37949,18.56165],[100.38756,18.55842]],[[100.38756,18.55842],[100.38689,18.54272]],[[100.38689,18.54272],[100.39533,18.53289]],[[100.39533,18.53289],[100.39569,18.52756]],[[100.39569,18.52756],[100.38686,18.51334]],[[100.38686,18.51334],[100.3924,18.50857]],[[100.3924,18.50857],[100.39649,18.5019]],[[100.39649,18.5019],[100.39566,18.49572]],[[100.39566,18.49572],[100.40014,18.49381]],[[100.40014,18.49381],[100.39932,18.48575]],[[100.39932,18.48575],[100.41116,18.48369]],[[100.41116,18.48369],[100.41467,18.48052]],[[100.41467,18.48052],[100.41877,18.48618]],[[100.41877,18.48618],[100.41833,18.49008]],[[100.41833,18.49008],[100.42187,18.49563]],[[100.42187,18.49563],[100.43685,18.5019]],[[100.43685,18.5019],[100.43802,18.49695]],[[100.43802,18.49695],[100.44406,18.48987]],[[100.44406,18.48987],[100.4456,18.4954]],[[100.4456,18.4954],[100.45457,18.49606]],[[100.45457,18.49606],[100.46018,18.49054]],[[100.46018,18.49054],[100.47285,18.49231]],[[100.47285,18.49231],[100.47676,18.49474]],[[100.47676,18.49474],[100.47734,18.48861]],[[100.47734,18.48861],[100.48191,18.48242]],[[100.48191,18.48242],[100.49393,18.47406]],[[100.49393,18.47406],[100.50297,18.4755]],[[100.50297,18.4755],[100.50607,18.47309]],[[100.50607,18.47309],[100.51286,18.47673]],[[100.51286,18.47673],[100.51692,18.47552]],[[100.51692,18.47552],[100.52379,18.48001]],[[100.52379,18.48001],[100.52443,18.48282]],[[100.52443,18.48282],[100.53234,18.48564]],[[100.53234,18.48564],[100.53665,18.49132]],[[100.53665,18.49132],[100.54186,18.48923]],[[100.54186,18.48923],[100.54381,18.47222]],[[100.54381,18.47222],[100.54661,18.46521]],[[100.54661,18.46521],[100.55058,18.4493]],[[100.55058,18.4493],[100.54807,18.44361]],[[100.54807,18.44361],[100.54817,18.43228]],[[100.54817,18.43228],[100.55127,18.42903]],[[100.55127,18.42903],[100.55058,18.41704]],[[100.55058,18.41704],[100.54622,18.40714]],[[100.54622,18.40714],[100.54119,18.40486]],[[100.54119,18.40486],[100.5364,18.39082]],[[100.5364,18.39082],[100.52698,18.39056]],[[100.52698,18.39056],[100.51777,18.39257]],[[100.51777,18.39257],[100.51345,18.3885]],[[100.51345,18.3885],[100.51037,18.38174]],[[100.51037,18.38174],[100.5105,18.37612]],[[100.5105,18.37612],[100.50685,18.37203]],[[100.50685,18.37203],[100.50574,18.36277]],[[100.50574,18.36277],[100.49822,18.35742]],[[100.49822,18.35742],[100.4978,18.35298]],[[100.4978,18.35298],[100.48146,18.34941]],[[100.48146,18.34941],[100.48281,18.34192]],[[100.48281,18.34192],[100.48721,18.34223]],[[100.48721,18.34223],[100.49255,18.33879]],[[100.49255,18.33879],[100.48503,18.32475]],[[100.48503,18.32475],[100.48107,18.32358]],[[100.48107,18.32358],[100.47983,18.31852]],[[100.47983,18.31852],[100.48249,18.30539]],[[100.48249,18.30539],[100.4863,18.29793]],[[100.4863,18.29793],[100.4834,18.29557]],[[100.4834,18.29557],[100.4835,18.29004]],[[100.4835,18.29004],[100.49219,18.28467]],[[100.49219,18.28467],[100.49367,18.27799]],[[100.49367,18.27799],[100.48775,18.27539]],[[100.48775,18.27539],[100.48543,18.27106]],[[100.48543,18.27106],[100.47835,18.26758]],[[100.47835,18.26758],[100.47006,18.24607]],[[100.47006,18.24607],[100.46788,18.23719]],[[100.46788,18.23719],[100.46121,18.2301]],[[100.46121,18.2301],[100.46184,18.22312]],[[100.46184,18.22312],[100.45857,18.21743]],[[100.45857,18.21743],[100.45405,18.21465]],[[100.45405,18.21465],[100.4576,18.20744]],[[100.4576,18.20744],[100.46,18.19483]],[[100.46,18.19483],[100.45142,18.18359]],[[100.45142,18.18359],[100.45244,18.17312]],[[100.45244,18.17312],[100.448,18.16524]],[[100.448,18.16524],[100.44699,18.15855]],[[100.44699,18.15855],[100.44028,18.15293]],[[100.44028,18.15293],[100.43588,18.15228]],[[100.43588,18.15228],[100.41443,18.15367]],[[100.41443,18.15367],[100.41003,18.14161]],[[100.41003,18.14161],[100.3995,18.1379]],[[100.3995,18.1379],[100.39229,18.11848]],[[100.39229,18.11848],[100.40003,18.10025]],[[100.40003,18.10025],[100.39657,18.09614]],[[100.39657,18.09614],[100.39584,18.08582]],[[100.39584,18.08582],[100.40097,18.08337]],[[100.40097,18.08337],[100.40984,18.07512]],[[100.40984,18.07512],[100.40337,18.06525]],[[100.40337,18.06525],[100.40915,18.05708]],[[100.40915,18.05708],[100.40864,18.04718]],[[100.40864,18.04718],[100.41573,18.03724]],[[100.41573,18.03724],[100.41773,18.03026]],[[100.41773,18.03026],[100.4143,18.0217]],[[99.89449,17.80719],[99.8909,17.8041]],[[99.8909,17.8041],[99.8824,17.80684]],[[99.8824,17.80684],[99.88271,17.80274]],[[99.88271,17.80274],[99.87578,17.80141]],[[99.87578,17.80141],[99.86952,17.8049]],[[99.86952,17.8049],[99.86795,17.80217]],[[99.86795,17.80217],[99.85727,17.79843]],[[99.85727,17.79843],[99.85678,17.80186]],[[99.85678,17.80186],[99.85117,17.79821]],[[99.85117,17.79821],[99.84937,17.80212]],[[99.84937,17.80212],[99.84096,17.79786]],[[99.84096,17.79786],[99.83566,17.79713]],[[99.83566,17.79713],[99.83238,17.80293]],[[99.83238,17.80293],[99.82985,17.8006]],[[99.82985,17.8006],[99.82315,17.80269]],[[99.82315,17.80269],[99.80354,17.80037]],[[99.80354,17.80037],[99.8021,17.79528]],[[99.8021,17.79528],[99.79489,17.79172]],[[99.79489,17.79172],[99.78798,17.79312]],[[99.78798,17.79312],[99.77852,17.7884]],[[99.77852,17.7884],[99.7728,17.78143]],[[99.7728,17.78143],[99.77707,17.77719]],[[99.77707,17.77719],[99.76938,17.77177]],[[99.76938,17.77177],[99.7651,17.76065]],[[99.7651,17.76065],[99.75149,17.74965]],[[99.75149,17.74965],[99.75639,17.74925]],[[99.75639,17.74925],[99.75303,17.74044]],[[99.75303,17.74044],[99.74109,17.72864]],[[99.74109,17.72864],[99.73494,17.72648]],[[99.73494,17.72648],[99.7367,17.72401]],[[99.7367,17.72401],[99.72629,17.72151]],[[99.72629,17.72151],[99.71995,17.73172]],[[99.71995,17.73172],[99.71566,17.73212]],[[99.71566,17.73212],[99.71036,17.73723]],[[99.71036,17.73723],[99.70905,17.74993]],[[99.70905,17.74993],[99.70666,17.75759]],[[99.70666,17.75759],[99.69787,17.75623]],[[99.69787,17.75623],[99.69069,17.75944]],[[99.69069,17.75944],[99.69056,17.76846]],[[99.69056,17.76846],[99.68501,17.7733]],[[99.68501,17.7733],[99.68634,17.77727]],[[99.68634,17.77727],[99.68074,17.78566]],[[99.68074,17.78566],[99.67501,17.7892]],[[99.67501,17.7892],[99.6707,17.79925]],[[99.6707,17.79925],[99.66205,17.79871]],[[99.66205,17.79871],[99.65469,17.79601]],[[99.65469,17.79601],[99.64947,17.79661]],[[99.64947,17.79661],[99.64491,17.80228]],[[99.64491,17.80228],[99.62686,17.81429]],[[99.62686,17.81429],[99.62064,17.81337]],[[99.62064,17.81337],[99.615,17.81769]],[[99.615,17.81769],[99.60797,17.81626]],[[99.60797,17.81626],[99.60671,17.8191]],[[99.60671,17.8191],[99.59847,17.82158]],[[99.59847,17.82158],[99.58362,17.81643]],[[99.58362,17.81643],[99.57145,17.81617]],[[99.57145,17.81617],[99.56607,17.8113]],[[99.56607,17.8113],[99.54761,17.81193]],[[99.54761,17.81193],[99.54202,17.80966]],[[99.54202,17.80966],[99.53961,17.80474]],[[99.53961,17.80474],[99.52847,17.79983]],[[99.52847,17.79983],[99.51927,17.79755]],[[99.51927,17.79755],[99.51464,17.78888]],[[99.51464,17.78888],[99.51534,17.78305]],[[99.51534,17.78305],[99.5104,17.78247]],[[99.5104,17.78247],[99.49821,17.77375]],[[99.49821,17.77375],[99.49627,17.76903]],[[99.49627,17.76903],[99.48671,17.76281]],[[99.48671,17.76281],[99.48747,17.75818]],[[99.48747,17.75818],[99.4843,17.75459]],[[99.4843,17.75459],[99.48188,17.74526]],[[99.48188,17.74526],[99.47105,17.73787]],[[100.11402,18.80855],[100.11767,18.81972]],[[100.11767,18.81972],[100.13413,18.81751]],[[100.13413,18.81751],[100.13869,18.82387]],[[100.13869,18.82387],[100.14463,18.82451]],[[100.14463,18.82451],[100.14667,18.82762]],[[100.14667,18.82762],[100.15372,18.83006]],[[100.15372,18.83006],[100.15593,18.83547]],[[100.15593,18.83547],[100.15944,18.82768]],[[100.15944,18.82768],[100.1654,18.8191]],[[100.1654,18.8191],[100.17228,18.81378]],[[100.17228,18.81378],[100.1765,18.81347]],[[100.1765,18.81347],[100.18717,18.81909]],[[100.18717,18.81909],[100.1984,18.81452]],[[100.1984,18.81452],[100.20845,18.81879]],[[100.20845,18.81879],[100.21588,18.81842]],[[100.21588,18.81842],[100.22181,18.8209]],[[100.22181,18.8209],[100.22572,18.82528]],[[100.22572,18.82528],[100.23426,18.8236]],[[100.23426,18.8236],[100.24089,18.8196]],[[100.24089,18.8196],[100.24938,18.82269]],[[100.24938,18.82269],[100.2543,18.81934]],[[100.2543,18.81934],[100.25802,18.82107]],[[100.25802,18.82107],[100.27106,18.81866]],[[100.27106,18.81866],[100.27832,18.82103]],[[100.27832,18.82103],[100.29117,18.8177]],[[100.29117,18.8177],[100.30201,18.8185]],[[100.30201,18.8185],[100.31135,18.81049]],[[100.31135,18.81049],[100.31821,18.81177]],[[100.31821,18.81177],[100.32549,18.81067]],[[100.32549,18.81067],[100.3309,18.81331]],[[100.3309,18.81331],[100.3384,18.81325]],[[100.3384,18.81325],[100.34038,18.80596]],[[100.34038,18.80596],[100.34506,18.81392]],[[100.34506,18.81392],[100.33614,18.81941]],[[100.33614,18.81941],[100.33919,18.82544]],[[100.33919,18.82544],[100.34789,18.82931]],[[100.34789,18.82931],[100.34685,18.83326]],[[100.34685,18.83326],[100.36401,18.84853]],[[100.36401,18.84853],[100.36627,18.85358]],[[100.36627,18.85358],[100.36298,18.86082]],[[100.36298,18.86082],[100.36706,18.87188]],[[100.36706,18.87188],[100.38239,18.88526]],[[100.38239,18.88526],[100.38828,18.89356]],[[100.38828,18.89356],[100.38828,18.90111]],[[100.38828,18.90111],[100.39154,18.90921]],[[100.39154,18.90921],[100.39144,18.92682]],[[100.39144,18.92682],[100.3987,18.93253]],[[100.3987,18.93253],[100.4074,18.93714]],[[100.4074,18.93714],[100.40519,18.94473]],[[100.40519,18.94473],[100.41609,18.9453]],[[100.41609,18.9453],[100.42446,18.9483]],[[100.42446,18.9483],[100.42888,18.94532]],[[100.42888,18.94532],[100.43344,18.94629]],[[100.43344,18.94629],[100.44324,18.94336]],[[100.44324,18.94336],[100.45141,18.93521]],[[100.45141,18.93521],[100.45586,18.93627]],[[100.45586,18.93627],[100.45858,18.94249]],[[100.45858,18.94249],[100.47432,18.94931]],[[100.47432,18.94931],[100.48086,18.9506]],[[100.48086,18.9506],[100.48261,18.95401]],[[100.48261,18.95401],[100.48027,18.95973]],[[100.48027,18.95973],[100.4812,18.96565]],[[100.4812,18.96565],[100.48887,18.96842]],[[100.48887,18.96842],[100.49127,18.97414]],[[100.49127,18.97414],[100.49897,18.97924]],[[100.49897,18.97924],[100.50142,18.98975]],[[100.50142,18.98975],[100.50451,18.99529]],[[100.50451,18.99529],[100.49595,18.9975]],[[100.49595,18.9975],[100.4852,19.00212]],[[100.4852,19.00212],[100.45955,19.00289]],[[100.45955,19.00289],[100.45517,19.00704]],[[100.45517,19.00704],[100.46035,19.01272]],[[100.46035,19.01272],[100.46583,19.01419]],[[100.46583,19.01419],[100.46668,19.01835]],[[100.46668,19.01835],[100.47773,19.02431]],[[100.47773,19.02431],[100.47779,19.02913]],[[100.47779,19.02913],[100.48195,19.03156]],[[100.48195,19.03156],[100.48154,19.0378]],[[100.48154,19.0378],[100.48788,19.03896]],[[100.48788,19.03896],[100.49282,19.04428]],[[100.49282,19.04428],[100.49369,19.05236]],[[100.49369,19.05236],[100.51096,19.0486]],[[100.51096,19.0486],[100.51558,19.04439]],[[100.51558,19.04439],[100.52181,19.04432]],[[100.52181,19.04432],[100.53139,19.04132]],[[100.53139,19.04132],[100.5355,19.04602]],[[100.5355,19.04602],[100.5416,19.04686]],[[100.5416,19.04686],[100.5477,19.04068]],[[100.5477,19.04068],[100.55679,19.04474]],[[100.55679,19.04474],[100.56182,19.03475]],[[100.56182,19.03475],[100.57096,19.03032]],[[100.57096,19.03032],[100.58083,19.03153]],[[100.58083,19.03153],[100.59089,19.02785]],[[100.59089,19.02785],[100.60548,19.02033]],[[100.60548,19.02033],[100.61054,19.02716]],[[100.61054,19.02716],[100.61914,19.03341]],[[100.61914,19.03341],[100.61739,19.03826]],[[100.61739,19.03826],[100.60998,19.04586]],[[100.60998,19.04586],[100.59903,19.04949]],[[100.59903,19.04949],[100.58189,19.06103]],[[100.58189,19.06103],[100.58027,19.06454]],[[100.58027,19.06454],[100.57281,19.06987]],[[100.57281,19.06987],[100.56586,19.07274]],[[100.56586,19.07274],[100.56361,19.07929]],[[100.56361,19.07929],[100.5699,19.08727]],[[100.5699,19.08727],[100.56852,19.09867]],[[100.56852,19.09867],[100.57291,19.10437]],[[100.57291,19.10437],[100.58025,19.10229]],[[100.58025,19.10229],[100.58008,19.09728]],[[100.58008,19.09728],[100.59126,19.098]],[[100.59126,19.098],[100.59372,19.10157]],[[100.59372,19.10157],[100.60186,19.10474]],[[100.60186,19.10474],[100.60591,19.10201]],[[100.60591,19.10201],[100.62218,19.11021]],[[100.62218,19.11021],[100.62594,19.12333]],[[100.62594,19.12333],[100.62258,19.13856]],[[100.62258,19.13856],[100.62887,19.15118]],[[100.62887,19.15118],[100.62582,19.17089]],[[100.62582,19.17089],[100.61802,19.18246]],[[100.61802,19.18246],[100.61819,19.19284]],[[100.61819,19.19284],[100.62171,19.19955]],[[100.62171,19.19955],[100.61885,19.21316]],[[100.61885,19.21316],[100.61574,19.22251]],[[100.61574,19.22251],[100.61667,19.22726]],[[100.61667,19.22726],[100.60124,19.2495]],[[100.60124,19.2495],[100.60031,19.25272]],[[100.60031,19.25272],[100.60473,19.25678]],[[100.60473,19.25678],[100.60577,19.26475]],[[100.60577,19.26475],[100.60432,19.26865]],[[100.60432,19.26865],[100.60986,19.28005]],[[100.60986,19.28005],[100.6118,19.2894]],[[100.6118,19.2894],[100.61004,19.29611]],[[100.61004,19.29611],[100.61271,19.31697]],[[100.61271,19.31697],[100.61632,19.31999]],[[100.61632,19.31999],[100.61378,19.3277]],[[100.61378,19.3277],[100.60857,19.33405]],[[100.60857,19.33405],[100.59863,19.32714]],[[100.59863,19.32714],[100.59088,19.3262]],[[100.59088,19.3262],[100.59096,19.32073]],[[100.59096,19.32073],[100.5863,19.31402]],[[100.5863,19.31402],[100.57093,19.30461]],[[100.57093,19.30461],[100.56526,19.31073]],[[100.56526,19.31073],[100.56132,19.31146]],[[100.56132,19.31146],[100.55857,19.31943]],[[100.55857,19.31943],[100.55849,19.33507]],[[100.55849,19.33507],[100.56287,19.33906]],[[100.56287,19.33906],[100.55388,19.34069]],[[100.55388,19.34069],[100.54614,19.34899]],[[100.54614,19.34899],[100.53527,19.35046]],[[100.53527,19.35046],[100.53001,19.35321]],[[100.53001,19.35321],[100.53364,19.36793]],[[100.53364,19.36793],[100.5259,19.37172]],[[100.5259,19.37172],[100.52266,19.37923]],[[100.52266,19.37923],[100.51941,19.38069]],[[100.51941,19.38069],[100.50537,19.37122]],[[100.50537,19.37122],[100.49619,19.37125]],[[100.49619,19.37125],[100.49396,19.38055]],[[100.49396,19.38055],[100.4848,19.38304]],[[100.4848,19.38304],[100.4893,19.38803]],[[100.4893,19.38803],[100.48809,19.39955]],[[100.48809,19.39955],[100.49201,19.39876]],[[100.49201,19.39876],[100.50591,19.40296]],[[100.50591,19.40296],[100.50858,19.40599]],[[100.50858,19.40599],[100.51784,19.40588]],[[100.51784,19.40588],[100.52619,19.40888]],[[100.52619,19.40888],[100.54646,19.42089]],[[100.54646,19.42089],[100.56475,19.4362]],[[100.56475,19.4362],[100.56538,19.45392]],[[100.56538,19.45392],[100.57124,19.46358]],[[100.57124,19.46358],[100.58394,19.47561]],[[100.58394,19.47561],[100.58799,19.4749]],[[100.58799,19.4749],[100.60252,19.47921]],[[100.60252,19.47921],[100.60332,19.4855]],[[100.60332,19.4855],[100.59898,19.49829]],[[100.59898,19.49829],[100.59862,19.51007]],[[100.59862,19.51007],[100.60144,19.51687],[100.60253,19.52925],[100.61095,19.53625],[100.60804,19.54527],[100.61279,19.55074],[100.62531,19.55311],[100.62989,19.55606],[100.64495,19.55491],[100.6514,19.55716],[100.66182,19.54767],[100.67224,19.54973],[100.6825,19.54485],[100.68518,19.54165],[100.69207,19.53923],[100.69802,19.53475],[100.70687,19.53606],[100.71117,19.53101],[100.72141,19.5272],[100.72932,19.52635],[100.73486,19.52128],[100.74057,19.52051],[100.74161,19.51629],[100.75273,19.51072],[100.75774,19.51211],[100.75968,19.50925],[100.75647,19.50482],[100.76532,19.4999],[100.76639,19.49101],[100.77169,19.48757],[100.78193,19.4961],[100.79051,19.5102],[100.79619,19.51446],[100.8026,19.5156],[100.80825,19.52113],[100.81646,19.52511],[100.81919,19.53366],[100.82346,19.53592],[100.82677,19.54337],[100.83185,19.54537],[100.83477,19.55132],[100.83823,19.55254],[100.83987,19.55801],[100.84947,19.56969],[100.86006,19.57358],[100.85822,19.58281],[100.86491,19.5846],[100.86522,19.58913],[100.8691,19.59002],[100.87284,19.6006],[100.87753,19.60076],[100.87697,19.60494],[100.88176,19.6058],[100.88682,19.61863],[100.88694,19.62392],[100.89214,19.6327],[100.89791,19.63494],[100.91361,19.62693],[100.91666,19.62165],[100.92128,19.62486],[100.92992,19.62593],[100.93466,19.62245],[100.93782,19.6255],[100.96325,19.6244],[100.97411,19.61932],[100.98286,19.62736],[100.98546,19.62586],[100.9992,19.62617],[101.00124,19.62229],[101.00687,19.62386],[101.01406,19.62011],[101.02016,19.62406],[101.02341,19.63006],[101.03507,19.62904],[101.03807,19.62493],[101.0427,19.62543],[101.04957,19.62112],[101.0553,19.62194],[101.06213,19.61955],[101.07006,19.60297],[101.07871,19.60503],[101.0901,19.59693],[101.09204,19.58683],[101.09731,19.58453],[101.10175,19.58629],[101.11283,19.58563],[101.11774,19.58168],[101.1164,19.57925],[101.12293,19.57283],[101.1399,19.57922],[101.14704,19.57776],[101.15387,19.58175],[101.16643,19.58118],[101.17008,19.58625],[101.1795,19.57835],[101.18431,19.57965],[101.19151,19.57676],[101.19697,19.57696],[101.20359,19.58706],[101.20187,19.59213],[101.20585,19.60545],[101.21625,19.60249],[101.22484,19.60546],[101.23332,19.60247],[101.24427,19.60344],[101.24615,19.59611],[101.25545,19.59122],[101.26056,19.59374],[101.27355,19.58762],[101.28115,19.58189],[101.27999,19.57786],[101.28735,19.56976],[101.28366,19.56171],[101.27449,19.55221],[101.27421,19.54936],[101.28073,19.53726],[101.28488,19.53428],[101.28533,19.52697],[101.27799,19.52032],[101.27517,19.51287],[101.2712,19.51017],[101.26756,19.50366],[101.26864,19.50056],[101.26719,19.48955],[101.26978,19.48532],[101.26448,19.46955],[101.25555,19.47346],[101.24785,19.47428],[101.24313,19.47217],[101.23704,19.47397],[101.2365,19.47778],[101.22869,19.47646],[101.22676,19.4727],[101.21718,19.47235],[101.21369,19.4756],[101.21046,19.47239],[101.21153,19.46421],[101.20553,19.45842],[101.20916,19.45483],[101.20819,19.4488],[101.21262,19.44471],[101.21035,19.43785],[101.2154,19.43169],[101.20921,19.42398],[101.20693,19.41696],[101.20396,19.41526],[101.19929,19.40648],[101.19474,19.40529],[101.19659,19.39864],[101.19137,19.40192],[101.1876,19.4004],[101.19089,19.37728],[101.1979,19.37197],[101.2046,19.35753],[101.20562,19.34974],[101.21418,19.34793],[101.2194,19.34399],[101.22848,19.34779],[101.23325,19.33498],[101.2419,19.32566],[101.23148,19.31838],[101.22759,19.30981],[101.22931,19.29781],[101.23896,19.28581],[101.24332,19.26401],[101.24782,19.25635],[101.24879,19.2459],[101.25546,19.23459],[101.25971,19.22973],[101.25433,19.22105],[101.2547,19.21215],[101.25051,19.20538],[101.25245,19.19924],[101.252,19.19062],[101.24718,19.18444],[101.24566,19.17915],[101.25302,19.17078],[101.25443,19.15457],[101.25794,19.14922],[101.25869,19.13943],[101.25433,19.13241],[101.25675,19.12465],[101.25991,19.1241],[101.26579,19.11754],[101.27212,19.11402],[101.2853,19.10995],[101.28922,19.10443],[101.29434,19.10362],[101.29763,19.09377],[101.30439,19.08963],[101.31553,19.08033],[101.32529,19.08056],[101.32681,19.0727],[101.33149,19.07208],[101.3342,19.06812],[101.33941,19.0704],[101.34435,19.06163],[101.34786,19.05914],[101.35085,19.05211],[101.35815,19.0509],[101.34885,19.03591],[101.34518,19.02501],[101.34094,19.02178],[101.33976,19.01015],[101.33616,19.00421],[101.32591,19.00202],[101.31036,19.00241],[101.30622,18.99695],[101.30532,18.98838],[101.29329,18.98198],[101.29159,18.97755],[101.29398,18.97243],[101.29264,18.96647],[101.29643,18.95565],[101.29378,18.95184],[101.29624,18.94654],[101.29446,18.93799],[101.28743,18.93464],[101.2826,18.93582],[101.27927,18.93151],[101.27426,18.93012],[101.27595,18.92264],[101.27323,18.91571],[101.26453,18.91029],[101.25408,18.90613],[101.24711,18.89137],[101.24901,18.87695],[101.25465,18.86611],[101.25215,18.86258],[101.2524,18.85453],[101.25468,18.84708],[101.24554,18.83681],[101.24737,18.81935],[101.25843,18.8085],[101.25428,18.80385],[101.24943,18.79199],[101.25206,18.7849],[101.24926,18.77533],[101.25139,18.77061],[101.24472,18.77042],[101.24044,18.7648],[101.23877,18.75252],[101.23541,18.74019],[101.22448,18.73363],[101.22782,18.72599],[101.2335,18.72206],[101.23451,18.71212],[101.24502,18.71187],[101.25308,18.70595],[101.25689,18.70582],[101.26007,18.70108],[101.26499,18.69983],[101.27097,18.69343],[101.27236,18.68771],[101.25887,18.67718],[101.2579,18.66878],[101.25379,18.66542],[101.24999,18.65652],[101.24166,18.65134],[101.24287,18.64151],[101.22671,18.62457],[101.21887,18.62428],[101.21415,18.61926],[101.20422,18.6183],[101.19061,18.61508],[101.18206,18.61153],[101.17955,18.60519],[101.18243,18.60275],[101.1803,18.58793],[101.18661,18.5809],[101.18445,18.57046],[101.1823,18.56909],[101.18338,18.56095],[101.17988,18.55827],[101.17526,18.55989],[101.17092,18.55696],[101.16093,18.55461],[101.15723,18.55536],[101.14831,18.55199],[101.14845,18.54222],[101.14276,18.53845],[101.1389,18.52784],[101.12898,18.52445],[101.11783,18.52689],[101.10846,18.52518],[101.10485,18.52222],[101.0999,18.5124],[101.09791,18.50177],[101.09154,18.49886],[101.09128,18.4914],[101.09406,18.48201],[101.09174,18.4777],[101.08242,18.47536],[101.08168,18.47242],[101.07434,18.46628],[101.07204,18.46191],[101.06747,18.46015],[101.05766,18.44499],[101.0541,18.44119],[101.05626,18.43428],[101.0524,18.42691],[101.06466,18.41671],[101.06938,18.40972],[101.07726,18.40744],[101.08417,18.39562],[101.08265,18.39261],[101.08334,18.38337],[101.08542,18.38102]],[[99.69362,19.38268],[99.68848,19.39339]],[[99.68848,19.39339],[99.68724,19.40585]],[[99.68724,19.40585],[99.68261,19.41831]],[[99.68261,19.41831],[99.68295,19.42232]],[[99.68295,19.42232],[99.69027,19.4198]],[[99.69027,19.4198],[99.69929,19.41961]],[[99.69929,19.41961],[99.7068,19.42534]],[[99.7068,19.42534],[99.71491,19.41986]],[[99.71491,19.41986],[99.71686,19.42246]],[[99.71686,19.42246],[99.72688,19.4251]],[[99.72688,19.4251],[99.73345,19.42499]],[[99.73345,19.42499],[99.73992,19.43105]],[[99.73992,19.43105],[99.75128,19.43537]],[[99.75128,19.43537],[99.75534,19.44111]],[[99.75534,19.44111],[99.77517,19.44174]],[[99.77517,19.44174],[99.78678,19.45103]],[[99.78678,19.45103],[99.80226,19.45165]],[[99.80226,19.45165],[99.81912,19.44874]],[[99.81912,19.44874],[99.82886,19.44556]],[[99.82886,19.44556],[99.84509,19.44477]],[[99.84509,19.44477],[99.85251,19.44665]],[[99.85251,19.44665],[99.8649,19.44646]],[[99.8649,19.44646],[99.87112,19.45359]],[[99.87112,19.45359],[99.87695,19.45482]],[[99.87695,19.45482],[99.87966,19.44917]],[[99.87966,19.44917],[99.88599,19.44753]],[[99.88599,19.44753],[99.8946,19.43738]],[[99.8946,19.43738],[99.89906,19.42569]],[[99.89906,19.42569],[99.90691,19.43162]],[[99.90691,19.43162],[99.91444,19.43246]],[[99.91444,19.43246],[99.91924,19.41405]],[[99.91924,19.41405],[99.92,19.40641]],[[99.92,19.40641],[99.9264,19.41023]],[[99.9264,19.41023],[99.92925,19.4153]],[[99.92925,19.4153],[99.94201,19.41948]],[[99.94201,19.41948],[99.94409,19.42581]],[[99.94409,19.42581],[99.94778,19.42855]],[[99.94778,19.42855],[99.96015,19.42776]],[[99.96015,19.42776],[99.97025,19.42948]],[[99.97025,19.42948],[99.97365,19.42766]],[[99.97365,19.42766],[99.98174,19.42958]],[[99.98174,19.42958],[99.98624,19.43275]],[[99.98624,19.43275],[99.99048,19.42897]],[[99.99048,19.42897],[99.99622,19.43025]],[[99.99622,19.43025],[99.99631,19.43535]],[[99.99631,19.43535],[100.001,19.43444]],[[100.001,19.43444],[100.00499,19.42915]],[[100.00499,19.42915],[100.01089,19.42581]],[[100.01089,19.42581],[100.00884,19.43716]],[[100.00884,19.43716],[100.01132,19.43912]],[[100.01132,19.43912],[100.02467,19.43699]],[[100.02467,19.43699],[100.03936,19.44504]],[[100.03936,19.44504],[100.04805,19.44315]],[[100.04805,19.44315],[100.05132,19.44041]],[[100.05132,19.44041],[100.04944,19.43486]],[[100.04944,19.43486],[100.05165,19.43098]],[[100.05165,19.43098],[100.05595,19.43531]],[[100.05595,19.43531],[100.06777,19.43126]],[[100.06777,19.43126],[100.072,19.43416]],[[100.072,19.43416],[100.06943,19.441]],[[100.06943,19.441],[100.06494,19.44271]],[[100.06494,19.44271],[100.06522,19.44758]],[[100.06522,19.44758],[100.07043,19.45676]],[[100.07043,19.45676],[100.06948,19.46524]],[[100.06948,19.46524],[100.06562,19.46976]],[[100.06562,19.46976],[100.06701,19.47893]],[[100.06701,19.47893],[100.06982,19.48282]],[[100.06982,19.48282],[100.06519,19.504]],[[100.06519,19.504],[100.06702,19.51759]],[[100.06702,19.51759],[100.06661,19.52566]],[[100.06661,19.52566],[100.06971,19.53193]],[[100.06971,19.53193],[100.06773,19.53907]],[[100.06773,19.53907],[100.0743,19.54602]],[[100.0743,19.54602],[100.08365,19.5522]],[[100.08365,19.5522],[100.10115,19.55339]],[[100.10115,19.55339],[100.10999,19.55286]],[[100.10999,19.55286],[100.12469,19.54987]],[[100.12469,19.54987],[100.15828,19.54505]],[[100.15828,19.54505],[100.16325,19.54369]],[[100.16325,19.54369],[100.16217,19.55123]],[[100.16217,19.55123],[100.16584,19.55172]],[[100.16584,19.55172],[100.16384,19.55907]],[[100.16384,19.55907],[100.16857,19.56517]],[[100.16857,19.56517],[100.16199,19.56861]],[[100.16199,19.56861],[100.16872,19.57526]],[[100.16872,19.57526],[100.16523,19.586]],[[100.16523,19.586],[100.16738,19.59189]],[[100.16738,19.59189],[100.17117,19.59285]],[[100.17117,19.59285],[100.17338,19.59845]],[[100.17338,19.59845],[100.16801,19.60233]],[[100.16801,19.60233],[100.17918,19.61265]],[[100.17918,19.61265],[100.18401,19.61385]],[[100.18401,19.61385],[100.18823,19.60945]],[[100.18823,19.60945],[100.20371,19.61056]],[[100.20371,19.61056],[100.20766,19.60728]],[[100.20766,19.60728],[100.2172,19.61075]],[[100.2172,19.61075],[100.22236,19.61021]],[[100.22236,19.61021],[100.22922,19.60584]],[[100.22922,19.60584],[100.23434,19.61076]],[[100.23434,19.61076],[100.23988,19.626]],[[100.23988,19.626],[100.247,19.63441]],[[100.247,19.63441],[100.25246,19.63492]],[[100.25246,19.63492],[100.25304,19.64175]],[[100.25304,19.64175],[100.26129,19.64503]],[[100.26129,19.64503],[100.26165,19.64894]],[[100.26165,19.64894],[100.27283,19.64532]],[[100.27283,19.64532],[100.27573,19.6506]],[[100.27573,19.6506],[100.28042,19.65206]],[[100.28042,19.65206],[100.2838,19.64354]],[[100.2838,19.64354],[100.29055,19.64271]],[[100.29055,19.64271],[100.29384,19.64569]],[[100.29384,19.64569],[100.311,19.64607]],[[100.311,19.64607],[100.31689,19.64926]],[[100.31689,19.64926],[100.32732,19.66812]],[[100.32732,19.66812],[100.33117,19.67895]],[[100.33117,19.67895],[100.3414,19.68747]],[[100.3414,19.68747],[100.33369,19.70263]],[[100.33369,19.70263],[100.33696,19.70864]],[[100.33696,19.70864],[100.35201,19.71512]],[[100.35201,19.71512],[100.35642,19.71171]],[[100.35642,19.71171],[100.36026,19.7158]],[[100.36026,19.7158],[100.3735,19.70808]],[[100.3735,19.70808],[100.3852,19.71022]],[[100.3852,19.71022],[100.39052,19.71756]],[[100.39052,19.71756],[100.39007,19.72088]],[[100.39007,19.72088],[100.39611,19.72882]],[[100.39611,19.72882],[100.40477,19.73213]],[[100.40477,19.73213],[100.40658,19.73606]],[[100.40658,19.73606],[100.41672,19.7322],[100.41953,19.72854],[100.42535,19.72854],[100.43065,19.72183],[100.43774,19.71951],[100.43967,19.71209],[100.4452,19.70811],[100.44449,19.70313],[100.43727,19.69674],[100.43037,19.68422],[100.42773,19.67306],[100.43984,19.66648],[100.44393,19.66235],[100.44292,19.65602],[100.44471,19.6483],[100.44235,19.6435],[100.44332,19.63454],[100.44712,19.62903],[100.45642,19.62833],[100.46016,19.61896],[100.4683,19.61475],[100.47708,19.61364],[100.48293,19.61025],[100.4821,19.60432],[100.48705,19.59408],[100.48429,19.5872],[100.49039,19.58275],[100.49169,19.57668],[100.48965,19.5688],[100.48166,19.56001],[100.48314,19.54873],[100.48752,19.54294],[100.50173,19.5384],[100.50771,19.53286],[100.5133,19.52372],[100.52196,19.52012],[100.52893,19.52045],[100.53376,19.52469],[100.54458,19.51984],[100.54883,19.51996],[100.55746,19.51049],[100.56826,19.50622],[100.57401,19.49986],[100.58073,19.4993],[100.58933,19.50648],[100.59371,19.50629],[100.59862,19.51007]],[[99.51307,20.14743],[99.51137,20.15182],[99.51773,20.15286],[99.52874,20.1473],[99.53872,20.14802],[99.53787,20.16436],[99.54097,20.17218],[99.55115,20.17661],[99.55494,20.18473],[99.55377,20.18807],[99.55671,20.19586],[99.56358,20.20563],[99.5584,20.21417],[99.54481,20.21747],[99.54176,20.22451],[99.53306,20.23219],[99.52721,20.231],[99.52284,20.23291],[99.52137,20.23953],[99.52142,20.25009],[99.51579,20.25634],[99.51852,20.25896],[99.51801,20.26513],[99.50952,20.28913],[99.50518,20.29376],[99.50587,20.30706],[99.50967,20.31281],[99.50697,20.32581],[99.49968,20.33667],[99.48767,20.34619],[99.47597,20.3494],[99.4643,20.36002],[99.45567,20.36301],[99.45775,20.37309],[99.45723,20.37887],[99.45963,20.38571],[99.45777,20.39268],[99.47219,20.39433],[99.48844,20.38399],[99.49504,20.38527],[99.50098,20.3827],[99.50182,20.37946],[99.50923,20.37322],[99.51039,20.36852],[99.51556,20.36318],[99.5247,20.36299],[99.5347,20.35683],[99.54419,20.35602],[99.54708,20.35779],[99.55746,20.35803],[99.56097,20.35278],[99.57584,20.34788],[99.57686,20.345],[99.58702,20.34232],[99.59176,20.34418],[99.59835,20.33817],[99.61282,20.33204],[99.6136,20.33563],[99.62121,20.33846],[99.62758,20.33595],[99.63344,20.34205],[99.64911,20.3406],[99.6496,20.33616],[99.65378,20.33437],[99.65724,20.3285],[99.66554,20.32663],[99.67652,20.31742],[99.68178,20.31644],[99.68607,20.3208],[99.69884,20.32674],[99.70985,20.32417],[99.71388,20.32841],[99.71994,20.33062],[99.71685,20.3402],[99.7212,20.34563],[99.72833,20.34725],[99.73053,20.35019],[99.74057,20.34532],[99.74419,20.34626],[99.75848,20.33953],[99.76532,20.3428],[99.77055,20.34185],[99.77672,20.33516],[99.78928,20.33617],[99.80228,20.33502],[99.81066,20.33636],[99.81243,20.34218],[99.82417,20.35211],[99.82849,20.36376],[99.83334,20.37027],[99.83922,20.37383],[99.84095,20.38585],[99.83837,20.38974],[99.84184,20.40485],[99.84749,20.40803],[99.85936,20.4213],[99.8639,20.43313],[99.85944,20.44091],[99.86513,20.44617],[99.87273,20.44394],[99.88448,20.44614],[99.89427,20.44392],[99.89702,20.44872],[99.90043,20.44748],[99.9076,20.44994],[99.91605,20.44954],[99.92262,20.4466],[99.93295,20.45622],[99.93408,20.45442],[99.94428,20.45739],[99.95571,20.46472],[99.96626,20.46207],[99.97006,20.45942],[99.96698,20.45439],[99.9751,20.44957],[99.98019,20.44991],[99.97649,20.44444],[99.98192,20.44157],[99.98945,20.42619],[99.98704,20.42266],[99.99466,20.42225],[99.99009,20.41883],[99.99929,20.41901],[100.00378,20.41569],[100.00781,20.41885],[100.01899,20.41126],[100.0196,20.40641],[100.02883,20.40345],[100.03581,20.39833],[100.03978,20.39288],[100.04121,20.39869],[100.04613,20.39152],[100.05215,20.39276],[100.05552,20.38811],[100.05512,20.39521],[100.05961,20.39627],[100.06333,20.39122],[100.06354,20.38608],[100.06992,20.39002],[100.07213,20.38894],[100.06605,20.38243],[100.06698,20.37481],[100.07007,20.37466],[100.07722,20.38094],[100.07685,20.37493],[100.08115,20.37023],[100.08592,20.36872],[100.07935,20.3648],[100.0809,20.35739],[100.08464,20.35345],[100.09677,20.31894],[100.0993,20.30834],[100.09812,20.30026],[100.09199,20.28093],[100.09127,20.27121],[100.09322,20.26684],[100.10416,20.25511],[100.11544,20.25011],[100.13547,20.2489],[100.15401,20.24456],[100.16911,20.24485],[100.17416,20.24818],[100.18021,20.26368],[100.17513,20.27853],[100.16914,20.28354],[100.16692,20.29643],[100.16909,20.30084],[100.1753,20.30529],[100.19352,20.31112],[100.21162,20.31257],[100.2174,20.31485],[100.22467,20.32225],[100.22834,20.33129],[100.22755,20.33852],[100.22408,20.34767],[100.22684,20.35604],[100.22998,20.35882],[100.24388,20.36586],[100.24844,20.37375],[100.24894,20.38385],[100.25597,20.39172],[100.26571,20.399],[100.27204,20.40097],[100.28697,20.39865],[100.30268,20.39828],[100.31119,20.40165],[100.31999,20.39909],[100.3301,20.39872],[100.34719,20.38391],[100.3547,20.37909],[100.3589,20.37068],[100.35887,20.35689],[100.37245,20.35369],[100.3764,20.34751],[100.37668,20.33666],[100.38093,20.32559],[100.38067,20.32009],[100.38335,20.3126],[100.39341,20.30052],[100.39692,20.29265],[100.40238,20.28772],[100.40793,20.27847],[100.41168,20.26009],[100.41931,20.25064],[100.43091,20.24601],[100.45254,20.23247],[100.45741,20.22367],[100.45404,20.21011],[100.45628,20.19898],[100.46572,20.19809],[100.47935,20.18766],[100.49724,20.16894],[100.49997,20.1614],[100.50809,20.15036],[100.51326,20.14602],[100.52419,20.14297],[100.52902,20.14449],[100.5389,20.15732],[100.54421,20.16682],[100.54979,20.17359],[100.55381,20.17563],[100.56828,20.17519],[100.57817,20.16803],[100.5749,20.14818],[100.57106,20.1359],[100.57223,20.12694],[100.56905,20.11463],[100.57001,20.09854],[100.56438,20.09337],[100.56057,20.08608],[100.56076,20.0764],[100.55825,20.06501],[100.55445,20.05516],[100.55425,20.04681],[100.55087,20.04273],[100.55152,20.03062],[100.54186,20.02222],[100.5436,20.01202],[100.53868,20.00124],[100.538,19.99381],[100.53387,19.9876],[100.5303,19.97447],[100.52733,19.96902],[100.52583,19.9587],[100.51711,19.94285],[100.5168,19.93688],[100.52255,19.92879],[100.52032,19.91467],[100.51434,19.90922],[100.5204,19.90363],[100.5147,19.89791],[100.51296,19.89117],[100.5008,19.88247],[100.50008,19.86833],[100.49632,19.86494],[100.48661,19.86464],[100.48028,19.85918],[100.47237,19.85587],[100.46288,19.85717],[100.44965,19.84734],[100.44263,19.83589],[100.44779,19.82957],[100.44801,19.82488],[100.44436,19.822],[100.44403,19.81559],[100.44101,19.8087],[100.44296,19.80661],[100.43847,19.79106],[100.43372,19.78767],[100.4278,19.78747],[100.41821,19.78402],[100.41541,19.78068],[100.41281,19.77199],[100.40771,19.76323],[100.40429,19.75323],[100.40452,19.74222],[100.40658,19.73606]],[[98.08921,17.63718],[98.08599,17.63727]],[[98.08599,17.63727],[98.07279,17.6478]],[[98.07279,17.6478],[98.06643,17.64997]],[[98.06643,17.64997],[98.06385,17.64812]],[[98.06385,17.64812],[98.06125,17.65699]],[[98.06125,17.65699],[98.05719,17.66295]],[[98.05719,17.66295],[98.05156,17.66734]],[[98.05156,17.66734],[98.04663,17.6645]],[[98.04663,17.6645],[98.04715,17.66987]],[[98.04715,17.66987],[98.04016,17.67614]],[[98.04016,17.67614],[98.043,17.6803]],[[98.043,17.6803],[98.03895,17.68683]],[[98.03895,17.68683],[98.04061,17.68908]],[[98.04061,17.68908],[98.03751,17.69641]],[[98.03751,17.69641],[98.03066,17.70233]],[[98.03066,17.70233],[98.0303,17.71122]],[[98.0303,17.71122],[98.02296,17.71091]],[[98.02296,17.71091],[98.02754,17.72081]],[[98.02754,17.72081],[98.02109,17.72659]],[[98.02109,17.72659],[98.01982,17.73246]],[[98.01982,17.73246],[98.01499,17.73304]],[[98.01499,17.73304],[98.01378,17.7396]],[[98.01378,17.7396],[98.02054,17.73623]],[[98.02054,17.73623],[98.0219,17.73829]],[[98.0219,17.73829],[98.01594,17.74748]],[[98.01594,17.74748],[98.01269,17.74811]],[[98.01269,17.74811],[98.01468,17.75566]],[[98.01468,17.75566],[98.01034,17.75674]],[[98.01034,17.75674],[98.00772,17.76296]],[[98.00772,17.76296],[98.01059,17.76807]],[[98.01059,17.76807],[98.00642,17.77493]],[[98.00642,17.77493],[97.99812,17.77525]],[[97.99812,17.77525],[97.99918,17.78136]],[[97.99918,17.78136],[97.99642,17.78577]],[[97.99642,17.78577],[97.98969,17.78576]],[[97.98969,17.78576],[97.99549,17.78841]],[[97.99549,17.78841],[97.99056,17.79653]],[[97.99056,17.79653],[97.98673,17.79806]],[[97.98673,17.79806],[97.98546,17.80649]],[[97.98546,17.80649],[97.99105,17.80898]],[[97.99105,17.80898],[97.97969,17.81391]],[[97.97969,17.81391],[97.97941,17.82355]],[[97.97941,17.82355],[97.97522,17.82287]],[[97.97522,17.82287],[97.97822,17.83176]],[[97.97822,17.83176],[97.98074,17.83179]],[[97.98074,17.83179],[97.98191,17.83962]],[[97.98191,17.83962],[97.9748,17.84796]],[[97.9748,17.84796],[97.97041,17.84795]],[[97.97041,17.84795],[97.96712,17.857]],[[97.96712,17.857],[97.9735,17.863]],[[97.9735,17.863],[97.96943,17.86773]],[[97.96943,17.86773],[97.95584,17.86371]],[[97.95584,17.86371],[97.95424,17.8605]],[[97.95424,17.8605],[97.94469,17.8585]],[[97.94469,17.8585],[97.91834,17.8583]],[[97.91834,17.8583],[97.9114,17.85367]],[[97.9114,17.85367],[97.90741,17.83992]],[[97.90741,17.83992],[97.90189,17.83642]],[[97.90189,17.83642],[97.89959,17.82826]],[[97.89959,17.82826],[97.90597,17.82012]],[[97.90597,17.82012],[97.9059,17.81498]],[[97.9059,17.81498],[97.90204,17.80931]],[[97.90204,17.80931],[97.89461,17.80396]],[[97.89461,17.80396],[97.88577,17.80128]],[[97.88577,17.80128],[97.87769,17.7953]],[[97.87769,17.7953],[97.87211,17.7954]],[[97.87211,17.7954],[97.86661,17.78903]],[[97.86661,17.78903],[97.86251,17.7906]],[[97.86251,17.7906],[97.86142,17.78601]],[[97.86142,17.78601],[97.84582,17.7789]],[[97.84582,17.7789],[97.82604,17.78156]],[[97.82604,17.78156],[97.81742,17.78638]],[[97.81742,17.78638],[97.80596,17.78055]],[[97.80596,17.78055],[97.79471,17.77712]],[[97.79471,17.77712],[97.78515,17.7851]],[[97.78515,17.7851],[97.77375,17.77919]],[[97.77375,17.77919],[97.76204,17.77656]],[[97.76204,17.77656],[97.759,17.77892]],[[97.759,17.77892],[97.75259,17.7781]],[[97.75259,17.7781],[97.74621,17.78601]],[[97.74621,17.78601],[97.74238,17.78577]],[[97.74238,17.78577],[97.73293,17.79684],[97.72307,17.79959],[97.71768,17.80815],[97.71991,17.816],[97.71853,17.81895],[97.70904,17.81888],[97.70303,17.81563],[97.69883,17.81987],[97.69121,17.83363],[97.69307,17.83721],[97.69158,17.84293],[97.68572,17.85054],[97.67817,17.8663],[97.67395,17.87104],[97.67199,17.88289],[97.68023,17.90137],[97.68515,17.90796],[97.68711,17.92506],[97.69931,17.93708],[97.70382,17.94336],[97.71245,17.94821],[97.72511,17.95012],[97.73015,17.95232],[97.73566,17.95883],[97.73721,17.97733],[97.73571,17.98782],[97.72877,18.00126],[97.72146,18.0109],[97.7206,18.01537],[97.72369,18.02077],[97.72231,18.02534],[97.71683,18.03167],[97.70872,18.04726],[97.70766,18.05649],[97.69909,18.06596],[97.6919,18.0649],[97.6877,18.06016],[97.68239,18.06284],[97.67999,18.07513],[97.68842,18.07912],[97.69034,18.08828],[97.68778,18.09659],[97.67765,18.115],[97.67774,18.1367],[97.67629,18.14596],[97.67735,18.15429],[97.67517,18.16225],[97.669,18.16848],[97.65868,18.17219],[97.65149,18.1779],[97.64327,18.19207],[97.6281,18.20677],[97.61518,18.2228],[97.60874,18.23963],[97.61124,18.25065],[97.62195,18.25987],[97.63399,18.2721],[97.63911,18.2804],[97.63908,18.28702],[97.62623,18.30923],[97.62034,18.317],[97.61141,18.32142],[97.60392,18.32696],[97.59221,18.33168],[97.58256,18.33261],[97.57543,18.33835],[97.56653,18.33649],[97.55946,18.33879],[97.55136,18.33458],[97.54753,18.32176],[97.54298,18.31163],[97.54091,18.29936],[97.53574,18.28615],[97.52805,18.27772],[97.50699,18.2665],[97.50303,18.26651],[97.49404,18.27601],[97.48438,18.29037],[97.47013,18.3004],[97.4614,18.30967],[97.45204,18.32821],[97.44673,18.33141],[97.44362,18.34159],[97.44352,18.35116],[97.44162,18.35887],[97.45042,18.3756],[97.45214,18.38848],[97.44662,18.39485],[97.4416,18.40347],[97.43586,18.40655],[97.42965,18.40597],[97.4254,18.4093],[97.41987,18.42131],[97.41816,18.43459],[97.41431,18.44131],[97.40305,18.44939],[97.39845,18.45824],[97.39367,18.47362],[97.39054,18.49202],[97.38659,18.50469],[97.38356,18.51028],[97.3733,18.52256],[97.36292,18.52662],[97.35343,18.53438],[97.34695,18.54397],[97.3443,18.55283],[97.34358,18.5767],[97.3578,18.59194],[97.36047,18.59935],[97.36352,18.59356],[97.36224,18.56181],[97.36434,18.5596],[97.38259,18.55932],[97.3937,18.56138],[97.3976,18.5654],[97.40396,18.5663],[97.4073,18.55749],[97.41279,18.5529],[97.41823,18.55291],[97.42659,18.54599],[97.428,18.53086],[97.4298,18.52387],[97.43626,18.52035],[97.43688,18.50631],[97.4433,18.50252],[97.44412,18.49526],[97.45464,18.49361],[97.45888,18.49952],[97.46381,18.4971],[97.4683,18.49886],[97.47149,18.50443],[97.4907,18.51003],[97.49838,18.49574],[97.50419,18.49285],[97.5097,18.49278],[97.51572,18.49771],[97.52174,18.49466],[97.52813,18.49615],[97.5336,18.49122],[97.53679,18.49274],[97.53957,18.50042],[97.53881,18.50405],[97.54381,18.51811],[97.54367,18.5264],[97.54926,18.5307],[97.55809,18.52723],[97.56284,18.52212],[97.56721,18.52486],[97.57191,18.53513],[97.57895,18.53281],[97.58552,18.53361],[97.58832,18.53786],[97.5937,18.53566],[97.60318,18.53612],[97.60672,18.54354],[97.6138,18.54564],[97.61881,18.54271],[97.62266,18.54396],[97.61477,18.55454],[97.61455,18.56138],[97.62738,18.56551],[97.63391,18.55877],[97.64035,18.56253],[97.64428,18.56954],[97.64959,18.57078],[97.65061,18.57694],[97.67118,18.57359],[97.6737,18.577],[97.68289,18.57552],[97.69295,18.56999],[97.70129,18.56947],[97.70918,18.57218],[97.7221,18.57357],[97.72578,18.58422],[97.73219,18.58643],[97.73876,18.57946],[97.7539,18.57622],[97.75707,18.57779],[97.76852,18.57813],[97.76723,18.582],[97.772,18.59829],[97.77046,18.60496],[97.77393,18.61031],[97.77365,18.61901],[97.7691,18.62248],[97.77108,18.6284],[97.7671,18.6332],[97.7711,18.63747],[97.7684,18.6434],[97.77109,18.64514],[97.77229,18.65552],[97.76819,18.66297],[97.76746,18.66927],[97.77182,18.67305],[97.77076,18.68025],[97.77385,18.68928],[97.77203,18.69573],[97.76609,18.70332],[97.76536,18.70812],[97.75779,18.71256],[97.75467,18.72039],[97.75479,18.73007],[97.7517,18.73698],[97.75755,18.7437],[97.75851,18.75486],[97.76304,18.75738],[97.76153,18.763],[97.75486,18.76532],[97.75251,18.77436],[97.75389,18.78457],[97.74931,18.79032],[97.74845,18.79826],[97.75265,18.80817],[97.74713,18.80987],[97.74274,18.81834],[97.73975,18.83007],[97.74596,18.83373],[97.74849,18.84354],[97.74428,18.84934],[97.74606,18.85679],[97.7408,18.86079],[97.73913,18.86744],[97.74097,18.88208],[97.73715,18.88664],[97.73076,18.88503],[97.71964,18.88644],[97.711,18.89698],[97.70565,18.89976],[97.70363,18.89779],[97.6973,18.9043],[97.69646,18.91058],[97.68893,18.9159],[97.68909,18.92559],[97.67416,18.93066],[97.6713,18.92926],[97.66609,18.93727],[97.67079,18.94201],[97.66812,18.9482],[97.67504,18.94718],[97.68566,18.95272],[97.68973,18.94888],[97.69508,18.95164],[97.69973,18.95725],[97.70733,18.95766],[97.70486,18.9665],[97.71616,18.96938],[97.72203,18.9675],[97.72616,18.97443],[97.73106,18.97262],[97.73892,18.98045],[97.73518,18.98328],[97.73722,18.9906],[97.73571,19.01605],[97.73895,19.02158],[97.73725,19.02849],[97.73867,19.03522],[97.73563,19.04045],[97.74373,19.04195],[97.74721,19.0387],[97.75166,19.04194],[97.75846,19.03895],[97.76321,19.03974],[97.76964,19.04609],[97.77133,19.05584],[97.76449,19.06568],[97.76868,19.07276],[97.78108,19.07602],[97.78411,19.07284],[97.79159,19.07369],[97.79676,19.08062],[97.80322,19.08588],[97.80826,19.08652],[97.81058,19.09048],[97.82289,19.09086],[97.83616,19.09351],[97.83812,19.10024],[97.83679,19.10596],[97.84057,19.11789],[97.83787,19.12892],[97.83425,19.13588],[97.83775,19.14477],[97.84303,19.14594],[97.84453,19.14925],[97.84196,19.15463],[97.84314,19.15993],[97.83974,19.16328],[97.8387,19.171],[97.84423,19.18014],[97.83808,19.19427],[97.83906,19.19842],[97.84511,19.20222],[97.8453,19.21417],[97.84209,19.22393],[97.83554,19.22709],[97.82545,19.22938],[97.82689,19.23408],[97.82451,19.23821],[97.81755,19.23811],[97.81211,19.24597],[97.80973,19.25276],[97.79223,19.2627],[97.78354,19.264],[97.78554,19.27369],[97.78873,19.27468],[97.79016,19.28275],[97.7958,19.28315],[97.801,19.28885],[97.80598,19.28746],[97.81041,19.27972],[97.81692,19.2848],[97.8255,19.28272],[97.83117,19.2909],[97.84287,19.28984],[97.84006,19.30044],[97.83436,19.29993],[97.82875,19.30257],[97.82867,19.31039],[97.82382,19.31584],[97.82558,19.32329],[97.82226,19.32852],[97.8163,19.3299],[97.81064,19.33725],[97.81363,19.34032],[97.80818,19.34603],[97.79843,19.35279],[97.79783,19.35626],[97.80178,19.36359],[97.80044,19.37186],[97.80609,19.37657],[97.80222,19.3802],[97.80446,19.38525],[97.7924,19.39471],[97.78775,19.39458],[97.78574,19.39831],[97.78775,19.40321],[97.80361,19.40497],[97.80701,19.4113],[97.81279,19.41251],[97.81529,19.41804],[97.82269,19.4236],[97.82727,19.43124],[97.82724,19.43892],[97.83341,19.44757],[97.8369,19.44923],[97.83881,19.45464],[97.85072,19.46672],[97.85755,19.46882],[97.86009,19.47325],[97.85948,19.47853],[97.86284,19.48333],[97.87171,19.48489],[97.87441,19.48923],[97.873,19.49556],[97.87886,19.49651],[97.88796,19.50102],[97.88014,19.50661],[97.87614,19.50612],[97.87293,19.51534],[97.86881,19.51569],[97.86863,19.5226],[97.86463,19.52649],[97.85582,19.53076],[97.85513,19.54782],[97.8588,19.55861],[97.86286,19.56303],[97.85921,19.57105],[97.8632,19.57704],[97.87359,19.57832],[97.87881,19.58133],[97.89031,19.57694],[97.90229,19.57872],[97.90883,19.58395],[97.9214,19.5861],[97.92614,19.58994],[97.93347,19.59146],[97.94235,19.59783],[97.95272,19.59357],[97.96026,19.59375],[97.95976,19.59787],[97.97413,19.60143],[97.97579,19.60565],[97.97366,19.61258],[97.976,19.61669],[97.97243,19.62349],[97.97494,19.62856],[97.97263,19.63312],[97.97992,19.63447],[97.98204,19.63887],[97.9933,19.63807],[98.00015,19.63555],[98.0264,19.63745],[98.02695,19.64147],[98.03714,19.64298],[98.03882,19.64882],[98.04433,19.65343],[98.04228,19.66585],[98.03291,19.67049],[98.03398,19.67763],[98.02858,19.68814],[98.03085,19.6962],[98.03451,19.70024],[98.02886,19.70642],[98.02573,19.71379],[98.025,19.72202],[98.03192,19.72548],[98.02952,19.73433],[98.03383,19.74226],[98.03297,19.75387],[98.03772,19.76583],[98.0336,19.77255],[98.03496,19.77946],[98.03309,19.7826],[98.03523,19.79361],[98.03956,19.79971],[98.034,19.80344],[98.03663,19.80647],[98.04353,19.80832],[98.04894,19.8152],[98.05514,19.80541],[98.06422,19.80473],[98.06667,19.80999],[98.08278,19.81041],[98.08623,19.80457],[98.08374,19.79174],[98.09035,19.791],[98.10087,19.77209],[98.11304,19.77387],[98.1151,19.77926],[98.12258,19.77961],[98.12973,19.78576],[98.13544,19.78827],[98.13983,19.78248],[98.14583,19.78017],[98.15051,19.77447],[98.15701,19.77111],[98.16332,19.77356],[98.17282,19.76735],[98.17878,19.76024],[98.18441,19.75924],[98.18368,19.75059],[98.19345,19.73789],[98.19732,19.73882],[98.20283,19.73214],[98.21227,19.7305],[98.21763,19.72509],[98.22538,19.72821],[98.22993,19.72604],[98.2309,19.71818],[98.23794,19.70971],[98.23677,19.70455],[98.23161,19.69754],[98.23675,19.68823],[98.24243,19.68454],[98.24827,19.67668],[98.25347,19.67915],[98.2603,19.6786],[98.26644,19.68339],[98.27743,19.6818],[98.28787,19.68502],[98.29231,19.6816],[98.30084,19.68702],[98.30634,19.6872],[98.31722,19.6934],[98.32322,19.69874],[98.33701,19.69373],[98.34181,19.69794],[98.34788,19.69785],[98.34975,19.69421],[98.35558,19.69596],[98.36496,19.69345],[98.36981,19.68954],[98.37699,19.69766],[98.38402,19.70082],[98.38757,19.70016],[98.39128,19.70415],[98.40453,19.69974],[98.40637,19.69515],[98.41441,19.6929],[98.41946,19.69603],[98.42502,19.69289],[98.42902,19.69604],[98.43503,19.69663],[98.44017,19.69342],[98.4463,19.69335],[98.45332,19.6967],[98.46011,19.69764],[98.46652,19.69223]],[[100.76607,15.93113],[100.76245,15.92244]],[[100.76245,15.92244],[100.76398,15.91141]],[[100.76398,15.91141],[100.773,15.89917]],[[100.773,15.89917],[100.78237,15.89733]],[[100.78237,15.89733],[100.7838,15.8953]],[[100.7838,15.8953],[100.7961,15.8927]],[[100.7961,15.8927],[100.80002,15.88952]],[[100.80002,15.88952],[100.80879,15.88664]],[[100.80879,15.88664],[100.80985,15.88431]],[[100.80985,15.88431],[100.80451,15.86844]],[[100.80451,15.86844],[100.8081,15.86648]],[[100.8081,15.86648],[100.81146,15.85831]],[[100.81146,15.85831],[100.80941,15.85528]],[[100.80941,15.85528],[100.80901,15.84589]],[[100.80901,15.84589],[100.80665,15.84327]],[[100.80665,15.84327],[100.80805,15.8348]],[[100.80805,15.8348],[100.8034,15.83478]],[[100.8034,15.83478],[100.80375,15.83127]],[[100.80375,15.83127],[100.79902,15.83029]],[[100.79902,15.83029],[100.79843,15.82574]],[[100.79843,15.82574],[100.80141,15.81381]],[[100.80141,15.81381],[100.80424,15.80765]],[[100.80424,15.80765],[100.80838,15.79179]],[[100.80838,15.79179],[100.82484,15.75018]],[[100.82484,15.75018],[100.81919,15.73549]],[[100.81919,15.73549],[100.82088,15.72361]],[[100.82088,15.72361],[100.81744,15.70752]],[[100.81744,15.70752],[100.82312,15.69868]],[[100.82312,15.69868],[100.82554,15.68481]],[[100.82554,15.68481],[100.83347,15.68072]],[[100.83347,15.68072],[100.83215,15.67778]],[[100.83215,15.67778],[100.82563,15.67527]],[[100.82563,15.67527],[100.82798,15.66889]],[[100.82798,15.66889],[100.82727,15.66404]],[[100.82727,15.66404],[100.82313,15.66162]],[[100.82313,15.66162],[100.82741,15.64466]],[[100.82741,15.64466],[100.82008,15.63104]],[[100.82008,15.63104],[100.81966,15.62671]],[[100.81966,15.62671],[100.82562,15.61506]],[[100.82562,15.61506],[100.81644,15.60137]],[[100.81644,15.60137],[100.81157,15.60219]],[[100.81157,15.60219],[100.80801,15.59391]],[[100.80801,15.59391],[100.80911,15.59134]],[[100.80911,15.59134],[100.81816,15.58605]],[[100.81816,15.58605],[100.81348,15.57797]],[[100.81348,15.57797],[100.82128,15.57483]],[[100.82128,15.57483],[100.82543,15.56763]],[[100.82543,15.56763],[100.83097,15.56263]],[[100.10187,15.41736],[100.09349,15.4234]],[[100.09349,15.4234],[100.07618,15.42706]],[[100.07618,15.42706],[100.05972,15.4255]],[[100.05972,15.4255],[100.05439,15.42382]],[[100.05439,15.42382],[100.06266,15.43848]],[[100.06266,15.43848],[100.05549,15.44211]],[[100.05549,15.44211],[100.04925,15.44298]],[[100.04925,15.44298],[100.04768,15.44702]],[[100.04768,15.44702],[100.04863,15.45482]],[[100.04863,15.45482],[100.03879,15.4618]],[[100.03879,15.4618],[100.03511,15.46087]],[[100.03511,15.46087],[100.02493,15.46945]],[[100.02493,15.46945],[100.01303,15.4732]],[[100.01303,15.4732],[100.02129,15.47866]],[[100.02129,15.47866],[100.02468,15.48686]],[[100.02468,15.48686],[100.02876,15.49178]],[[100.02876,15.49178],[100.02884,15.49728]],[[100.02884,15.49728],[100.03458,15.5104]],[[100.03458,15.5104],[100.01664,15.50372]],[[100.01664,15.50372],[100.00769,15.50165]],[[100.00769,15.50165],[100.00977,15.49195]],[[100.00977,15.49195],[100.00763,15.48745]],[[100.00763,15.48745],[100.00046,15.48373]],[[100.00046,15.48373],[99.99619,15.48572]],[[99.99619,15.48572],[99.99417,15.49114]],[[99.99417,15.49114],[99.98381,15.49184]],[[99.98381,15.49184],[99.98483,15.49632]],[[99.98483,15.49632],[99.97959,15.49614]],[[99.97959,15.49614],[99.97682,15.49946]],[[99.97682,15.49946],[99.95891,15.50702]],[[99.95891,15.50702],[99.95487,15.50379]],[[99.95487,15.50379],[99.94684,15.50131]],[[99.94684,15.50131],[99.94527,15.50525]],[[99.94527,15.50525],[99.9469,15.5111]],[[99.9469,15.5111],[99.94424,15.51909]],[[99.94424,15.51909],[99.94349,15.52788]],[[99.94349,15.52788],[99.9403,15.53326]],[[99.9403,15.53326],[99.94029,15.55878]],[[99.94029,15.55878],[99.94247,15.57236]],[[99.94247,15.57236],[99.94094,15.58082]],[[99.94094,15.58082],[99.93822,15.58507]],[[99.93822,15.58507],[99.93758,15.60046]],[[99.93758,15.60046],[99.94081,15.60442]],[[99.94081,15.60442],[99.93994,15.60829]],[[99.93994,15.60829],[99.94198,15.61827]],[[99.94198,15.61827],[99.94044,15.62926]],[[99.94044,15.62926],[99.93448,15.64793]],[[99.93448,15.64793],[99.93333,15.65882]],[[99.93333,15.65882],[99.93404,15.66692]],[[99.93404,15.66692],[99.93248,15.67232]],[[99.93248,15.67232],[99.9255,15.67373]],[[99.9255,15.67373],[99.91897,15.67023]],[[99.91897,15.67023],[99.90917,15.66964]],[[99.90917,15.66964],[99.89868,15.66584]],[[99.89868,15.66584],[99.89776,15.66319]],[[99.89776,15.66319],[99.87786,15.6592]],[[99.87786,15.6592],[99.86384,15.65397]],[[99.86384,15.65397],[99.86434,15.64555]],[[99.86434,15.64555],[99.86124,15.64271]],[[99.86124,15.64271],[99.86413,15.63923]],[[99.86413,15.63923],[99.86364,15.62729]],[[99.86364,15.62729],[99.86562,15.6181]],[[99.86562,15.6181],[99.85726,15.61739]],[[99.85726,15.61739],[99.8363,15.6249]],[[99.8363,15.6249],[99.81332,15.63696]],[[99.81332,15.63696],[99.79472,15.64246]],[[99.79472,15.64246],[99.79203,15.64897]],[[99.79203,15.64897],[99.78202,15.65568]],[[99.78202,15.65568],[99.78318,15.65981]],[[99.78318,15.65981],[99.77456,15.65953]],[[99.77456,15.65953],[99.76349,15.66208]],[[99.76349,15.66208],[99.75808,15.67018]],[[99.75808,15.67018],[99.75214,15.67541]],[[99.75214,15.67541],[99.74448,15.67747]],[[99.74448,15.67747],[99.73679,15.68633]],[[99.73679,15.68633],[99.72806,15.68751]],[[99.72806,15.68751],[99.72107,15.6817]],[[99.72107,15.6817],[99.7161,15.68154]],[[99.7161,15.68154],[99.71201,15.68467]],[[99.71201,15.68467],[99.70298,15.68505]],[[99.70298,15.68505],[99.69864,15.68175]],[[99.69864,15.68175],[99.68725,15.67963]],[[99.68725,15.67963],[99.67777,15.67272]],[[99.67777,15.67272],[99.66978,15.67006]],[[99.66978,15.67006],[99.66674,15.66677]],[[99.66674,15.66677],[99.66912,15.66171]],[[99.66912,15.66171],[99.66555,15.66023]],[[99.66555,15.66023],[99.66013,15.64899]],[[99.66013,15.64899],[99.6499,15.6472]],[[99.6499,15.6472],[99.64243,15.64278]],[[99.64243,15.64278],[99.62687,15.64257]],[[99.62687,15.64257],[99.62338,15.6387]],[[99.62338,15.6387],[99.61779,15.63766]],[[99.61779,15.63766],[99.61788,15.63446]],[[99.61788,15.63446],[99.60775,15.63235]],[[99.60775,15.63235],[99.5964,15.62848]],[[99.5964,15.62848],[99.59318,15.62295]],[[99.59318,15.62295],[99.58597,15.61937]],[[99.58597,15.61937],[99.58117,15.61037]],[[99.58117,15.61037],[99.57051,15.60329]],[[99.57051,15.60329],[99.56973,15.59896]],[[99.56973,15.59896],[99.5542,15.57984]],[[99.5542,15.57984],[99.54887,15.57575]],[[99.54887,15.57575],[99.53262,15.57347]],[[99.53262,15.57347],[99.52559,15.57145]],[[99.52559,15.57145],[99.5247,15.56805]],[[99.5247,15.56805],[99.5185,15.56345]],[[99.5185,15.56345],[99.5038,15.56212]],[[99.5038,15.56212],[99.49658,15.56958]],[[99.49658,15.56958],[99.48989,15.57004]],[[99.48989,15.57004],[99.48157,15.56413]],[[99.48157,15.56413],[99.46851,15.56553]],[[99.46851,15.56553],[99.46632,15.57495]],[[99.46632,15.57495],[99.46151,15.58238]],[[99.46151,15.58238],[99.45326,15.58296]],[[99.45326,15.58296],[99.45258,15.58805]],[[99.45258,15.58805],[99.4449,15.59174]],[[99.4449,15.59174],[99.43939,15.59895]],[[99.43939,15.59895],[99.43537,15.59897]],[[99.43537,15.59897],[99.4286,15.60884]],[[99.4286,15.60884],[99.42281,15.61428]],[[99.42281,15.61428],[99.41715,15.61438]],[[99.41715,15.61438],[99.40167,15.62156]],[[99.40167,15.62156],[99.39178,15.62459]],[[99.39178,15.62459],[99.37932,15.6255]],[[99.37932,15.6255],[99.37422,15.63349]],[[99.37422,15.63349],[99.37645,15.63562]],[[99.37645,15.63562],[99.368,15.64989]],[[99.368,15.64989],[99.36719,15.65446]],[[99.36719,15.65446],[99.37192,15.66014]],[[99.37192,15.66014],[99.36403,15.6688]],[[99.36403,15.6688],[99.35976,15.67722]],[[99.35976,15.67722],[99.35506,15.68153]],[[99.35506,15.68153],[99.34941,15.68227]],[[99.34941,15.68227],[99.34601,15.68558]],[[99.34601,15.68558],[99.34092,15.68472]],[[99.34092,15.68472],[99.33226,15.69162]],[[99.33226,15.69162],[99.32172,15.68891]],[[99.32172,15.68891],[99.31428,15.69341]],[[99.31428,15.69341],[99.30491,15.69411]],[[99.30491,15.69411],[99.29682,15.6929]],[[99.29682,15.6929],[99.29034,15.69784]],[[99.29034,15.69784],[99.28764,15.70497]],[[99.28764,15.70497],[99.28336,15.70731]],[[99.28336,15.70731],[99.27683,15.71654]],[[99.27683,15.71654],[99.26647,15.71937]],[[99.26647,15.71937],[99.26177,15.718]],[[99.26177,15.718],[99.24598,15.72206]],[[99.24598,15.72206],[99.23924,15.73269]],[[99.23924,15.73269],[99.23943,15.74078]],[[99.23943,15.74078],[99.23532,15.74712]],[[99.23532,15.74712],[99.22888,15.74739]],[[99.22888,15.74739],[99.22795,15.75293]],[[99.22795,15.75293],[99.22041,15.76482]],[[99.22041,15.76482],[99.21659,15.76658]],[[99.21659,15.76658],[99.21349,15.77977]],[[99.21349,15.77977],[99.20345,15.78129]],[[99.20345,15.78129],[99.18908,15.78]],[[99.18908,15.78],[99.18715,15.78356]],[[99.18715,15.78356],[99.17864,15.78135]],[[99.17864,15.78135],[99.17337,15.78228]],[[99.17337,15.78228],[99.16621,15.77802]],[[99.16621,15.77802],[99.1638,15.78092]],[[99.1638,15.78092],[99.16451,15.78709]],[[99.16451,15.78709],[99.15895,15.79307]],[[99.15895,15.79307],[99.14984,15.79299]],[[99.14984,15.79299],[99.14727,15.79698]],[[99.14727,15.79698],[99.13918,15.79652]],[[99.13918,15.79652],[99.1337,15.79826]],[[99.1337,15.79826],[99.1307,15.80714]],[[99.1307,15.80714],[99.12372,15.81443]],[[99.12372,15.81443],[99.1129,15.81901]],[[99.1129,15.81901],[99.10328,15.82119]],[[99.10328,15.82119],[99.10355,15.82752]],[[99.10355,15.82752],[99.09665,15.83179]],[[99.09665,15.83179],[99.0956,15.83674]],[[99.0956,15.83674],[99.09867,15.85413]],[[99.09867,15.85413],[99.09479,15.85809]],[[99.09479,15.85809],[99.09438,15.86304]],[[99.09438,15.86304],[99.09746,15.87138]],[[99.09746,15.87138],[99.09494,15.87555]],[[99.09494,15.87555],[99.08818,15.87957]],[[99.08818,15.87957],[99.08612,15.8845]],[[99.08612,15.8845],[99.08917,15.88557]],[[99.08917,15.88557],[99.09449,15.88231]],[[99.09449,15.88231],[99.09961,15.88886]],[[99.09961,15.88886],[99.10488,15.89092]],[[99.10488,15.89092],[99.10837,15.89631]],[[99.10837,15.89631],[99.11518,15.89992]],[[99.11518,15.89992],[99.12613,15.91053]],[[99.12613,15.91053],[99.13952,15.90558]],[[99.13952,15.90558],[99.14899,15.90971]],[[99.14899,15.90971],[99.15655,15.91985]],[[99.15655,15.91985],[99.16154,15.92451]],[[99.16154,15.92451],[99.17365,15.92819]],[[99.17365,15.92819],[99.17187,15.93601]],[[99.17187,15.93601],[99.17991,15.9331]],[[99.17991,15.9331],[99.18502,15.92842]],[[99.18502,15.92842],[99.19137,15.93172]],[[99.19137,15.93172],[99.19203,15.93772]],[[99.19203,15.93772],[99.19569,15.94026]],[[99.19569,15.94026],[99.19413,15.9454]],[[99.19413,15.9454],[99.19942,15.93966]],[[99.19942,15.93966],[99.20498,15.93694]],[[99.20498,15.93694],[99.20467,15.9431]],[[99.20467,15.9431],[99.21012,15.94836]],[[99.21012,15.94836],[99.21249,15.94414]],[[99.21249,15.94414],[99.21764,15.94292]],[[99.21764,15.94292],[99.21364,15.939]],[[99.21364,15.939],[99.21957,15.93671]],[[99.21957,15.93671],[99.22067,15.9444]],[[99.22067,15.9444],[99.22383,15.94358]],[[99.22383,15.94358],[99.22545,15.93685]],[[99.22545,15.93685],[99.23193,15.93232]],[[99.23193,15.93232],[99.23428,15.92824]],[[99.23428,15.92824],[99.24252,15.92222]],[[99.24252,15.92222],[99.25734,15.91573]],[[99.25734,15.91573],[99.26798,15.9073]],[[99.26798,15.9073],[99.26819,15.91214]],[[99.26819,15.91214],[99.27288,15.91013]],[[99.27288,15.91013],[99.27418,15.90365]],[[99.27418,15.90365],[99.27876,15.90293]],[[99.27876,15.90293],[99.28147,15.89789]],[[99.28147,15.89789],[99.28586,15.89734]],[[99.28586,15.89734],[99.28997,15.89162]],[[99.28997,15.89162],[99.29222,15.89331]],[[99.29222,15.89331],[99.29005,15.90514]],[[99.29005,15.90514],[99.29537,15.904]],[[99.29537,15.904],[99.29668,15.90883]],[[99.29668,15.90883],[99.30224,15.9076]],[[99.30224,15.9076],[99.30337,15.90446]],[[99.30337,15.90446],[99.31025,15.9046]],[[99.31025,15.9046],[99.31177,15.90845]],[[99.31177,15.90845],[99.31029,15.91603]],[[99.31029,15.91603],[99.31311,15.91902]],[[99.31311,15.91902],[99.3186,15.91676]],[[99.3186,15.91676],[99.32057,15.92741]],[[99.32057,15.92741],[99.32798,15.9199]],[[99.32798,15.9199],[99.32582,15.91595]],[[99.32582,15.91595],[99.33005,15.91149]],[[99.33005,15.91149],[99.35192,15.92467]],[[99.35192,15.92467],[99.35917,15.9255]],[[99.35917,15.9255],[99.36414,15.92099]],[[99.36414,15.92099],[99.37393,15.91533]],[[99.37393,15.91533],[99.38424,15.91706]],[[99.38424,15.91706],[99.40131,15.91416]],[[99.40131,15.91416],[99.40434,15.91057]],[[99.40434,15.91057],[99.4153,15.91063]],[[99.4153,15.91063],[99.42455,15.92001]],[[99.42455,15.92001],[99.42983,15.91505]],[[99.42983,15.91505],[99.4311,15.90945]],[[99.4311,15.90945],[99.43657,15.91107]],[[99.43657,15.91107],[99.4393,15.90659]],[[99.4393,15.90659],[99.44778,15.90246]],[[99.44778,15.90246],[99.45032,15.90512]],[[99.45032,15.90512],[99.46103,15.90518]],[[99.46103,15.90518],[99.46594,15.9008]],[[99.46594,15.9008],[99.47687,15.90229]],[[99.47687,15.90229],[99.47574,15.90583]],[[99.47574,15.90583],[99.48156,15.9113]],[[99.48156,15.9113],[99.4777,15.92079]],[[99.4777,15.92079],[99.49301,15.92426]],[[99.49301,15.92426],[99.50029,15.92795]],[[99.50029,15.92795],[99.50798,15.92654]],[[99.50798,15.92654],[99.51035,15.92392]],[[99.51035,15.92392],[99.52377,15.92554]],[[99.52377,15.92554],[99.53127,15.92035]],[[99.53127,15.92035],[99.5332,15.92479]],[[99.5332,15.92479],[99.53864,15.92478]],[[99.53864,15.92478],[99.54905,15.9165]],[[99.54905,15.9165],[99.55406,15.91589]],[[99.55406,15.91589],[99.55514,15.90735]],[[99.55514,15.90735],[99.56462,15.9054]],[[99.56462,15.9054],[99.57616,15.9057]],[[99.57616,15.9057],[99.5812,15.90333]],[[99.5812,15.90333],[99.58565,15.90676]],[[99.58565,15.90676],[99.59253,15.90641]],[[99.59253,15.90641],[99.59735,15.90368]],[[99.59735,15.90368],[99.59876,15.89763]],[[99.59876,15.89763],[99.60631,15.89855]],[[99.60631,15.89855],[99.61205,15.89331]],[[99.61205,15.89331],[99.62412,15.8873]],[[99.62412,15.8873],[99.62906,15.87644]],[[99.62906,15.87644],[99.63379,15.88496]],[[99.63379,15.88496],[99.63778,15.88338]],[[99.63778,15.88338],[99.64542,15.88628]],[[99.64542,15.88628],[99.65817,15.87893]],[[99.65817,15.87893],[99.66241,15.87354]],[[99.66241,15.87354],[99.65791,15.86213]],[[99.65791,15.86213],[99.66243,15.85984]],[[99.66243,15.85984],[99.66361,15.85531]],[[99.66361,15.85531],[99.67521,15.86134]],[[99.67521,15.86134],[99.68291,15.86317]],[[99.68291,15.86317],[99.68549,15.86893]],[[99.68549,15.86893],[99.69764,15.87732]],[[99.69764,15.87732],[99.70334,15.87505]],[[99.70334,15.87505],[99.722,15.87347]],[[99.722,15.87347],[99.72762,15.87048]],[[99.72762,15.87048],[99.73891,15.85754]],[[99.73891,15.85754],[99.74391,15.85844]],[[99.74391,15.85844],[99.74671,15.86631]],[[99.74671,15.86631],[99.74794,15.87637]],[[99.74794,15.87637],[99.76364,15.8949]],[[99.76364,15.8949],[99.77099,15.89864]],[[99.77099,15.89864],[99.77355,15.90487]],[[99.77355,15.90487],[99.768,15.91603]],[[99.768,15.91603],[99.7691,15.92173]],[[99.7691,15.92173],[99.78825,15.92709]],[[99.78825,15.92709],[99.7923,15.92283]],[[99.7923,15.92283],[99.80498,15.9206]],[[99.80498,15.9206],[99.80694,15.9238]],[[99.80694,15.9238],[99.80472,15.92985]],[[99.80472,15.92985],[99.8072,15.9441]],[[99.8072,15.9441],[99.81875,15.94718]],[[99.81875,15.94718],[99.82519,15.95055]],[[99.82519,15.95055],[99.8282,15.96278]],[[99.8282,15.96278],[99.83381,15.96507]],[[99.83381,15.96507],[99.84745,15.98183]],[[99.84745,15.98183],[99.84734,15.99874]],[[99.84734,15.99874],[99.84525,16.00319]],[[99.84525,16.00319],[99.84529,16.02359]],[[99.84529,16.02359],[99.8553,16.02935]],[[99.8553,16.02935],[99.87554,16.03414]],[[99.87554,16.03414],[99.87367,16.03694]],[[99.87367,16.03694],[99.88392,16.03964]],[[99.88392,16.03964],[99.88864,16.03813]],[[99.88864,16.03813],[99.89504,16.03945]],[[99.89504,16.03945],[99.89512,16.04308]],[[99.89512,16.04308],[99.90382,16.04493]],[[99.90382,16.04493],[99.90259,16.04777]],[[99.90259,16.04777],[99.9102,16.05167]],[[99.9102,16.05167],[99.91122,16.04905]],[[99.91122,16.04905],[99.92683,16.05156]],[[99.92683,16.05156],[99.93506,16.05603]],[[99.93506,16.05603],[99.9335,16.06031]],[[99.9335,16.06031],[99.94145,16.06903]],[[99.94145,16.06903],[99.94087,16.07192]],[[99.94087,16.07192],[99.94809,16.07591]],[[99.94809,16.07591],[99.95833,16.08633]],[[99.95833,16.08633],[99.95817,16.09002]],[[99.95817,16.09002],[99.96446,16.09687]],[[99.96446,16.09687],[99.97289,16.11028]],[[99.97289,16.11028],[99.98432,16.11813]],[[99.98432,16.11813],[99.98795,16.11729]],[[99.98795,16.11729],[99.98942,16.12225]],[[99.98942,16.12225],[99.99647,16.12301]],[[99.99647,16.12301],[99.9968,16.13327]],[[99.9968,16.13327],[100.00477,16.13924]],[[100.00477,16.13924],[100.00621,16.14278]],[[100.00621,16.14278],[100.01672,16.14888]],[[100.01672,16.14888],[100.01646,16.15486]],[[100.01646,16.15486],[100.02162,16.16247]],[[100.02162,16.16247],[100.02418,16.17542]],[[100.02418,16.17542],[100.0222,16.18753]],[[100.0222,16.18753],[100.02485,16.19118]],[[100.02485,16.19118],[100.03001,16.18506]],[[100.03001,16.18506],[100.03784,16.18165]],[[100.03784,16.18165],[100.03819,16.17296]],[[100.03819,16.17296],[100.04362,16.16856]],[[100.04362,16.16856],[100.05325,16.16754]],[[100.05325,16.16754],[100.0603,16.1642]],[[100.0603,16.1642],[100.06323,16.15929]],[[100.06323,16.15929],[100.07527,16.1628]],[[100.07527,16.1628],[100.07756,16.15785]],[[100.07756,16.15785],[100.07494,16.15312]],[[100.07494,16.15312],[100.07795,16.14593]],[[100.07795,16.14593],[100.08524,16.14612]],[[100.08524,16.14612],[100.08628,16.14157]],[[100.08628,16.14157],[100.07661,16.12632]],[[100.07661,16.12632],[100.08091,16.1191]],[[100.08091,16.1191],[100.08585,16.11462]],[[100.08585,16.11462],[100.09056,16.11422]],[[100.09056,16.11422],[100.09486,16.10938]],[[100.09486,16.10938],[100.09278,16.10213]],[[100.09278,16.10213],[100.09631,16.0942]],[[100.09631,16.0942],[100.09923,16.09478]],[[100.09923,16.09478],[100.10099,16.08918]],[[100.10099,16.08918],[100.11305,16.08066]],[[100.11305,16.08066],[100.10898,16.07695]],[[100.10898,16.07695],[100.11882,16.05432]],[[100.11882,16.05432],[100.11542,16.04669]],[[100.11542,16.04669],[100.1214,16.03946]],[[100.1214,16.03946],[100.12668,16.0388]],[[100.12668,16.0388],[100.13134,16.03105]],[[100.13134,16.03105],[100.12742,16.02903]],[[100.12742,16.02903],[100.13107,16.01813]],[[100.13107,16.01813],[100.13779,16.01174]],[[100.13779,16.01174],[100.13729,16.00938]],[[100.13729,16.00938],[100.14629,15.99111]],[[100.14629,15.99111],[100.15575,15.98189]],[[100.15575,15.98189],[100.16196,15.97798]],[[100.16196,15.97798],[100.16339,15.97256]],[[100.16339,15.97256],[100.15947,15.96809]],[[100.15947,15.96809],[100.16027,15.95986]],[[100.16027,15.95986],[100.1681,15.95753]],[[100.1681,15.95753],[100.16849,15.95318]],[[100.16849,15.95318],[100.17395,15.94283]],[[100.17395,15.94283],[100.17512,15.93332]],[[100.17512,15.93332],[100.18263,15.9291]],[[100.18263,15.9291],[100.18446,15.93378]],[[100.18446,15.93378],[100.19909,15.93283]],[[100.19909,15.93283],[100.21527,15.92817]],[[100.21527,15.92817],[100.22897,15.92699]],[[100.22897,15.92699],[100.23626,15.93367]],[[100.23626,15.93367],[100.24298,15.93474]],[[100.24298,15.93474],[100.24746,15.93838]],[[100.24746,15.93838],[100.24141,15.94569]],[[100.24141,15.94569],[100.24853,15.95904]],[[100.24853,15.95904],[100.25483,15.9613]],[[100.25483,15.9613],[100.26224,15.95748]],[[100.26224,15.95748],[100.26474,15.95059]],[[100.26474,15.95059],[100.26248,15.94262]],[[100.26248,15.94262],[100.26872,15.93968]],[[100.26872,15.93968],[100.27202,15.94337]],[[100.27202,15.94337],[100.28159,15.94661]],[[100.28159,15.94661],[100.28447,15.95048]],[[100.28447,15.95048],[100.29127,15.95184]],[[100.29127,15.95184],[100.29925,15.95807]],[[100.29925,15.95807],[100.30364,15.95809]],[[100.30364,15.95809],[100.31073,15.9628]],[[100.31073,15.9628],[100.31067,15.96703]],[[100.31067,15.96703],[100.30652,15.97029]],[[100.30652,15.97029],[100.3126,15.97713]],[[100.3126,15.97713],[100.3235,15.97447]],[[100.3235,15.97447],[100.32409,15.98264]],[[100.32409,15.98264],[100.32113,15.98604]],[[100.32113,15.98604],[100.33101,15.98464]],[[100.33101,15.98464],[100.34637,15.97378]],[[100.34637,15.97378],[100.33119,15.94065]],[[100.33119,15.94065],[100.34728,15.93527]],[[100.34728,15.93527],[100.3518,15.93522]],[[100.3518,15.93522],[100.35729,15.93952]],[[100.35729,15.93952],[100.37842,15.94091]],[[100.37842,15.94091],[100.38801,15.93853]],[[100.38801,15.93853],[100.39154,15.9347]],[[100.39154,15.9347],[100.41137,15.92988]],[[100.41137,15.92988],[100.42111,15.93179]],[[100.42111,15.93179],[100.42687,15.93465]],[[100.42687,15.93465],[100.42666,15.93854]],[[100.42666,15.93854],[100.43713,15.93692]],[[100.43713,15.93692],[100.44482,15.93362]],[[100.44482,15.93362],[100.44338,15.93066]],[[100.44338,15.93066],[100.44885,15.93089]],[[100.44885,15.93089],[100.44851,15.93612]],[[100.44851,15.93612],[100.46246,15.93853]],[[100.46246,15.93853],[100.47887,15.93452]],[[100.47887,15.93452],[100.48791,15.93504]],[[100.48791,15.93504],[100.49381,15.93768]],[[100.49381,15.93768],[100.51502,15.93782]],[[100.51502,15.93782],[100.51995,15.94073]],[[100.51995,15.94073],[100.53006,15.93717]],[[100.53006,15.93717],[100.52666,15.93221]],[[100.52666,15.93221],[100.52184,15.93185]],[[100.52184,15.93185],[100.52014,15.92162]],[[100.52014,15.92162],[100.5224,15.91913]],[[100.5224,15.91913],[100.54014,15.92755]],[[100.54014,15.92755],[100.54503,15.92533]],[[100.54503,15.92533],[100.55011,15.92973]],[[100.55011,15.92973],[100.55031,15.93361]],[[100.55031,15.93361],[100.5551,15.93199]],[[100.5551,15.93199],[100.5631,15.94422]],[[100.5631,15.94422],[100.56989,15.94336]],[[100.56989,15.94336],[100.57168,15.94581]],[[100.57168,15.94581],[100.58053,15.94551]],[[100.58053,15.94551],[100.58535,15.95394]],[[100.58535,15.95394],[100.58895,15.9636]],[[100.58895,15.9636],[100.59337,15.96773]],[[100.59337,15.96773],[100.60148,15.97004]],[[100.60148,15.97004],[100.61143,15.98219]],[[100.61143,15.98219],[100.61839,15.98509]],[[100.61839,15.98509],[100.62038,15.99079]],[[100.62038,15.99079],[100.62563,15.99657]],[[100.62563,15.99657],[100.62552,16.00254]],[[100.62552,16.00254],[100.63732,16.00598]],[[100.63732,16.00598],[100.63709,16.01017]],[[100.63709,16.01017],[100.64288,16.01773]],[[100.64288,16.01773],[100.65415,16.02688]],[[100.65415,16.02688],[100.66377,16.013]],[[100.66377,16.013],[100.68257,15.99984]],[[100.68257,15.99984],[100.69003,15.99344]],[[100.69003,15.99344],[100.7016,15.98986]],[[100.7016,15.98986],[100.71713,15.98887]],[[100.71713,15.98887],[100.73025,15.99091]],[[100.73025,15.99091],[100.73802,15.98982]],[[100.73802,15.98982],[100.74625,15.98012]],[[100.74625,15.98012],[100.74513,15.97614]],[[100.74513,15.97614],[100.75029,15.96937]],[[100.75029,15.96937],[100.75063,15.95527]],[[100.75063,15.95527],[100.7541,15.95087]],[[100.7541,15.95087],[100.75494,15.94308]],[[100.75494,15.94308],[100.76787,15.93461]],[[100.76787,15.93461],[100.76607,15.93113]],[[99.72377,14.96203],[99.71937,14.96018]],[[99.71937,14.96018],[99.70461,14.96483]],[[99.70461,14.96483],[99.69213,14.97004]],[[99.69213,14.97004],[99.69205,14.97295]],[[99.69205,14.97295],[99.67863,14.98111]],[[99.67863,14.98111],[99.66351,14.98829]],[[99.66351,14.98829],[99.65698,14.98656]],[[99.65698,14.98656],[99.64128,14.99042]],[[99.64128,14.99042],[99.62869,14.98839]],[[99.62869,14.98839],[99.63192,14.98393]],[[99.63192,14.98393],[99.62853,14.98228]],[[99.62853,14.98228],[99.62776,14.97669]],[[99.62776,14.97669],[99.63084,14.97373]],[[99.63084,14.97373],[99.62899,14.96413]],[[99.62899,14.96413],[99.63367,14.95451]],[[99.63367,14.95451],[99.63132,14.94328]],[[99.63132,14.94328],[99.6184,14.94221]],[[99.6184,14.94221],[99.60796,14.94584]],[[99.60796,14.94584],[99.5984,14.94448]],[[99.5984,14.94448],[99.5905,14.94775]],[[99.5905,14.94775],[99.58937,14.94491]],[[99.58937,14.94491],[99.5821,14.94797]],[[99.5821,14.94797],[99.57663,14.95539]],[[99.57663,14.95539],[99.57586,14.95323]],[[99.57586,14.95323],[99.56232,14.96306]],[[99.56232,14.96306],[99.5557,14.96403]],[[99.5557,14.96403],[99.5471,14.96173]],[[99.5471,14.96173],[99.54346,14.96494]],[[99.54346,14.96494],[99.53238,14.96971]],[[99.53238,14.96971],[99.52785,14.97985]],[[99.52785,14.97985],[99.52168,14.97852]],[[99.52168,14.97852],[99.51228,14.98106]],[[99.51228,14.98106],[99.50754,14.98437]],[[99.50754,14.98437],[99.4979,14.98395]],[[99.4979,14.98395],[99.48979,14.98575]],[[99.48979,14.98575],[99.47794,14.99151]],[[99.47794,14.99151],[99.46972,14.98956]],[[99.46972,14.98956],[99.45624,14.98858]],[[99.45624,14.98858],[99.44497,14.9912]],[[99.44497,14.9912],[99.436,14.99954]],[[99.436,14.99954],[99.43591,15.00754]],[[99.43591,15.00754],[99.4264,15.015]],[[99.4264,15.015],[99.41601,15.03729]],[[99.41601,15.03729],[99.41586,15.04735]],[[99.41586,15.04735],[99.40321,15.04531]],[[99.40321,15.04531],[99.39772,15.05246]],[[99.39772,15.05246],[99.38542,15.04783]],[[99.38542,15.04783],[99.38163,15.05112]],[[99.38163,15.05112],[99.37454,15.0495]],[[99.37454,15.0495],[99.37059,15.05094]],[[99.37059,15.05094],[99.35505,15.0615]],[[99.35505,15.0615],[99.34822,15.07097]],[[99.34822,15.07097],[99.33943,15.08049]],[[99.33943,15.08049],[99.31982,15.08091]],[[99.31982,15.08091],[99.31935,15.07658]],[[99.31935,15.07658],[99.30318,15.06227]],[[99.30318,15.06227],[99.30096,15.05543]],[[99.30096,15.05543],[99.2962,15.04994]],[[99.2962,15.04994],[99.28889,15.0375]],[[99.28889,15.0375],[99.2816,15.01818]],[[99.2816,15.01818],[99.27597,15.01338]],[[99.27597,15.01338],[99.27596,15.00448]],[[99.27596,15.00448],[99.2828,14.99762]],[[99.2828,14.99762],[99.27488,14.99106]],[[99.27488,14.99106],[99.2673,14.98983]],[[99.2673,14.98983],[99.26022,14.99143]],[[99.26022,14.99143],[99.25627,14.98756]],[[99.25627,14.98756],[99.25294,14.99449]],[[99.25294,14.99449],[99.24727,15.00145]],[[99.24727,15.00145],[99.23525,15.00916]],[[99.23525,15.00916],[99.23324,15.01248]],[[99.23324,15.01248],[99.22862,15.01026]],[[99.22862,15.01026],[99.21765,15.01277]],[[99.21765,15.01277],[99.21371,15.01203]],[[99.21371,15.01203],[99.20321,15.01464]],[[99.20321,15.01464],[99.18993,15.02767]],[[99.18993,15.02767],[99.18343,15.02576]],[[99.18343,15.02576],[99.18025,15.01891]],[[99.18025,15.01891],[99.16975,15.01415]],[[99.16975,15.01415],[99.15785,15.01752]],[[99.15785,15.01752],[99.15577,15.02285]],[[99.15577,15.02285],[99.14929,15.02382]],[[99.14929,15.02382],[99.14457,15.0277]],[[99.14457,15.0277],[99.1429,15.03435]],[[99.1429,15.03435],[99.13583,15.03701]],[[99.13583,15.03701],[99.13896,15.04424]],[[99.13896,15.04424],[99.14669,15.04802]],[[99.14669,15.04802],[99.1432,15.05178]],[[99.1432,15.05178],[99.13074,15.04926]],[[99.13074,15.04926],[99.11826,15.05465]],[[99.11826,15.05465],[99.1127,15.04449]],[[99.1127,15.04449],[99.1115,15.04708]],[[99.1115,15.04708],[99.10068,15.04227]],[[99.10068,15.04227],[99.09292,15.0425]],[[99.09292,15.0425],[99.08701,15.03933]],[[99.08701,15.03933],[99.07843,15.03856]],[[99.07843,15.03856],[99.06997,15.04332]],[[99.06997,15.04332],[99.06592,15.04772]],[[99.06592,15.04772],[99.05744,15.04459]],[[99.05744,15.04459],[99.04271,15.0457]],[[99.04271,15.0457],[99.03792,15.04931]],[[99.03792,15.04931],[99.03108,15.04877]],[[99.03108,15.04877],[99.02499,15.05414]],[[99.02499,15.05414],[99.01934,15.0552]],[[99.01934,15.0552],[99.00826,15.07053]],[[99.00826,15.07053],[98.99966,15.071]],[[98.99966,15.071],[99.00508,15.07639]],[[99.00508,15.07639],[99.00887,15.08449]],[[99.00887,15.08449],[99.01174,15.08627]],[[99.01174,15.08627],[99.01041,15.09377]],[[99.01041,15.09377],[99.00307,15.10249]],[[99.00307,15.10249],[98.99731,15.10458]],[[98.99731,15.10458],[99.00088,15.12066]],[[99.00088,15.12066],[98.99918,15.12443]],[[98.99918,15.12443],[99.00173,15.1336]],[[99.00173,15.1336],[99.00004,15.13776]],[[99.00004,15.13776],[99.00753,15.14452]],[[99.00753,15.14452],[99.00351,15.14932]],[[99.00351,15.14932],[98.99922,15.16468]],[[98.99922,15.16468],[98.99442,15.16517]],[[98.99442,15.16517],[98.9892,15.1766]],[[98.9892,15.1766],[98.984,15.17995]],[[98.984,15.17995],[98.98768,15.18625]],[[98.98768,15.18625],[98.99519,15.18364]],[[98.99519,15.18364],[99.00231,15.18474]],[[99.00231,15.18474],[99.00228,15.19312]],[[99.00228,15.19312],[99.00647,15.1992]],[[99.00647,15.1992],[99.005,15.20355]],[[99.005,15.20355],[99.00834,15.20769]],[[99.00834,15.20769],[99.00523,15.22111]],[[99.00523,15.22111],[99.00849,15.2305]],[[99.00849,15.2305],[99.00615,15.23863]],[[99.00615,15.23863],[99.01293,15.2449]],[[99.01293,15.2449],[99.01893,15.24561]],[[99.01893,15.24561],[99.01956,15.26044]],[[99.01956,15.26044],[99.01666,15.26526]],[[99.01666,15.26526],[99.02118,15.26997]],[[99.02118,15.26997],[99.02414,15.27905]],[[99.02414,15.27905],[99.03814,15.2881]],[[99.03814,15.2881],[99.03763,15.29739]],[[99.03763,15.29739],[99.03305,15.2985]],[[99.03305,15.2985],[99.03087,15.31049]],[[99.03087,15.31049],[99.03255,15.31772]],[[99.03255,15.31772],[99.0308,15.32746]],[[99.0308,15.32746],[99.03143,15.33753]],[[99.03143,15.33753],[99.04314,15.34617]],[[99.04314,15.34617],[99.04326,15.35155]],[[99.04326,15.35155],[99.04648,15.35972]],[[99.04648,15.35972],[99.04355,15.37582]],[[99.04355,15.37582],[99.05309,15.37861]],[[99.05309,15.37861],[99.06088,15.39374]],[[99.06088,15.39374],[99.06716,15.39248]],[[99.06716,15.39248],[99.06847,15.41351]],[[99.06847,15.41351],[99.06752,15.42088]],[[99.06752,15.42088],[99.0638,15.42288]],[[99.0638,15.42288],[99.06253,15.43729]],[[99.06253,15.43729],[99.05902,15.43841]],[[99.05902,15.43841],[99.06204,15.45479]],[[99.06204,15.45479],[99.06154,15.46073]],[[99.06154,15.46073],[99.06512,15.46376]],[[99.06512,15.46376],[99.06474,15.47323]],[[99.06474,15.47323],[99.07603,15.48796]],[[99.07603,15.48796],[99.07857,15.49868]],[[99.07857,15.49868],[99.07295,15.51147]],[[99.07295,15.51147],[99.06215,15.51672]],[[99.06215,15.51672],[99.05449,15.52656]],[[99.05449,15.52656],[99.05342,15.54187]],[[99.05342,15.54187],[99.05048,15.54439]],[[99.05048,15.54439],[99.04807,15.55546]],[[99.04807,15.55546],[99.05112,15.56306]],[[99.05112,15.56306],[99.0604,15.56757]],[[99.0604,15.56757],[99.06733,15.56869]],[[99.06733,15.56869],[99.07547,15.57482]],[[99.07547,15.57482],[99.09426,15.58316]],[[99.09426,15.58316],[99.09084,15.58884]],[[99.09084,15.58884],[99.09262,15.59601]],[[99.09262,15.59601],[99.0965,15.60003]],[[99.0965,15.60003],[99.09718,15.61105]],[[99.09718,15.61105],[99.10584,15.6144]],[[99.10584,15.6144],[99.11007,15.62507]],[[99.11007,15.62507],[99.1155,15.63162]],[[99.1155,15.63162],[99.11619,15.64641]],[[99.11619,15.64641],[99.11202,15.64969]],[[99.11202,15.64969],[99.11599,15.66217]],[[99.11599,15.66217],[99.11165,15.6667]],[[99.11165,15.6667],[99.1175,15.67873]],[[99.1175,15.67873],[99.11752,15.68353]],[[99.11752,15.68353],[99.12161,15.6863]],[[99.12161,15.6863],[99.12296,15.69221]],[[99.12296,15.69221],[99.12651,15.695]],[[99.12651,15.695],[99.12411,15.69855]],[[99.12411,15.69855],[99.12629,15.71044]],[[99.12629,15.71044],[99.12554,15.71378]],[[99.12554,15.71378],[99.12822,15.72264]],[[99.12822,15.72264],[99.13308,15.72807]],[[99.13308,15.72807],[99.13828,15.73054]],[[99.13828,15.73054],[99.13372,15.74552]],[[99.13372,15.74552],[99.13045,15.74983]],[[99.13045,15.74983],[99.13009,15.75938]],[[99.13009,15.75938],[99.1273,15.76818]],[[99.1273,15.76818],[99.12985,15.77946]],[[99.12985,15.77946],[99.13608,15.78914]],[[99.13608,15.78914],[99.1337,15.79826]],[[99.85341,16.73527],[99.85669,16.72898]],[[99.85669,16.72898],[99.86022,16.73113]],[[99.86022,16.73113],[99.86583,16.72387]],[[99.86583,16.72387],[99.87171,16.72502]],[[99.87171,16.72502],[99.87553,16.71821]],[[99.87553,16.71821],[99.87237,16.71589]],[[99.87237,16.71589],[99.88369,16.7111]],[[99.88369,16.7111],[99.88864,16.71504]],[[99.88864,16.71504],[99.8922,16.70826]],[[99.8922,16.70826],[99.89667,16.70554]],[[99.89667,16.70554],[99.88515,16.70111]],[[99.88515,16.70111],[99.8905,16.69757]],[[99.8905,16.69757],[99.88472,16.69386]],[[99.88472,16.69386],[99.8918,16.6864]],[[99.8918,16.6864],[99.88853,16.67954]],[[99.88853,16.67954],[99.88939,16.66867]],[[99.88939,16.66867],[99.89458,16.66428]],[[99.89458,16.66428],[99.89349,16.66084]],[[99.89349,16.66084],[99.89743,16.65804]],[[99.89743,16.65804],[99.89587,16.65182]],[[99.89587,16.65182],[99.89839,16.64791]],[[99.89839,16.64791],[99.89953,16.63673]],[[99.89953,16.63673],[99.90871,16.62431]],[[99.90871,16.62431],[99.91289,16.61171]],[[99.91289,16.61171],[99.91537,16.60951]],[[99.91537,16.60951],[99.91449,16.60381]],[[99.91449,16.60381],[99.9253,16.58403]],[[99.9253,16.58403],[99.92515,16.57909]],[[99.92515,16.57909],[99.92983,16.57663]],[[99.92983,16.57663],[99.94261,16.57437]],[[99.94261,16.57437],[99.96227,16.57909]],[[99.96227,16.57909],[99.97087,16.5799]],[[99.97087,16.5799],[99.98462,16.57472]],[[99.98462,16.57472],[99.98589,16.57811]],[[99.98589,16.57811],[99.99379,16.57749]],[[99.99379,16.57749],[99.99623,16.57953]],[[99.99623,16.57953],[100.00391,16.57909]],[[100.00391,16.57909],[100.0048,16.58507]],[[100.0048,16.58507],[100.01078,16.58125]],[[100.01078,16.58125],[100.01495,16.58223]],[[100.01495,16.58223],[100.01378,16.57421]],[[100.01378,16.57421],[100.01221,16.5734]],[[100.01221,16.5734],[100.01105,16.56151]],[[100.01105,16.56151],[100.0139,16.55994]],[[100.0139,16.55994],[100.01163,16.55408]],[[100.01163,16.55408],[100.01219,16.54028]],[[100.01219,16.54028],[100.00835,16.5308]],[[100.00835,16.5308],[100.01168,16.53014]],[[100.01168,16.53014],[100.01062,16.52121]],[[100.01062,16.52121],[100.02492,16.52021]],[[100.02492,16.52021],[100.02631,16.51156]],[[100.02631,16.51156],[100.03429,16.50065]],[[100.03429,16.50065],[100.01014,16.47074]],[[100.01014,16.47074],[100.00264,16.46423]],[[100.00264,16.46423],[99.99894,16.45472]],[[99.99894,16.45472],[99.99884,16.44926]],[[99.99884,16.44926],[99.99393,16.4401]],[[99.99393,16.4401],[99.99369,16.43169]],[[99.99369,16.43169],[99.99528,16.4108]],[[99.99528,16.4108],[99.99154,16.39703]],[[99.99154,16.39703],[99.98666,16.38937]],[[99.98666,16.38937],[99.98373,16.38099]],[[99.98373,16.38099],[99.9845,16.37592]],[[99.9845,16.37592],[99.9944,16.36429]],[[99.9944,16.36429],[99.99512,16.3572]],[[99.99512,16.3572],[100.00185,16.34279]],[[100.00185,16.34279],[100.00551,16.33925]],[[100.00551,16.33925],[100.00758,16.33269]],[[100.00758,16.33269],[100.01292,16.33255]],[[100.01292,16.33255],[100.01456,16.32867]],[[100.01456,16.32867],[100.0129,16.32058]],[[100.0129,16.32058],[100.02117,16.31257]],[[100.02117,16.31257],[100.01913,16.29698]],[[100.01913,16.29698],[100.02696,16.29025]],[[100.02696,16.29025],[100.03116,16.2783]],[[100.03116,16.2783],[100.027,16.26664]],[[100.027,16.26664],[100.02587,16.25629]],[[100.02587,16.25629],[100.02141,16.253]],[[100.02141,16.253],[100.02187,16.24944]],[[100.02187,16.24944],[100.02723,16.24117]],[[100.02723,16.24117],[100.03228,16.22854]],[[100.03228,16.22854],[100.03691,16.22018]],[[100.03691,16.22018],[100.04709,16.21026]],[[100.04709,16.21026],[100.0452,16.2036]],[[100.0452,16.2036],[100.03825,16.19628]],[[100.03825,16.19628],[100.03386,16.19637]],[[100.03386,16.19637],[100.02485,16.19118]],[[99.08612,15.8845],[99.0884,15.89213]],[[99.0884,15.89213],[99.08603,15.8992]],[[99.08603,15.8992],[99.0862,15.91459]],[[99.0862,15.91459],[99.09569,15.9246]],[[99.09569,15.9246],[99.09662,15.93161]],[[99.09662,15.93161],[99.09034,15.93746]],[[99.09034,15.93746],[99.0889,15.94528]],[[99.0889,15.94528],[99.08568,15.94843]],[[99.08568,15.94843],[99.08064,15.9486]],[[99.08064,15.9486],[99.0744,15.95413]],[[99.0744,15.95413],[99.07474,15.96242]],[[99.07474,15.96242],[99.07806,15.96268]],[[99.07806,15.96268],[99.08183,15.97007]],[[99.08183,15.97007],[99.08564,15.9718]],[[99.08564,15.9718],[99.08855,15.9795]],[[99.08855,15.9795],[99.08601,15.99808]],[[99.08601,15.99808],[99.08213,16.00588]],[[99.08213,16.00588],[99.08325,16.02224]],[[99.08325,16.02224],[99.08687,16.034]],[[99.08687,16.034],[99.0883,16.04373]],[[99.0883,16.04373],[99.0975,16.0478]],[[99.0975,16.0478],[99.10553,16.04945]],[[99.10553,16.04945],[99.10817,16.05484]],[[99.10817,16.05484],[99.11435,16.06012]],[[99.11435,16.06012],[99.11331,16.06366]],[[99.11331,16.06366],[99.11732,16.07359]],[[99.11732,16.07359],[99.11413,16.08017]],[[99.11413,16.08017],[99.10935,16.08189]],[[99.10935,16.08189],[99.10643,16.08955]],[[99.10643,16.08955],[99.10895,16.09254]],[[99.10895,16.09254],[99.10798,16.1003]],[[99.10798,16.1003],[99.10493,16.1031]],[[99.10493,16.1031],[99.09433,16.10255]],[[99.09433,16.10255],[99.08931,16.11495]],[[99.08931,16.11495],[99.08332,16.11436]],[[99.08332,16.11436],[99.08142,16.12395]],[[99.08142,16.12395],[99.06846,16.13233]],[[99.06846,16.13233],[99.05984,16.1329]],[[99.05984,16.1329],[99.05188,16.13539]],[[99.05188,16.13539],[99.04919,16.14438]],[[99.04919,16.14438],[99.051,16.16169]],[[99.051,16.16169],[99.06813,16.1656]],[[99.06813,16.1656],[99.07018,16.18195]],[[99.07018,16.18195],[99.07296,16.18596]],[[99.07296,16.18596],[99.07361,16.19648]],[[99.07361,16.19648],[99.08034,16.20193]],[[99.08034,16.20193],[99.08129,16.20933]],[[99.08129,16.20933],[99.07969,16.21787]],[[99.07969,16.21787],[99.07397,16.22233]],[[99.07397,16.22233],[99.07225,16.2294]],[[99.07225,16.2294],[99.0649,16.23617]],[[99.0649,16.23617],[99.06446,16.24034]],[[99.06446,16.24034],[99.05475,16.24707]],[[99.05475,16.24707],[99.05201,16.25648]],[[99.05201,16.25648],[99.04816,16.26154]],[[99.04816,16.26154],[99.0478,16.2694]],[[99.0478,16.2694],[99.04554,16.27509]],[[99.04554,16.27509],[99.04671,16.28214]],[[99.04671,16.28214],[99.04222,16.29069]],[[99.04222,16.29069],[99.04428,16.29973]],[[99.04428,16.29973],[99.05084,16.3042]],[[99.05084,16.3042],[99.05338,16.30938]],[[99.05338,16.30938],[99.05038,16.31773]],[[99.05038,16.31773],[99.05193,16.32364]],[[99.05193,16.32364],[99.05158,16.33388]],[[99.05158,16.33388],[99.04269,16.3387]],[[99.04269,16.3387],[99.04144,16.3446]],[[99.04144,16.3446],[99.04474,16.35327]],[[99.04474,16.35327],[99.04176,16.35686]],[[99.04176,16.35686],[99.04301,16.36424]],[[99.04301,16.36424],[99.04075,16.36879]],[[99.04075,16.36879],[99.04187,16.37433]],[[99.04187,16.37433],[99.0366,16.3834]],[[99.0366,16.3834],[99.0314,16.38495]],[[99.0314,16.38495],[99.02155,16.38221]],[[99.02155,16.38221],[99.01637,16.38666]],[[99.01637,16.38666],[99.01934,16.39241]],[[99.01934,16.39241],[99.02021,16.40284]],[[99.02021,16.40284],[99.01898,16.41053]],[[99.01898,16.41053],[99.01981,16.41858]],[[99.01981,16.41858],[99.02433,16.4231]],[[99.02433,16.4231],[99.03075,16.42172]],[[99.03075,16.42172],[99.03095,16.42635]],[[99.03095,16.42635],[99.04045,16.43788]],[[99.04045,16.43788],[99.04992,16.44133]],[[99.04992,16.44133],[99.06164,16.45143]],[[99.06164,16.45143],[99.06427,16.45846]],[[99.06427,16.45846],[99.07487,16.46723]],[[99.07487,16.46723],[99.08407,16.46943]],[[99.08407,16.46943],[99.09607,16.47565]],[[99.09607,16.47565],[99.09889,16.47283]],[[99.09889,16.47283],[99.1016,16.47808]],[[99.1016,16.47808],[99.10611,16.47667]],[[99.10611,16.47667],[99.10682,16.48069]],[[99.10682,16.48069],[99.11156,16.47746]],[[99.11156,16.47746],[99.11329,16.47958]],[[99.11329,16.47958],[99.12163,16.47403]],[[99.12163,16.47403],[99.12608,16.48587]],[[99.12608,16.48587],[99.13431,16.48982]],[[99.13431,16.48982],[99.13838,16.49435]],[[99.13838,16.49435],[99.14047,16.50065]],[[99.14047,16.50065],[99.14818,16.49962]],[[99.14818,16.49962],[99.15048,16.50304]],[[99.15048,16.50304],[99.15455,16.49937]],[[99.15455,16.49937],[99.15574,16.50425]],[[99.15574,16.50425],[99.16179,16.50669]],[[99.16179,16.50669],[99.1639,16.50211]],[[99.1639,16.50211],[99.17003,16.50641]],[[99.17003,16.50641],[99.17339,16.51177]],[[99.17339,16.51177],[99.1675,16.51062]],[[99.1675,16.51062],[99.17086,16.52175]],[[99.17086,16.52175],[99.1805,16.5277]],[[99.1805,16.5277],[99.18052,16.53245]],[[99.18052,16.53245],[99.19155,16.53142]],[[99.19155,16.53142],[99.18875,16.53391]],[[99.18875,16.53391],[99.19118,16.5393]],[[99.19118,16.5393],[99.19622,16.53741]],[[99.19622,16.53741],[99.2,16.53108]],[[99.2,16.53108],[99.20362,16.53222]],[[99.20362,16.53222],[99.21963,16.52764]],[[99.21963,16.52764],[99.22329,16.53282]],[[99.22329,16.53282],[99.23077,16.53441]],[[99.23077,16.53441],[99.23646,16.53202]],[[99.23646,16.53202],[99.24053,16.53415]],[[99.24053,16.53415],[99.24323,16.54567]],[[99.24323,16.54567],[99.24799,16.54942]],[[99.24799,16.54942],[99.24546,16.55526]],[[99.24546,16.55526],[99.25178,16.56002]],[[99.25178,16.56002],[99.25639,16.5689]],[[99.25639,16.5689],[99.25448,16.57424]],[[99.25448,16.57424],[99.25548,16.58246]],[[99.25548,16.58246],[99.24986,16.5901]],[[99.24986,16.5901],[99.25362,16.59453]],[[99.25362,16.59453],[99.25111,16.59634]],[[99.25111,16.59634],[99.25498,16.6026]],[[99.25498,16.6026],[99.24651,16.61203]],[[99.24651,16.61203],[99.24622,16.61825]],[[99.24622,16.61825],[99.24168,16.62405]],[[99.24168,16.62405],[99.24363,16.63674]],[[99.24363,16.63674],[99.24092,16.64163]],[[99.24092,16.64163],[99.24588,16.64181]],[[99.24588,16.64181],[99.24765,16.64641]],[[99.24765,16.64641],[99.24659,16.66218]],[[99.24659,16.66218],[99.26126,16.66722]],[[99.26126,16.66722],[99.26497,16.67107]],[[99.26497,16.67107],[99.27081,16.66849]],[[99.27081,16.66849],[99.27498,16.67751]],[[99.27498,16.67751],[99.27088,16.68356]],[[99.27088,16.68356],[99.28211,16.68956]],[[99.28211,16.68956],[99.28513,16.69561]],[[99.28513,16.69561],[99.28322,16.70682]],[[99.28322,16.70682],[99.28787,16.71486]],[[99.28787,16.71486],[99.29576,16.72006]],[[99.29576,16.72006],[99.29893,16.73511]],[[99.29893,16.73511],[99.30162,16.73758]],[[99.30162,16.73758],[99.30383,16.74971]],[[99.30383,16.74971],[99.30551,16.76868]],[[99.30551,16.76868],[99.29579,16.77158]],[[99.29579,16.77158],[99.29155,16.78404]],[[99.29155,16.78404],[99.29684,16.78882]],[[99.29684,16.78882],[99.30384,16.78692]],[[99.30384,16.78692],[99.31023,16.79418]],[[99.31023,16.79418],[99.31649,16.79553]],[[99.31649,16.79553],[99.31803,16.80156]],[[99.31803,16.80156],[99.32411,16.8131]],[[99.32411,16.8131],[99.33476,16.81133]],[[99.33476,16.81133],[99.34212,16.81365]],[[99.34212,16.81365],[99.35474,16.81092]],[[99.35474,16.81092],[99.36774,16.80387]],[[99.36774,16.80387],[99.3732,16.80374]],[[99.3732,16.80374],[99.38132,16.80787]],[[99.38132,16.80787],[99.38539,16.80785]],[[99.38539,16.80785],[99.38827,16.81269]],[[99.38827,16.81269],[99.3823,16.82211]],[[99.3823,16.82211],[99.38758,16.82672]],[[99.38758,16.82672],[99.38466,16.8314]],[[99.38466,16.8314],[99.38725,16.83749]],[[99.38725,16.83749],[99.38554,16.84415]],[[99.38554,16.84415],[99.37823,16.84637]],[[99.37823,16.84637],[99.38075,16.85459]],[[99.38075,16.85459],[99.37873,16.85891]],[[99.37873,16.85891],[99.38281,16.86552]],[[99.38281,16.86552],[99.39136,16.87039]],[[99.39136,16.87039],[99.41097,16.87245]],[[99.41097,16.87245],[99.41718,16.8763]],[[99.41718,16.8763],[99.42306,16.88298]],[[99.42306,16.88298],[99.43262,16.87586]],[[99.43262,16.87586],[99.43657,16.87218]],[[99.43657,16.87218],[99.44756,16.86989]],[[99.44756,16.86989],[99.44954,16.87489]],[[99.44954,16.87489],[99.4562,16.87819]],[[99.4562,16.87819],[99.46681,16.8897]],[[99.46681,16.8897],[99.46565,16.8941]],[[99.46565,16.8941],[99.46957,16.90065]],[[99.46957,16.90065],[99.47965,16.9081]],[[99.47965,16.9081],[99.48875,16.91044]],[[99.48875,16.91044],[99.49917,16.89116]],[[99.49917,16.89116],[99.50727,16.88772]],[[99.50727,16.88772],[99.51424,16.88243]],[[99.51424,16.88243],[99.51328,16.87289]],[[99.51328,16.87289],[99.51729,16.8577]],[[99.51729,16.8577],[99.52237,16.85311]],[[99.52237,16.85311],[99.52327,16.84679]],[[99.52327,16.84679],[99.52949,16.83577]],[[99.52949,16.83577],[99.53094,16.82527]],[[99.53094,16.82527],[99.53391,16.82589]],[[99.53391,16.82589],[99.53762,16.83741]],[[99.53762,16.83741],[99.54174,16.83998]],[[99.54174,16.83998],[99.54423,16.85125]],[[99.54423,16.85125],[99.54244,16.85774]],[[99.54244,16.85774],[99.5447,16.86229]],[[99.5447,16.86229],[99.55681,16.85797]],[[99.55681,16.85797],[99.55994,16.85337]],[[99.55994,16.85337],[99.56583,16.85434]],[[99.56583,16.85434],[99.56578,16.85876]],[[99.56578,16.85876],[99.57075,16.85954]],[[99.57075,16.85954],[99.57428,16.84594]],[[99.57428,16.84594],[99.5739,16.83001]],[[99.5739,16.83001],[99.58085,16.82139]],[[99.58085,16.82139],[99.57891,16.8169]],[[99.57891,16.8169],[99.57961,16.8075]],[[99.57961,16.8075],[99.58195,16.80334]],[[99.58195,16.80334],[99.58934,16.79884]],[[99.58934,16.79884],[99.59397,16.79063]],[[99.59397,16.79063],[99.60135,16.78992]],[[99.60135,16.78992],[99.6054,16.78452]],[[99.6054,16.78452],[99.60453,16.78111]],[[99.60453,16.78111],[99.61227,16.76977]],[[99.61227,16.76977],[99.61803,16.76458]],[[99.61803,16.76458],[99.62271,16.75713]],[[99.62271,16.75713],[99.63098,16.75546]],[[99.63098,16.75546],[99.63163,16.75203]],[[99.63163,16.75203],[99.63757,16.74947]],[[99.63757,16.74947],[99.64118,16.74464]],[[99.64118,16.74464],[99.64568,16.74299]],[[99.64568,16.74299],[99.6469,16.74628]],[[99.6469,16.74628],[99.65376,16.7465]],[[99.65376,16.7465],[99.65867,16.74074]],[[99.65867,16.74074],[99.66319,16.74018]],[[99.66319,16.74018],[99.67059,16.73548]],[[99.67059,16.73548],[99.67506,16.7277]],[[99.67506,16.7277],[99.68588,16.73053]],[[99.68588,16.73053],[99.69429,16.73093]],[[99.69429,16.73093],[99.69497,16.71801]],[[99.69497,16.71801],[99.70402,16.71728]],[[99.70402,16.71728],[99.70499,16.72221]],[[99.70499,16.72221],[99.70882,16.7248]],[[99.70882,16.7248],[99.71379,16.72154]],[[99.71379,16.72154],[99.71969,16.72255]],[[99.71969,16.72255],[99.72308,16.72744]],[[99.72308,16.72744],[99.73007,16.72967]],[[99.73007,16.72967],[99.73434,16.73387]],[[99.73434,16.73387],[99.73659,16.74009]],[[99.73659,16.74009],[99.74491,16.7441]],[[99.74491,16.7441],[99.74584,16.73938]],[[99.74584,16.73938],[99.74222,16.73371]],[[99.74222,16.73371],[99.74232,16.72847]],[[99.74232,16.72847],[99.74919,16.72532]],[[99.74919,16.72532],[99.75141,16.72048]],[[99.75141,16.72048],[99.75563,16.72159]],[[99.75563,16.72159],[99.75935,16.71045]],[[99.75935,16.71045],[99.7596,16.68491]],[[99.7596,16.68491],[99.76935,16.68276]],[[99.76935,16.68276],[99.77609,16.68751]],[[99.77609,16.68751],[99.7872,16.68511]],[[99.7872,16.68511],[99.79344,16.68698]],[[99.79344,16.68698],[99.80076,16.69169]],[[99.80076,16.69169],[99.80214,16.69649]],[[99.80214,16.69649],[99.8093,16.69817]],[[99.8093,16.69817],[99.80923,16.70366]],[[99.80923,16.70366],[99.80349,16.7105]],[[99.80349,16.7105],[99.81208,16.71555]],[[99.81208,16.71555],[99.81456,16.72059]],[[99.81456,16.72059],[99.82216,16.72031]],[[99.82216,16.72031],[99.82888,16.7239]],[[99.82888,16.7239],[99.82922,16.71725]],[[99.82922,16.71725],[99.83543,16.71382]],[[99.83543,16.71382],[99.84553,16.7155]],[[99.84553,16.7155],[99.8472,16.72707]],[[99.8472,16.72707],[99.85341,16.73527]],[[99.31523,17.26984],[99.31894,17.2625]],[[99.31894,17.2625],[99.31889,17.25642]],[[99.31889,17.25642],[99.32142,17.24885]],[[99.32142,17.24885],[99.31894,17.2386]],[[99.31894,17.2386],[99.31979,17.22941]],[[99.31979,17.22941],[99.31794,17.22344]],[[99.31794,17.22344],[99.31391,17.21996]],[[99.31391,17.21996],[99.31942,17.2123]],[[99.31942,17.2123],[99.31471,17.19229]],[[99.31471,17.19229],[99.31224,17.18879]],[[99.31224,17.18879],[99.3144,17.17962]],[[99.3144,17.17962],[99.31309,17.17675]],[[99.31309,17.17675],[99.31776,17.17101]],[[99.31776,17.17101],[99.31905,17.15748]],[[99.31905,17.15748],[99.31754,17.14969]],[[99.31754,17.14969],[99.31434,17.14569]],[[99.31434,17.14569],[99.31926,17.14108]],[[99.31926,17.14108],[99.3287,17.13945]],[[99.3287,17.13945],[99.32838,17.13338]],[[99.32838,17.13338],[99.32443,17.13257]],[[99.32443,17.13257],[99.3204,17.12732]],[[99.3204,17.12732],[99.32198,17.11434]],[[99.32198,17.11434],[99.32946,17.10534]],[[99.32946,17.10534],[99.33099,17.10015]],[[99.33099,17.10015],[99.33905,17.09317]],[[99.33905,17.09317],[99.35488,17.09563]],[[99.35488,17.09563],[99.35923,17.09178]],[[99.35923,17.09178],[99.36403,17.09186]],[[99.36403,17.09186],[99.36869,17.09715]],[[99.36869,17.09715],[99.38137,17.09009]],[[99.38137,17.09009],[99.38735,17.0818]],[[99.38735,17.0818],[99.39148,17.08387]],[[99.39148,17.08387],[99.3935,17.07802]],[[99.3935,17.07802],[99.38716,17.07051]],[[99.38716,17.07051],[99.38755,17.05985]],[[99.38755,17.05985],[99.3907,17.05735]],[[99.3907,17.05735],[99.39039,17.05002]],[[99.39039,17.05002],[99.39335,17.0468]],[[99.39335,17.0468],[99.39172,17.0344]],[[99.39172,17.0344],[99.39487,17.02171]],[[99.39487,17.02171],[99.41029,17.02253]],[[99.41029,17.02253],[99.40944,17.01893]],[[99.40944,17.01893],[99.41714,17.01864]],[[99.41714,17.01864],[99.42141,17.0098]],[[99.42141,17.0098],[99.42191,16.99903]],[[99.42191,16.99903],[99.42849,16.99156]],[[99.42849,16.99156],[99.42902,16.98332]],[[99.42902,16.98332],[99.43773,16.97673]],[[99.43773,16.97673],[99.45237,16.97777]],[[99.45237,16.97777],[99.45776,16.97683]],[[99.45776,16.97683],[99.46689,16.98077]],[[99.46689,16.98077],[99.45477,16.96771]],[[99.45477,16.96771],[99.45233,16.96182]],[[99.45233,16.96182],[99.4491,16.9612]],[[99.4491,16.9612],[99.43953,16.95416]],[[99.43953,16.95416],[99.43838,16.94861]],[[99.43838,16.94861],[99.44472,16.94265]],[[99.44472,16.94265],[99.44191,16.93337]],[[99.44191,16.93337],[99.45158,16.92692]],[[99.45158,16.92692],[99.45395,16.9273]],[[99.45395,16.9273],[99.4552,16.91268]],[[99.4552,16.91268],[99.44019,16.90496]],[[99.44019,16.90496],[99.43726,16.9001]],[[99.43726,16.9001],[99.43468,16.88962]],[[99.43468,16.88962],[99.43676,16.88085]],[[99.43676,16.88085],[99.43262,16.87586]],[[98.984,15.17995],[98.97126,15.19155]],[[98.97126,15.19155],[98.97106,15.19708]],[[98.97106,15.19708],[98.96321,15.20817]],[[98.96321,15.20817],[98.96291,15.22181]],[[98.96291,15.22181],[98.95564,15.23898]],[[98.95564,15.23898],[98.95556,15.247]],[[98.95556,15.247],[98.94327,15.25289]],[[98.94327,15.25289],[98.93841,15.25018]],[[98.93841,15.25018],[98.92138,15.24759]],[[98.92138,15.24759],[98.91501,15.25643]],[[98.91501,15.25643],[98.91528,15.26433]],[[98.91528,15.26433],[98.91101,15.26813]],[[98.91101,15.26813],[98.90192,15.26903]],[[98.90192,15.26903],[98.89827,15.27308]],[[98.89827,15.27308],[98.88626,15.27507]],[[98.88626,15.27507],[98.89144,15.29043]],[[98.89144,15.29043],[98.88184,15.30978]],[[98.88184,15.30978],[98.87086,15.3248]],[[98.87086,15.3248],[98.86073,15.33121]],[[98.86073,15.33121],[98.85476,15.3377]],[[98.85476,15.3377],[98.83994,15.34815]],[[98.83994,15.34815],[98.83078,15.34595]],[[98.83078,15.34595],[98.82943,15.35583]],[[98.82943,15.35583],[98.82316,15.36107]],[[98.82316,15.36107],[98.81379,15.37627]],[[98.81379,15.37627],[98.80323,15.38509]],[[98.80323,15.38509],[98.80159,15.39163]],[[98.80159,15.39163],[98.79789,15.39329]],[[98.79789,15.39329],[98.79101,15.40401]],[[98.79101,15.40401],[98.78342,15.40829]],[[98.78342,15.40829],[98.77994,15.42163]],[[98.77994,15.42163],[98.76274,15.43756]],[[98.76274,15.43756],[98.75455,15.44176]],[[98.75455,15.44176],[98.75919,15.45226]],[[98.75919,15.45226],[98.75478,15.4585]],[[98.75478,15.4585],[98.75839,15.46839]],[[98.75839,15.46839],[98.76076,15.4705]],[[98.76076,15.4705],[98.74622,15.48257]],[[98.74622,15.48257],[98.73729,15.47938]],[[98.73729,15.47938],[98.73209,15.48329]],[[98.73209,15.48329],[98.72969,15.48859]],[[98.72969,15.48859],[98.7194,15.49092]],[[98.7194,15.49092],[98.70541,15.49822]],[[98.70541,15.49822],[98.70105,15.50378]],[[98.70105,15.50378],[98.7045,15.50996]],[[98.7045,15.50996],[98.71292,15.50477]],[[98.71292,15.50477],[98.71909,15.5066]],[[98.71909,15.5066],[98.71796,15.51184]],[[98.71796,15.51184],[98.7237,15.51646]],[[98.7237,15.51646],[98.71967,15.52272]],[[98.71967,15.52272],[98.714,15.52566]],[[98.714,15.52566],[98.70595,15.53647]],[[98.70595,15.53647],[98.69816,15.55235]],[[98.69816,15.55235],[98.67559,15.57832]],[[98.67559,15.57832],[98.66687,15.59582]],[[98.66687,15.59582],[98.66162,15.59795]],[[98.66162,15.59795],[98.6578,15.60846]],[[98.6578,15.60846],[98.65451,15.61223]],[[98.65451,15.61223],[98.65444,15.61983]],[[98.65444,15.61983],[98.64862,15.6325]],[[98.64862,15.6325],[98.6422,15.63781]],[[98.6422,15.63781],[98.63918,15.63722]],[[98.63918,15.63722],[98.63247,15.62779]],[[98.63247,15.62779],[98.62622,15.62629]],[[98.62622,15.62629],[98.62238,15.62956]],[[98.62238,15.62956],[98.6269,15.6377]],[[98.6269,15.6377],[98.61229,15.64466]],[[98.61229,15.64466],[98.60833,15.64122]],[[98.60833,15.64122],[98.60093,15.64498]],[[98.60093,15.64498],[98.5919,15.64404]],[[98.5919,15.64404],[98.58847,15.64607]],[[98.58847,15.64607],[98.58502,15.6594]],[[98.58502,15.6594],[98.57485,15.66009]],[[98.57485,15.66009],[98.57314,15.65577]],[[98.57314,15.65577],[98.55778,15.65248]],[[98.55778,15.65248],[98.54699,15.67948],[98.5467,15.68212],[98.55708,15.72635],[98.56486,15.75753],[98.56697,15.76841],[98.57688,15.79999],[98.61057,15.87628],[98.6053,15.87602],[98.60038,15.87239],[98.59544,15.87538],[98.59654,15.88488],[98.58908,15.89195],[98.58931,15.90634],[98.58502,15.91213],[98.58399,15.91805],[98.58881,15.93434],[98.59226,15.93846],[98.59191,15.94842],[98.59401,15.95942],[98.60232,15.96512],[98.60626,15.96536],[98.60876,15.97288],[98.60566,15.98168],[98.6045,15.99111],[98.60141,15.99353],[98.59719,16.00428],[98.59729,16.00775],[98.58996,16.01351],[98.58625,16.01357],[98.5765,16.02019],[98.57489,16.02501],[98.56489,16.02916],[98.56108,16.0323],[98.56231,16.04402],[98.567,16.05648],[98.57633,16.05895],[98.58029,16.06231],[98.57996,16.06934],[98.58442,16.07471],[98.58871,16.07598],[98.60109,16.07263],[98.60247,16.06514],[98.60861,16.0612],[98.60549,16.05793],[98.60798,16.04297],[98.61372,16.03983],[98.62495,16.046],[98.63096,16.05072],[98.62652,16.06254],[98.63906,16.06167],[98.64344,16.06662],[98.66289,16.07535],[98.65895,16.08235],[98.67203,16.09062],[98.6741,16.09929],[98.66916,16.10416],[98.66656,16.11097],[98.67735,16.11216],[98.68039,16.12088],[98.67787,16.12727],[98.68568,16.12852],[98.68646,16.13279],[98.69333,16.1316],[98.70161,16.13594],[98.71336,16.13252],[98.7167,16.12428],[98.73265,16.12221],[98.74359,16.11857],[98.74954,16.12127],[98.75593,16.1199],[98.76932,16.12083],[98.7722,16.12601],[98.77823,16.12879],[98.78457,16.12316],[98.78481,16.11839],[98.78877,16.11087],[98.79711,16.10637],[98.80569,16.10442],[98.81026,16.10898],[98.82265,16.11203],[98.82935,16.11714],[98.82807,16.12061],[98.83079,16.12579],[98.84067,16.12962],[98.84785,16.12772],[98.85129,16.1352],[98.85378,16.15694],[98.85113,16.16141],[98.85706,16.16414],[98.8614,16.16963],[98.86013,16.18714],[98.85399,16.19267],[98.8611,16.19745],[98.85815,16.20778],[98.85248,16.21393],[98.85206,16.21951],[98.86544,16.23268],[98.87057,16.23454],[98.87296,16.23911],[98.87829,16.2302],[98.88258,16.24032],[98.88712,16.24327],[98.88701,16.24774],[98.89902,16.25022],[98.90404,16.25463],[98.90564,16.26175],[98.91059,16.2678],[98.90688,16.27387],[98.91256,16.29394],[98.91065,16.29749],[98.91594,16.3056],[98.92423,16.30709],[98.92844,16.32262],[98.93164,16.32938],[98.92916,16.33627],[98.9247,16.34204],[98.92619,16.34431],[98.91144,16.34383],[98.90919,16.34691],[98.91205,16.35351],[98.91672,16.35755],[98.92021,16.36959],[98.91693,16.37865],[98.91869,16.38418],[98.91305,16.39292],[98.89992,16.40085],[98.89944,16.40402],[98.89199,16.40677],[98.88925,16.41517],[98.88243,16.42295],[98.87777,16.42523],[98.87204,16.42224],[98.86151,16.42844],[98.85437,16.42557],[98.85102,16.42161],[98.84464,16.41871],[98.83709,16.42255],[98.82922,16.42081],[98.828,16.41283],[98.81293,16.39325],[98.81708,16.38915],[98.8171,16.38515],[98.81074,16.38337],[98.80639,16.3792],[98.79717,16.37565],[98.79105,16.36955],[98.78596,16.36927],[98.78197,16.36538],[98.7829,16.35545],[98.77589,16.34941],[98.77734,16.34465],[98.76856,16.34694],[98.76529,16.34194],[98.76023,16.34481],[98.75313,16.34341],[98.74705,16.34643],[98.74295,16.33856],[98.7354,16.33715],[98.73376,16.33274],[98.72683,16.32859],[98.72525,16.32147],[98.72808,16.32067],[98.72754,16.31442],[98.72131,16.31484],[98.71872,16.31055],[98.72039,16.29839],[98.70649,16.29306],[98.70644,16.28093],[98.70313,16.27765],[98.70425,16.27205],[98.69943,16.26862],[98.69256,16.27108],[98.69347,16.27409],[98.68625,16.27703],[98.68073,16.28143],[98.68219,16.27682],[98.67623,16.27076],[98.67352,16.27507],[98.676,16.28009],[98.67094,16.28453],[98.66638,16.29296],[98.66948,16.29204],[98.66947,16.30617],[98.66743,16.30946],[98.67124,16.31807],[98.66496,16.31662],[98.66321,16.31968],[98.66879,16.32596],[98.66514,16.34777],[98.6528,16.35157],[98.653,16.35522],[98.66208,16.36025],[98.66305,16.36746],[98.65381,16.36959],[98.65772,16.37613],[98.65337,16.38653],[98.6486,16.39438],[98.65527,16.3999],[98.64368,16.40277],[98.64144,16.40892],[98.63644,16.41012],[98.64013,16.41782],[98.63697,16.42449],[98.63907,16.43129],[98.65162,16.45013],[98.65598,16.45082],[98.6565,16.4572],[98.6509,16.46237],[98.65152,16.4702],[98.64803,16.47323],[98.64413,16.47183],[98.6426,16.47845],[98.63379,16.47713],[98.63264,16.48407],[98.62907,16.48772],[98.62629,16.49606],[98.62077,16.49798],[98.61297,16.5079],[98.61176,16.51422],[98.6062,16.52512],[98.60014,16.53003],[98.59512,16.53799],[98.59816,16.5434],[98.59455,16.54656],[98.59077,16.54332],[98.58344,16.54684],[98.5828,16.55048],[98.58697,16.55409],[98.58424,16.55881],[98.57869,16.55672],[98.57612,16.56142],[98.57885,16.56537],[98.57294,16.56834],[98.57503,16.57337],[98.5789,16.56781],[98.58566,16.56596],[98.58567,16.56887],[98.57926,16.57541],[98.58364,16.57797],[98.5825,16.58653],[98.58629,16.58779],[98.58259,16.59242],[98.58344,16.59811],[98.58094,16.60047],[98.57729,16.5977],[98.57667,16.60652],[98.57182,16.60532],[98.56869,16.61676],[98.57372,16.62115],[98.57119,16.62499],[98.57116,16.63125],[98.56818,16.63241],[98.56103,16.62993],[98.55937,16.63527],[98.55392,16.63364],[98.54322,16.63845],[98.538,16.63457],[98.53174,16.63969],[98.52481,16.64158],[98.52371,16.64945],[98.52045,16.65026],[98.5131,16.64414],[98.51137,16.64942],[98.51434,16.65579],[98.51407,16.66898],[98.51837,16.67686],[98.51459,16.68559],[98.51616,16.6946],[98.50992,16.70073],[98.50142,16.69691],[98.49961,16.69097],[98.49512,16.69204],[98.49878,16.69618],[98.49687,16.70362],[98.50264,16.71029],[98.50122,16.71552],[98.49646,16.71651],[98.49077,16.70875],[98.48874,16.7137],[98.48419,16.71682],[98.47109,16.71244],[98.47002,16.716],[98.47726,16.71743],[98.4758,16.72224],[98.47023,16.72441],[98.46887,16.72817],[98.46308,16.73037],[98.46882,16.73867],[98.46239,16.74689],[98.46198,16.74983],[98.46737,16.7524],[98.47832,16.74611],[98.47673,16.75174],[98.47734,16.76435],[98.48982,16.77272],[98.48417,16.77952],[98.48412,16.78761],[98.48847,16.79156],[98.49256,16.78838],[98.494,16.79153],[98.49895,16.78591],[98.5064,16.78824],[98.50638,16.79637],[98.51448,16.79573],[98.51482,16.79121],[98.51981,16.78994],[98.52542,16.79651],[98.5246,16.79962],[98.51552,16.79852],[98.5139,16.80352],[98.52012,16.80776],[98.54722,16.81302],[98.5471,16.81632],[98.54181,16.8192],[98.53989,16.82625],[98.53536,16.82974],[98.52548,16.82734],[98.52185,16.83535],[98.50937,16.8376],[98.50363,16.83228],[98.49828,16.83464],[98.492,16.84337],[98.49553,16.85008],[98.49681,16.85857],[98.49964,16.86331],[98.5052,16.86694],[98.50855,16.86592],[98.51102,16.85594],[98.51557,16.86007],[98.51251,16.86968],[98.50695,16.87595],[98.50798,16.87929],[98.51632,16.8802],[98.52268,16.87606],[98.52467,16.87147],[98.53197,16.86822],[98.53475,16.86104],[98.53999,16.86148],[98.53405,16.87307],[98.53021,16.87661],[98.52591,16.88495],[98.52845,16.89039],[98.53625,16.89491],[98.53524,16.89892],[98.5135,16.90149],[98.51296,16.90472],[98.5194,16.9085],[98.52215,16.91327],[98.52123,16.91774],[98.50864,16.91553],[98.50585,16.91124],[98.50194,16.91552],[98.50133,16.92064],[98.50547,16.92472],[98.50425,16.92849],[98.49835,16.92805],[98.49006,16.92232],[98.49067,16.9345],[98.48322,16.93572],[98.48235,16.93998],[98.4895,16.94354],[98.49477,16.94933],[98.5019,16.94918],[98.5042,16.94439],[98.50803,16.94475],[98.50749,16.94926],[98.4993,16.95753],[98.48861,16.95736],[98.48987,16.96818],[98.48267,16.97186],[98.47436,16.96822],[98.46839,16.97141],[98.46843,16.97481],[98.4781,16.97609],[98.48048,16.98058],[98.47536,16.9836],[98.47182,16.99046],[98.47325,16.99356],[98.46867,16.99598],[98.46513,16.99208],[98.45754,16.99118],[98.44754,16.99703],[98.44949,17.00266],[98.45525,17.01074],[98.45212,17.01794],[98.45574,17.02017],[98.45074,17.02447],[98.44152,17.02102],[98.4315,17.02147],[98.43618,17.02656],[98.43817,17.03503],[98.42984,17.03897],[98.42346,17.03845],[98.42386,17.04376],[98.41502,17.04422],[98.41213,17.053],[98.40454,17.05607],[98.40149,17.05421],[98.39964,17.04752],[98.39543,17.04764],[98.39084,17.05156],[98.39306,17.05886],[98.39058,17.06043],[98.38384,17.05721],[98.37708,17.05814],[98.36797,17.05467],[98.35998,17.04875],[98.35332,17.0497],[98.34447,17.04791],[98.33759,17.05103],[98.33364,17.05628],[98.32725,17.06008],[98.31851,17.06821],[98.31219,17.07853],[98.31306,17.088],[98.29993,17.0906],[98.30495,17.09413],[98.30869,17.10119],[98.3138,17.09475],[98.31701,17.09653],[98.31649,17.10359],[98.32272,17.10999],[98.32122,17.11185],[98.30945,17.11174],[98.30333,17.10761],[98.29959,17.10976],[98.29921,17.12589],[98.29398,17.12386],[98.29532,17.11726],[98.29281,17.11332],[98.28479,17.11171],[98.27962,17.11701],[98.28162,17.12343],[98.28639,17.12991],[98.28569,17.14433],[98.29763,17.14218],[98.29791,17.14714],[98.29019,17.15473],[98.28618,17.15601],[98.28194,17.15251],[98.2711,17.15232],[98.26711,17.15931],[98.26958,17.16393],[98.2794,17.16801],[98.27972,17.17281],[98.26566,17.17753],[98.26089,17.17468],[98.25874,17.17794],[98.26452,17.18561],[98.26132,17.18771],[98.25102,17.18217],[98.2488,17.18409],[98.25148,17.19653],[98.2449,17.19592],[98.24545,17.21124],[98.23869,17.20991],[98.23044,17.20257],[98.22726,17.20583],[98.22869,17.21167],[98.23552,17.2184],[98.24362,17.22174],[98.24408,17.2266],[98.2387,17.23027],[98.22707,17.22075],[98.21831,17.22806],[98.213,17.22829],[98.20834,17.23713],[98.20889,17.24259],[98.20405,17.25031],[98.19678,17.25483],[98.18929,17.25523],[98.18349,17.2581],[98.1738,17.2589],[98.17109,17.26295],[98.16757,17.26228],[98.16446,17.26644],[98.16749,17.27257],[98.16102,17.28],[98.1528,17.28341],[98.14667,17.2918],[98.13662,17.2912],[98.13447,17.29309],[98.13755,17.29858],[98.13409,17.30667],[98.12836,17.30764],[98.12889,17.31411],[98.12512,17.32063],[98.12005,17.32293],[98.11217,17.31928],[98.10847,17.32594],[98.10463,17.3375],[98.10447,17.34702],[98.10709,17.3501],[98.10477,17.35424],[98.10925,17.3578],[98.11082,17.36357],[98.11901,17.37075],[98.11706,17.37537],[98.10873,17.37706],[98.10965,17.38573],[98.10069,17.39079],[98.09448,17.39056],[98.08914,17.39586],[98.08057,17.38975],[98.07544,17.39968],[98.07322,17.40011],[98.07098,17.40773],[98.06599,17.40999],[98.05944,17.42135],[98.05253,17.42411],[98.0453,17.4301],[98.04568,17.43322],[98.05191,17.4339],[98.05684,17.43831],[98.05544,17.44196],[98.04867,17.44274],[98.04183,17.45073],[98.03635,17.45206],[98.02799,17.46429],[98.01426,17.47983],[98.00898,17.48815],[98.00465,17.49128],[97.99153,17.51069],[97.98285,17.50869],[97.97038,17.5081],[97.96513,17.51662],[97.96765,17.52047],[97.96328,17.52635],[97.95022,17.53052],[97.94025,17.5311],[97.93521,17.53299],[97.93149,17.53831],[97.9231,17.53927],[97.92236,17.54847],[97.91911,17.55752],[97.91378,17.5591],[97.90999,17.56357],[97.91108,17.56702],[97.90779,17.5734],[97.90647,17.58297],[97.90006,17.58912],[97.885,17.59983],[97.88123,17.60079],[97.87335,17.60777],[97.84966,17.6251],[97.84639,17.63049],[97.82859,17.64606],[97.82711,17.65082],[97.8216,17.65275],[97.81957,17.66048],[97.80902,17.66894],[97.80342,17.67136],[97.80251,17.67508],[97.79324,17.68012],[97.79209,17.68963],[97.78379,17.69821],[97.77786,17.70648],[97.77397,17.70763],[97.76691,17.72089],[97.76286,17.72574],[97.7623,17.74625],[97.76982,17.74616],[97.77378,17.74957],[97.7651,17.75924],[97.75832,17.77073],[97.74998,17.76849],[97.744,17.77328],[97.74495,17.77719],[97.74238,17.78577]],[[99.97288,17.16517],[99.96885,17.16865]],[[99.96885,17.16865],[99.96187,17.16914]],[[99.96187,17.16914],[99.95698,17.17169]],[[99.95698,17.17169],[99.95238,17.16949]],[[99.95238,17.16949],[99.9515,17.16564]],[[99.9515,17.16564],[99.95526,17.16349]],[[99.95526,17.16349],[99.95203,17.1557]],[[99.95203,17.1557],[99.95891,17.14747]],[[99.95891,17.14747],[99.95816,17.13502]],[[99.95816,17.13502],[99.96039,17.13131]],[[99.96039,17.13131],[99.95912,17.11908]],[[99.95912,17.11908],[99.96408,17.10902]],[[99.96408,17.10902],[99.97835,17.10231]],[[99.97835,17.10231],[99.98444,17.09396]],[[99.98444,17.09396],[99.98236,17.0889]],[[99.98236,17.0889],[99.98494,17.07855]],[[99.98494,17.07855],[99.98973,17.07815]],[[99.98973,17.07815],[99.9964,17.0821]],[[99.9964,17.0821],[99.99685,17.08552]],[[99.99685,17.08552],[100.00352,17.07907]],[[100.00352,17.07907],[100.0065,17.07304]],[[100.0065,17.07304],[100.01386,17.07307]],[[100.01386,17.07307],[100.01249,17.06801]],[[100.01249,17.06801],[100.0142,17.06145]],[[100.0142,17.06145],[100.00554,17.05757]],[[100.00554,17.05757],[100.00666,17.05376]],[[100.00666,17.05376],[100.0049,17.04368]],[[100.0049,17.04368],[100.01635,17.0323]],[[100.01635,17.0323],[100.02028,17.03121]],[[100.02028,17.03121],[100.02294,17.02613]],[[100.02294,17.02613],[100.02924,17.02608]],[[100.02924,17.02608],[100.03128,17.02182]],[[100.03128,17.02182],[100.04052,17.02184]],[[100.04052,17.02184],[100.04088,17.01392]],[[100.04088,17.01392],[100.05387,17.00858]],[[100.05387,17.00858],[100.06045,17.01306]],[[100.06045,17.01306],[100.06659,17.00509]],[[100.06659,17.00509],[100.07274,17.00281]],[[100.07274,17.00281],[100.07564,16.99857]],[[100.07564,16.99857],[100.08079,16.99956]],[[100.08079,16.99956],[100.0772,16.9924]],[[100.0772,16.9924],[100.08695,16.99122]],[[100.08695,16.99122],[100.08801,16.98814]],[[100.08801,16.98814],[100.0944,16.99214]],[[100.0944,16.99214],[100.096,16.98291]],[[100.096,16.98291],[100.10094,16.98174]],[[100.10094,16.98174],[100.10113,16.97395]],[[100.10113,16.97395],[100.10686,16.97486]],[[100.10686,16.97486],[100.10684,16.97067]],[[100.10684,16.97067],[100.09983,16.97137]],[[100.09983,16.97137],[100.10414,16.9678]],[[100.10414,16.9678],[100.10939,16.94561]],[[100.10939,16.94561],[100.10744,16.94011]],[[100.10744,16.94011],[100.1114,16.93512]],[[100.1114,16.93512],[100.10721,16.92541]],[[100.10721,16.92541],[100.11179,16.91921]],[[100.11179,16.91921],[100.11079,16.91486]],[[100.11079,16.91486],[100.10473,16.9164]],[[100.10473,16.9164],[100.09866,16.90935]],[[100.09866,16.90935],[100.10005,16.89971]],[[100.10005,16.89971],[100.09418,16.89496]],[[100.09418,16.89496],[100.0924,16.89796]],[[100.0924,16.89796],[100.08698,16.88958]],[[100.08698,16.88958],[100.08173,16.88848]],[[100.08173,16.88848],[100.07759,16.89306]],[[100.07759,16.89306],[100.06748,16.88486]],[[100.06748,16.88486],[100.05558,16.88742]],[[100.05558,16.88742],[100.04351,16.89476]],[[100.04351,16.89476],[100.03717,16.89307]],[[100.03717,16.89307],[100.03641,16.89043]],[[100.03641,16.89043],[100.01062,16.88883]],[[100.01062,16.88883],[100.00743,16.8858]],[[100.00743,16.8858],[100.00771,16.87044]],[[100.00771,16.87044],[100.00074,16.86279]],[[100.00074,16.86279],[99.99475,16.86724]],[[99.99475,16.86724],[99.97646,16.86518]],[[99.97646,16.86518],[99.97094,16.86017]],[[99.97094,16.86017],[99.96428,16.86377]],[[99.96428,16.86377],[99.95836,16.86455]],[[99.95836,16.86455],[99.95479,16.86206]],[[99.95479,16.86206],[99.94143,16.86359]],[[99.94143,16.86359],[99.93951,16.85513]],[[99.93951,16.85513],[99.94383,16.85096]],[[99.94383,16.85096],[99.94341,16.84138]],[[99.94341,16.84138],[99.9452,16.83745]],[[99.9452,16.83745],[99.94239,16.82624]],[[99.94239,16.82624],[99.9377,16.82141]],[[99.9377,16.82141],[99.93203,16.81952]],[[99.93203,16.81952],[99.9299,16.81101]],[[99.9299,16.81101],[99.91609,16.80564]],[[99.91609,16.80564],[99.91041,16.80563]],[[99.91041,16.80563],[99.89741,16.79887]],[[99.89741,16.79887],[99.88773,16.7963]],[[99.88773,16.7963],[99.88877,16.7922]],[[99.88877,16.7922],[99.87968,16.78676]],[[99.87968,16.78676],[99.87705,16.77487]],[[99.87705,16.77487],[99.87964,16.77095]],[[99.87964,16.77095],[99.87696,16.76539]],[[99.87696,16.76539],[99.8715,16.76473]],[[99.8715,16.76473],[99.86992,16.75983]],[[99.86992,16.75983],[99.86646,16.75943]],[[99.86646,16.75943],[99.86409,16.75439]],[[99.86409,16.75439],[99.86324,16.74089]],[[99.86324,16.74089],[99.85829,16.74012]],[[99.85829,16.74012],[99.85341,16.73527]],[[101.06703,16.90285],[101.05692,16.90758]],[[101.05692,16.90758],[101.04816,16.90676]],[[101.04816,16.90676],[101.03052,16.89241]],[[101.03052,16.89241],[101.02695,16.8745]],[[101.02695,16.8745],[101.02214,16.86809]],[[101.02214,16.86809],[101.0172,16.8672]],[[101.0172,16.8672],[101.00802,16.85653]],[[101.00802,16.85653],[100.99376,16.85424]],[[100.99376,16.85424],[100.98889,16.85063]],[[100.98889,16.85063],[100.98181,16.84956]],[[100.98181,16.84956],[100.98275,16.84474]],[[100.98275,16.84474],[100.97573,16.84038]],[[100.97573,16.84038],[100.9815,16.83406]],[[100.9815,16.83406],[100.97766,16.82629]],[[100.97766,16.82629],[100.97127,16.82544]],[[100.97127,16.82544],[100.9727,16.82902]],[[100.9727,16.82902],[100.96827,16.83066]],[[100.96827,16.83066],[100.96518,16.82785]],[[100.96518,16.82785],[100.96244,16.83074]],[[100.96244,16.83074],[100.95919,16.82505]],[[100.95919,16.82505],[100.9544,16.82601]],[[100.9544,16.82601],[100.95382,16.82068]],[[100.95382,16.82068],[100.95822,16.81702]],[[100.95822,16.81702],[100.95587,16.81038]],[[100.95587,16.81038],[100.95858,16.81008]],[[100.95858,16.81008],[100.95317,16.80274]],[[100.95317,16.80274],[100.95694,16.80107]],[[100.95694,16.80107],[100.95282,16.79334]],[[100.95282,16.79334],[100.9467,16.79197]],[[100.9467,16.79197],[100.94269,16.79537]],[[100.94269,16.79537],[100.93653,16.79584]],[[100.93653,16.79584],[100.92346,16.79184]],[[100.92346,16.79184],[100.91782,16.79178]],[[100.91782,16.79178],[100.91387,16.79568]],[[100.91387,16.79568],[100.90238,16.80057]],[[100.90238,16.80057],[100.90457,16.79528]],[[100.90457,16.79528],[100.90618,16.78342]],[[100.90618,16.78342],[100.9025,16.77524]],[[100.9025,16.77524],[100.8973,16.77602]],[[100.8973,16.77602],[100.89508,16.77334]],[[100.89508,16.77334],[100.89879,16.76196]],[[100.89879,16.76196],[100.90359,16.75969]],[[100.90359,16.75969],[100.91916,16.7595]],[[100.91916,16.7595],[100.92257,16.74628]],[[100.92257,16.74628],[100.9203,16.74027]],[[100.9203,16.74027],[100.91379,16.7323]],[[100.91379,16.7323],[100.9163,16.72684]],[[100.9163,16.72684],[100.93113,16.71719]],[[100.93113,16.71719],[100.93121,16.71109]],[[100.93121,16.71109],[100.92285,16.71167]],[[100.92285,16.71167],[100.92379,16.70241]],[[100.92379,16.70241],[100.93417,16.69303]],[[100.93417,16.69303],[100.92883,16.68555]],[[100.92883,16.68555],[100.93778,16.68707]],[[100.93778,16.68707],[100.94234,16.68101]],[[100.94234,16.68101],[100.93647,16.68218]],[[100.93647,16.68218],[100.93194,16.68021]],[[100.93194,16.68021],[100.92744,16.66531]],[[100.92744,16.66531],[100.92206,16.66322]],[[100.92206,16.66322],[100.91467,16.66975]],[[100.91467,16.66975],[100.90371,16.66674]],[[100.90371,16.66674],[100.8943,16.66963]],[[100.8943,16.66963],[100.88556,16.66586]],[[100.88556,16.66586],[100.88351,16.65577]],[[100.88351,16.65577],[100.87854,16.65048]],[[100.87854,16.65048],[100.87063,16.64949]],[[100.87063,16.64949],[100.86517,16.64451]],[[100.86517,16.64451],[100.86215,16.63889]],[[100.86215,16.63889],[100.86186,16.62399]],[[100.86186,16.62399],[100.8654,16.62097]],[[100.8654,16.62097],[100.86182,16.61445]],[[100.86182,16.61445],[100.85717,16.61656]],[[100.85717,16.61656],[100.85268,16.61463]],[[100.85268,16.61463],[100.85492,16.60832]],[[100.85492,16.60832],[100.85157,16.60225]],[[100.85157,16.60225],[100.85443,16.59707]],[[100.85443,16.59707],[100.8475,16.5926]],[[100.8475,16.5926],[100.85067,16.58399]],[[100.85067,16.58399],[100.84606,16.57723]],[[100.84606,16.57723],[100.85076,16.57663]],[[100.85076,16.57663],[100.85079,16.56705]],[[100.85079,16.56705],[100.85328,16.56002]],[[100.85328,16.56002],[100.85788,16.55633]],[[100.85788,16.55633],[100.85833,16.5467]],[[100.85833,16.5467],[100.85376,16.54311]],[[100.85376,16.54311],[100.84604,16.5419]],[[100.84604,16.5419],[100.84982,16.53527]],[[100.84982,16.53527],[100.8477,16.52814]],[[100.8477,16.52814],[100.84864,16.52232]],[[100.84864,16.52232],[100.84473,16.52085]],[[100.84473,16.52085],[100.84145,16.52374]],[[100.84145,16.52374],[100.8343,16.52008]],[[100.8343,16.52008],[100.83634,16.51391]],[[100.83634,16.51391],[100.8338,16.50403]],[[100.8338,16.50403],[100.82094,16.50104]],[[100.82094,16.50104],[100.81418,16.49512]],[[100.81418,16.49512],[100.81564,16.48209]],[[100.81564,16.48209],[100.8033,16.48022]],[[100.8033,16.48022],[100.80023,16.47523]],[[100.80023,16.47523],[100.79383,16.473]],[[100.79383,16.473],[100.79908,16.45784]],[[100.79908,16.45784],[100.80471,16.45694]],[[100.80471,16.45694],[100.80544,16.44843]],[[100.80544,16.44843],[100.79673,16.451]],[[100.79673,16.451],[100.78681,16.45018]],[[100.78681,16.45018],[100.77398,16.43771]],[[100.77398,16.43771],[100.77451,16.42828]],[[100.77451,16.42828],[100.77025,16.42654]],[[100.77025,16.42654],[100.76536,16.43101]],[[100.76536,16.43101],[100.76152,16.43108]],[[100.76152,16.43108],[100.75612,16.42643]],[[100.75612,16.42643],[100.75022,16.42591]],[[100.75022,16.42591],[100.74268,16.4192]],[[100.74268,16.4192],[100.73521,16.42235]],[[100.73521,16.42235],[100.71816,16.42193]],[[100.71816,16.42193],[100.70869,16.41913]],[[100.70869,16.41913],[100.70342,16.41293]],[[100.70342,16.41293],[100.70103,16.40377]],[[100.70103,16.40377],[100.70214,16.396]],[[100.70214,16.396],[100.7062,16.39383]],[[100.7062,16.39383],[100.70656,16.38468]],[[100.70656,16.38468],[100.69453,16.37774]],[[100.69453,16.37774],[100.6942,16.37087]],[[100.6942,16.37087],[100.6717,16.35613]],[[100.6717,16.35613],[100.66222,16.34349]],[[100.66222,16.34349],[100.65861,16.33502]],[[100.65861,16.33502],[100.65293,16.32641]],[[100.65293,16.32641],[100.65145,16.32079]],[[100.65145,16.32079],[100.64925,16.32699]],[[100.64925,16.32699],[100.64619,16.32345]],[[100.64619,16.32345],[100.63726,16.32631]],[[100.63726,16.32631],[100.62597,16.31897]],[[100.62597,16.31897],[100.62502,16.33973]],[[100.62502,16.33973],[100.62012,16.34925]],[[100.62012,16.34925],[100.62373,16.35411]],[[100.62373,16.35411],[100.62298,16.36193]],[[100.62298,16.36193],[100.62573,16.36339]],[[100.62573,16.36339],[100.63575,16.37465]],[[100.63575,16.37465],[100.63363,16.38112]],[[100.63363,16.38112],[100.6356,16.38696]],[[100.6356,16.38696],[100.63311,16.39599]],[[100.63311,16.39599],[100.62767,16.39835]],[[100.62767,16.39835],[100.62322,16.40478]],[[100.62322,16.40478],[100.61495,16.40556]],[[100.61495,16.40556],[100.60568,16.41225]],[[100.60568,16.41225],[100.60544,16.41626]],[[100.60544,16.41626],[100.60119,16.41381]],[[100.60119,16.41381],[100.59496,16.41566]],[[100.59496,16.41566],[100.59003,16.42312]],[[100.59003,16.42312],[100.58729,16.43231]],[[100.58729,16.43231],[100.57941,16.43901]],[[100.57941,16.43901],[100.5802,16.44431]],[[100.5802,16.44431],[100.57374,16.44893]],[[100.57374,16.44893],[100.56812,16.45978]],[[100.56812,16.45978],[100.58513,16.46868]],[[100.58513,16.46868],[100.58371,16.47907]],[[100.58371,16.47907],[100.58602,16.49398]],[[100.58602,16.49398],[100.58387,16.50848]],[[100.58387,16.50848],[100.5869,16.51139]],[[100.5869,16.51139],[100.58676,16.52022]],[[100.58676,16.52022],[100.57701,16.52428]],[[100.57701,16.52428],[100.57708,16.53127]],[[100.57708,16.53127],[100.58,16.54473]],[[100.58,16.54473],[100.5805,16.55822]],[[100.5805,16.55822],[100.57843,16.56303]],[[100.57843,16.56303],[100.57988,16.58112]],[[100.57988,16.58112],[100.57508,16.5859]],[[100.57508,16.5859],[100.56832,16.58269]],[[100.56832,16.58269],[100.56482,16.57616]],[[100.56482,16.57616],[100.55279,16.57027]],[[100.55279,16.57027],[100.54812,16.57144]],[[100.54812,16.57144],[100.53997,16.56776]],[[100.53997,16.56776],[100.53721,16.56846]],[[100.53721,16.56846],[100.52654,16.56566]],[[100.52654,16.56566],[100.5228,16.57031]],[[100.5228,16.57031],[100.51454,16.56878]],[[100.51454,16.56878],[100.5118,16.56564]],[[100.5118,16.56564],[100.49759,16.56326]],[[100.49759,16.56326],[100.4919,16.55535]],[[100.4919,16.55535],[100.48605,16.55452]],[[100.48605,16.55452],[100.48062,16.54462]],[[100.48062,16.54462],[100.48413,16.54022]],[[100.48413,16.54022],[100.48221,16.53654]],[[100.48221,16.53654],[100.47257,16.53278]],[[100.47257,16.53278],[100.47546,16.52577]],[[100.47546,16.52577],[100.46915,16.52023]],[[100.46915,16.52023],[100.4446,16.51866]],[[100.4446,16.51866],[100.43445,16.51898]],[[100.43445,16.51898],[100.42921,16.52076]],[[100.42921,16.52076],[100.4298,16.52831]],[[100.4298,16.52831],[100.42293,16.53742]],[[100.42293,16.53742],[100.40863,16.54216]],[[100.40863,16.54216],[100.40653,16.54484]],[[100.40653,16.54484],[100.39544,16.54906]],[[100.39544,16.54906],[100.3889,16.55416]],[[100.3889,16.55416],[100.38228,16.55211]],[[100.38228,16.55211],[100.37229,16.55214]],[[100.37229,16.55214],[100.37106,16.54707]],[[100.37106,16.54707],[100.37646,16.54603]],[[100.37646,16.54603],[100.37104,16.54385]],[[100.37104,16.54385],[100.36013,16.53621]],[[100.36013,16.53621],[100.34703,16.53339]],[[100.34703,16.53339],[100.33279,16.52606]],[[100.33279,16.52606],[100.32861,16.52857]],[[100.32861,16.52857],[100.32062,16.52462]],[[100.32062,16.52462],[100.29385,16.52908]],[[100.29385,16.52908],[100.27639,16.53331]],[[100.27639,16.53331],[100.26326,16.53763]],[[100.26326,16.53763],[100.25599,16.53063]],[[100.25599,16.53063],[100.24123,16.52868]],[[100.24123,16.52868],[100.23507,16.52965]],[[100.23507,16.52965],[100.22989,16.53792]],[[100.22989,16.53792],[100.23221,16.54753]],[[100.23221,16.54753],[100.23511,16.55112]],[[100.23511,16.55112],[100.23235,16.55824]],[[100.23235,16.55824],[100.23122,16.57885]],[[100.23122,16.57885],[100.23292,16.58968]],[[100.23292,16.58968],[100.23285,16.61207]],[[100.23285,16.61207],[100.23045,16.61811]],[[100.23045,16.61811],[100.22631,16.61672]],[[100.22631,16.61672],[100.22558,16.62613]],[[100.22558,16.62613],[100.21749,16.63]],[[100.21749,16.63],[100.21524,16.63774]],[[100.21524,16.63774],[100.21574,16.64709]],[[100.21574,16.64709],[100.21237,16.64454]],[[100.21237,16.64454],[100.20375,16.64533]],[[100.20375,16.64533],[100.20399,16.64275]],[[100.20399,16.64275],[100.19715,16.64366]],[[100.19715,16.64366],[100.19313,16.64825]],[[100.19313,16.64825],[100.19114,16.64606]],[[100.19114,16.64606],[100.19509,16.63354]],[[100.19509,16.63354],[100.19031,16.63337]],[[100.19031,16.63337],[100.19191,16.62657]],[[100.19191,16.62657],[100.20259,16.62325]],[[100.20259,16.62325],[100.20016,16.61735]],[[100.20016,16.61735],[100.19511,16.62016]],[[100.19511,16.62016],[100.19422,16.61388]],[[100.19422,16.61388],[100.19643,16.6078]],[[100.19643,16.6078],[100.18904,16.60614]],[[100.18904,16.60614],[100.18624,16.60759]],[[100.18624,16.60759],[100.17851,16.60089]],[[100.17851,16.60089],[100.18465,16.59375]],[[100.18465,16.59375],[100.18606,16.58961]],[[100.18606,16.58961],[100.17663,16.58896]],[[100.17663,16.58896],[100.16642,16.59119]],[[100.16642,16.59119],[100.1544,16.59693]],[[100.1544,16.59693],[100.14978,16.60591]],[[100.14978,16.60591],[100.14646,16.60617]],[[100.14646,16.60617],[100.14638,16.60073]],[[100.14638,16.60073],[100.13998,16.59894]],[[100.13998,16.59894],[100.13341,16.60407]],[[100.13341,16.60407],[100.13011,16.61063]],[[100.13011,16.61063],[100.11865,16.61407]],[[100.11865,16.61407],[100.1049,16.60915]],[[100.1049,16.60915],[100.10438,16.60401]],[[100.10438,16.60401],[100.09778,16.60581]],[[100.09778,16.60581],[100.09542,16.59974]],[[100.09542,16.59974],[100.08664,16.59832]],[[100.08664,16.59832],[100.08923,16.58858]],[[100.08923,16.58858],[100.07973,16.57943]],[[100.07973,16.57943],[100.06898,16.57613]],[[100.06898,16.57613],[100.06088,16.57666]],[[100.06088,16.57666],[100.05951,16.57377]],[[100.05951,16.57377],[100.04731,16.5713]],[[100.04731,16.5713],[100.04321,16.57207]],[[100.04321,16.57207],[100.0405,16.57822]],[[100.0405,16.57822],[100.03175,16.58435]],[[100.03175,16.58435],[100.0296,16.58053]],[[100.0296,16.58053],[100.02342,16.58054]],[[100.02342,16.58054],[100.01967,16.57437]],[[100.01967,16.57437],[100.01378,16.57421]],[[100.98885,17.74368],[100.99845,17.73453],[101.00512,17.73327],[101.007,17.72952],[101.00285,17.71552],[101.00451,17.70314],[101.0009,17.69904],[101.00919,17.70024],[101.00829,17.69613],[100.9985,17.67909],[100.99277,17.67477],[100.99075,17.66598],[100.996,17.65828],[100.99255,17.65457],[100.99489,17.64152],[100.99335,17.63976],[100.99408,17.63029],[100.99165,17.61863],[100.98736,17.61808],[100.98801,17.61214],[100.97887,17.60109],[100.97727,17.59607],[100.96912,17.59354],[100.96802,17.58433],[100.96563,17.58076],[100.96788,17.57162]],[[100.65145,16.32079],[100.6523,16.3143]],[[100.6523,16.3143],[100.64926,16.30951]],[[100.64926,16.30951],[100.64997,16.29894]],[[100.64997,16.29894],[100.65268,16.28969]],[[100.65268,16.28969],[100.65848,16.28213]],[[100.65848,16.28213],[100.67005,16.27886]],[[100.67005,16.27886],[100.67096,16.27321]],[[100.67096,16.27321],[100.67848,16.27104]],[[100.67848,16.27104],[100.67692,16.26082]],[[100.67692,16.26082],[100.66676,16.2485]],[[100.66676,16.2485],[100.67352,16.25014]],[[100.67352,16.25014],[100.6787,16.2475]],[[100.6787,16.2475],[100.68436,16.25106]],[[100.68436,16.25106],[100.69377,16.24811]],[[100.69377,16.24811],[100.6954,16.25176]],[[100.6954,16.25176],[100.70146,16.25285]],[[100.70146,16.25285],[100.69951,16.2557]],[[100.69951,16.2557],[100.70415,16.26283]],[[100.70415,16.26283],[100.70914,16.26509]],[[100.70914,16.26509],[100.71413,16.26159]],[[100.71413,16.26159],[100.71984,16.25083]],[[100.71984,16.25083],[100.70995,16.24559]],[[100.70995,16.24559],[100.69819,16.22682]],[[100.69819,16.22682],[100.6936,16.2179]],[[100.6936,16.2179],[100.66604,16.17415]],[[100.66604,16.17415],[100.64902,16.14825]],[[100.64902,16.14825],[100.64431,16.13811]],[[100.64431,16.13811],[100.64802,16.13621]],[[100.64802,16.13621],[100.6484,16.13039]],[[100.6484,16.13039],[100.65475,16.12635]],[[100.65475,16.12635],[100.65345,16.11889]],[[100.65345,16.11889],[100.6562,16.10836]],[[100.6562,16.10836],[100.64897,16.0854]],[[100.64897,16.0854],[100.64274,16.06982]],[[100.64274,16.06982],[100.63653,16.04991]],[[100.63653,16.04991],[100.63397,16.04712]],[[100.63397,16.04712],[100.63687,16.04269]],[[100.63687,16.04269],[100.64677,16.04458]],[[100.64677,16.04458],[100.64635,16.04767]],[[100.64635,16.04767],[100.65074,16.05228]],[[100.65074,16.05228],[100.65706,16.05029]],[[100.65706,16.05029],[100.65813,16.04091]],[[100.65813,16.04091],[100.66355,16.03687]],[[100.66355,16.03687],[100.66714,16.031]],[[100.66714,16.031],[100.67685,16.03099]],[[100.67685,16.03099],[100.68226,16.02451]],[[100.68226,16.02451],[100.68792,16.02815]],[[100.68792,16.02815],[100.6935,16.02451]],[[100.6935,16.02451],[100.71418,16.02586]],[[100.71418,16.02586],[100.71605,16.02304]],[[100.71605,16.02304],[100.72816,16.02353]],[[100.72816,16.02353],[100.7299,16.01921]],[[100.7299,16.01921],[100.73968,16.0178]],[[100.73968,16.0178],[100.74328,16.01251]],[[100.74328,16.01251],[100.76082,16.00946]],[[100.76082,16.00946],[100.76314,16.00478]],[[100.76314,16.00478],[100.76799,16.00325]],[[100.76799,16.00325],[100.76919,15.99853]],[[100.76919,15.99853],[100.77653,15.99868]],[[100.77653,15.99868],[100.78471,15.99234]],[[100.78471,15.99234],[100.78402,15.98053]],[[100.78402,15.98053],[100.77973,15.97851]],[[100.77973,15.97851],[100.77689,15.97124]],[[100.77689,15.97124],[100.78035,15.96388]],[[100.78035,15.96388],[100.79054,15.95849]],[[100.79054,15.95849],[100.79436,15.95208]],[[100.79436,15.95208],[100.79329,15.94818]],[[100.79329,15.94818],[100.79905,15.93624]],[[100.79905,15.93624],[100.79598,15.93191]],[[100.79598,15.93191],[100.78478,15.93228]],[[100.78478,15.93228],[100.7811,15.93451]],[[100.7811,15.93451],[100.77069,15.92971]],[[100.77069,15.92971],[100.76607,15.93113]],[[100.06027,13.66029],[100.06088,13.65674]],[[100.06088,13.65674],[100.05681,13.6473]],[[100.05681,13.6473],[100.05845,13.6394]],[[100.05845,13.6394],[100.05759,13.63259]],[[100.05759,13.63259],[100.05254,13.62806]],[[100.05254,13.62806],[100.05392,13.61904]],[[100.05392,13.61904],[100.03783,13.61244]],[[100.03783,13.61244],[100.03111,13.61261]],[[100.03111,13.61261],[100.03834,13.60431]],[[100.03834,13.60431],[100.04269,13.59375]],[[100.04269,13.59375],[100.03878,13.59325]],[[100.03878,13.59325],[100.04029,13.58312]],[[100.04029,13.58312],[100.03722,13.5825]],[[100.03722,13.5825],[100.046,13.55931]],[[100.046,13.55931],[100.04259,13.55759]],[[100.04259,13.55759],[100.04414,13.5445]],[[100.04414,13.5445],[100.04195,13.53653]],[[100.04195,13.53653],[100.03128,13.53138]],[[100.03128,13.53138],[100.02897,13.52882]],[[100.02897,13.52882],[100.03134,13.52088]],[[100.03134,13.52088],[100.02668,13.51822]],[[100.02668,13.51822],[100.02952,13.50778]],[[100.02952,13.50778],[100.02531,13.50718]],[[100.02531,13.50718],[100.01637,13.50976]],[[100.01637,13.50976],[100.00856,13.51623]],[[100.00856,13.51623],[99.99483,13.49389]],[[99.99483,13.49389],[99.98948,13.50114]],[[99.98948,13.50114],[99.97355,13.49072]],[[99.97355,13.49072],[99.96856,13.49057]],[[99.96856,13.49057],[99.96657,13.4855]],[[99.96657,13.4855],[99.96069,13.49746]],[[99.96069,13.49746],[99.95139,13.49896]],[[99.95139,13.49896],[99.94024,13.49912]],[[99.94024,13.49912],[99.93403,13.49766]],[[99.93403,13.49766],[99.93404,13.50331]],[[99.93404,13.50331],[99.92432,13.51453]],[[99.92432,13.51453],[99.91346,13.51048]],[[99.91346,13.51048],[99.91904,13.5007]],[[99.91904,13.5007],[99.90339,13.49221]],[[99.90339,13.49221],[99.896,13.48328]],[[99.896,13.48328],[99.89552,13.47486]],[[99.89552,13.47486],[99.88916,13.4701]],[[99.88916,13.4701],[99.89118,13.46443]],[[99.89118,13.46443],[99.88759,13.45624]],[[99.88759,13.45624],[99.89092,13.4492]],[[99.89092,13.4492],[99.89189,13.43582]],[[99.89189,13.43582],[99.86974,13.38288]],[[99.86974,13.38288],[99.86588,13.3656]],[[99.86588,13.3656],[99.85883,13.34091]],[[99.85883,13.34091],[99.86007,13.33908]],[[99.86007,13.33908],[99.85595,13.32918]],[[99.85595,13.32918],[99.83608,13.33381]],[[99.83608,13.33381],[99.82898,13.33972]],[[99.82898,13.33972],[99.81801,13.33898]],[[99.81801,13.33898],[99.8154,13.33728]],[[99.8154,13.33728],[99.81079,13.34025]],[[99.81079,13.34025],[99.80376,13.33592]],[[99.80376,13.33592],[99.80511,13.32989]],[[99.80511,13.32989],[99.79455,13.333]],[[99.79455,13.333],[99.78188,13.33237]],[[99.78188,13.33237],[99.7716,13.34097]],[[99.7716,13.34097],[99.7571,13.34341]],[[99.7571,13.34341],[99.75047,13.33759]],[[99.75047,13.33759],[99.74659,13.33902]],[[99.74659,13.33902],[99.73772,13.33288]],[[99.73772,13.33288],[99.73057,13.3313]],[[99.73057,13.3313],[99.72898,13.32816]],[[99.72898,13.32816],[99.72185,13.32675]],[[99.72185,13.32675],[99.71476,13.32279]],[[99.71476,13.32279],[99.706,13.32114]],[[99.706,13.32114],[99.69937,13.31695]],[[99.69937,13.31695],[99.69307,13.30435]],[[99.69307,13.30435],[99.68529,13.29672]],[[99.68529,13.29672],[99.68409,13.2915]],[[99.68409,13.2915],[99.6663,13.28686]],[[99.6663,13.28686],[99.66099,13.27898]],[[99.66099,13.27898],[99.65998,13.27215]],[[99.65998,13.27215],[99.66796,13.26942]],[[99.66796,13.26942],[99.66901,13.2591]],[[99.66901,13.2591],[99.66456,13.25418]],[[99.66456,13.25418],[99.66635,13.25105]],[[99.66635,13.25105],[99.66551,13.2427]],[[99.66551,13.2427],[99.66767,13.23871]],[[99.66767,13.23871],[99.66353,13.22919]],[[99.66353,13.22919],[99.66509,13.22273]],[[99.66509,13.22273],[99.66253,13.21954]],[[99.66253,13.21954],[99.66429,13.21448]],[[99.66429,13.21448],[99.66061,13.21144]],[[99.66061,13.21144],[99.65254,13.21366]],[[99.65254,13.21366],[99.63836,13.21023]],[[99.63836,13.21023],[99.63717,13.20192]],[[99.63717,13.20192],[99.62681,13.20571]],[[99.62681,13.20571],[99.62221,13.20388]],[[99.62221,13.20388],[99.61746,13.20529]],[[99.61746,13.20529],[99.61309,13.20341]],[[99.61309,13.20341],[99.60261,13.2057]],[[99.60261,13.2057],[99.59738,13.20333]],[[99.59738,13.20333],[99.59292,13.19825]],[[99.59292,13.19825],[99.58621,13.20028]],[[99.58621,13.20028],[99.57924,13.19785]],[[99.57924,13.19785],[99.57435,13.19848]],[[99.57435,13.19848],[99.56446,13.20501]],[[99.56446,13.20501],[99.55486,13.20463]],[[99.55486,13.20463],[99.54964,13.20703]],[[99.54964,13.20703],[99.54756,13.20321]],[[99.54756,13.20321],[99.53879,13.20439]],[[99.53879,13.20439],[99.5385,13.20693]],[[99.5385,13.20693],[99.53147,13.20928]],[[99.53147,13.20928],[99.5293,13.20715]],[[99.5293,13.20715],[99.52324,13.20998]],[[99.52324,13.20998],[99.5197,13.20816]],[[99.5197,13.20816],[99.51385,13.19917]],[[99.51385,13.19917],[99.51499,13.19449]],[[99.51499,13.19449],[99.50955,13.18981]],[[99.50955,13.18981],[99.50666,13.18038]],[[99.50666,13.18038],[99.50138,13.18028]],[[99.50138,13.18028],[99.49953,13.18549]],[[99.49953,13.18549],[99.49404,13.18748]],[[99.49404,13.18748],[99.49036,13.19191]],[[99.49036,13.19191],[99.48639,13.19127]],[[99.48639,13.19127],[99.4814,13.19903]],[[99.4814,13.19903],[99.47833,13.20052]],[[99.47833,13.20052],[99.46924,13.19275]],[[99.46924,13.19275],[99.46394,13.18399]],[[99.46394,13.18399],[99.46038,13.18637]],[[99.46038,13.18637],[99.44248,13.18345]],[[99.44248,13.18345],[99.43705,13.18689]],[[99.43705,13.18689],[99.43229,13.19522]],[[99.43229,13.19522],[99.42806,13.19843]],[[99.42806,13.19843],[99.42022,13.19738]],[[99.42022,13.19738],[99.41453,13.19899]],[[99.41453,13.19899],[99.40666,13.21315]],[[99.40666,13.21315],[99.40154,13.21342]],[[99.40154,13.21342],[99.39732,13.21766]],[[99.39732,13.21766],[99.39428,13.2132]],[[99.39428,13.2132],[99.38299,13.21603]],[[99.38299,13.21603],[99.37157,13.22076]],[[99.37157,13.22076],[99.37171,13.22817]],[[99.37171,13.22817],[99.36825,13.23368]],[[99.36825,13.23368],[99.35783,13.23354]],[[99.35783,13.23354],[99.35124,13.24374]],[[99.35124,13.24374],[99.33851,13.23294]],[[99.33851,13.23294],[99.33642,13.22204]],[[99.33642,13.22204],[99.33336,13.22023]],[[99.33336,13.22023],[99.32331,13.22285]],[[99.32331,13.22285],[99.3248,13.2151]],[[99.3248,13.2151],[99.32228,13.21482]],[[99.32228,13.21482],[99.3187,13.20254]],[[99.3187,13.20254],[99.32054,13.18855]],[[99.32054,13.18855],[99.32508,13.18664]],[[99.32508,13.18664],[99.32494,13.17855]],[[99.32494,13.17855],[99.31244,13.17124]],[[99.31244,13.17124],[99.30116,13.16324]],[[99.30116,13.16324],[99.29585,13.16132]],[[99.29585,13.16132],[99.28226,13.15253]],[[99.28226,13.15253],[99.27192,13.14879]],[[99.27192,13.14879],[99.26521,13.15533]],[[99.26521,13.15533],[99.2632,13.16094]],[[99.2632,13.16094],[99.24712,13.1795]],[[99.24712,13.1795],[99.24596,13.18543]],[[99.24596,13.18543],[99.24157,13.18618]],[[99.24157,13.18618],[99.23428,13.1934]],[[99.23428,13.1934],[99.22776,13.20286]],[[99.22776,13.20286],[99.22185,13.20455]],[[99.22185,13.20455],[99.21591,13.20125]],[[99.21591,13.20125],[99.21004,13.20808]],[[99.21004,13.20808],[99.20926,13.21219],[99.20378,13.21898],[99.20725,13.22215],[99.20844,13.23149],[99.20467,13.23981],[99.19807,13.24882],[99.19716,13.25709],[99.20266,13.26172],[99.21029,13.26007],[99.20847,13.26616],[99.20095,13.27183],[99.19918,13.27699],[99.19411,13.2802],[99.18711,13.29111],[99.18946,13.29373],[99.19185,13.32254],[99.19723,13.32502],[99.20179,13.33499],[99.20629,13.33747],[99.20571,13.349],[99.2032,13.35449],[99.20616,13.36167],[99.20592,13.3663],[99.20169,13.37191],[99.20685,13.38003],[99.20447,13.38429],[99.20587,13.3907],[99.20395,13.40307],[99.21024,13.41109],[99.20677,13.42196],[99.20041,13.42701],[99.20418,13.43225],[99.19896,13.44344],[99.19726,13.45049],[99.20628,13.45799],[99.20591,13.46716],[99.20244,13.47155],[99.20376,13.47881],[99.19718,13.48274],[99.18706,13.49702],[99.19093,13.50118],[99.18765,13.50571],[99.19171,13.51151],[99.18896,13.52828],[99.19125,13.53406],[99.19158,13.54476],[99.18712,13.54683],[99.17811,13.55588],[99.17697,13.56232],[99.1705,13.56418],[99.16762,13.57121],[99.16284,13.57416],[99.17382,13.58353],[99.17809,13.58442],[99.17558,13.59395],[99.16846,13.60418],[99.16529,13.61293],[99.16725,13.62149],[99.17169,13.63034],[99.16893,13.64044],[99.17113,13.64735],[99.16636,13.65389],[99.17052,13.66403],[99.17051,13.67075],[99.16594,13.67368],[99.16552,13.68296],[99.16994,13.68392],[99.17134,13.68959],[99.16726,13.69363],[99.16946,13.70805],[99.16732,13.72585]],[[99.16732,13.72585],[99.16759,13.73659]],[[99.16759,13.73659],[99.17261,13.74087]],[[99.17261,13.74087],[99.17724,13.73731]],[[99.17724,13.73731],[99.18197,13.73733]],[[99.18197,13.73733],[99.18582,13.73349]],[[99.18582,13.73349],[99.21238,13.73797]],[[99.21238,13.73797],[99.21089,13.74152]],[[99.21089,13.74152],[99.21908,13.74398]],[[99.21908,13.74398],[99.22051,13.74727]],[[99.22051,13.74727],[99.23228,13.74896]],[[99.23228,13.74896],[99.23472,13.74698]],[[99.23472,13.74698],[99.2384,13.75113]],[[99.2384,13.75113],[99.25003,13.74671]],[[99.25003,13.74671],[99.25548,13.74654]],[[99.25548,13.74654],[99.2654,13.74344]],[[99.2654,13.74344],[99.27332,13.74988]],[[99.27332,13.74988],[99.27418,13.75575]],[[99.27418,13.75575],[99.28024,13.76094]],[[99.28024,13.76094],[99.28654,13.76082]],[[99.28654,13.76082],[99.29431,13.76885]],[[99.29431,13.76885],[99.29824,13.76852]],[[99.29824,13.76852],[99.30356,13.77595]],[[99.30356,13.77595],[99.30869,13.77625]],[[99.30869,13.77625],[99.31226,13.76968]],[[99.31226,13.76968],[99.32978,13.76016]],[[99.32978,13.76016],[99.33993,13.7558]],[[99.33993,13.7558],[99.34868,13.75515]],[[99.34868,13.75515],[99.35634,13.75174]],[[99.35634,13.75174],[99.36898,13.7559]],[[99.36898,13.7559],[99.37919,13.75514]],[[99.37919,13.75514],[99.38988,13.76328]],[[99.38988,13.76328],[99.39929,13.76331]],[[99.39929,13.76331],[99.40101,13.76787]],[[99.40101,13.76787],[99.40939,13.76797]],[[99.40939,13.76797],[99.41395,13.77469]],[[99.41395,13.77469],[99.41914,13.77429]],[[99.41914,13.77429],[99.42782,13.77778]],[[99.42782,13.77778],[99.45092,13.78084]],[[99.45092,13.78084],[99.45314,13.77887]],[[99.45314,13.77887],[99.45828,13.78358]],[[99.45828,13.78358],[99.46984,13.79995]],[[99.46984,13.79995],[99.47021,13.80662]],[[99.47021,13.80662],[99.47946,13.80261]],[[99.47946,13.80261],[99.48326,13.79688]],[[99.48326,13.79688],[99.48724,13.78283]],[[99.48724,13.78283],[99.49623,13.77719]],[[99.49623,13.77719],[99.4987,13.77241]],[[99.4987,13.77241],[99.50262,13.77141]],[[99.50262,13.77141],[99.50487,13.76622]],[[99.50487,13.76622],[99.51291,13.76713]],[[99.51291,13.76713],[99.51595,13.7634]],[[99.51595,13.7634],[99.51835,13.76755]],[[99.51835,13.76755],[99.52566,13.76516]],[[99.52566,13.76516],[99.53302,13.75984]],[[99.53302,13.75984],[99.53799,13.76214]],[[99.53799,13.76214],[99.54384,13.75898]],[[99.54384,13.75898],[99.56312,13.7647]],[[99.56312,13.7647],[99.56804,13.76957]],[[99.56804,13.76957],[99.57541,13.77296]],[[99.57541,13.77296],[99.58175,13.77974]],[[99.58175,13.77974],[99.59595,13.78427]],[[99.59595,13.78427],[99.61211,13.80118]],[[99.61211,13.80118],[99.61723,13.8001]],[[99.61723,13.8001],[99.62546,13.80637]],[[99.62546,13.80637],[99.63023,13.80521]],[[99.63023,13.80521],[99.63745,13.81321]],[[99.63745,13.81321],[99.63615,13.81544]],[[99.63615,13.81544],[99.6411,13.82261]],[[99.6411,13.82261],[99.65436,13.83132]],[[99.65436,13.83132],[99.6533,13.83684]],[[99.6533,13.83684],[99.65999,13.84018]],[[99.65999,13.84018],[99.66627,13.8463]],[[99.66627,13.8463],[99.67039,13.84148]],[[99.67039,13.84148],[99.68981,13.83889]],[[99.68981,13.83889],[99.70024,13.83375]],[[99.70024,13.83375],[99.70931,13.82545]],[[99.70931,13.82545],[99.71834,13.82402]],[[99.71834,13.82402],[99.72787,13.82788]],[[99.72787,13.82788],[99.74175,13.82562]],[[99.74175,13.82562],[99.74715,13.81982]],[[99.74715,13.81982],[99.75843,13.82405]],[[99.75843,13.82405],[99.7678,13.82362]],[[99.7678,13.82362],[99.7708,13.82112]],[[99.7708,13.82112],[99.7761,13.82339]],[[99.7761,13.82339],[99.78391,13.82233]],[[99.78391,13.82233],[99.79587,13.81848]],[[99.79587,13.81848],[99.80202,13.81118]],[[99.80202,13.81118],[99.80227,13.80737]],[[99.80227,13.80737],[99.8113,13.81067]],[[99.8113,13.81067],[99.81204,13.81708]],[[99.81204,13.81708],[99.80092,13.82507]],[[99.80092,13.82507],[99.81604,13.82397]],[[99.81604,13.82397],[99.81922,13.82693]],[[99.81922,13.82693],[99.81435,13.83255]],[[99.81435,13.83255],[99.81579,13.84318]],[[99.81579,13.84318],[99.82086,13.85006]],[[99.82086,13.85006],[99.81694,13.85289]],[[99.81694,13.85289],[99.82124,13.85781]],[[99.82124,13.85781],[99.82007,13.86457]],[[99.82007,13.86457],[99.82782,13.8694]],[[99.82782,13.8694],[99.83703,13.86634]],[[99.83703,13.86634],[99.83742,13.87233]],[[99.83742,13.87233],[99.84545,13.88497]],[[99.84545,13.88497],[99.84441,13.89378]],[[99.84441,13.89378],[99.84843,13.89617]],[[99.84843,13.89617],[99.85005,13.90704]],[[99.85005,13.90704],[99.85386,13.90882]],[[99.85386,13.90882],[99.85426,13.9159]],[[99.85426,13.9159],[99.85697,13.91722]],[[99.85697,13.91722],[99.86736,13.93498]],[[99.86736,13.93498],[99.8789,13.95219]],[[99.8789,13.95219],[99.87421,13.95808]],[[99.87421,13.95808],[99.87586,13.96124]],[[99.87586,13.96124],[99.88218,13.94976]],[[99.88218,13.94976],[99.88534,13.95041]],[[99.88534,13.95041],[99.89897,13.94128]],[[99.89897,13.94128],[99.92158,13.93642]],[[99.92158,13.93642],[99.92704,13.93407]],[[99.92704,13.93407],[99.92444,13.92028]],[[99.92444,13.92028],[99.91667,13.91352]],[[99.91667,13.91352],[99.92809,13.91006]],[[99.92809,13.91006],[99.92309,13.89749]],[[99.92309,13.89749],[99.91389,13.8971]],[[99.91389,13.8971],[99.90779,13.88947]],[[99.90779,13.88947],[99.90543,13.88274]],[[99.90543,13.88274],[99.91269,13.87137]],[[99.91269,13.87137],[99.90089,13.84163]],[[99.90089,13.84163],[99.90905,13.84731]],[[99.90905,13.84731],[99.91352,13.84335]],[[99.91352,13.84335],[99.9206,13.84573]],[[99.9206,13.84573],[99.92655,13.84275]],[[99.92655,13.84275],[99.93708,13.84115]],[[99.93708,13.84115],[99.93566,13.83379]],[[99.93566,13.83379],[99.9422,13.8299]],[[99.9422,13.8299],[99.95412,13.83254]],[[99.95412,13.83254],[99.95794,13.83625]],[[99.95794,13.83625],[99.96268,13.83183]],[[99.96268,13.83183],[99.96356,13.82516]],[[99.96356,13.82516],[99.96264,13.8134]],[[99.96264,13.8134],[99.96992,13.81046]],[[99.96992,13.81046],[99.96974,13.79849]],[[99.96974,13.79849],[99.95488,13.79529]],[[99.95488,13.79529],[99.95496,13.78389]],[[99.95496,13.78389],[99.95242,13.77421]],[[99.95242,13.77421],[99.94482,13.77004]],[[99.94482,13.77004],[99.93792,13.76977]],[[99.93792,13.76977],[99.94076,13.75523]],[[99.94076,13.75523],[99.9429,13.75118]],[[99.9429,13.75118],[99.94213,13.74517]],[[99.94213,13.74517],[99.94796,13.73924]],[[99.94796,13.73924],[99.94891,13.73373]],[[99.94891,13.73373],[99.95405,13.73303]],[[99.95405,13.73303],[99.95464,13.7252]],[[99.95464,13.7252],[99.96018,13.72185]],[[99.96018,13.72185],[99.97594,13.72969]],[[99.97594,13.72969],[99.9758,13.73121]],[[99.9758,13.73121],[99.99015,13.73501]],[[99.99015,13.73501],[99.98968,13.73766]],[[99.98968,13.73766],[99.99682,13.74264]],[[99.99682,13.74264],[100.0011,13.73872]],[[100.0011,13.73872],[100.01126,13.74527]],[[100.01126,13.74527],[100.01954,13.74684]],[[100.01954,13.74684],[100.02882,13.75437]],[[100.02882,13.75437],[100.03055,13.74434]],[[100.03055,13.74434],[100.02886,13.74036]],[[100.02886,13.74036],[100.0244,13.73913]],[[100.0244,13.73913],[100.02293,13.72987]],[[100.02293,13.72987],[100.02505,13.69844]],[[100.02505,13.69844],[100.03347,13.69453]],[[100.03347,13.69453],[100.03471,13.69157]],[[100.03471,13.69157],[100.04125,13.69214]],[[100.04125,13.69214],[100.04331,13.69658]],[[100.04331,13.69658],[100.05056,13.69511]],[[100.05056,13.69511],[100.06098,13.69513]],[[100.06098,13.69513],[100.06842,13.69266]],[[100.06842,13.69266],[100.06746,13.67898]],[[100.06746,13.67898],[100.06352,13.67337]],[[100.06352,13.67337],[100.0629,13.66472]],[[100.0629,13.66472],[100.06027,13.66029]],[[99.2828,14.99762],[99.28332,14.98908]],[[99.28332,14.98908],[99.29262,14.98122]],[[99.29262,14.98122],[99.30448,14.97456]],[[99.30448,14.97456],[99.30602,14.97087]],[[99.30602,14.97087],[99.31371,14.96293]],[[99.31371,14.96293],[99.31483,14.95598]],[[99.31483,14.95598],[99.32501,14.94163]],[[99.32501,14.94163],[99.32429,14.92281]],[[99.32429,14.92281],[99.32447,14.89944]],[[99.32447,14.89944],[99.31763,14.89373]],[[99.31763,14.89373],[99.31343,14.88358]],[[99.31343,14.88358],[99.30568,14.88219]],[[99.30568,14.88219],[99.3006,14.87155]],[[99.3006,14.87155],[99.295,14.86939]],[[99.295,14.86939],[99.29181,14.86524]],[[99.29181,14.86524],[99.28723,14.86466]],[[99.28723,14.86466],[99.28728,14.85577]],[[99.28728,14.85577],[99.29148,14.85014]],[[99.29148,14.85014],[99.29212,14.83334]],[[99.29212,14.83334],[99.30433,14.82744]],[[99.30433,14.82744],[99.30963,14.81284]],[[99.30963,14.81284],[99.31479,14.81444]],[[99.31479,14.81444],[99.32714,14.81002]],[[99.32714,14.81002],[99.33578,14.80003]],[[99.33578,14.80003],[99.33474,14.79373]],[[99.33474,14.79373],[99.34166,14.78432]],[[99.34166,14.78432],[99.34835,14.78243]],[[99.34835,14.78243],[99.35412,14.77659]],[[99.35412,14.77659],[99.3579,14.77809]],[[99.3579,14.77809],[99.36469,14.77494]],[[99.36469,14.77494],[99.36644,14.77]],[[99.36644,14.77],[99.37344,14.77058]],[[99.37344,14.77058],[99.38073,14.76481]],[[99.38073,14.76481],[99.38311,14.76655]],[[99.38311,14.76655],[99.39227,14.76539]],[[99.39227,14.76539],[99.39377,14.76935]],[[99.39377,14.76935],[99.3987,14.76886]],[[99.3987,14.76886],[99.41497,14.77609]],[[99.41497,14.77609],[99.43345,14.77614]],[[99.43345,14.77614],[99.43457,14.76787]],[[99.43457,14.76787],[99.43281,14.75459]],[[99.43281,14.75459],[99.43936,14.74295]],[[99.43936,14.74295],[99.44459,14.74117]],[[99.44459,14.74117],[99.44209,14.73213]],[[99.44209,14.73213],[99.45898,14.72946]],[[99.45898,14.72946],[99.46627,14.71702]],[[99.46627,14.71702],[99.4746,14.7162]],[[99.4746,14.7162],[99.47844,14.71941]],[[99.47844,14.71941],[99.48358,14.71488]],[[99.48358,14.71488],[99.4889,14.7163]],[[99.4889,14.7163],[99.48519,14.70865]],[[99.48519,14.70865],[99.49192,14.70466]],[[99.49192,14.70466],[99.49774,14.70469]],[[99.49774,14.70469],[99.50205,14.70802]],[[99.50205,14.70802],[99.50953,14.70919]],[[99.50953,14.70919],[99.51382,14.70352]],[[99.51382,14.70352],[99.52266,14.70454]],[[99.52266,14.70454],[99.5279,14.70783]],[[99.5279,14.70783],[99.53274,14.70789]],[[99.53274,14.70789],[99.53643,14.71445]],[[99.53643,14.71445],[99.54211,14.71625]],[[99.54211,14.71625],[99.54496,14.70884]],[[99.54496,14.70884],[99.55568,14.70756]],[[99.55568,14.70756],[99.56133,14.71037]],[[99.56133,14.71037],[99.56706,14.70951]],[[99.56706,14.70951],[99.56978,14.71466]],[[99.56978,14.71466],[99.56882,14.72314]],[[99.56882,14.72314],[99.57152,14.72612]],[[99.57152,14.72612],[99.57254,14.73796]],[[99.57254,14.73796],[99.57677,14.75037]],[[99.57677,14.75037],[99.57613,14.76449]],[[99.57613,14.76449],[99.57793,14.77011]],[[99.57793,14.77011],[99.57133,14.77982]],[[99.57133,14.77982],[99.57708,14.78858]],[[99.57708,14.78858],[99.58237,14.78809]],[[99.58237,14.78809],[99.58553,14.78435]],[[99.58553,14.78435],[99.59645,14.78933]],[[99.59645,14.78933],[99.60307,14.78529]],[[99.60307,14.78529],[99.61171,14.78577]],[[99.61171,14.78577],[99.61414,14.78925]],[[99.61414,14.78925],[99.61832,14.78863]],[[99.61832,14.78863],[99.62347,14.79201]],[[99.62347,14.79201],[99.62288,14.79478]],[[99.62288,14.79478],[99.62904,14.80101]],[[99.62904,14.80101],[99.63436,14.80108]],[[99.63436,14.80108],[99.642,14.79803]],[[99.642,14.79803],[99.64333,14.80195]],[[99.64333,14.80195],[99.65887,14.80264]],[[99.65887,14.80264],[99.66265,14.79578]],[[99.66265,14.79578],[99.66467,14.78806]],[[99.66467,14.78806],[99.6746,14.78604]],[[99.6746,14.78604],[99.68952,14.77397]],[[99.68952,14.77397],[99.69335,14.76847]],[[99.69335,14.76847],[99.70354,14.76051]],[[99.70354,14.76051],[99.71057,14.75764]],[[99.71057,14.75764],[99.71766,14.75098]],[[99.71766,14.75098],[99.72271,14.75186]],[[99.72271,14.75186],[99.73306,14.74872]],[[99.73306,14.74872],[99.74472,14.74684]],[[99.74472,14.74684],[99.74598,14.74928]],[[99.74598,14.74928],[99.76283,14.74556]],[[99.76283,14.74556],[99.76686,14.74301]],[[99.76686,14.74301],[99.78114,14.73779]],[[99.78114,14.73779],[99.78944,14.73602]],[[99.78944,14.73602],[99.78805,14.72375]],[[99.78805,14.72375],[99.78323,14.71874]],[[99.78323,14.71874],[99.78926,14.71337]],[[99.78926,14.71337],[99.7878,14.71043]],[[99.7878,14.71043],[99.79297,14.70227]],[[99.79297,14.70227],[99.79835,14.69955]],[[99.79835,14.69955],[99.79387,14.69881]],[[99.79387,14.69881],[99.79212,14.68934]],[[99.79212,14.68934],[99.79599,14.68814]],[[99.79599,14.68814],[99.7943,14.68111]],[[99.7943,14.68111],[99.80257,14.67591]],[[99.80257,14.67591],[99.80546,14.66844]],[[99.80546,14.66844],[99.81023,14.66852]],[[99.81023,14.66852],[99.80986,14.6643]],[[99.80986,14.6643],[99.81383,14.65836]],[[99.81383,14.65836],[99.80813,14.64729]],[[99.80813,14.64729],[99.82139,14.64032]],[[99.82139,14.64032],[99.81843,14.63553]],[[99.81843,14.63553],[99.81801,14.62856]],[[99.81801,14.62856],[99.81387,14.62584]],[[99.81387,14.62584],[99.80462,14.6272]],[[99.80462,14.6272],[99.80024,14.6235]],[[99.80024,14.6235],[99.79808,14.6167]],[[99.79808,14.6167],[99.79757,14.60225]],[[99.79757,14.60225],[99.80067,14.60144]],[[99.80067,14.60144],[99.80061,14.59592]],[[99.80061,14.59592],[99.80347,14.59578]],[[99.80347,14.59578],[99.80281,14.58869]],[[99.80281,14.58869],[99.79855,14.57465]],[[99.79855,14.57465],[99.79991,14.57144]],[[99.79991,14.57144],[99.79846,14.56309]],[[99.79846,14.56309],[99.7933,14.56414]],[[99.7933,14.56414],[99.79512,14.55757]],[[99.79512,14.55757],[99.79314,14.55262]],[[99.79314,14.55262],[99.79486,14.54628]],[[99.79486,14.54628],[99.80968,14.53974]],[[99.80968,14.53974],[99.80665,14.53753]],[[99.80665,14.53753],[99.80517,14.52477]],[[99.80517,14.52477],[99.81093,14.5171]],[[99.81093,14.5171],[99.80978,14.51214]],[[99.80978,14.51214],[99.81247,14.5096]],[[99.81247,14.5096],[99.81402,14.51501]],[[99.81402,14.51501],[99.81821,14.51221]],[[99.81821,14.51221],[99.81965,14.50507]],[[99.81965,14.50507],[99.82929,14.50038]],[[99.82929,14.50038],[99.83007,14.49222]],[[99.83007,14.49222],[99.8331,14.48164]],[[99.8331,14.48164],[99.82851,14.47909]],[[99.82851,14.47909],[99.83078,14.48622]],[[99.83078,14.48622],[99.82796,14.49024]],[[99.82796,14.49024],[99.8226,14.48554]],[[99.8226,14.48554],[99.82179,14.47981]],[[99.82179,14.47981],[99.82517,14.47782]],[[99.82517,14.47782],[99.82262,14.46955]],[[99.82262,14.46955],[99.82174,14.46015]],[[99.82174,14.46015],[99.81724,14.44949]],[[99.81724,14.44949],[99.81831,14.44757]],[[99.81831,14.44757],[99.81484,14.43749]],[[99.81484,14.43749],[99.81768,14.428]],[[99.81768,14.428],[99.82097,14.42421]],[[99.82097,14.42421],[99.82184,14.41594]],[[99.82184,14.41594],[99.82454,14.41233]],[[99.82454,14.41233],[99.82135,14.407]],[[99.82135,14.407],[99.82357,14.40464]],[[99.82357,14.40464],[99.82639,14.38641]],[[99.82639,14.38641],[99.81817,14.38587]],[[99.81817,14.38587],[99.81777,14.37861]],[[99.81777,14.37861],[99.8244,14.37255]],[[99.8244,14.37255],[99.82582,14.36572]],[[99.82582,14.36572],[99.82188,14.36098]],[[99.82188,14.36098],[99.822,14.35004]],[[99.822,14.35004],[99.81588,14.35221]],[[99.81588,14.35221],[99.81207,14.35065]],[[99.81207,14.35065],[99.80881,14.34118]],[[99.80881,14.34118],[99.80759,14.3328]],[[99.80759,14.3328],[99.80444,14.3315]],[[99.80444,14.3315],[99.80669,14.32599]],[[99.80669,14.32599],[99.7937,14.32587]],[[99.7937,14.32587],[99.80774,14.31537]],[[99.80774,14.31537],[99.81063,14.31561]],[[99.81063,14.31561],[99.8131,14.30975]],[[99.8131,14.30975],[99.81995,14.30046]],[[99.81995,14.30046],[99.82343,14.29309]],[[99.82343,14.29309],[99.8251,14.28396]],[[99.8251,14.28396],[99.82961,14.28064]],[[99.82961,14.28064],[99.82843,14.27562]],[[99.82843,14.27562],[99.83357,14.27216]],[[99.83357,14.27216],[99.82095,14.26091]],[[99.82095,14.26091],[99.82304,14.25308]],[[99.82304,14.25308],[99.81644,14.24661]],[[99.81644,14.24661],[99.81523,14.23557]],[[99.81523,14.23557],[99.81099,14.23045]],[[99.81099,14.23045],[99.8062,14.22975]],[[99.8062,14.22975],[99.79954,14.22412]],[[99.79954,14.22412],[99.79397,14.21265]],[[99.79397,14.21265],[99.80065,14.20552]],[[99.80065,14.20552],[99.79756,14.19569]],[[99.79756,14.19569],[99.79887,14.19106]],[[99.79887,14.19106],[99.80257,14.19049]],[[99.80257,14.19049],[99.79891,14.17669]],[[99.79891,14.17669],[99.79407,14.17705]],[[99.79407,14.17705],[99.79501,14.17131]],[[99.79501,14.17131],[99.78189,14.14221]],[[99.78189,14.14221],[99.78226,14.13354]],[[99.78226,14.13354],[99.78554,14.12454]],[[99.78554,14.12454],[99.78121,14.12188]],[[99.78121,14.12188],[99.77563,14.12303]],[[99.77563,14.12303],[99.77335,14.11894]],[[99.77335,14.11894],[99.76791,14.11646]],[[99.76791,14.11646],[99.76931,14.11221]],[[99.76931,14.11221],[99.76942,14.10032]],[[99.76942,14.10032],[99.77272,14.09856]],[[99.77272,14.09856],[99.77218,14.09393]],[[99.77218,14.09393],[99.77775,14.09275]],[[99.77775,14.09275],[99.78385,14.09491]],[[99.78385,14.09491],[99.78775,14.10024]],[[99.78775,14.10024],[99.79204,14.09933]],[[99.79204,14.09933],[99.79348,14.09262]],[[99.79348,14.09262],[99.79889,14.08445]],[[99.79889,14.08445],[99.8086,14.08266]],[[99.8086,14.08266],[99.81175,14.07757]],[[99.81175,14.07757],[99.80864,14.06784]],[[99.80864,14.06784],[99.8141,14.06424]],[[99.8141,14.06424],[99.82196,14.06123]],[[99.82196,14.06123],[99.83363,14.06059]],[[99.83363,14.06059],[99.84041,14.05543]],[[99.84041,14.05543],[99.84758,14.0527]],[[99.84758,14.0527],[99.84895,14.04284]],[[99.84895,14.04284],[99.84587,14.0379]],[[99.84587,14.0379],[99.84112,14.0367]],[[99.84112,14.0367],[99.84204,14.03336]],[[99.84204,14.03336],[99.83686,14.0309]],[[99.83686,14.0309],[99.83291,14.00314]],[[99.83291,14.00314],[99.82919,13.99838]],[[99.82919,13.99838],[99.83954,13.98325]],[[99.83954,13.98325],[99.84329,13.98351]],[[99.84329,13.98351],[99.84585,13.97584]],[[99.84585,13.97584],[99.85393,13.9646]],[[99.85393,13.9646],[99.86446,13.96626]],[[99.86446,13.96626],[99.87586,13.96124]],[[99.16732,13.72585],[99.16093,13.72622],[99.15851,13.73293],[99.1545,13.73539],[99.1537,13.75579],[99.14318,13.75697],[99.1322,13.76746],[99.12708,13.76767],[99.12166,13.77285],[99.12162,13.77951],[99.11762,13.79636],[99.12189,13.80353],[99.12141,13.81261],[99.11426,13.81985],[99.11445,13.83025],[99.10798,13.83062],[99.09963,13.83749],[99.10064,13.85452],[99.10734,13.86608],[99.11045,13.86538],[99.1107,13.87475],[99.10875,13.89065],[99.10485,13.89506],[99.09398,13.88946],[99.09139,13.89126],[99.08083,13.8915],[99.07692,13.89446],[99.07656,13.89934],[99.07205,13.9046],[99.0657,13.90783],[99.0656,13.91747],[99.06063,13.92333],[99.05994,13.92892],[99.05487,13.9301],[99.0494,13.93439],[99.04393,13.94167],[99.0299,13.9452],[99.02347,13.94413],[99.01879,13.94784],[99.01994,13.95344],[99.01376,13.96499],[99.01484,13.97506],[99.01248,13.97991],[99.00938,13.99343],[99.00463,13.99615],[99.00596,13.99967],[98.99821,14.00868],[98.99607,14.01373],[98.99792,14.01827],[98.99043,14.02105],[98.97941,14.02905],[98.97231,14.03259],[98.9733,14.03878],[98.96903,14.05245],[98.96732,14.08284],[98.95754,14.09714],[98.95323,14.09392],[98.94545,14.09221],[98.93868,14.09639],[98.93522,14.10105],[98.93085,14.10192],[98.92652,14.10728],[98.91981,14.10998],[98.90029,14.10822],[98.89698,14.1126],[98.88402,14.12246],[98.87963,14.12304],[98.87446,14.12744],[98.87408,14.13282],[98.86719,14.14757],[98.8627,14.14684],[98.85498,14.15218],[98.85387,14.1556],[98.84481,14.16342],[98.83966,14.1629],[98.8343,14.17167],[98.82894,14.17543],[98.82129,14.17258],[98.81406,14.17501],[98.7985,14.19296],[98.78504,14.19505],[98.77707,14.19983],[98.77618,14.20667],[98.76806,14.20831],[98.76025,14.21536],[98.75718,14.21363],[98.74787,14.22587],[98.74401,14.22798],[98.73288,14.23959],[98.73015,14.23681],[98.72014,14.24154],[98.71131,14.25158],[98.70527,14.25315],[98.70028,14.26011],[98.69844,14.27421],[98.69231,14.27453],[98.68612,14.27165],[98.68163,14.27335],[98.67643,14.28178],[98.66346,14.29111],[98.65761,14.291],[98.65649,14.29378],[98.64601,14.3015],[98.64305,14.30096],[98.6366,14.30683],[98.63004,14.31596],[98.6242,14.31198],[98.61807,14.31401],[98.61381,14.31262],[98.60167,14.32149],[98.59721,14.32709],[98.59685,14.33584],[98.59283,14.34427],[98.59402,14.35982],[98.59585,14.36851],[98.59376,14.37645],[98.591,14.37073],[98.58359,14.36891],[98.57589,14.3692],[98.57628,14.37538],[98.57334,14.3806],[98.56223,14.38632],[98.56402,14.39122],[98.56253,14.39717],[98.55648,14.40321],[98.5584,14.41228],[98.5575,14.4197],[98.54813,14.42197],[98.54671,14.43128],[98.54898,14.43475],[98.54174,14.44447],[98.5335,14.44282],[98.53107,14.44924],[98.52454,14.45499],[98.51973,14.47076],[98.51388,14.47417],[98.50896,14.48614],[98.50998,14.49021],[98.50429,14.49611],[98.50329,14.51089],[98.49773,14.51145],[98.4962,14.52614],[98.49263,14.53905],[98.4907,14.5407],[98.48682,14.53567],[98.48037,14.53436],[98.47163,14.53652],[98.46541,14.53117],[98.4613,14.53111],[98.45931,14.54774],[98.45564,14.55667],[98.45906,14.57831],[98.45263,14.58174],[98.43953,14.60113],[98.43613,14.6084],[98.43726,14.61285],[98.43276,14.61379],[98.42422,14.62228],[98.41947,14.62368],[98.41416,14.63117],[98.40702,14.63357],[98.40351,14.63797],[98.37883,14.65478],[98.37332,14.66378],[98.36601,14.66702],[98.36575,14.67316],[98.36238,14.68216],[98.36181,14.68875],[98.34876,14.70037],[98.34492,14.69971],[98.34054,14.70333],[98.33764,14.7103],[98.33457,14.71159],[98.32986,14.70494],[98.32351,14.70982],[98.32234,14.71595],[98.31593,14.72214],[98.31361,14.7271],[98.30537,14.73183],[98.30654,14.73734],[98.29778,14.74892],[98.29486,14.75726],[98.29382,14.76811],[98.2885,14.77157],[98.28522,14.77048],[98.27676,14.792],[98.27649,14.79708],[98.27101,14.79919],[98.26062,14.81131],[98.25426,14.81352],[98.2511,14.82428],[98.24594,14.83093],[98.25387,14.83726],[98.25856,14.8437],[98.25835,14.85974],[98.2563,14.86342],[98.24331,14.87285],[98.24185,14.87679],[98.23228,14.88425],[98.22974,14.89027],[98.23448,14.89822],[98.23869,14.89815],[98.24246,14.90217],[98.2501,14.91558],[98.24369,14.9219],[98.2429,14.93928],[98.23042,14.94338],[98.22836,14.94836],[98.23283,14.96309],[98.23231,14.9673],[98.22793,14.96841],[98.22005,14.97563],[98.21768,14.97439],[98.2087,14.98089],[98.20904,14.99785],[98.21047,14.99975],[98.21211,15.0128],[98.2113,15.01586],[98.21462,15.02255],[98.22426,15.02675],[98.23032,15.04151],[98.23052,15.04609],[98.22033,15.0552],[98.22148,15.05938],[98.21593,15.06442],[98.21087,15.07536],[98.20374,15.07789],[98.19924,15.08585],[98.19195,15.08783],[98.19087,15.09216],[98.18416,15.09665],[98.18449,15.10492],[98.18116,15.11008],[98.18118,15.11522],[98.18675,15.12345],[98.19286,15.13662],[98.18886,15.14145],[98.19168,15.15258],[98.19957,15.15599],[98.20138,15.16482],[98.20823,15.17071],[98.20714,15.1741],[98.21236,15.17776],[98.21311,15.18324],[98.208,15.18875],[98.20975,15.19996],[98.2042,15.20434],[98.1992,15.21105],[98.20185,15.21431],[98.19793,15.22031],[98.20015,15.22453],[98.19783,15.23365],[98.20917,15.2388],[98.21747,15.23262],[98.22001,15.22551],[98.23087,15.22323],[98.23484,15.22018],[98.24445,15.22102],[98.25395,15.2256],[98.25802,15.22434],[98.25939,15.23419],[98.2648,15.2404],[98.26744,15.24801],[98.27332,15.25106],[98.27373,15.25487],[98.28051,15.26399],[98.28044,15.27045],[98.28975,15.27359],[98.29949,15.27489],[98.30318,15.28014],[98.29794,15.2892],[98.29794,15.29345],[98.29432,15.2977],[98.30039,15.30339],[98.29574,15.3083],[98.29759,15.31358],[98.30363,15.31037],[98.30592,15.31332],[98.32231,15.30306],[98.32667,15.30308],[98.33594,15.29497],[98.34434,15.29254],[98.35418,15.29391],[98.3853,15.30133],[98.39074,15.30586],[98.39842,15.30766],[98.40022,15.31135],[98.39862,15.32441],[98.39123,15.33089],[98.39346,15.34254],[98.41553,15.35677],[98.41519,15.36306],[98.42779,15.36782],[98.43242,15.367],[98.43503,15.36235],[98.44245,15.36492],[98.44372,15.37091],[98.44968,15.3714],[98.45162,15.37585],[98.44897,15.38369],[98.46217,15.38549],[98.46386,15.3782],[98.47026,15.37228],[98.47289,15.37566],[98.47979,15.37652],[98.48218,15.38008],[98.47604,15.38355],[98.47638,15.3913],[98.4904,15.40324],[98.49454,15.40039],[98.5005,15.4046],[98.51627,15.39272],[98.52115,15.39228],[98.52677,15.38143],[98.53167,15.37877],[98.53106,15.37189],[98.53721,15.37123],[98.54229,15.36302],[98.54718,15.35948],[98.54478,15.3543],[98.54973,15.34869],[98.55112,15.34377],[98.54778,15.34313],[98.54947,15.33816],[98.55536,15.335],[98.55953,15.33709],[98.58024,15.37688],[98.58523,15.47142],[98.57856,15.50146],[98.57074,15.5327],[98.55276,15.60238],[98.56277,15.63958],[98.55778,15.65248]],[[100.2129,14.17921],[100.20133,14.17571]],[[100.20133,14.17571],[100.2019,14.16995]],[[100.2019,14.16995],[100.18806,14.16466]],[[100.18806,14.16466],[100.18842,14.16302]],[[100.18842,14.16302],[100.17476,14.16013]],[[100.17476,14.16013],[100.173,14.15497]],[[100.173,14.15497],[100.16798,14.15168]],[[100.16798,14.15168],[100.15974,14.15075]],[[100.15974,14.15075],[100.16094,14.14681]],[[100.16094,14.14681],[100.15488,14.14508]],[[100.15488,14.14508],[100.14272,14.1458]],[[100.14272,14.1458],[100.13469,14.14264]],[[100.13469,14.14264],[100.13094,14.13891]],[[100.13094,14.13891],[100.13129,14.1458]],[[100.13129,14.1458],[100.12391,14.14544]],[[100.12391,14.14544],[100.10588,14.14788]],[[100.10588,14.14788],[100.08606,14.14642]],[[100.08606,14.14642],[100.07045,14.14776]],[[100.07045,14.14776],[100.06763,14.14544]],[[100.06763,14.14544],[100.05119,14.14634]],[[100.05119,14.14634],[100.0489,14.15185]],[[100.0489,14.15185],[100.03917,14.15364]],[[100.03917,14.15364],[100.02968,14.15147]],[[100.02968,14.15147],[100.02757,14.14796]],[[100.02757,14.14796],[100.02014,14.14795]],[[100.02014,14.14795],[100.00391,14.1412]],[[100.00391,14.1412],[100.00156,14.14324]],[[100.00156,14.14324],[99.99214,14.1393]],[[99.99214,14.1393],[99.98725,14.14034]],[[99.98725,14.14034],[99.97658,14.1395]],[[99.97658,14.1395],[99.97446,14.14307]],[[99.97446,14.14307],[99.96523,14.13762]],[[99.96523,14.13762],[99.97094,14.1337]],[[99.97094,14.1337],[99.96416,14.13081]],[[99.96416,14.13081],[99.94998,14.13445]],[[99.94998,14.13445],[99.94361,14.13426]],[[99.94361,14.13426],[99.9395,14.13105]],[[99.9395,14.13105],[99.93982,14.12675]],[[99.93982,14.12675],[99.93145,14.1235]],[[99.93145,14.1235],[99.92715,14.12775]],[[99.92715,14.12775],[99.89225,14.09012]],[[99.89225,14.09012],[99.88499,14.09066]],[[99.88499,14.09066],[99.86828,14.07358]],[[99.86828,14.07358],[99.85428,14.07862]],[[99.85428,14.07862],[99.84383,14.07595]],[[99.84383,14.07595],[99.83479,14.07904]],[[99.83479,14.07904],[99.81781,14.07101]],[[99.81781,14.07101],[99.8141,14.06424]],[[100.33033,13.71972],[100.32421,13.71733]],[[100.32421,13.71733],[100.3156,13.72301]],[[100.3156,13.72301],[100.30722,13.71984]],[[100.30722,13.71984],[100.30078,13.71985]],[[100.30078,13.71985],[100.30401,13.71518]],[[100.30401,13.71518],[100.29806,13.71419]],[[100.29806,13.71419],[100.29697,13.71774]],[[100.29697,13.71774],[100.29,13.71775]],[[100.29,13.71775],[100.28365,13.71406]],[[100.28365,13.71406],[100.28466,13.7077]],[[100.28466,13.7077],[100.28372,13.69732]],[[100.28372,13.69732],[100.28685,13.69429]],[[100.28685,13.69429],[100.27816,13.69282]],[[100.27816,13.69282],[100.27697,13.68824]],[[100.27697,13.68824],[100.27075,13.6834]],[[100.27075,13.6834],[100.2621,13.6854]],[[100.2621,13.6854],[100.25849,13.67961]],[[100.25849,13.67961],[100.25621,13.68069]],[[100.25621,13.68069],[100.24362,13.67465]],[[100.24362,13.67465],[100.24084,13.67984]],[[100.24084,13.67984],[100.22716,13.67274]],[[100.22716,13.67274],[100.22409,13.68141]],[[100.22409,13.68141],[100.21237,13.68173]],[[100.21237,13.68173],[100.20977,13.68481]],[[100.20977,13.68481],[100.2033,13.67837]],[[100.2033,13.67837],[100.18909,13.67401]],[[100.18909,13.67401],[100.18174,13.68899]],[[100.18174,13.68899],[100.17702,13.68804]],[[100.17702,13.68804],[100.17494,13.68212]],[[100.17494,13.68212],[100.16359,13.67678]],[[100.16359,13.67678],[100.15645,13.68064]],[[100.15645,13.68064],[100.15614,13.68423]],[[100.15614,13.68423],[100.13207,13.68172]],[[100.13207,13.68172],[100.12096,13.67914]],[[100.12096,13.67914],[100.12344,13.66708]],[[100.12344,13.66708],[100.11748,13.66638]],[[100.11748,13.66638],[100.12177,13.65383]],[[100.12177,13.65383],[100.10548,13.64925]],[[100.10548,13.64925],[100.09965,13.65211]],[[100.09965,13.65211],[100.09473,13.65035]],[[100.09473,13.65035],[100.09323,13.65307]],[[100.09323,13.65307],[100.08653,13.65076]],[[100.08653,13.65076],[100.08411,13.65721]],[[100.08411,13.65721],[100.07693,13.65752]],[[100.07693,13.65752],[100.07032,13.66025]],[[100.07032,13.66025],[100.06027,13.66029]],[[100.40884,13.49339],[100.40251,13.4934],[100.39223,13.49101],[100.39077,13.493],[100.38009,13.48943],[100.36696,13.48971],[100.36418,13.48782],[100.34497,13.48637],[100.33014,13.48649],[100.31262,13.49113],[100.30311,13.4949],[100.28185,13.50664],[100.27331,13.50275],[100.27016,13.49068],[100.26017,13.48051],[100.24604,13.47448],[100.22945,13.47254],[100.22318,13.46688],[100.21799,13.46667],[100.18777,13.45963],[100.18727,13.45767],[100.1605,13.4514],[100.07878,13.42533]],[[100.07878,13.42533],[100.0785,13.43708]],[[100.0785,13.43708],[100.07329,13.4564]],[[100.07329,13.4564],[100.05231,13.48664]],[[100.05231,13.48664],[100.0465,13.49701]],[[100.0465,13.49701],[100.04296,13.49874]],[[100.04296,13.49874],[100.04259,13.50352]],[[100.04259,13.50352],[100.02952,13.50778]],[[100.07878,13.42533],[100.06091,13.41829],[100.04774,13.40875],[100.03945,13.39159],[100.03854,13.38193],[100.03475,13.37286],[100.02229,13.36157],[100.0138,13.36489],[100.00003,13.36818],[99.99598,13.36288],[100.00188,13.35492],[99.99681,13.34607],[99.99911,13.33314],[99.99564,13.32933],[99.97989,13.3177],[99.9541,13.30459],[99.9525,13.29662]],[[99.9525,13.29662],[99.94595,13.29637]],[[99.94595,13.29637],[99.93575,13.29297]],[[99.93575,13.29297],[99.93405,13.28512]],[[99.93405,13.28512],[99.92286,13.28026]],[[99.92286,13.28026],[99.91858,13.28504]],[[99.91858,13.28504],[99.90751,13.27758]],[[99.90751,13.27758],[99.90808,13.27114]],[[99.90808,13.27114],[99.91076,13.26782]],[[99.91076,13.26782],[99.90816,13.26427]],[[99.90816,13.26427],[99.90221,13.26675]],[[99.90221,13.26675],[99.88666,13.26392]],[[99.88666,13.26392],[99.88148,13.25855]],[[99.88148,13.25855],[99.89323,13.24422]],[[99.89323,13.24422],[99.88879,13.24421]],[[99.88879,13.24421],[99.87741,13.25016]],[[99.87741,13.25016],[99.87332,13.25078]],[[99.87332,13.25078],[99.8664,13.24607]],[[99.8664,13.24607],[99.86031,13.24461]],[[99.86031,13.24461],[99.85215,13.30794]],[[99.85215,13.30794],[99.85595,13.32918]],[[99.9525,13.29662],[99.94983,13.28067],[99.94684,13.27363],[99.94128,13.26637],[99.95243,13.2623],[99.96963,13.24304],[99.97458,13.24529],[99.98541,13.23528],[99.99344,13.22602],[99.99801,13.21865],[99.99989,13.21101],[100.00528,13.19999],[100.01858,13.18576],[100.04657,13.17207],[100.05738,13.16524],[100.06603,13.15812],[100.06886,13.15191],[100.06311,13.13239],[100.06295,13.10726],[100.06412,13.08985],[100.06737,13.0796],[100.07513,13.0697],[100.0848,13.06117],[100.09496,13.05661],[100.10204,13.05655],[100.09344,13.04236],[100.09385,13.04003],[100.07982,13.02088],[100.06758,13.00812],[100.0473,12.97734],[100.04084,12.96534],[100.04135,12.96167],[100.03523,12.94993],[100.02865,12.93173],[100.02596,12.90528],[100.02562,12.89509],[100.02164,12.88212],[100.01853,12.87617],[100.01325,12.86091],[100.01514,12.86021],[100.00564,12.8475],[100.00023,12.83808],[99.99408,12.8231],[99.99602,12.81515],[99.99107,12.8104],[99.9866,12.801],[99.97895,12.78075],[99.9709,12.75607],[99.96643,12.73888],[99.9646,12.7282],[99.96439,12.69383],[99.95862,12.66128],[99.95611,12.6325]],[[99.95611,12.6325],[99.95239,12.63493]],[[99.95239,12.63493],[99.94615,12.63395]],[[99.94615,12.63395],[99.94366,12.63037]],[[99.94366,12.63037],[99.92804,12.6307]],[[99.92804,12.6307],[99.92264,12.62332]],[[99.92264,12.62332],[99.91579,12.62541]],[[99.91579,12.62541],[99.9129,12.62983]],[[99.9129,12.62983],[99.90475,12.63598]],[[99.90475,12.63598],[99.89773,12.62863]],[[99.89773,12.62863],[99.89285,12.62867]],[[99.89285,12.62867],[99.89001,12.62384]],[[99.89001,12.62384],[99.88363,12.62011]],[[99.88363,12.62011],[99.87609,12.62621]],[[99.87609,12.62621],[99.87133,12.62656]],[[99.87133,12.62656],[99.86395,12.62336]],[[99.86395,12.62336],[99.85555,12.62517]],[[99.85555,12.62517],[99.85428,12.63054]],[[99.85428,12.63054],[99.84927,12.6284]],[[99.84927,12.6284],[99.84632,12.63021]],[[99.84632,12.63021],[99.84016,12.6262]],[[99.84016,12.6262],[99.83781,12.62993]],[[99.83781,12.62993],[99.83123,12.63038]],[[99.83123,12.63038],[99.82775,12.63342]],[[99.82775,12.63342],[99.82059,12.63175]],[[99.82059,12.63175],[99.81299,12.62492]],[[99.81299,12.62492],[99.80075,12.62282]],[[99.80075,12.62282],[99.79292,12.61543]],[[99.79292,12.61543],[99.78687,12.6179]],[[99.78687,12.6179],[99.7726,12.61263]],[[99.7726,12.61263],[99.76603,12.61508]],[[99.76603,12.61508],[99.75262,12.61713]],[[99.75262,12.61713],[99.74011,12.61555]],[[99.74011,12.61555],[99.73812,12.60967]],[[99.73812,12.60967],[99.73084,12.61223]],[[99.73084,12.61223],[99.72485,12.61158]],[[99.72485,12.61158],[99.71881,12.60116]],[[99.71881,12.60116],[99.71159,12.60581]],[[99.71159,12.60581],[99.70394,12.60755]],[[99.70394,12.60755],[99.70027,12.61111]],[[99.70027,12.61111],[99.69275,12.61401]],[[99.69275,12.61401],[99.689,12.62172]],[[99.689,12.62172],[99.6868,12.63147]],[[99.6868,12.63147],[99.68435,12.63523]],[[99.68435,12.63523],[99.67489,12.63501]],[[99.67489,12.63501],[99.66421,12.63764]],[[99.66421,12.63764],[99.65778,12.63329]],[[99.65778,12.63329],[99.65619,12.6387]],[[99.65619,12.6387],[99.64979,12.6398]],[[99.64979,12.6398],[99.64752,12.64257]],[[99.64752,12.64257],[99.63795,12.64094]],[[99.63795,12.64094],[99.62163,12.64431]],[[99.62163,12.64431],[99.61623,12.64074]],[[99.61623,12.64074],[99.61944,12.63704]],[[99.61944,12.63704],[99.61961,12.6225]],[[99.61961,12.6225],[99.61374,12.61865]],[[99.61374,12.61865],[99.61435,12.61364]],[[99.61435,12.61364],[99.6186,12.60745]],[[99.6186,12.60745],[99.62338,12.60587]],[[99.62338,12.60587],[99.62822,12.59967]],[[99.62822,12.59967],[99.62361,12.59467]],[[99.62361,12.59467],[99.61573,12.58073]],[[99.61573,12.58073],[99.60966,12.5796]],[[99.60966,12.5796],[99.59761,12.57305]],[[99.59761,12.57305],[99.58906,12.57066]],[[99.58906,12.57066],[99.58073,12.57428]],[[99.58073,12.57428],[99.57761,12.57797]],[[99.57761,12.57797],[99.56031,12.57731]],[[99.56031,12.57731],[99.54849,12.57984]],[[99.54849,12.57984],[99.54099,12.57832]],[[99.54099,12.57832],[99.5359,12.58107]],[[99.5359,12.58107],[99.53981,12.57362]],[[99.53981,12.57362],[99.53388,12.56779]],[[99.53388,12.56779],[99.52407,12.56321]],[[99.52407,12.56321],[99.51472,12.56369]],[[99.51472,12.56369],[99.50968,12.56841]],[[99.50968,12.56841],[99.50564,12.56879]],[[99.50564,12.56879],[99.49874,12.57342]],[[99.49874,12.57342],[99.49706,12.57808]],[[99.49706,12.57808],[99.49736,12.59139]],[[99.49736,12.59139],[99.48383,12.58863]],[[99.48383,12.58863],[99.47911,12.59015]],[[99.47911,12.59015],[99.46321,12.58548]],[[99.46321,12.58548],[99.4614,12.58193]],[[99.4614,12.58193],[99.4553,12.57919]],[[99.4553,12.57919],[99.43858,12.58298]],[[99.43858,12.58298],[99.43373,12.58965],[99.42585,12.5947],[99.42096,12.60712],[99.41226,12.61542],[99.40678,12.61301],[99.40003,12.61401],[99.39725,12.61218],[99.3868,12.6169],[99.37958,12.61587],[99.37794,12.62152],[99.37012,12.62226],[99.36534,12.6263],[99.36688,12.63349],[99.35729,12.63555],[99.35464,12.63999],[99.34898,12.63917],[99.34373,12.64242],[99.34463,12.64832],[99.33401,12.66462],[99.31758,12.66935],[99.30871,12.66762],[99.30678,12.67132],[99.294,12.67805],[99.29889,12.68424],[99.30033,12.68987],[99.29542,12.69577],[99.28941,12.69913],[99.29025,12.71405],[99.27845,12.71649],[99.2703,12.72849],[99.26521,12.72535],[99.25295,12.72333],[99.24773,12.71917],[99.24034,12.72326],[99.23657,12.7296],[99.23405,12.7379],[99.22798,12.74266],[99.2319,12.74789],[99.23417,12.7548],[99.23246,12.76982],[99.23448,12.77832],[99.22793,12.79024],[99.22925,12.79657],[99.22571,12.79892],[99.22625,12.80687],[99.22324,12.81393],[99.22177,12.82237],[99.21775,12.82842],[99.21134,12.8258],[99.20616,12.83617],[99.19957,12.83936],[99.198,12.84379],[99.18922,12.84489],[99.1859,12.85083],[99.1873,12.85466],[99.18496,12.86133],[99.18723,12.86859],[99.18851,12.88038],[99.18201,12.88483],[99.18329,12.89308],[99.18184,12.90658],[99.18258,12.91127],[99.17579,12.92029],[99.1656,12.92438],[99.16232,12.9285],[99.16789,12.93003],[99.17099,12.93584],[99.17195,12.94261],[99.18467,12.94482],[99.19045,12.95312],[99.19524,12.95654],[99.19362,12.96485],[99.19006,12.9677],[99.18746,12.97499],[99.19029,12.98401],[99.19499,12.99031],[99.18101,12.99281],[99.17686,12.99959],[99.17403,13.00034],[99.1688,13.00993],[99.1713,13.01401],[99.16299,13.02016],[99.15793,13.0197],[99.15397,13.02695],[99.14793,13.02681],[99.14577,13.03335],[99.13451,13.03329],[99.12578,13.03814],[99.11984,13.04398],[99.11377,13.05415],[99.11442,13.05839],[99.10992,13.06334],[99.10416,13.06323],[99.10335,13.06845],[99.09953,13.07275],[99.10253,13.08334],[99.10796,13.08337],[99.11685,13.09288],[99.11751,13.09552],[99.1297,13.09598],[99.13097,13.09919],[99.1275,13.10325],[99.12943,13.11872],[99.13353,13.11824],[99.13588,13.13487],[99.13121,13.13755],[99.13036,13.14273],[99.13729,13.15098],[99.13445,13.16346],[99.12586,13.1699],[99.12249,13.16979],[99.11707,13.17654],[99.12348,13.18201],[99.12517,13.18823],[99.12322,13.19436],[99.12968,13.20151],[99.13917,13.20565],[99.14712,13.20552],[99.15628,13.20837],[99.16429,13.20788],[99.17493,13.20237],[99.1814,13.19332],[99.19064,13.19286],[99.19533,13.19713],[99.19729,13.19353],[99.20344,13.19887],[99.20409,13.20346],[99.21004,13.20808]],[[99.95611,12.6325],[99.95534,12.62159],[99.95586,12.58785],[99.95819,12.57597],[99.9636,12.56862],[99.96467,12.55179],[99.97282,12.5274],[99.97804,12.51886],[99.98509,12.51454],[99.98021,12.51332],[99.97645,12.50752],[99.97496,12.50118],[99.97497,12.48686],[99.97636,12.47003],[99.97993,12.45725],[99.98401,12.45104],[99.98206,12.44551],[99.98385,12.43841],[99.98023,12.43624],[99.97971,12.4317],[99.98332,12.42102],[99.99253,12.4104],[99.99532,12.39678],[99.99987,12.38113],[100.00023,12.36999],[99.99784,12.35509],[99.99807,12.34171],[100.00093,12.33536],[99.99322,12.32994],[99.98697,12.31711],[99.98054,12.29653],[99.97936,12.28646],[99.97463,12.2777],[99.97389,12.26878],[99.97559,12.25928],[99.9788,12.25129],[99.98943,12.23731],[100.00082,12.22847],[100.00597,12.21729],[100.00229,12.21262],[100.01589,12.20123],[100.01555,12.19234],[100.0189,12.18729],[100.01285,12.18272],[100.00469,12.17232],[100.00491,12.16936],[99.99564,12.16029],[99.98045,12.14829],[99.97814,12.14876],[99.96952,12.13429],[99.96109,12.11087],[99.9671,12.10566],[99.96661,12.09807],[99.96294,12.08711],[99.9598,12.08484],[99.95595,12.0881],[99.9489,12.0806],[99.94607,12.08391],[99.94094,12.07982],[99.92421,12.05953],[99.91457,12.04956],[99.90752,12.04046],[99.89704,12.03012],[99.8675,11.99844],[99.85116,11.97573],[99.8426,11.96185],[99.83351,11.94399],[99.81787,11.90643],[99.81272,11.88693],[99.81294,11.87212],[99.81685,11.86483],[99.82217,11.86263],[99.82562,11.86473],[99.82318,11.85502],[99.82647,11.84913],[99.83164,11.84854],[99.83552,11.84165],[99.83319,11.83061],[99.8288,11.82884],[99.8306,11.83714],[99.8209,11.83976],[99.81427,11.83745],[99.80888,11.8328],[99.79845,11.81774],[99.79942,11.80503],[99.80262,11.79658],[99.81342,11.78633],[99.81735,11.78797],[99.81698,11.7786],[99.81303,11.77695],[99.81362,11.78412],[99.80578,11.78377],[99.79912,11.77814],[99.79623,11.77233],[99.79662,11.76515],[99.80211,11.76463],[99.80447,11.76096],[99.80376,11.75395],[99.8112,11.73805],[99.80621,11.73661],[99.80563,11.74112],[99.79908,11.73934],[99.79722,11.74537],[99.78925,11.74427],[99.76397,11.72267],[99.74927,11.70913],[99.73893,11.69807],[99.7275,11.68344],[99.72314,11.67537],[99.7211,11.66605],[99.706,11.63922],[99.70075,11.63238],[99.68951,11.61434],[99.67197,11.58371],[99.65637,11.55474],[99.63802,11.5164],[99.63394,11.50442],[99.6274,11.4766],[99.6276,11.47076],[99.62,11.465],[99.61118,11.44503],[99.60568,11.42335],[99.60497,11.41732],[99.60109,11.41668],[99.59866,11.41001],[99.59941,11.40488],[99.5944,11.39647],[99.58443,11.37511],[99.58113,11.3651],[99.58055,11.35721],[99.57669,11.35964],[99.57095,11.3559],[99.56074,11.33684],[99.55514,11.31968],[99.55201,11.30608],[99.55026,11.29168],[99.55043,11.27018],[99.55316,11.2551],[99.55643,11.24341],[99.56202,11.23],[99.56654,11.22283],[99.57988,11.21235],[99.57669,11.1976],[99.57941,11.19561],[99.57173,11.19063],[99.56671,11.18317],[99.56032,11.18819],[99.56317,11.20191],[99.55367,11.20609],[99.54074,11.20749],[99.52486,11.19883],[99.51201,11.18719],[99.50115,11.17242],[99.49263,11.15567],[99.48821,11.14267],[99.4861,11.12012],[99.48817,11.10339],[99.49264,11.08649],[99.49573,11.06061],[99.50164,11.03943],[99.50043,11.01163],[99.49897,11.00208],[99.5,10.99345],[99.50256,10.9918]],[[99.50256,10.9918],[99.49368,10.98863]],[[99.49368,10.98863],[99.4835,10.99024]],[[99.4835,10.99024],[99.47546,10.9895]],[[99.47546,10.9895],[99.46967,10.99356]],[[99.46967,10.99356],[99.46123,10.98975]],[[99.46123,10.98975],[99.45701,10.98305]],[[99.45701,10.98305],[99.44826,10.97743]],[[99.44826,10.97743],[99.43606,10.97222]],[[99.43606,10.97222],[99.4274,10.97118]],[[99.4274,10.97118],[99.42639,10.9681]],[[99.42639,10.9681],[99.42077,10.96593]],[[99.42077,10.96593],[99.41565,10.95974]],[[99.41565,10.95974],[99.40693,10.95477]],[[99.40693,10.95477],[99.40066,10.95794]],[[99.40066,10.95794],[99.38947,10.95962]],[[99.38947,10.95962],[99.37968,10.964]],[[99.37968,10.964],[99.37562,10.97043]],[[99.37562,10.97043],[99.36219,10.96912]],[[99.36219,10.96912],[99.34952,10.97224]],[[99.34952,10.97224],[99.34514,10.97545]],[[99.34514,10.97545],[99.33879,10.97098]],[[99.33879,10.97098],[99.33678,10.9643]],[[99.33678,10.9643],[99.33052,10.96783]],[[99.33052,10.96783],[99.32112,10.97071]],[[99.32112,10.97071],[99.30408,10.96581]],[[99.30408,10.96581],[99.29975,10.96881]],[[99.29975,10.96881],[99.28934,10.96894]],[[99.28934,10.96894],[99.28129,10.95853]],[[99.28129,10.95853],[99.27586,10.9637]],[[99.27586,10.9637],[99.26796,10.96836]],[[99.26796,10.96836],[99.24914,10.96899]],[[99.24914,10.96899],[99.24627,10.97243]],[[99.24627,10.97243],[99.24108,10.97194]],[[99.24108,10.97194],[99.24052,10.97798]],[[99.24052,10.97798],[99.23186,10.97749]],[[99.23186,10.97749],[99.22287,10.98361]],[[99.22287,10.98361],[99.21525,10.98267]],[[99.21525,10.98267],[99.20663,10.99001]],[[99.20663,10.99001],[99.20204,10.98511]],[[99.20204,10.98511],[99.19845,10.99159]],[[99.19845,10.99159],[99.20001,10.99712]],[[99.20001,10.99712],[99.19176,10.99958]],[[99.19176,10.99958],[99.18666,10.99599]],[[99.18666,10.99599],[99.17788,11.00072]],[[99.17788,11.00072],[99.16873,11.00355]],[[99.16873,11.00355],[99.16532,11.00828]],[[99.16532,11.00828],[99.15898,11.01246]],[[99.15898,11.01246],[99.15413,11.01211]],[[99.15413,11.01211],[99.14742,11.01681]],[[99.14742,11.01681],[99.15108,11.01913]],[[99.15108,11.01913],[99.15198,11.032]],[[99.15198,11.032],[99.15378,11.03371]],[[99.15378,11.03371],[99.15861,11.03424],[99.1645,11.04168],[99.17261,11.04573],[99.17017,11.05199],[99.17463,11.05863],[99.17957,11.05943],[99.17721,11.06341],[99.17956,11.07207],[99.17765,11.07796],[99.17979,11.08319],[99.19015,11.08422],[99.19283,11.08754],[99.19966,11.09041],[99.20324,11.10133],[99.21025,11.09815],[99.21629,11.10136],[99.21738,11.10598],[99.22231,11.10687],[99.22761,11.11208],[99.229,11.12041],[99.22871,11.13113],[99.22386,11.13545],[99.22482,11.14225],[99.23088,11.14348],[99.23938,11.15434],[99.24272,11.15513],[99.2479,11.16381],[99.25298,11.16928],[99.25167,11.17468],[99.2592,11.18826],[99.25742,11.19282],[99.2643,11.20111],[99.26543,11.207],[99.26367,11.21416],[99.28,11.2362],[99.28363,11.24408],[99.29137,11.24805],[99.29611,11.24799],[99.29781,11.25261],[99.30675,11.25633],[99.31131,11.26412],[99.31117,11.26775],[99.31652,11.27625],[99.32009,11.27774],[99.32602,11.28695],[99.32367,11.29837],[99.31655,11.3081],[99.31192,11.31732],[99.31771,11.32027],[99.31945,11.32449],[99.32632,11.32932],[99.327,11.3367],[99.34267,11.33328],[99.34273,11.34455],[99.34631,11.35195],[99.35246,11.35404],[99.35994,11.36293],[99.36535,11.37185],[99.37856,11.37541],[99.38607,11.3821],[99.39639,11.38336],[99.4019,11.38998],[99.40141,11.39486],[99.39772,11.39953],[99.39914,11.40328],[99.40424,11.40602],[99.40131,11.41049],[99.40276,11.42413],[99.39786,11.43506],[99.39412,11.43878],[99.40024,11.44392],[99.39105,11.45379],[99.39225,11.4592],[99.40484,11.46612],[99.40846,11.46441],[99.41211,11.46682],[99.41124,11.47317],[99.41954,11.47577],[99.4198,11.48074],[99.42759,11.4818],[99.43013,11.47875],[99.4332,11.48176],[99.44287,11.47964],[99.44159,11.48666],[99.44848,11.4934],[99.45669,11.49029],[99.45828,11.49479],[99.45442,11.50184],[99.44862,11.50831],[99.45418,11.51066],[99.46028,11.51648],[99.46664,11.5264],[99.47346,11.53179],[99.47306,11.53921],[99.46909,11.54284],[99.46824,11.54929],[99.46271,11.54911],[99.46361,11.55787],[99.4676,11.56739],[99.46353,11.57597],[99.45999,11.57855],[99.45834,11.58411],[99.46285,11.58857],[99.46141,11.59835],[99.46812,11.60845],[99.46697,11.61292],[99.47444,11.6216],[99.48329,11.62689],[99.49179,11.62542],[99.49436,11.63041],[99.50744,11.6364],[99.51773,11.63626],[99.52362,11.62501],[99.53093,11.62121],[99.54127,11.62349],[99.54507,11.62766],[99.55006,11.62848],[99.55566,11.62437],[99.56572,11.62676],[99.56589,11.62978],[99.57177,11.6368],[99.56981,11.643],[99.57317,11.64808],[99.58091,11.65281],[99.58632,11.65986],[99.58506,11.67302],[99.58307,11.679],[99.5886,11.68301],[99.58755,11.68737],[99.59928,11.69629],[99.59799,11.70018],[99.60146,11.70646],[99.61071,11.71126],[99.61583,11.7111],[99.62013,11.71842],[99.61799,11.72264],[99.63057,11.72398],[99.63623,11.72732],[99.63968,11.74237],[99.63746,11.74499],[99.64012,11.75111],[99.63705,11.75612],[99.64045,11.76105],[99.63963,11.76464],[99.64369,11.76817],[99.64442,11.77444],[99.64124,11.77832],[99.64325,11.78499],[99.64128,11.78905],[99.64488,11.79044],[99.65061,11.81078],[99.65342,11.81334],[99.65916,11.81107],[99.66105,11.82089],[99.66492,11.8232],[99.65922,11.82861],[99.65073,11.82957],[99.64144,11.82686],[99.63528,11.82885],[99.63519,11.83163],[99.62482,11.83155],[99.62152,11.83325],[99.62424,11.83722],[99.62551,11.84894],[99.6196,11.85561],[99.61328,11.85881],[99.6096,11.86866],[99.60322,11.87097],[99.60058,11.87822],[99.59552,11.87274],[99.58827,11.8721],[99.58828,11.88696],[99.58445,11.88952],[99.57954,11.90323],[99.58624,11.91847],[99.58582,11.93046],[99.57953,11.94402],[99.59139,11.95147],[99.59307,11.95597],[99.59117,11.96396],[99.5938,11.97155],[99.59283,11.97894],[99.59014,11.98108],[99.59206,11.99271],[99.58879,11.99729],[99.58152,11.99997],[99.57392,12.00785],[99.5668,12.00728],[99.56403,12.01052],[99.55557,12.0108],[99.53619,12.01596],[99.53788,12.02658],[99.54069,12.03004],[99.53963,12.03939],[99.53481,12.04186],[99.53471,12.04885],[99.53182,12.0533],[99.5334,12.06554],[99.5408,12.07506],[99.54964,12.08213],[99.54997,12.0895],[99.55567,12.09386],[99.55438,12.10373],[99.55517,12.11343],[99.56012,12.11947],[99.56045,12.12866],[99.5692,12.13644],[99.57106,12.14382],[99.56362,12.1451],[99.54895,12.1501],[99.53948,12.14397],[99.53312,12.14732],[99.52678,12.14488],[99.51616,12.14758],[99.50799,12.14292],[99.50032,12.14315],[99.50007,12.13943],[99.492,12.12821],[99.48531,12.12927],[99.47923,12.13384],[99.47361,12.13108],[99.47241,12.13575],[99.47472,12.15467],[99.47289,12.15761],[99.47703,12.16327],[99.48658,12.16586],[99.48968,12.17176],[99.48842,12.18217],[99.4951,12.18979],[99.49632,12.19732],[99.49063,12.20408],[99.49038,12.21017],[99.48639,12.21257],[99.48747,12.21704],[99.47853,12.22631],[99.47815,12.22953],[99.47118,12.23463],[99.47357,12.24283],[99.47665,12.24258],[99.48149,12.25174],[99.48207,12.26005],[99.4806,12.26675],[99.48423,12.27356],[99.48269,12.27868],[99.47607,12.27996],[99.47494,12.2828],[99.466,12.28242],[99.46151,12.28631],[99.46239,12.29677],[99.45781,12.29961],[99.45285,12.30775],[99.45239,12.31236],[99.44803,12.3125],[99.44463,12.31741],[99.44504,12.32323],[99.44279,12.32802],[99.44546,12.33221],[99.43382,12.34301],[99.4375,12.34965],[99.44295,12.3506],[99.44373,12.35563],[99.43257,12.36383],[99.43711,12.36961],[99.43726,12.3754],[99.44253,12.3833],[99.44335,12.39271],[99.44196,12.40197],[99.44564,12.40755],[99.43757,12.41242],[99.42685,12.42452],[99.42423,12.43108],[99.42501,12.44843],[99.41324,12.4505],[99.40816,12.45634],[99.40074,12.45975],[99.40342,12.46982],[99.40651,12.47346],[99.4061,12.48082],[99.41664,12.48922],[99.42517,12.49124],[99.42566,12.49675],[99.42006,12.50561],[99.42008,12.51646],[99.41781,12.52559],[99.42178,12.52954],[99.42372,12.54153],[99.42168,12.54636],[99.42343,12.55651],[99.43051,12.55553],[99.43505,12.56455],[99.4307,12.56999],[99.4281,12.57885],[99.43334,12.5834],[99.43858,12.58298]],[[99.56344,11.08386],[99.56295,11.07288],[99.55961,11.06977],[99.54444,11.06829],[99.55548,11.07357],[99.56344,11.08386]],[[99.57921,11.21908],[99.5813,11.21669],[99.57987,11.21618],[99.57921,11.21908]],[[99.60548,11.40119],[99.60531,11.40332],[99.6065,11.40342],[99.60548,11.40119]],[[99.78795,11.7093],[99.78929,11.71148],[99.78939,11.70877],[99.78795,11.7093]],[[99.79281,11.72079],[99.79138,11.72065],[99.79191,11.72232],[99.79281,11.72079]],[[99.83351,11.76032],[99.83132,11.75791],[99.82893,11.76354],[99.83351,11.76032]],[[99.81082,11.76585],[99.80845,11.76563],[99.80996,11.76848],[99.81082,11.76585]],[[99.81631,11.78998],[99.81552,11.79165],[99.81702,11.79192],[99.81631,11.78998]],[[99.81463,11.79265],[99.81492,11.79571],[99.81586,11.79347],[99.81463,11.79265]],[[99.82526,11.79336],[99.82201,11.7931],[99.82261,11.79628],[99.82526,11.79336]],[[99.81437,11.79827],[99.81635,11.79752],[99.81504,11.7963],[99.81437,11.79827]],[[100.02767,12.20227],[100.02858,12.20963],[100.03188,12.2122],[100.03154,12.20711],[100.02767,12.20227]],[[100.00928,12.22521],[100.01001,12.22565],[100.00993,12.22442],[100.00928,12.22521]],[[100.00999,12.22617],[100.01003,12.22675],[100.01027,12.22652],[100.00999,12.22617]],[[100.00614,12.23189],[100.00522,12.22954],[100.00354,12.23082],[100.00614,12.23189]],[[100.00566,12.23622],[100.0074,12.24285],[100.01151,12.24932],[100.01297,12.24518],[100.01049,12.23967],[100.00566,12.23622]],[[100.33657,7.9318],[100.33528,7.93106]],[[100.33528,7.93106],[100.33444,7.93561]],[[100.33444,7.93561],[100.32679,7.9389]],[[100.32679,7.9389],[100.32145,7.93664]],[[100.32145,7.93664],[100.31192,7.93614]],[[100.31192,7.93614],[100.30688,7.92255]],[[100.30688,7.92255],[100.30856,7.91409]],[[100.30856,7.91409],[100.29456,7.91598]],[[100.29456,7.91598],[100.2799,7.91337]],[[100.2799,7.91337],[100.26598,7.91467]],[[100.26598,7.91467],[100.26631,7.90467]],[[100.26631,7.90467],[100.25606,7.90211]],[[100.25606,7.90211],[100.25655,7.89828]],[[100.25655,7.89828],[100.25072,7.8943]],[[100.25072,7.8943],[100.24339,7.89338]],[[100.24339,7.89338],[100.24203,7.88665]],[[100.24203,7.88665],[100.23185,7.8822]],[[100.23185,7.8822],[100.22321,7.88208]],[[100.22321,7.88208],[100.1775,7.87648]],[[100.1775,7.87648],[100.17132,7.87343]],[[100.17132,7.87343],[100.14538,7.87102]],[[100.14538,7.87102],[100.13973,7.8685]],[[100.13973,7.8685],[100.13131,7.87674]],[[100.13131,7.87674],[100.12387,7.87854]],[[100.12387,7.87854],[100.10998,7.87925]],[[100.10998,7.87925],[100.09793,7.87572]],[[100.09793,7.87572],[100.09786,7.87285]],[[100.09786,7.87285],[100.09213,7.87068]],[[100.09213,7.87068],[100.0871,7.86101]],[[100.0871,7.86101],[100.07978,7.85502]],[[100.07978,7.85502],[100.0715,7.8456]],[[100.0715,7.8456],[100.07276,7.84079]],[[100.07276,7.84079],[100.06421,7.84359]],[[100.06421,7.84359],[100.05596,7.83806]],[[100.05596,7.83806],[100.05115,7.84291]],[[100.05115,7.84291],[100.04327,7.84156]],[[100.04327,7.84156],[100.03375,7.84669]],[[100.03375,7.84669],[100.01901,7.84501]],[[100.01901,7.84501],[99.99941,7.85337]],[[99.99941,7.85337],[99.98801,7.86002]],[[99.98801,7.86002],[99.97635,7.87191]],[[99.97635,7.87191],[99.96603,7.87659]],[[99.96603,7.87659],[99.96635,7.88585]],[[99.96635,7.88585],[99.96373,7.89163]],[[99.96373,7.89163],[99.9642,7.90191]],[[99.9642,7.90191],[99.96241,7.90574]],[[99.96241,7.90574],[99.95797,7.90483]],[[99.95797,7.90483],[99.95242,7.9001]],[[99.95242,7.9001],[99.95165,7.89527]],[[99.95165,7.89527],[99.94649,7.88524]],[[99.94649,7.88524],[99.94196,7.88055]],[[99.94196,7.88055],[99.9313,7.87579]],[[99.9313,7.87579],[99.92595,7.86959]],[[99.92595,7.86959],[99.92171,7.86803]],[[99.92171,7.86803],[99.92315,7.86494]],[[99.92315,7.86494],[99.90208,7.88027]],[[99.90208,7.88027],[99.88499,7.8901]],[[99.88499,7.8901],[99.88315,7.89349]],[[99.88315,7.89349],[99.86933,7.88721]],[[99.86933,7.88721],[99.86211,7.88646]],[[99.86211,7.88646],[99.85892,7.88905]],[[99.85892,7.88905],[99.85035,7.88772]],[[99.85035,7.88772],[99.84175,7.89114]],[[99.84175,7.89114],[99.83714,7.88558]],[[99.83714,7.88558],[99.82947,7.88463]],[[99.82947,7.88463],[99.82238,7.88769]],[[99.82238,7.88769],[99.81934,7.884]],[[99.81934,7.884],[99.80838,7.89288]],[[99.80838,7.89288],[99.80383,7.89027]],[[99.80383,7.89027],[99.80033,7.88266]],[[99.80033,7.88266],[99.79275,7.88226]],[[99.79275,7.88226],[99.78234,7.87891]],[[99.78234,7.87891],[99.7689,7.86544]],[[99.7689,7.86544],[99.76619,7.86563]],[[99.76619,7.86563],[99.76068,7.85867]],[[99.76068,7.85867],[99.7524,7.85823]],[[99.7524,7.85823],[99.74927,7.85533]],[[99.74927,7.85533],[99.74662,7.85873]],[[99.74662,7.85873],[99.73825,7.8589]],[[99.73825,7.8589],[99.73468,7.86807]],[[99.73468,7.86807],[99.73898,7.87531]],[[99.73898,7.87531],[99.73535,7.87867]],[[99.73535,7.87867],[99.73155,7.88828]],[[99.73155,7.88828],[99.73325,7.89557]],[[99.73325,7.89557],[99.73154,7.90059]],[[99.73154,7.90059],[99.73398,7.91174]],[[99.73398,7.91174],[99.73896,7.91725]],[[99.73896,7.91725],[99.74045,7.92663]],[[99.74045,7.92663],[99.73257,7.9322]],[[99.73257,7.9322],[99.72654,7.93989]],[[99.72654,7.93989],[99.73048,7.95292]],[[99.73048,7.95292],[99.73747,7.94908]],[[99.73747,7.94908],[99.74126,7.9525]],[[99.74126,7.9525],[99.74311,7.95956]],[[99.74311,7.95956],[99.74847,7.96909]],[[99.74847,7.96909],[99.75268,7.96959]],[[99.75268,7.96959],[99.75279,7.97821]],[[99.75279,7.97821],[99.75699,7.98313]],[[99.75699,7.98313],[99.75639,7.98657]],[[99.75639,7.98657],[99.748,7.98251]],[[99.748,7.98251],[99.74503,7.98398]],[[99.74503,7.98398],[99.74649,7.9905]],[[99.74649,7.9905],[99.75313,7.99359]],[[99.75313,7.99359],[99.75501,8.00087]],[[99.75501,8.00087],[99.75308,8.00783]],[[99.75308,8.00783],[99.74684,8.00604]],[[99.74684,8.00604],[99.74024,8.00899]],[[99.74024,8.00899],[99.73662,8.00293]],[[99.73662,8.00293],[99.73081,8.00215]],[[99.73081,8.00215],[99.72291,7.99553]],[[99.72291,7.99553],[99.72184,7.99743]],[[99.72184,7.99743],[99.71323,7.99017]],[[99.71323,7.99017],[99.70742,7.99244]],[[99.70742,7.99244],[99.69843,7.99112]],[[99.69843,7.99112],[99.69265,7.99721]],[[99.69265,7.99721],[99.68918,7.9952]],[[99.68918,7.9952],[99.68536,7.99864]],[[99.68536,7.99864],[99.67698,8.00135]],[[99.67698,8.00135],[99.67663,8.00622]],[[99.67663,8.00622],[99.66768,8.00641]],[[99.66768,8.00641],[99.65767,8.01274]],[[99.65767,8.01274],[99.65118,8.01031]],[[99.65118,8.01031],[99.64516,8.01179]],[[99.64516,8.01179],[99.63696,8.00823]],[[99.63696,8.00823],[99.631,8.00947]],[[99.631,8.00947],[99.62374,8.00223]],[[99.62374,8.00223],[99.61572,7.98766]],[[99.61572,7.98766],[99.60274,7.98559]],[[99.60274,7.98559],[99.60636,7.97829]],[[99.60636,7.97829],[99.60194,7.9782]],[[99.60194,7.9782],[99.59463,7.9637]],[[99.59463,7.9637],[99.59688,7.95977]],[[99.59688,7.95977],[99.59469,7.95687]],[[99.59469,7.95687],[99.58585,7.95685]],[[99.58585,7.95685],[99.5803,7.94473]],[[99.5803,7.94473],[99.57029,7.9456]],[[99.57029,7.9456],[99.56528,7.93451]],[[99.56528,7.93451],[99.56203,7.93658]],[[99.56203,7.93658],[99.56084,7.93267]],[[99.56084,7.93267],[99.56259,7.92396]],[[99.56259,7.92396],[99.5561,7.91756]],[[99.5561,7.91756],[99.55406,7.92013]],[[99.55406,7.92013],[99.5476,7.91836]],[[99.5476,7.91836],[99.54439,7.91074]],[[99.54439,7.91074],[99.54158,7.91166]],[[99.54158,7.91166],[99.54149,7.90204]],[[99.54149,7.90204],[99.53551,7.89854]],[[99.53551,7.89854],[99.53364,7.89125]],[[99.53364,7.89125],[99.53735,7.88748]],[[99.53735,7.88748],[99.53544,7.88281]],[[99.53544,7.88281],[99.53931,7.88232]],[[99.53931,7.88232],[99.51722,7.87608]],[[99.51722,7.87608],[99.50895,7.88486]],[[99.50895,7.88486],[99.50308,7.88654]],[[99.50308,7.88654],[99.4964,7.88263]],[[99.4964,7.88263],[99.48952,7.88727]],[[99.48952,7.88727],[99.48471,7.88226]],[[99.48471,7.88226],[99.47895,7.8825]],[[99.47895,7.8825],[99.4755,7.88833]],[[99.4755,7.88833],[99.47193,7.90442]],[[99.47193,7.90442],[99.46299,7.89922]],[[99.46299,7.89922],[99.45945,7.89203]],[[99.45945,7.89203],[99.45576,7.88903]],[[99.45576,7.88903],[99.44315,7.88619]],[[99.44315,7.88619],[99.44334,7.8805]],[[99.44334,7.8805],[99.43454,7.87679]],[[99.43454,7.87679],[99.42713,7.87542]],[[99.42713,7.87542],[99.42341,7.88307]],[[99.42341,7.88307],[99.41976,7.88399]],[[99.41976,7.88399],[99.41914,7.89381]],[[99.41914,7.89381],[99.41427,7.89951]],[[99.41427,7.89951],[99.41652,7.90351]],[[99.41652,7.90351],[99.41685,7.91097]],[[99.41685,7.91097],[99.41986,7.92049]],[[99.41986,7.92049],[99.42493,7.92695]],[[99.42493,7.92695],[99.42327,7.92826]],[[99.42327,7.92826],[99.41661,7.92409]],[[99.41661,7.92409],[99.39796,7.92457]],[[99.39796,7.92457],[99.38926,7.93205]],[[99.38926,7.93205],[99.3838,7.93356]],[[99.3838,7.93356],[99.37643,7.94092]],[[99.37643,7.94092],[99.36522,7.94497]],[[99.36522,7.94497],[99.36981,7.94658]],[[99.36981,7.94658],[99.38403,7.94095]],[[99.38403,7.94095],[99.38779,7.94371]],[[99.38779,7.94371],[99.39295,7.95182]],[[99.39295,7.95182],[99.39899,7.95724]],[[99.39899,7.95724],[99.39391,7.95912]],[[99.39391,7.95912],[99.3929,7.96587]],[[99.3929,7.96587],[99.39713,7.97647]],[[99.39713,7.97647],[99.39561,7.9816]],[[99.39561,7.9816],[99.40156,7.98639]],[[99.40156,7.98639],[99.39995,7.98775]],[[99.39995,7.98775],[99.4064,7.99279]],[[99.4064,7.99279],[99.40883,7.998]],[[99.40883,7.998],[99.41497,7.99976]],[[99.41497,7.99976],[99.41416,8.00495]],[[99.41416,8.00495],[99.40657,8.0124]],[[99.40657,8.0124],[99.40618,8.01848]],[[99.40618,8.01848],[99.40227,8.02679]],[[99.40227,8.02679],[99.40021,8.03651]],[[99.40021,8.03651],[99.39679,8.0406]],[[99.39679,8.0406],[99.39391,8.05472]],[[99.39391,8.05472],[99.38741,8.06308]],[[99.38741,8.06308],[99.3866,8.07188]],[[99.3866,8.07188],[99.38283,8.07247]],[[99.38283,8.07247],[99.38516,8.08348]],[[99.38516,8.08348],[99.39282,8.08518]],[[99.39282,8.08518],[99.39132,8.10059]],[[99.39132,8.10059],[99.39298,8.10693]],[[99.39298,8.10693],[99.38857,8.11484]],[[99.38857,8.11484],[99.38539,8.1316]],[[99.38539,8.1316],[99.38881,8.13502]],[[99.38881,8.13502],[99.38485,8.14372]],[[99.38485,8.14372],[99.36392,8.13596]],[[99.36392,8.13596],[99.36347,8.13311]],[[99.36347,8.13311],[99.35039,8.13373]],[[99.35039,8.13373],[99.34796,8.13622]],[[99.34796,8.13622],[99.33325,8.13439]],[[99.33325,8.13439],[99.31849,8.13495]],[[99.31849,8.13495],[99.30455,8.13438]],[[99.30455,8.13438],[99.30256,8.13127]],[[99.30256,8.13127],[99.29644,8.13207]],[[99.29644,8.13207],[99.29588,8.13777]],[[99.29588,8.13777],[99.29846,8.14147]],[[99.29846,8.14147],[99.29374,8.14868]],[[99.29374,8.14868],[99.28837,8.151]],[[99.28837,8.151],[99.28948,8.16444]],[[99.28948,8.16444],[99.29774,8.16681]],[[99.29774,8.16681],[99.2984,8.17102]],[[99.2984,8.17102],[99.30269,8.16952]],[[99.30269,8.16952],[99.30839,8.17582]],[[99.30839,8.17582],[99.30589,8.18704]],[[99.30589,8.18704],[99.30757,8.19189]],[[99.30757,8.19189],[99.31186,8.1949]],[[99.31186,8.1949],[99.31636,8.19295]],[[99.31636,8.19295],[99.31947,8.19659]],[[99.31947,8.19659],[99.31908,8.20471]],[[99.31908,8.20471],[99.3222,8.20758]],[[99.3222,8.20758],[99.3197,8.2139]],[[99.3197,8.2139],[99.32058,8.21812]],[[99.32058,8.21812],[99.31732,8.21984]],[[99.31732,8.21984],[99.31552,8.22794]],[[99.31552,8.22794],[99.31183,8.23477]],[[99.31183,8.23477],[99.31709,8.2423]],[[99.31709,8.2423],[99.32082,8.24236]],[[99.32082,8.24236],[99.32272,8.25103]],[[99.32272,8.25103],[99.33305,8.25731]],[[99.33305,8.25731],[99.33622,8.26825]],[[99.33622,8.26825],[99.33233,8.27289]],[[99.33233,8.27289],[99.33103,8.29047]],[[99.33103,8.29047],[99.32501,8.29616]],[[99.32501,8.29616],[99.32124,8.29304]],[[99.32124,8.29304],[99.29847,8.30705]],[[99.29847,8.30705],[99.2996,8.31514]],[[99.2996,8.31514],[99.29382,8.31173]],[[99.29382,8.31173],[99.29036,8.31256]],[[99.29036,8.31256],[99.28908,8.31667]],[[99.28908,8.31667],[99.28279,8.31624]],[[99.28279,8.31624],[99.2828,8.32432]],[[99.2828,8.32432],[99.28028,8.33392]],[[99.28028,8.33392],[99.2822,8.33695]],[[99.2822,8.33695],[99.27921,8.34159]],[[99.27921,8.34159],[99.27366,8.34391]],[[99.27366,8.34391],[99.27762,8.34721]],[[99.27762,8.34721],[99.27564,8.35114]],[[99.27564,8.35114],[99.27187,8.34924]],[[99.27187,8.34924],[99.25953,8.35228]],[[99.25953,8.35228],[99.25783,8.35727]],[[99.25783,8.35727],[99.24516,8.36742]],[[99.24516,8.36742],[99.24353,8.36521]],[[99.24353,8.36521],[99.23762,8.37615]],[[99.23762,8.37615],[99.23926,8.38118]],[[99.23926,8.38118],[99.2345,8.38585]],[[99.2345,8.38585],[99.23738,8.39262]],[[99.23738,8.39262],[99.23449,8.39785]],[[99.23449,8.39785],[99.23978,8.39965]],[[99.23978,8.39965],[99.24908,8.41038]],[[99.24908,8.41038],[99.24887,8.41898]],[[99.24887,8.41898],[99.25404,8.42839]],[[99.25404,8.42839],[99.2622,8.4392]],[[99.2622,8.4392],[99.25958,8.44834]],[[99.25958,8.44834],[99.26442,8.44965]],[[99.26442,8.44965],[99.2668,8.45458]],[[99.2668,8.45458],[99.27198,8.45415]],[[99.27198,8.45415],[99.27022,8.45775]],[[99.27022,8.45775],[99.2765,8.45511]],[[99.2765,8.45511],[99.27783,8.46161]],[[99.27783,8.46161],[99.28247,8.46501]],[[99.28247,8.46501],[99.28794,8.4638]],[[99.28794,8.4638],[99.28625,8.46934]],[[99.28625,8.46934],[99.30362,8.47442]],[[99.30362,8.47442],[99.3097,8.47366]],[[99.3097,8.47366],[99.31877,8.47538]],[[99.31877,8.47538],[99.32016,8.48047]],[[99.32016,8.48047],[99.33156,8.48873]],[[99.33156,8.48873],[99.3295,8.49286]],[[99.3295,8.49286],[99.34667,8.49599]],[[99.34667,8.49599],[99.3505,8.49346]],[[99.3505,8.49346],[99.35012,8.49894]],[[99.35012,8.49894],[99.36458,8.50172]],[[99.36458,8.50172],[99.36417,8.5055]],[[99.36417,8.5055],[99.37464,8.51035]],[[99.37464,8.51035],[99.37802,8.51619]],[[99.37802,8.51619],[99.38966,8.5164]],[[99.38966,8.5164],[99.38953,8.51235]],[[99.38953,8.51235],[99.39482,8.51308]],[[99.39482,8.51308],[99.39515,8.52295]],[[99.39515,8.52295],[99.39374,8.5297]],[[99.39374,8.5297],[99.40125,8.53661]],[[99.40125,8.53661],[99.40091,8.54416]],[[99.40091,8.54416],[99.40467,8.54539]],[[99.40467,8.54539],[99.40761,8.55035]],[[99.40761,8.55035],[99.41771,8.5521]],[[99.41771,8.5521],[99.41369,8.56414]],[[99.41369,8.56414],[99.41642,8.56955]],[[99.41642,8.56955],[99.42072,8.57068]],[[99.42072,8.57068],[99.42376,8.57709]],[[99.42376,8.57709],[99.42838,8.57936]],[[99.42838,8.57936],[99.42931,8.58349]],[[99.42931,8.58349],[99.43361,8.5828]],[[99.43361,8.5828],[99.43557,8.58765]],[[99.43557,8.58765],[99.44047,8.59033]],[[99.44047,8.59033],[99.44249,8.59914]],[[99.44249,8.59914],[99.45249,8.5985]],[[99.45249,8.5985],[99.45666,8.60736]],[[99.45666,8.60736],[99.45369,8.61415]],[[99.45369,8.61415],[99.44868,8.61945]],[[99.44868,8.61945],[99.44872,8.63178]],[[99.44872,8.63178],[99.45449,8.63951]],[[99.45449,8.63951],[99.45466,8.64261]],[[99.45466,8.64261],[99.46326,8.6505]],[[99.46326,8.6505],[99.47099,8.64587]],[[99.47099,8.64587],[99.4798,8.64701]],[[99.4798,8.64701],[99.48159,8.65149]],[[99.48159,8.65149],[99.47915,8.65796]],[[99.47915,8.65796],[99.48431,8.66212]],[[99.48431,8.66212],[99.48929,8.67122]],[[99.48929,8.67122],[99.49633,8.67197]],[[99.49633,8.67197],[99.49295,8.68067]],[[99.49295,8.68067],[99.49853,8.68522]],[[99.49853,8.68522],[99.49613,8.69389]],[[99.49613,8.69389],[99.49203,8.69691]],[[99.49203,8.69691],[99.50729,8.70703]],[[99.50729,8.70703],[99.50701,8.71222]],[[99.50701,8.71222],[99.51529,8.71768]],[[99.51529,8.71768],[99.52188,8.71929]],[[99.52188,8.71929],[99.52323,8.72699]],[[99.52323,8.72699],[99.53041,8.75127]],[[99.53041,8.75127],[99.53065,8.75976]],[[99.53065,8.75976],[99.52365,8.76212]],[[99.52365,8.76212],[99.52136,8.76779]],[[99.52136,8.76779],[99.52363,8.77687]],[[99.52363,8.77687],[99.52231,8.78429]],[[99.52231,8.78429],[99.52249,8.79504]],[[99.52249,8.79504],[99.52772,8.81278]],[[99.52772,8.81278],[99.52671,8.81693]],[[99.52671,8.81693],[99.52058,8.82454]],[[99.52058,8.82454],[99.51996,8.83212]],[[99.51996,8.83212],[99.5176,8.83614]],[[99.5176,8.83614],[99.52163,8.84525]],[[99.52163,8.84525],[99.53419,8.8506]],[[99.53419,8.8506],[99.54076,8.85163]],[[99.54076,8.85163],[99.54569,8.84775]],[[99.54569,8.84775],[99.55953,8.85088]],[[99.55953,8.85088],[99.55948,8.86073]],[[99.55948,8.86073],[99.55602,8.86628]],[[99.55602,8.86628],[99.55347,8.87616]],[[99.55347,8.87616],[99.55676,8.87679]],[[99.55676,8.87679],[99.5647,8.8828]],[[99.5647,8.8828],[99.5741,8.892]],[[99.5741,8.892],[99.57556,8.89754]],[[99.57556,8.89754],[99.57624,8.91106]],[[99.57624,8.91106],[99.57968,8.9112]],[[99.57968,8.9112],[99.58286,8.91809]],[[99.58286,8.91809],[99.59333,8.91995]],[[99.59333,8.91995],[99.5959,8.92542]],[[99.5959,8.92542],[99.60092,8.9246]],[[99.60092,8.9246],[99.60302,8.9275]],[[99.60302,8.9275],[99.61412,8.92788]],[[99.61412,8.92788],[99.61855,8.92376]],[[99.61855,8.92376],[99.61698,8.91813]],[[99.61698,8.91813],[99.62071,8.91378]],[[99.62071,8.91378],[99.63109,8.91274]],[[99.63109,8.91274],[99.63888,8.91787]],[[99.63888,8.91787],[99.63313,8.9224]],[[99.63313,8.9224],[99.64398,8.92863]],[[99.64398,8.92863],[99.64841,8.92956]],[[99.64841,8.92956],[99.64752,8.9234]],[[99.64752,8.9234],[99.66418,8.9243]],[[99.66418,8.9243],[99.67065,8.9288]],[[99.67065,8.9288],[99.68668,8.93089]],[[99.68668,8.93089],[99.69641,8.93581]],[[99.69641,8.93581],[99.69808,8.94319]],[[99.69808,8.94319],[99.69492,8.95233]],[[99.69492,8.95233],[99.68858,8.95947]],[[99.68858,8.95947],[99.69273,8.96394]],[[99.69273,8.96394],[99.69419,8.97458]],[[99.69419,8.97458],[99.70258,8.974]],[[99.70258,8.974],[99.70523,8.9719]],[[99.70523,8.9719],[99.71341,8.97113]],[[99.71341,8.97113],[99.71781,8.97725]],[[99.71781,8.97725],[99.72244,8.97735]],[[99.72244,8.97735],[99.72475,8.98589]],[[99.72475,8.98589],[99.73096,8.99432]],[[99.73096,8.99432],[99.73111,9.00614]],[[99.73111,9.00614],[99.73402,9.00716]],[[99.73402,9.00716],[99.73381,9.01359]],[[99.73381,9.01359],[99.73698,9.01432]],[[99.73698,9.01432],[99.74082,9.02332]],[[99.74082,9.02332],[99.74433,9.02689]],[[99.74433,9.02689],[99.74,9.03751]],[[99.74,9.03751],[99.74377,9.04163]],[[99.74377,9.04163],[99.7449,9.04859]],[[99.7449,9.04859],[99.74067,9.0568]],[[99.74067,9.0568],[99.74734,9.06728]],[[99.74734,9.06728],[99.75666,9.06862]],[[99.75666,9.06862],[99.76389,9.07168]],[[99.76389,9.07168],[99.76685,9.08185]],[[99.76685,9.08185],[99.76432,9.08775]],[[99.76432,9.08775],[99.77006,9.09189]],[[99.77006,9.09189],[99.77194,9.09884]],[[99.77194,9.09884],[99.76183,9.10351]],[[99.76183,9.10351],[99.75339,9.10931]],[[99.75339,9.10931],[99.74225,9.11087]],[[99.74225,9.11087],[99.74073,9.11424]],[[99.74073,9.11424],[99.72456,9.11276]],[[99.72456,9.11276],[99.73322,9.12079]],[[99.73322,9.12079],[99.73374,9.12713]],[[99.73374,9.12713],[99.72848,9.13591]],[[99.72848,9.13591],[99.72425,9.1373]],[[99.72425,9.1373],[99.7244,9.14106]],[[99.7244,9.14106],[99.71988,9.14501]],[[99.71988,9.14501],[99.72216,9.15085]],[[99.72216,9.15085],[99.72054,9.15544]],[[99.72054,9.15544],[99.72758,9.16162]],[[99.72758,9.16162],[99.73247,9.15993]],[[99.73247,9.15993],[99.7389,9.17074]],[[99.7389,9.17074],[99.74216,9.18097]],[[99.74216,9.18097],[99.74156,9.19233]],[[99.74156,9.19233],[99.73905,9.19962]],[[99.73905,9.19962],[99.74713,9.20412]],[[99.74713,9.20412],[99.74713,9.2136]],[[99.74713,9.2136],[99.75326,9.21959]],[[99.75326,9.21959],[99.7509,9.22663]],[[99.7509,9.22663],[99.75091,9.24174]],[[99.75091,9.24174],[99.74811,9.26303]],[[99.74811,9.26303],[99.75814,9.26745]],[[99.75814,9.26745],[99.76276,9.26795]],[[99.76276,9.26795],[99.76783,9.26137]],[[99.76783,9.26137],[99.77159,9.26089]],[[99.77159,9.26089],[99.77326,9.26945]],[[99.77326,9.26945],[99.77119,9.28074]],[[99.77119,9.28074],[99.76724,9.28225]],[[99.76724,9.28225],[99.76326,9.29148]],[[99.76326,9.29148],[99.76584,9.29797]],[[99.76584,9.29797],[99.76399,9.30222]],[[99.76399,9.30222],[99.76438,9.31213]],[[99.76438,9.31213],[99.76913,9.3228]],[[99.76913,9.3228],[99.77508,9.3176],[99.77509,9.31262],[99.7787,9.30941],[99.78525,9.31167],[99.79221,9.30897],[99.79725,9.31525],[99.79751,9.30894],[99.80102,9.31923],[99.80554,9.31613],[99.7993,9.30534],[99.81004,9.29916],[99.82001,9.29669],[99.82442,9.29775],[99.82804,9.30876],[99.82999,9.31022],[99.83739,9.30325],[99.83824,9.29463],[99.8435,9.29358],[99.84211,9.28397],[99.84626,9.28171],[99.84482,9.26305],[99.84879,9.25292],[99.8599,9.25236],[99.86388,9.24812],[99.8648,9.2373],[99.87049,9.23767],[99.8707,9.22898],[99.87421,9.22166],[99.87887,9.2185],[99.88081,9.20703],[99.87717,9.20701],[99.87518,9.19147],[99.87394,9.15902],[99.87562,9.14073],[99.8797,9.12817],[99.88206,9.125],[99.89045,9.12528],[99.89782,9.1177],[99.89941,9.11084],[99.90344,9.10871],[99.9091,9.09907],[99.90949,9.08961],[99.91314,9.0842],[99.91011,9.0786],[99.91093,9.05126],[99.91413,9.02179],[99.92315,9.00744],[99.92887,9.00759],[99.92649,9.00366],[99.92212,9.00514],[99.91705,8.99764],[99.91496,8.98287],[99.91353,8.96359],[99.91331,8.94538],[99.91616,8.90479],[99.92151,8.86142],[99.92684,8.82834],[99.93083,8.80827],[99.93538,8.78987],[99.93518,8.77911],[99.93686,8.75727],[99.94118,8.71891],[99.94625,8.68501],[99.95173,8.66341],[99.95004,8.65138],[99.9522,8.63311],[99.96161,8.60811],[99.97067,8.59789],[99.97386,8.59247],[99.97127,8.58913],[99.97806,8.58688],[99.9849,8.59434],[99.99472,8.59205],[100.00642,8.58223],[100.01141,8.57444],[100.00539,8.57019],[100.00694,8.56682],[100.01372,8.56482],[100.0227,8.55192],[100.02887,8.5413],[100.03367,8.53671],[100.04695,8.51714],[100.0478,8.51073],[100.05344,8.49986],[100.0618,8.47694],[100.06119,8.47411],[100.06794,8.46493],[100.07119,8.45572],[100.07324,8.44033],[100.07643,8.43283],[100.08721,8.41454],[100.09824,8.41509],[100.10649,8.40836],[100.11904,8.40414],[100.12776,8.39787],[100.13849,8.38826],[100.15213,8.38696],[100.15422,8.39128],[100.15787,8.39151],[100.16506,8.3871],[100.1733,8.38809],[100.16887,8.39548],[100.15259,8.41524],[100.15015,8.42355],[100.15037,8.43035],[100.14734,8.44299],[100.15097,8.45246],[100.15514,8.46882],[100.1588,8.47699],[100.16421,8.48421],[100.16136,8.49063],[100.1609,8.49842],[100.15435,8.50301],[100.14837,8.50987],[100.13563,8.51363],[100.13137,8.51292],[100.12479,8.51688],[100.11874,8.51629],[100.11343,8.51881],[100.12925,8.52118],[100.14775,8.51601],[100.16796,8.50379],[100.18473,8.48861],[100.19721,8.47299],[100.21104,8.44949],[100.22264,8.4227],[100.23148,8.39874],[100.23585,8.38503],[100.24621,8.35688],[100.25503,8.32893],[100.25926,8.31746],[100.26732,8.28931],[100.28032,8.23947],[100.28914,8.19974],[100.29095,8.18825],[100.29346,8.18167],[100.30495,8.11606],[100.30859,8.09267],[100.32965,7.9669],[100.33571,7.934],[100.33657,7.9318]],[[99.78384,9.32286],[99.78508,9.32338],[99.78463,9.3223],[99.78384,9.32286]],[[99.77845,9.32584],[99.78228,9.32343],[99.77967,9.32048],[99.7685,9.32404],[99.76872,9.32587],[99.77845,9.32584]],[[99.36522,7.94497],[99.36499,7.93772]],[[99.36499,7.93772],[99.35565,7.93242]],[[99.35565,7.93242],[99.33377,7.92879]],[[99.33377,7.92879],[99.33517,7.91976]],[[99.33517,7.91976],[99.33827,7.91311]],[[99.33827,7.91311],[99.33644,7.90426]],[[99.33644,7.90426],[99.33009,7.89115]],[[99.33009,7.89115],[99.33204,7.88303]],[[99.33204,7.88303],[99.32246,7.8709]],[[99.32246,7.8709],[99.31482,7.86577]],[[99.31482,7.86577],[99.29735,7.86395]],[[99.29735,7.86395],[99.28752,7.85912]],[[99.28752,7.85912],[99.28511,7.85382]],[[99.28511,7.85382],[99.27993,7.85052]],[[99.27993,7.85052],[99.27817,7.84637]],[[99.27817,7.84637],[99.28425,7.83571]],[[99.28425,7.83571],[99.28804,7.83344]],[[99.28804,7.83344],[99.2942,7.8251]],[[99.2942,7.8251],[99.29361,7.81972]],[[99.29361,7.81972],[99.28715,7.81769]],[[99.28715,7.81769],[99.28715,7.81005]],[[99.28715,7.81005],[99.29264,7.81075]],[[99.29264,7.81075],[99.30322,7.80819]],[[99.30322,7.80819],[99.30266,7.80121]],[[99.30266,7.80121],[99.29979,7.79449]],[[99.29979,7.79449],[99.3017,7.79071]],[[99.3017,7.79071],[99.29653,7.78351]],[[99.29653,7.78351],[99.28824,7.77501]],[[99.28824,7.77501],[99.28901,7.76244]],[[99.28901,7.76244],[99.29186,7.76038]],[[99.29186,7.76038],[99.30553,7.756]],[[99.30553,7.756],[99.30787,7.73839]],[[99.30787,7.73839],[99.31121,7.73758]],[[99.31121,7.73758],[99.31272,7.72918]],[[99.31272,7.72918],[99.30729,7.71912]],[[99.30729,7.71912],[99.31018,7.71233]],[[99.31018,7.71233],[99.30972,7.70533]],[[99.30972,7.70533],[99.30413,7.69969]],[[99.30413,7.69969],[99.29739,7.68763]],[[99.29739,7.68763],[99.29207,7.69015]],[[99.29207,7.69015],[99.28742,7.6885]],[[99.28742,7.6885],[99.28556,7.67939]],[[99.28556,7.67939],[99.27952,7.68098]],[[99.27952,7.68098],[99.2708,7.67414]],[[99.2708,7.67414],[99.25948,7.65736]],[[99.25948,7.65736],[99.24747,7.66635],[99.24358,7.67527],[99.23607,7.67791],[99.22734,7.67171],[99.22296,7.6769],[99.21318,7.67927],[99.20671,7.67537],[99.20617,7.67143],[99.20001,7.66908],[99.19655,7.671],[99.19798,7.67771],[99.20401,7.68145],[99.2064,7.68922],[99.20502,7.6928],[99.20057,7.69766],[99.19764,7.69257],[99.19138,7.69463],[99.19013,7.69979],[99.18334,7.70437],[99.1768,7.7062],[99.17565,7.71668],[99.17191,7.72133],[99.17064,7.72699],[99.15892,7.73903],[99.15297,7.74235],[99.147,7.74034],[99.13993,7.74744],[99.13791,7.75227],[99.13526,7.75109],[99.13021,7.76004],[99.11579,7.76016],[99.11579,7.75197],[99.11185,7.74057],[99.111,7.72607],[99.10675,7.72685],[99.10929,7.71965],[99.10758,7.70681],[99.102,7.69603],[99.09605,7.69154],[99.08414,7.69053],[99.07828,7.69308],[99.06697,7.69512],[99.06473,7.69775],[99.05181,7.69723],[99.04142,7.70293],[99.03046,7.73049],[99.02486,7.74624],[99.02043,7.76566],[99.02648,7.77406],[99.02246,7.78561],[99.03144,7.79711],[99.02668,7.80177],[99.0257,7.80776],[99.01824,7.81703],[99.01724,7.82323],[99.02211,7.82381],[99.02296,7.82765],[99.03599,7.83032],[99.04354,7.83412],[99.04584,7.84291],[99.04478,7.84606],[99.04785,7.85282],[99.06019,7.85179],[99.06532,7.85525],[99.06558,7.86883],[99.06968,7.87405],[99.06619,7.87673],[99.05908,7.87715],[99.06378,7.90516],[99.05569,7.90601],[99.04656,7.89906],[99.02645,7.88987],[99.02122,7.89807],[99.021,7.91208],[99.01504,7.92581],[99.00764,7.92888],[99.00369,7.93451],[98.99813,7.93313],[98.99353,7.94039],[98.99084,7.94125],[98.9833,7.93796],[98.97825,7.93982],[98.9725,7.93252],[98.95899,7.95951],[98.9462,7.97797],[98.94206,7.9888],[98.94383,7.99358],[98.9498,7.99694],[98.95342,7.99646],[98.95781,7.99997],[98.95083,8.00481],[98.9458,8.01177],[98.93013,8.02682],[98.91857,8.03526],[98.91281,8.04522],[98.89852,8.03783],[98.89528,8.03053],[98.89233,8.03049],[98.88504,8.02206],[98.8794,8.02111],[98.86492,8.02936],[98.85906,8.02759],[98.85688,8.02201],[98.85155,8.01776],[98.85071,8.01285],[98.84314,8.0123],[98.84107,8.00772],[98.84453,8.00521],[98.84344,8.00172],[98.83527,8.00845],[98.83733,8.01185],[98.83393,8.01709],[98.82654,8.01733],[98.82925,8.0222],[98.82665,8.02613],[98.81444,8.03718],[98.81517,8.03932],[98.80782,8.04366],[98.799,8.0465],[98.7945,8.04488],[98.78577,8.0452],[98.77197,8.04034],[98.77191,8.02979],[98.77368,8.02388],[98.76911,8.02109],[98.76441,8.02346],[98.76533,8.03641],[98.75886,8.04835],[98.74889,8.05494],[98.74375,8.06529],[98.74487,8.07197],[98.73996,8.07797],[98.7428,8.0854],[98.7458,8.08764],[98.74693,8.10791],[98.74554,8.11331],[98.74802,8.11501],[98.74823,8.12143],[98.75274,8.12283],[98.75729,8.13],[98.75607,8.13662],[98.75096,8.13736],[98.74695,8.14196],[98.74307,8.13457],[98.73528,8.13603],[98.74097,8.14187],[98.73825,8.15656],[98.74335,8.16004],[98.74626,8.16776],[98.74805,8.17799],[98.75147,8.18246],[98.74824,8.19711],[98.74798,8.20547],[98.74247,8.21141],[98.73661,8.22951],[98.73776,8.23707],[98.73101,8.23841],[98.72798,8.24714],[98.72195,8.24205],[98.72309,8.23338],[98.71633,8.22051],[98.70866,8.2228],[98.71665,8.23836],[98.71579,8.24095],[98.71926,8.25155],[98.71913,8.26414],[98.7127,8.2658],[98.71446,8.27407],[98.71217,8.27818],[98.71081,8.28741],[98.70606,8.28801],[98.70644,8.2998],[98.7109,8.31338],[98.70765,8.31623],[98.69859,8.30865],[98.68287,8.30296],[98.67998,8.29745],[98.66965,8.29343],[98.66189,8.28764],[98.65385,8.27952],[98.65013,8.27317],[98.643,8.28229],[98.6364,8.28573],[98.63545,8.27594],[98.63112,8.28307],[98.62753,8.28322],[98.62553,8.29094],[98.62777,8.29269],[98.62426,8.29818],[98.63023,8.29984],[98.62564,8.30618],[98.62566,8.313],[98.63312,8.31872],[98.63169,8.32689],[98.63695,8.32958],[98.63725,8.33906],[98.63311,8.34436],[98.63997,8.35035],[98.63966,8.35554],[98.63634,8.35901],[98.6348,8.36601],[98.63701,8.3708],[98.63543,8.37537]],[[98.63543,8.37537],[98.65909,8.3811]],[[98.65909,8.3811],[98.6624,8.38479]],[[98.6624,8.38479],[98.66081,8.39194]],[[98.66081,8.39194],[98.65713,8.39762]],[[98.65713,8.39762],[98.64508,8.40793]],[[98.64508,8.40793],[98.64515,8.4156]],[[98.64515,8.4156],[98.64913,8.42062]],[[98.64913,8.42062],[98.65591,8.4245]],[[98.65591,8.4245],[98.6632,8.42526]],[[98.6632,8.42526],[98.66573,8.436]],[[98.66573,8.436],[98.66364,8.44008]],[[98.66364,8.44008],[98.66578,8.44962]],[[98.66578,8.44962],[98.66507,8.45499]],[[98.66507,8.45499],[98.67099,8.45839]],[[98.67099,8.45839],[98.66602,8.45886]],[[98.66602,8.45886],[98.66519,8.46637]],[[98.66519,8.46637],[98.65368,8.475]],[[98.65368,8.475],[98.65027,8.48334]],[[98.65027,8.48334],[98.65397,8.48241]],[[98.65397,8.48241],[98.65703,8.48738]],[[98.65703,8.48738],[98.66221,8.49052]],[[98.66221,8.49052],[98.66234,8.49784]],[[98.66234,8.49784],[98.6654,8.49912]],[[98.6654,8.49912],[98.67426,8.52136]],[[98.67426,8.52136],[98.67753,8.52052]],[[98.67753,8.52052],[98.67756,8.5281]],[[98.67756,8.5281],[98.68115,8.53742]],[[98.68115,8.53742],[98.68048,8.54421]],[[98.68048,8.54421],[98.68243,8.55313]],[[98.68243,8.55313],[98.6873,8.56577]],[[98.6873,8.56577],[98.69194,8.5722]],[[98.69194,8.5722],[98.69106,8.57601]],[[98.69106,8.57601],[98.69677,8.58091]],[[98.69677,8.58091],[98.70741,8.59637]],[[98.70741,8.59637],[98.70649,8.6034]],[[98.70649,8.6034],[98.70338,8.60393]],[[98.70338,8.60393],[98.70214,8.61265]],[[98.70214,8.61265],[98.7036,8.61757]],[[98.7036,8.61757],[98.70147,8.62266]],[[98.70147,8.62266],[98.70344,8.63198]],[[98.70344,8.63198],[98.70671,8.62852]],[[98.70671,8.62852],[98.71315,8.6332]],[[98.71315,8.6332],[98.72319,8.63081]],[[98.72319,8.63081],[98.73518,8.65214]],[[98.73518,8.65214],[98.73681,8.65893]],[[98.73681,8.65893],[98.74126,8.66383]],[[98.74126,8.66383],[98.74764,8.67511]],[[98.74764,8.67511],[98.75697,8.67349]],[[98.75697,8.67349],[98.76822,8.67387]],[[98.76822,8.67387],[98.77273,8.67133]],[[98.77273,8.67133],[98.77274,8.66779]],[[98.77274,8.66779],[98.77731,8.66235]],[[98.77731,8.66235],[98.78176,8.66102]],[[98.78176,8.66102],[98.78674,8.65089]],[[98.78674,8.65089],[98.7983,8.65106]],[[98.7983,8.65106],[98.79967,8.65751]],[[98.79967,8.65751],[98.81432,8.66563]],[[98.81432,8.66563],[98.83955,8.67735]],[[98.83955,8.67735],[98.8536,8.67866]],[[98.8536,8.67866],[98.85919,8.68076]],[[98.85919,8.68076],[98.871,8.68028]],[[98.871,8.68028],[98.88798,8.68134]],[[98.88798,8.68134],[98.89304,8.6732]],[[98.89304,8.6732],[98.89107,8.67008]],[[98.89107,8.67008],[98.89251,8.66249]],[[98.89251,8.66249],[98.89776,8.65769]],[[98.89776,8.65769],[98.90245,8.64613]],[[98.90245,8.64613],[98.89976,8.64231]],[[98.89976,8.64231],[98.90364,8.63489]],[[98.90364,8.63489],[98.9024,8.6325]],[[98.9024,8.6325],[98.90802,8.62515]],[[98.90802,8.62515],[98.90911,8.62082]],[[98.90911,8.62082],[98.91973,8.61479]],[[98.91973,8.61479],[98.91669,8.60164]],[[98.91669,8.60164],[98.9198,8.59509]],[[98.9198,8.59509],[98.92922,8.59319]],[[98.92922,8.59319],[98.9312,8.58738]],[[98.9312,8.58738],[98.93778,8.57797]],[[98.93778,8.57797],[98.93837,8.56465]],[[98.93837,8.56465],[98.93191,8.55085]],[[98.93191,8.55085],[98.93493,8.53945]],[[98.93493,8.53945],[98.9417,8.53298]],[[98.9417,8.53298],[98.94309,8.52265]],[[98.94309,8.52265],[98.94349,8.5063]],[[98.94349,8.5063],[98.94592,8.49661]],[[98.94592,8.49661],[98.95079,8.49205]],[[98.95079,8.49205],[98.94703,8.48094]],[[98.94703,8.48094],[98.94852,8.47206]],[[98.94852,8.47206],[98.94572,8.46738]],[[98.94572,8.46738],[98.94456,8.46011]],[[98.94456,8.46011],[98.94103,8.45718]],[[98.94103,8.45718],[98.94277,8.45268]],[[98.94277,8.45268],[98.9388,8.44244]],[[98.9388,8.44244],[98.94245,8.43674]],[[98.94245,8.43674],[98.94812,8.42256]],[[98.94812,8.42256],[98.956,8.42206]],[[98.956,8.42206],[98.9659,8.41818]],[[98.9659,8.41818],[98.9737,8.41725]],[[98.9737,8.41725],[98.97479,8.40987]],[[98.97479,8.40987],[98.99242,8.40077]],[[98.99242,8.40077],[98.99351,8.39451]],[[98.99351,8.39451],[99.00163,8.39265]],[[99.00163,8.39265],[99.00071,8.39021]],[[99.00071,8.39021],[99.00812,8.38535]],[[99.00812,8.38535],[99.00904,8.38264]],[[99.00904,8.38264],[99.01504,8.38174]],[[99.01504,8.38174],[99.0228,8.37538]],[[99.0228,8.37538],[99.02759,8.36721]],[[99.02759,8.36721],[99.03492,8.36658]],[[99.03492,8.36658],[99.03612,8.36228]],[[99.03612,8.36228],[99.04172,8.36284]],[[99.04172,8.36284],[99.0509,8.36038]],[[99.0509,8.36038],[99.06181,8.35957]],[[99.06181,8.35957],[99.0743,8.36245]],[[99.0743,8.36245],[99.07464,8.36413]],[[99.07464,8.36413],[99.08932,8.36198]],[[99.08932,8.36198],[99.09084,8.36446]],[[99.09084,8.36446],[99.10555,8.36628]],[[99.10555,8.36628],[99.10565,8.3648]],[[99.10565,8.3648],[99.12334,8.36653]],[[99.12334,8.36653],[99.13706,8.36054]],[[99.13706,8.36054],[99.15089,8.35956]],[[99.15089,8.35956],[99.16401,8.36911]],[[99.16401,8.36911],[99.17247,8.36766]],[[99.17247,8.36766],[99.17857,8.37195]],[[99.17857,8.37195],[99.18572,8.36885]],[[99.18572,8.36885],[99.18598,8.36289]],[[99.18598,8.36289],[99.19545,8.36533]],[[99.19545,8.36533],[99.20503,8.36605]],[[99.20503,8.36605],[99.20178,8.3627]],[[99.20178,8.3627],[99.2055,8.35586]],[[99.2055,8.35586],[99.20985,8.34223]],[[99.20985,8.34223],[99.20965,8.33599]],[[99.20965,8.33599],[99.21527,8.33006]],[[99.21527,8.33006],[99.23169,8.31787]],[[99.23169,8.31787],[99.25685,8.3027]],[[99.25685,8.3027],[99.26394,8.3008]],[[99.26394,8.3008],[99.28098,8.30433]],[[99.28098,8.30433],[99.28241,8.31093]],[[99.28241,8.31093],[99.29059,8.30868]],[[99.29059,8.30868],[99.29036,8.31256]],[[99.11407,7.48914],[99.11272,7.48799],[99.11262,7.48935],[99.11407,7.48914]],[[99.11684,7.49402],[99.12035,7.4992],[99.12091,7.49441],[99.11684,7.49402]],[[99.12097,7.54354],[99.12675,7.54169],[99.13652,7.53355],[99.13374,7.52874],[99.12565,7.53217],[99.12417,7.53567],[99.11723,7.54148],[99.12097,7.54354]],[[99.08658,7.54486],[99.08701,7.54519],[99.08717,7.54485],[99.08658,7.54486]],[[99.08881,7.54565],[99.089,7.54591],[99.08925,7.54566],[99.08881,7.54565]],[[99.09042,7.55064],[99.08881,7.55132],[99.09004,7.5519],[99.09042,7.55064]],[[99.1418,7.56007],[99.14355,7.56339],[99.14625,7.55937],[99.1418,7.56007]],[[99.09671,7.56368],[99.09503,7.56424],[99.09642,7.56468],[99.09671,7.56368]],[[99.14126,7.57295],[99.14093,7.57981],[99.1435,7.57409],[99.14126,7.57295]],[[99.14766,7.59105],[99.14892,7.58398],[99.1468,7.58199],[99.14201,7.58757],[99.14222,7.59399],[99.14766,7.59105]],[[98.86563,7.61657],[98.86538,7.61167],[98.86323,7.61696],[98.86563,7.61657]],[[99.15164,7.61494],[99.15111,7.60881],[99.14721,7.61041],[99.14878,7.61832],[99.15164,7.61494]],[[99.14617,7.63859],[99.15001,7.62815],[99.14868,7.61879],[99.1447,7.61705],[99.1455,7.6225],[99.14184,7.63399],[99.13853,7.64026],[99.14617,7.63859]],[[99.19058,7.6484],[99.19067,7.65089],[99.19289,7.65012],[99.19058,7.6484]],[[98.76585,7.65363],[98.76476,7.6559],[98.76678,7.65512],[98.76585,7.65363]],[[98.76816,7.65835],[98.76722,7.65718],[98.76679,7.65819],[98.76816,7.65835]],[[99.13831,7.66311],[99.13716,7.66224],[99.13717,7.66389],[99.13831,7.66311]],[[98.76657,7.67272],[98.76663,7.67361],[98.76737,7.67317],[98.76657,7.67272]],[[99.12791,7.67338],[99.12798,7.6723],[99.12702,7.67286],[99.12791,7.67338]],[[99.18412,7.67434],[99.18521,7.67706],[99.18545,7.67543],[99.18412,7.67434]],[[99.0825,7.68409],[99.0933,7.67911],[99.10206,7.67971],[99.11014,7.68601],[99.11587,7.67967],[99.12294,7.66733],[99.1228,7.66435],[99.12935,7.65421],[99.13047,7.64914],[99.12726,7.63446],[99.11856,7.62842],[99.1191,7.61583],[99.12489,7.60887],[99.12062,7.60201],[99.12352,7.5923],[99.12032,7.58771],[99.11576,7.58596],[99.11755,7.59738],[99.11198,7.6019],[99.10575,7.60278],[99.10056,7.6003],[99.10101,7.59423],[99.09553,7.5939],[99.09248,7.59734],[99.09301,7.60239],[99.08749,7.59497],[99.08018,7.59791],[99.08076,7.59161],[99.07647,7.58123],[99.07563,7.57218],[99.07669,7.56156],[99.08071,7.54865],[99.08695,7.54421],[99.09068,7.53468],[99.09591,7.53004],[99.09515,7.52645],[99.10075,7.52116],[99.10299,7.51032],[99.11001,7.49815],[99.11091,7.49212],[99.10954,7.48228],[99.10583,7.47916],[99.10267,7.46994],[99.09901,7.46941],[99.08915,7.47479],[99.08828,7.48194],[99.07674,7.48877],[99.07352,7.49702],[99.0697,7.49656],[99.06165,7.50961],[99.05655,7.52107],[99.0525,7.5262],[99.04469,7.54766],[99.03515,7.56407],[99.03091,7.58077],[99.0315,7.59426],[99.03417,7.60098],[99.02711,7.6221],[99.03119,7.62532],[99.03213,7.63018],[99.02629,7.64319],[99.01857,7.64381],[99.01927,7.64835],[99.02451,7.64453],[99.03057,7.64631],[99.03598,7.65128],[99.04109,7.66225],[99.04096,7.67242],[99.0387,7.68149],[99.04016,7.68479],[99.04972,7.68486],[99.05938,7.68762],[99.06867,7.68791],[99.0825,7.68409]],[[99.19856,7.68653],[99.20011,7.68873],[99.20019,7.68677],[99.19856,7.68653]],[[99.19073,7.68538],[99.18695,7.68874],[99.19199,7.68995],[99.19073,7.68538]],[[99.10162,7.69013],[99.10281,7.69073],[99.10302,7.68943],[99.10162,7.69013]],[[99.20135,7.68663],[99.20252,7.69089],[99.20338,7.68781],[99.20135,7.68663]],[[99.20067,7.69031],[99.20145,7.69225],[99.20179,7.69112],[99.20067,7.69031]],[[99.11423,7.68805],[99.11177,7.68866],[99.11312,7.69248],[99.11423,7.68805]],[[99.2037,7.6919],[99.20358,7.693],[99.20457,7.692],[99.2037,7.6919]],[[99.12309,7.69395],[99.12422,7.69464],[99.12369,7.69344],[99.12309,7.69395]],[[98.77161,7.67887],[98.76591,7.67352],[98.76144,7.6762],[98.76471,7.68007],[98.76132,7.6823],[98.76576,7.68909],[98.76484,7.7001],[98.77161,7.67887]],[[99.11738,7.69701],[99.11214,7.71321],[99.1171,7.71128],[99.12143,7.69925],[99.11738,7.69701]],[[99.11598,7.72196],[99.11734,7.72265],[99.11742,7.7202],[99.11598,7.72196]],[[99.14667,7.73806],[99.14655,7.7389],[99.14804,7.73778],[99.14667,7.73806]],[[99.12125,7.7397],[99.12187,7.74024],[99.1218,7.7376],[99.12125,7.7397]],[[99.14156,7.73943],[99.14061,7.74037],[99.14085,7.7415],[99.14156,7.73943]],[[99.15199,7.73968],[99.15178,7.74167],[99.1529,7.7418],[99.15199,7.73968]],[[99.12554,7.74162],[99.12509,7.74225],[99.12616,7.7417],[99.12554,7.74162]],[[99.12987,7.73266],[99.12217,7.73725],[99.12417,7.74252],[99.12972,7.73764],[99.12987,7.73266]],[[99.13534,7.74208],[99.13474,7.74244],[99.13539,7.74334],[99.13534,7.74208]],[[99.12179,7.74177],[99.12308,7.74415],[99.12365,7.74276],[99.12179,7.74177]],[[99.13517,7.74379],[99.13332,7.74416],[99.13451,7.74574],[99.13517,7.74379]],[[99.12587,7.74375],[99.12601,7.74989],[99.12973,7.74242],[99.12587,7.74375]],[[99.13647,7.74384],[99.13646,7.7505],[99.13802,7.74715],[99.13647,7.74384]],[[99.12821,7.7517],[99.12894,7.75644],[99.12994,7.75443],[99.12821,7.7517]],[[99.13173,7.74431],[99.12852,7.75153],[99.13183,7.75646],[99.13486,7.74934],[99.13173,7.74431]],[[98.75814,7.76229],[98.75839,7.76289],[98.75878,7.76208],[98.75814,7.76229]],[[98.98338,7.77761],[98.98479,7.77672],[98.9821,7.77582],[98.98338,7.77761]],[[98.79211,7.73221],[98.79132,7.72643],[98.78674,7.72484],[98.77652,7.72981],[98.77083,7.73746],[98.7672,7.73686],[98.76941,7.73033],[98.7707,7.7175],[98.76248,7.7217],[98.75619,7.73172],[98.75637,7.74281],[98.75805,7.74572],[98.76261,7.74422],[98.76912,7.7479],[98.76634,7.75349],[98.76065,7.75837],[98.75847,7.76511],[98.76195,7.76633],[98.76244,7.7709],[98.75538,7.78414],[98.75548,7.78819],[98.7612,7.78536],[98.7665,7.77603],[98.77687,7.76207],[98.78023,7.75916],[98.78718,7.74759],[98.79211,7.73221]],[[98.77947,7.7893],[98.77934,7.78868],[98.77894,7.78898],[98.77947,7.7893]],[[98.78021,7.79078],[98.7795,7.79092],[98.77969,7.79132],[98.78021,7.79078]],[[98.78152,7.79103],[98.78116,7.79176],[98.78184,7.7916],[98.78152,7.79103]],[[98.77881,7.79155],[98.77785,7.79169],[98.77846,7.792],[98.77881,7.79155]],[[98.78056,7.79264],[98.78078,7.79331],[98.78122,7.79293],[98.78056,7.79264]],[[99.0238,7.79243],[99.02366,7.79502],[99.0265,7.79232],[99.0238,7.79243]],[[98.99698,7.7917],[98.99321,7.8014],[98.99698,7.80379],[98.99853,7.79632],[98.99698,7.7917]],[[98.9891,7.80588],[98.98894,7.80936],[98.99412,7.8056],[98.9891,7.80588]],[[98.77557,7.82],[98.77277,7.81286],[98.77228,7.82158],[98.77557,7.82]],[[98.79506,7.82173],[98.79881,7.81792],[98.79879,7.81134],[98.79541,7.80847],[98.79166,7.81072],[98.78857,7.81916],[98.79043,7.82223],[98.79506,7.82173]],[[99.01688,7.82728],[99.01635,7.82841],[99.01745,7.82879],[99.01688,7.82728]],[[99.01778,7.82626],[99.01881,7.82948],[99.02138,7.82532],[99.01778,7.82626]],[[99.02252,7.83163],[99.01514,7.82955],[99.01608,7.83463],[99.02122,7.8357],[99.02252,7.83163]],[[99.02977,7.83605],[99.03011,7.83612],[99.03033,7.83523],[99.02977,7.83605]],[[98.99371,7.81803],[98.98844,7.81627],[98.98255,7.82817],[98.98228,7.83227],[98.98545,7.83938],[98.99159,7.84278],[98.99186,7.83497],[98.99509,7.83312],[98.99318,7.82804],[98.99371,7.81803]],[[98.9839,7.84371],[98.98035,7.84659],[98.98631,7.84621],[98.9839,7.84371]],[[99.06012,7.85377],[99.05154,7.85325],[99.0525,7.85672],[99.06012,7.85377]],[[98.96114,7.85482],[98.97225,7.85329],[98.97478,7.85015],[98.97475,7.84399],[98.97995,7.82779],[98.98577,7.81863],[98.98224,7.80954],[98.98503,7.80857],[98.9846,7.80137],[98.99265,7.79554],[98.99155,7.78655],[98.98535,7.78297],[98.97974,7.79322],[98.97021,7.80434],[98.96896,7.80955],[98.96064,7.82086],[98.95443,7.82747],[98.94003,7.83747],[98.93596,7.83668],[98.93521,7.8446],[98.9377,7.84607],[98.939,7.85345],[98.94606,7.85327],[98.94836,7.85641],[98.95544,7.85815],[98.96114,7.85482]],[[99.04091,7.85813],[99.04238,7.85793],[99.041,7.85572],[99.04091,7.85813]],[[99.04397,7.86618],[99.04244,7.86933],[99.0493,7.86849],[99.04397,7.86618]],[[99.05122,7.87507],[99.051,7.87537],[99.0513,7.87557],[99.05122,7.87507]],[[99.04709,7.87654],[99.03948,7.8784],[99.04696,7.87966],[99.04709,7.87654]],[[99.05141,7.88082],[99.05033,7.88072],[99.04952,7.88138],[99.05141,7.88082]],[[99.02675,7.87273],[99.0363,7.8686],[99.03974,7.86192],[99.03858,7.85549],[99.03308,7.85198],[99.03095,7.84052],[99.01515,7.83641],[99.00463,7.86298],[99.00259,7.87391],[99.00795,7.88427],[99.02202,7.88434],[99.02675,7.87273]],[[98.94742,7.88094],[98.94739,7.88659],[98.9492,7.88341],[98.94742,7.88094]],[[99.01673,7.88545],[99.0148,7.88538],[99.01639,7.88715],[99.01673,7.88545]],[[99.05155,7.88089],[99.04425,7.88291],[99.05033,7.88711],[99.05441,7.89301],[99.05731,7.89323],[99.05465,7.88372],[99.05155,7.88089]],[[99.01153,7.90248],[99.0065,7.90291],[99.00268,7.90643],[98.99658,7.92487],[99.00743,7.9194],[99.01232,7.91014],[99.01153,7.90248]],[[98.8038,7.92641],[98.80292,7.92569],[98.80279,7.92654],[98.8038,7.92641]],[[98.99002,7.92604],[98.99415,7.91733],[98.99532,7.90962],[99.00088,7.8989],[98.99467,7.89155],[98.99149,7.87527],[98.99436,7.85805],[98.99328,7.85147],[98.98887,7.85084],[98.98463,7.8707],[98.97651,7.88475],[98.97072,7.90588],[98.96866,7.92004],[98.97013,7.92561],[98.9831,7.92741],[98.99002,7.92604]],[[98.80544,7.93098],[98.80578,7.92922],[98.80421,7.92963],[98.80544,7.93098]],[[98.77825,7.94655],[98.77685,7.9464],[98.77737,7.94738],[98.77825,7.94655]],[[98.79836,7.94893],[98.79768,7.94656],[98.79667,7.94854],[98.79836,7.94893]],[[98.81143,7.94917],[98.81021,7.94809],[98.81041,7.94944],[98.81143,7.94917]],[[98.77833,7.94789],[98.77901,7.94958],[98.77982,7.94854],[98.77833,7.94789]],[[98.79248,7.9511],[98.79368,7.95109],[98.79256,7.94993],[98.79248,7.9511]],[[98.78952,7.95485],[98.78955,7.95568],[98.7903,7.95514],[98.78952,7.95485]],[[98.78762,7.95645],[98.78859,7.95597],[98.7881,7.95528],[98.78762,7.95645]],[[98.80783,7.94857],[98.803,7.95374],[98.81006,7.95795],[98.80783,7.94857]],[[98.81045,7.9593],[98.81124,7.96063],[98.81241,7.96062],[98.81045,7.9593]],[[98.80919,7.96091],[98.80958,7.96141],[98.81067,7.96072],[98.80919,7.96091]],[[98.81267,7.97059],[98.80604,7.96801],[98.80458,7.97155],[98.81183,7.97518],[98.81267,7.97059]],[[98.80953,7.97657],[98.80761,7.97775],[98.80858,7.97832],[98.80953,7.97657]],[[98.82201,7.99299],[98.82128,7.99391],[98.82262,7.99412],[98.82201,7.99299]],[[98.83434,8.0033],[98.83425,8.00424],[98.83539,8.00454],[98.83434,8.0033]],[[98.83551,8.00459],[98.83637,8.00526],[98.83646,8.00447],[98.83551,8.00459]],[[98.90574,8.03031],[98.90747,8.03107],[98.9073,8.02936],[98.90574,8.03031]],[[98.7823,8.03111],[98.78069,8.03126],[98.78243,8.03363],[98.7823,8.03111]],[[98.7825,8.03603],[98.78196,8.03774],[98.78293,8.0376],[98.7825,8.03603]],[[98.79738,8.04013],[98.79817,8.04109],[98.79844,8.03993],[98.79738,8.04013]],[[98.79554,8.03996],[98.79556,8.04153],[98.79613,8.04128],[98.79554,8.03996]],[[98.79733,8.04209],[98.7969,8.0426],[98.79751,8.0434],[98.79733,8.04209]],[[98.79384,8.04315],[98.79329,8.0439],[98.79398,8.04368],[98.79384,8.04315]],[[98.67622,8.04844],[98.67569,8.0496],[98.67656,8.04941],[98.67622,8.04844]],[[98.74761,8.05224],[98.74685,8.05306],[98.74807,8.05413],[98.74761,8.05224]],[[98.68321,8.07993],[98.67778,8.07313],[98.67521,8.08292],[98.68321,8.07993]],[[98.68814,8.08823],[98.68607,8.08879],[98.68661,8.09032],[98.68814,8.08823]],[[98.6798,8.09716],[98.67968,8.09788],[98.68089,8.09835],[98.6798,8.09716]],[[98.69485,8.1004],[98.68862,8.09877],[98.69004,8.10299],[98.69485,8.1004]],[[98.68383,8.10495],[98.6823,8.10112],[98.68157,8.10279],[98.68383,8.10495]],[[98.68872,8.10468],[98.68758,8.10822],[98.69024,8.10727],[98.68872,8.10468]],[[98.71,8.1051],[98.70441,8.10691],[98.70791,8.10844],[98.71,8.1051]],[[98.70879,8.11154],[98.70668,8.11401],[98.70911,8.11417],[98.70879,8.11154]],[[98.66262,8.11482],[98.66116,8.11459],[98.66148,8.11656],[98.66262,8.11482]],[[98.66193,8.11902],[98.66169,8.1184],[98.66051,8.11926],[98.66193,8.11902]],[[98.6742,8.11822],[98.68057,8.12081],[98.67763,8.11648],[98.6742,8.11822]],[[98.66797,8.12293],[98.67194,8.12556],[98.67135,8.12194],[98.66797,8.12293]],[[98.66943,8.12644],[98.66862,8.12706],[98.66977,8.12737],[98.66943,8.12644]],[[98.6862,8.12783],[98.68388,8.12863],[98.68675,8.13073],[98.6862,8.12783]],[[98.71787,8.146],[98.71672,8.14244],[98.7156,8.14463],[98.71787,8.146]],[[98.73531,8.17429],[98.73375,8.17536],[98.73561,8.17741],[98.73531,8.17429]],[[98.72948,8.17927],[98.72902,8.17961],[98.72926,8.17978],[98.72948,8.17927]],[[98.72337,8.18149],[98.72249,8.18321],[98.72385,8.18279],[98.72337,8.18149]],[[98.72961,8.18357],[98.7301,8.1849],[98.73205,8.18375],[98.72961,8.18357]],[[98.72752,8.18969],[98.72628,8.1902],[98.7267,8.19163],[98.72752,8.18969]],[[98.72582,8.19478],[98.72556,8.19589],[98.72613,8.19538],[98.72582,8.19478]],[[98.72729,8.19615],[98.72762,8.19657],[98.72768,8.19602],[98.72729,8.19615]],[[98.68812,8.20346],[98.69167,8.20575],[98.691,8.20376],[98.68812,8.20346]],[[98.6918,8.20632],[98.68994,8.20891],[98.69143,8.21002],[98.6918,8.20632]],[[98.72921,8.20853],[98.72912,8.21278],[98.73098,8.21089],[98.72921,8.20853]],[[98.68712,8.21098],[98.68827,8.2137],[98.68842,8.20999],[98.68712,8.21098]],[[98.6951,8.2157],[98.69516,8.21604],[98.6954,8.21597],[98.6951,8.2157]],[[98.72675,8.21833],[98.72709,8.21879],[98.7272,8.21848],[98.72675,8.21833]],[[98.72793,8.2165],[98.72457,8.21491],[98.72366,8.21907],[98.72793,8.2165]],[[98.73355,8.21804],[98.72822,8.21681],[98.72896,8.22118],[98.73355,8.21804]],[[98.72992,8.22567],[98.72906,8.22691],[98.73041,8.2262],[98.72992,8.22567]],[[98.72953,8.22766],[98.72887,8.2283],[98.72978,8.22805],[98.72953,8.22766]],[[98.73337,8.22974],[98.733,8.22985],[98.73327,8.2302],[98.73337,8.22974]],[[98.73123,8.23073],[98.73067,8.23139],[98.73151,8.2313],[98.73123,8.23073]],[[98.63539,8.23164],[98.63545,8.23214],[98.63568,8.232],[98.63539,8.23164]],[[98.63565,8.23032],[98.63463,8.23074],[98.63468,8.23215],[98.63565,8.23032]],[[98.70389,8.23272],[98.70396,8.23304],[98.70419,8.23301],[98.70389,8.23272]],[[98.61304,8.23414],[98.61246,8.23445],[98.61271,8.2352],[98.61304,8.23414]],[[98.70983,8.23703],[98.70707,8.23683],[98.70938,8.23871],[98.70983,8.23703]],[[98.63887,8.24249],[98.63881,8.24217],[98.63847,8.24246],[98.63887,8.24249]],[[98.6116,8.24473],[98.61262,8.24557],[98.6142,8.24144],[98.6116,8.24473]],[[98.64261,8.24633],[98.64209,8.24586],[98.64174,8.24666],[98.64261,8.24633]],[[98.70652,8.24199],[98.70372,8.24553],[98.70632,8.24444],[98.70652,8.24199]],[[98.63765,8.24502],[98.64386,8.24382],[98.64441,8.23354],[98.64198,8.23131],[98.64066,8.23883],[98.63765,8.24502]],[[98.63711,8.24787],[98.63663,8.24864],[98.63734,8.24897],[98.63711,8.24787]],[[98.64143,8.24905],[98.64068,8.24947],[98.64123,8.25005],[98.64143,8.24905]],[[98.63834,8.25182],[98.63809,8.25213],[98.63851,8.2528],[98.63834,8.25182]],[[98.63358,8.27417],[98.63334,8.27497],[98.63449,8.27509],[98.63358,8.27417]],[[98.62912,8.27877],[98.62975,8.27892],[98.6297,8.27829],[98.62912,8.27877]],[[98.62498,8.28263],[98.62545,8.27367],[98.62858,8.26557],[98.63346,8.26954],[98.63406,8.25924],[98.64025,8.25676],[98.63364,8.25403],[98.6251,8.26402],[98.62406,8.27329],[98.6208,8.28066],[98.61974,8.28913],[98.62498,8.28263]],[[98.61865,8.29287],[98.61892,8.29111],[98.61668,8.29256],[98.61865,8.29287]],[[98.50606,9.3089],[98.51579,9.30438]],[[98.51579,9.30438],[98.51784,9.29976]],[[98.51784,9.29976],[98.52739,9.29687]],[[98.52739,9.29687],[98.52478,9.28807]],[[98.52478,9.28807],[98.52766,9.2701]],[[98.52766,9.2701],[98.52707,9.26364]],[[98.52707,9.26364],[98.53117,9.25554]],[[98.53117,9.25554],[98.52755,9.24773]],[[98.52755,9.24773],[98.5278,9.24336]],[[98.5278,9.24336],[98.52425,9.24127]],[[98.52425,9.24127],[98.525,9.23533]],[[98.525,9.23533],[98.51765,9.23188]],[[98.51765,9.23188],[98.51784,9.22782]],[[98.51784,9.22782],[98.51186,9.22577]],[[98.51186,9.22577],[98.51231,9.22298]],[[98.51231,9.22298],[98.5065,9.21664]],[[98.5065,9.21664],[98.50035,9.21334]],[[98.50035,9.21334],[98.49737,9.20129]],[[98.49737,9.20129],[98.49872,9.19434]],[[98.49872,9.19434],[98.49311,9.18703]],[[98.49311,9.18703],[98.49627,9.17723]],[[98.49627,9.17723],[98.4946,9.17247]],[[98.4946,9.17247],[98.49684,9.16501]],[[98.49684,9.16501],[98.50256,9.15978]],[[98.50256,9.15978],[98.50329,9.15427]],[[98.50329,9.15427],[98.49643,9.15272]],[[98.49643,9.15272],[98.48368,9.14011]],[[98.48368,9.14011],[98.48518,9.13123]],[[98.48518,9.13123],[98.48058,9.12355]],[[98.48058,9.12355],[98.48592,9.11657]],[[98.48592,9.11657],[98.48517,9.11315]],[[98.48517,9.11315],[98.4891,9.10906]],[[98.4891,9.10906],[98.49177,9.08552]],[[98.49177,9.08552],[98.49444,9.08065]],[[98.49444,9.08065],[98.48552,9.07012]],[[98.48552,9.07012],[98.48152,9.06983]],[[98.48152,9.06983],[98.47299,9.06401]],[[98.47299,9.06401],[98.47476,9.05536]],[[98.47476,9.05536],[98.47516,9.0445]],[[98.47516,9.0445],[98.47967,9.03686]],[[98.47967,9.03686],[98.48432,9.03517]],[[98.48432,9.03517],[98.48518,9.02795]],[[98.48518,9.02795],[98.48931,9.0217]],[[98.48931,9.0217],[98.4888,9.01594]],[[98.4888,9.01594],[98.4924,9.01616]],[[98.4924,9.01616],[98.50183,9.00605]],[[98.50183,9.00605],[98.50465,9.00071]],[[98.50465,9.00071],[98.5107,8.99778]],[[98.5107,8.99778],[98.51094,8.99505]],[[98.51094,8.99505],[98.50539,8.98252]],[[98.50539,8.98252],[98.49422,8.98505]],[[98.49422,8.98505],[98.48458,8.97838]],[[98.48458,8.97838],[98.47983,8.97783]],[[98.47983,8.97783],[98.46342,8.96951]],[[98.46342,8.96951],[98.45089,8.96509]],[[98.45089,8.96509],[98.44893,8.95684]],[[98.44893,8.95684],[98.44988,8.95076]],[[98.44988,8.95076],[98.4431,8.94522]],[[98.4431,8.94522],[98.44795,8.93972]],[[98.44795,8.93972],[98.45514,8.93668]],[[98.45514,8.93668],[98.45714,8.93234]],[[98.45714,8.93234],[98.45447,8.92459]],[[98.45447,8.92459],[98.45456,8.91424]],[[98.45456,8.91424],[98.44761,8.90299]],[[98.44761,8.90299],[98.446,8.89526]],[[98.446,8.89526],[98.45181,8.89457]],[[98.45181,8.89457],[98.46008,8.88947]],[[98.46008,8.88947],[98.4746,8.89014]],[[98.4746,8.89014],[98.48424,8.88617]],[[98.48424,8.88617],[98.50694,8.87898]],[[98.50694,8.87898],[98.51092,8.86559]],[[98.51092,8.86559],[98.51483,8.86032]],[[98.51483,8.86032],[98.52301,8.85906]],[[98.52301,8.85906],[98.52563,8.86101]],[[98.52563,8.86101],[98.53621,8.85658]],[[98.53621,8.85658],[98.53264,8.84562]],[[98.53264,8.84562],[98.53701,8.84185]],[[98.53701,8.84185],[98.54317,8.84003]],[[98.54317,8.84003],[98.54869,8.83082]],[[98.54869,8.83082],[98.55303,8.82932]],[[98.55303,8.82932],[98.55575,8.82052]],[[98.55575,8.82052],[98.55432,8.81565]],[[98.55432,8.81565],[98.56447,8.80727]],[[98.56447,8.80727],[98.57878,8.80348]],[[98.57878,8.80348],[98.58425,8.80596]],[[98.58425,8.80596],[98.58741,8.80259]],[[98.58741,8.80259],[98.59563,8.80035]],[[98.59563,8.80035],[98.59871,8.79683]],[[98.59871,8.79683],[98.59991,8.78454]],[[98.59991,8.78454],[98.60153,8.78249]],[[98.60153,8.78249],[98.59752,8.77442]],[[98.59752,8.77442],[98.59863,8.77131]],[[98.59863,8.77131],[98.59591,8.75978]],[[98.59591,8.75978],[98.59639,8.74567]],[[98.59639,8.74567],[98.59442,8.74483]],[[98.59442,8.74483],[98.59367,8.73064]],[[98.59367,8.73064],[98.59583,8.72342]],[[98.59583,8.72342],[98.5948,8.71262]],[[98.5948,8.71262],[98.58935,8.70584]],[[98.58935,8.70584],[98.58214,8.7027]],[[98.58214,8.7027],[98.58104,8.69654]],[[98.58104,8.69654],[98.57343,8.69149]],[[98.57343,8.69149],[98.57263,8.68449]],[[98.57263,8.68449],[98.56941,8.68135]],[[98.56941,8.68135],[98.56422,8.681]],[[98.56422,8.681],[98.56033,8.67528]],[[98.56033,8.67528],[98.55202,8.67325]],[[98.55202,8.67325],[98.54625,8.67404]],[[98.54625,8.67404],[98.53916,8.66698]],[[98.53916,8.66698],[98.53674,8.66194]],[[98.53674,8.66194],[98.54253,8.65713]],[[98.54253,8.65713],[98.5501,8.65495]],[[98.5501,8.65495],[98.55344,8.64936]],[[98.55344,8.64936],[98.56419,8.64178]],[[98.56419,8.64178],[98.56392,8.63857]],[[98.56392,8.63857],[98.57772,8.63373]],[[98.57772,8.63373],[98.58854,8.628]],[[98.58854,8.628],[98.59338,8.63113]],[[98.59338,8.63113],[98.60224,8.62969]],[[98.60224,8.62969],[98.60432,8.62569]],[[98.60432,8.62569],[98.60867,8.63036]],[[98.60867,8.63036],[98.60968,8.63594]],[[98.60968,8.63594],[98.61526,8.63794]],[[98.61526,8.63794],[98.62078,8.6368]],[[98.62078,8.6368],[98.62983,8.64394]],[[98.62983,8.64394],[98.63762,8.6434]],[[98.63762,8.6434],[98.64406,8.65104]],[[98.64406,8.65104],[98.64807,8.65917]],[[98.64807,8.65917],[98.66361,8.65655]],[[98.66361,8.65655],[98.6713,8.66162]],[[98.6713,8.66162],[98.68451,8.65632]],[[98.68451,8.65632],[98.68718,8.64885]],[[98.68718,8.64885],[98.69397,8.6462]],[[98.69397,8.6462],[98.6986,8.64179]],[[98.6986,8.64179],[98.69893,8.63298]],[[98.69893,8.63298],[98.70344,8.63198]],[[98.63543,8.37537],[98.63408,8.37929],[98.62161,8.38201],[98.60922,8.382],[98.60969,8.37502],[98.60724,8.36556],[98.60337,8.37041],[98.59865,8.36795],[98.59349,8.36199],[98.58329,8.35843],[98.57536,8.36261],[98.57015,8.35983],[98.5673,8.35531],[98.56269,8.35592],[98.55215,8.34792],[98.54931,8.34017],[98.53971,8.34257],[98.53624,8.33604],[98.52883,8.33213],[98.52405,8.33279],[98.51654,8.32559],[98.5111,8.32876],[98.50711,8.33889],[98.50716,8.3429],[98.49839,8.34264],[98.49215,8.33883],[98.49849,8.32564],[98.49606,8.31849],[98.48984,8.31646],[98.4831,8.31747],[98.47354,8.31667],[98.46547,8.29738],[98.46769,8.29335],[98.46637,8.28197],[98.45915,8.28515],[98.45373,8.27791],[98.4566,8.27442],[98.45637,8.26489],[98.46008,8.26237],[98.46158,8.25051],[98.45484,8.24147],[98.46434,8.24003],[98.46833,8.22034],[98.46488,8.22023],[98.46223,8.21401],[98.46767,8.20912],[98.46905,8.20298],[98.45967,8.19623],[98.4472,8.19577],[98.44413,8.19151],[98.43728,8.16895],[98.43622,8.16262],[98.43841,8.15602],[98.44244,8.15578],[98.4434,8.15104],[98.43339,8.13763],[98.42699,8.13556],[98.42339,8.14163],[98.42615,8.1434],[98.42083,8.15823],[98.4124,8.16252],[98.40652,8.16249],[98.40744,8.15284],[98.40155,8.14563],[98.40422,8.13705],[98.39739,8.13815],[98.38681,8.12675],[98.37362,8.13957],[98.37221,8.15356],[98.36783,8.16088],[98.36824,8.16851],[98.36236,8.17505],[98.36386,8.17945],[98.35946,8.18851],[98.35717,8.18686],[98.35333,8.19076],[98.34548,8.18786],[98.33552,8.18011],[98.32807,8.18582],[98.32473,8.19091],[98.32413,8.19635],[98.31772,8.19969],[98.30836,8.20076],[98.30647,8.20411],[98.30161,8.20351],[98.29403,8.20744],[98.28202,8.20591],[98.28278,8.21819],[98.28038,8.23717],[98.28235,8.24083],[98.27786,8.26811],[98.27333,8.28662],[98.26903,8.30825],[98.26494,8.31882],[98.26253,8.3351],[98.24767,8.39606],[98.23372,8.44193],[98.23241,8.45305],[98.22509,8.47879],[98.22317,8.49205],[98.21963,8.50743],[98.21184,8.53586],[98.20519,8.55265],[98.20724,8.56586],[98.21456,8.5848],[98.21776,8.58791],[98.22336,8.57931],[98.23403,8.58264],[98.238,8.58599],[98.24185,8.59814],[98.23701,8.6061],[98.23756,8.61627],[98.2317,8.61758],[98.23225,8.6251],[98.24325,8.62972],[98.24665,8.63973],[98.24536,8.64756],[98.24694,8.65376],[98.24179,8.67489],[98.23676,8.71314],[98.23437,8.72126],[98.22827,8.72637],[98.22203,8.72905],[98.2211,8.73889],[98.22377,8.73506],[98.2331,8.73346],[98.23853,8.73574],[98.24643,8.74258],[98.2503,8.74293],[98.25665,8.75134],[98.25846,8.75921],[98.26149,8.76243],[98.26258,8.78376],[98.25968,8.79945],[98.25286,8.80963],[98.25954,8.81362],[98.2644,8.82109],[98.26607,8.82842],[98.26554,8.84534],[98.26362,8.85819],[98.27512,8.86683],[98.27927,8.87414],[98.28235,8.88606],[98.28712,8.89671],[98.28811,8.91459],[98.29149,8.92144],[98.2985,8.92838],[98.29853,8.9365],[98.30196,8.94059],[98.30912,8.9434],[98.31564,8.95803],[98.32103,8.96611],[98.3221,8.97084],[98.32884,8.97819],[98.33297,8.97888],[98.3417,8.97375],[98.35877,8.98342],[98.36054,8.98936],[98.36157,9.0025],[98.38134,9.01634],[98.38093,9.02117],[98.38433,9.02686],[98.39415,9.02798],[98.39913,9.03296],[98.38989,9.03451],[98.38435,9.03142],[98.37901,9.02573],[98.3694,9.01825],[98.3638,9.01744],[98.35493,9.01117],[98.35259,9.0057],[98.34796,9.00244],[98.33594,9.00806],[98.33381,9.0132],[98.32639,9.01758],[98.32524,9.02588],[98.31926,9.03086],[98.32036,9.04126],[98.32602,9.04578],[98.32728,9.05224],[98.33079,9.05705],[98.34546,9.06806],[98.35226,9.0701],[98.36679,9.06948],[98.37035,9.06247],[98.37986,9.05842],[98.38509,9.0584],[98.38644,9.06253],[98.38049,9.06887],[98.37639,9.07054],[98.37786,9.08136],[98.37234,9.07889],[98.36861,9.08026],[98.36421,9.09381],[98.37307,9.09812],[98.37256,9.1008],[98.36565,9.10004],[98.35804,9.09414],[98.35183,9.09554],[98.35082,9.10179],[98.34577,9.11751],[98.34263,9.11961],[98.34678,9.12733],[98.34154,9.1297],[98.33929,9.13645],[98.341,9.14725],[98.33726,9.1555],[98.32744,9.16754],[98.32016,9.17967],[98.31629,9.19332],[98.31679,9.19975],[98.32023,9.21108],[98.32622,9.21668],[98.32916,9.22305],[98.33303,9.22023],[98.33372,9.21584],[98.34327,9.21586],[98.34923,9.21904],[98.35868,9.20717],[98.36475,9.20492],[98.36902,9.2071],[98.36611,9.21232],[98.36685,9.22752],[98.347,9.23561],[98.34544,9.23969],[98.34803,9.24594],[98.36028,9.25604],[98.3643,9.26245],[98.36851,9.27334],[98.36849,9.27736],[98.36412,9.27726],[98.3611,9.28428],[98.37066,9.2906],[98.37289,9.2882],[98.37804,9.29343],[98.38085,9.31117],[98.38103,9.31985],[98.38491,9.32879],[98.39047,9.33219]],[[98.39047,9.33219],[98.40112,9.32947]],[[98.40112,9.32947],[98.40251,9.3476]],[[98.40251,9.3476],[98.40759,9.34833]],[[98.40759,9.34833],[98.40961,9.34333]],[[98.40961,9.34333],[98.41724,9.33536]],[[98.41724,9.33536],[98.42146,9.33506]],[[98.42146,9.33506],[98.43719,9.32681]],[[98.43719,9.32681],[98.43979,9.33293]],[[98.43979,9.33293],[98.44733,9.33043]],[[98.44733,9.33043],[98.44732,9.32365]],[[98.44732,9.32365],[98.45527,9.31653]],[[98.45527,9.31653],[98.46693,9.31501]],[[98.46693,9.31501],[98.47042,9.32156]],[[98.47042,9.32156],[98.48181,9.31048]],[[98.48181,9.31048],[98.48007,9.304]],[[98.48007,9.304],[98.48538,9.30751]],[[98.48538,9.30751],[98.50025,9.30698]],[[98.50025,9.30698],[98.50606,9.3089]],[[98.61298,7.74624],[98.61459,7.74759],[98.61568,7.74478],[98.61298,7.74624]],[[98.52998,7.79658],[98.53041,7.79901],[98.53138,7.79736],[98.52998,7.79658]],[[98.51489,7.891],[98.51248,7.8929],[98.51396,7.89359],[98.51489,7.891]],[[98.58235,7.88786],[98.57993,7.89285],[98.5828,7.89444],[98.58235,7.88786]],[[98.51206,7.89638],[98.51076,7.89682],[98.51105,7.89805],[98.51206,7.89638]],[[98.54782,7.90669],[98.54791,7.90809],[98.54995,7.90819],[98.54782,7.90669]],[[98.51332,7.95416],[98.5166,7.96],[98.51552,7.95225],[98.51332,7.95416]],[[98.56756,7.9976],[98.56719,7.99457],[98.56458,7.99641],[98.56756,7.9976]],[[98.62479,8.03565],[98.62149,8.03988],[98.62364,8.04131],[98.62479,8.03565]],[[98.62292,8.04275],[98.62269,8.04357],[98.62293,8.04373],[98.62292,8.04275]],[[98.62801,8.08015],[98.6271,8.07886],[98.62616,8.08097],[98.62801,8.08015]],[[98.53333,8.10866],[98.55184,8.09366],[98.55667,8.08765],[98.5626,8.08542],[98.56686,8.08105],[98.57547,8.07637],[98.58735,8.07607],[98.59965,8.08286],[98.59344,8.07297],[98.59235,8.06562],[98.59495,8.05812],[98.60321,8.04926],[98.61039,8.04388],[98.60191,8.03416],[98.60008,8.01901],[98.60102,8.01185],[98.60377,8.00691],[98.60366,7.9914],[98.60794,7.98403],[98.61032,7.9855],[98.61278,7.97973],[98.61425,7.96503],[98.61119,7.94996],[98.61157,7.94519],[98.60561,7.93042],[98.6041,7.92185],[98.60039,7.91367],[98.60049,7.9083],[98.59703,7.88844],[98.59324,7.8997],[98.59545,7.90115],[98.58912,7.91542],[98.58645,7.91298],[98.58259,7.9159],[98.58034,7.91271],[98.583,7.89672],[98.5801,7.89571],[98.57679,7.90144],[98.57428,7.91614],[98.57736,7.92358],[98.57095,7.93782],[98.56887,7.94779],[98.5647,7.96009],[98.57051,7.97232],[98.57075,7.97674],[98.5651,7.98742],[98.56832,7.99256],[98.57331,7.98916],[98.58035,7.99089],[98.58489,8.00076],[98.58394,8.00889],[98.56498,8.03255],[98.55459,8.02663],[98.55317,8.03255],[98.54601,8.04802],[98.54664,8.05682],[98.54368,8.05429],[98.53839,8.06295],[98.54257,8.0633],[98.53641,8.06948],[98.5308,8.071],[98.53064,8.08117],[98.52434,8.09246],[98.52694,8.09615],[98.52767,8.08994],[98.5308,8.0895],[98.53326,8.095],[98.53059,8.10073],[98.53361,8.10406],[98.52763,8.11533],[98.52904,8.11677],[98.53333,8.10866]],[[98.45464,8.11612],[98.45125,8.11626],[98.4544,8.11834],[98.45464,8.11612]],[[98.55949,8.12184],[98.562,8.12211],[98.56087,8.11986],[98.55949,8.12184]],[[98.56292,8.12363],[98.56207,8.12408],[98.56268,8.12462],[98.56292,8.12363]],[[98.42881,8.12791],[98.42924,8.12919],[98.4294,8.12831],[98.42881,8.12791]],[[98.44822,8.12747],[98.44707,8.12126],[98.44187,8.12585],[98.44132,8.13043],[98.44822,8.12747]],[[98.62669,8.1311],[98.62622,8.13134],[98.62624,8.13217],[98.62669,8.1311]],[[98.40938,8.14473],[98.4109,8.1449],[98.41031,8.14378],[98.40938,8.14473]],[[98.57687,8.14816],[98.57705,8.15104],[98.57863,8.14724],[98.57687,8.14816]],[[98.5448,8.15024],[98.55565,8.13767],[98.55796,8.13031],[98.55706,8.12616],[98.547,8.13104],[98.53874,8.1385],[98.53564,8.14414],[98.53515,8.1563],[98.5448,8.15024]],[[98.41177,8.15896],[98.41351,8.15313],[98.41021,8.14947],[98.40792,8.15883],[98.41177,8.15896]],[[98.53976,8.158],[98.54011,8.15943],[98.54166,8.15837],[98.53976,8.158]],[[98.40792,8.16033],[98.40998,8.1624],[98.41082,8.15967],[98.40792,8.16033]],[[98.54333,8.16298],[98.54115,8.1651],[98.54343,8.16477],[98.54333,8.16298]],[[98.49506,8.18042],[98.49526,8.18098],[98.49561,8.18068],[98.49506,8.18042]],[[98.53745,8.168],[98.53449,8.17331],[98.53751,8.18569],[98.53945,8.18299],[98.54082,8.1688],[98.53745,8.168]],[[98.63769,8.18321],[98.6321,8.16784],[98.63672,8.16771],[98.63402,8.15242],[98.63501,8.14909],[98.63283,8.13846],[98.62326,8.13179],[98.62256,8.12781],[98.62754,8.1262],[98.62324,8.10901],[98.62316,8.10224],[98.61884,8.09881],[98.61765,8.08038],[98.60846,8.08234],[98.61044,8.08927],[98.60927,8.09586],[98.60129,8.10208],[98.59678,8.10118],[98.59277,8.09561],[98.5859,8.09755],[98.57853,8.1023],[98.56561,8.1139],[98.56236,8.11952],[98.56997,8.11747],[98.57417,8.11436],[98.5786,8.11461],[98.58202,8.11988],[98.58686,8.11851],[98.59243,8.12699],[98.59269,8.13847],[98.59743,8.14234],[98.59792,8.14885],[98.60095,8.15471],[98.6147,8.16725],[98.62037,8.1745],[98.62127,8.18238],[98.62424,8.17618],[98.62865,8.18036],[98.62716,8.18577],[98.63439,8.18717],[98.63769,8.18321]],[[98.66328,8.18753],[98.66335,8.18769],[98.6636,8.18761],[98.66328,8.18753]],[[98.66415,8.18685],[98.66386,8.18779],[98.66413,8.18802],[98.66415,8.18685]],[[98.66161,8.18718],[98.66216,8.18813],[98.66207,8.18736],[98.66161,8.18718]],[[98.61471,8.19498],[98.61186,8.19077],[98.60907,8.19448],[98.61471,8.19498]],[[98.50885,8.19526],[98.50803,8.19646],[98.50925,8.19679],[98.50885,8.19526]],[[98.63202,8.19508],[98.63295,8.19775],[98.63361,8.19476],[98.63202,8.19508]],[[98.63886,8.19949],[98.63884,8.19018],[98.63421,8.19444],[98.63886,8.19949]],[[98.49306,8.20026],[98.49246,8.18695],[98.49545,8.17524],[98.49171,8.16885],[98.49086,8.17496],[98.48596,8.18365],[98.48841,8.19109],[98.48675,8.19609],[98.4907,8.20238],[98.49306,8.20026]],[[98.5098,8.20075],[98.50943,8.20573],[98.51134,8.20531],[98.5098,8.20075]],[[98.59074,8.21059],[98.59048,8.22006],[98.5933,8.22055],[98.59279,8.20812],[98.59074,8.21059]],[[98.50966,8.21637],[98.5092,8.2082],[98.50454,8.21461],[98.50407,8.22415],[98.50741,8.22567],[98.50966,8.21637]],[[98.50242,8.22434],[98.49865,8.22227],[98.50029,8.22774],[98.50242,8.22434]],[[98.47614,8.22815],[98.47634,8.23133],[98.4782,8.23109],[98.47614,8.22815]],[[98.47675,8.23273],[98.47611,8.23522],[98.47721,8.23755],[98.47675,8.23273]],[[98.50466,8.23719],[98.50792,8.22849],[98.50377,8.23638],[98.50466,8.23719]],[[98.47804,8.23882],[98.47782,8.2395],[98.47827,8.2394],[98.47804,8.23882]],[[98.50445,8.23747],[98.50441,8.24067],[98.505,8.23899],[98.50445,8.23747]],[[98.46361,8.24109],[98.46365,8.2417],[98.46429,8.24132],[98.46361,8.24109]],[[98.49475,8.24197],[98.49237,8.24285],[98.49242,8.24581],[98.49475,8.24197]],[[98.47814,8.24555],[98.47748,8.24783],[98.47903,8.24774],[98.47814,8.24555]],[[98.4949,8.24686],[98.49454,8.24872],[98.49568,8.24751],[98.4949,8.24686]],[[98.49455,8.24925],[98.49346,8.24975],[98.49339,8.2524],[98.49455,8.24925]],[[98.47435,8.24909],[98.4644,8.24372],[98.46948,8.2521],[98.47435,8.24909]],[[98.51236,8.25653],[98.51084,8.25434],[98.51072,8.25672],[98.51236,8.25653]],[[98.50826,8.25634],[98.50766,8.25743],[98.50855,8.25824],[98.50826,8.25634]],[[98.4725,8.2564],[98.4725,8.2584],[98.47306,8.25728],[98.4725,8.2564]],[[98.50471,8.25938],[98.50507,8.26199],[98.50582,8.26012],[98.50471,8.25938]],[[98.49322,8.26182],[98.49336,8.2635],[98.49453,8.26272],[98.49322,8.26182]],[[98.49182,8.26574],[98.48674,8.2678],[98.48884,8.27037],[98.49182,8.26574]],[[98.45694,8.27088],[98.45809,8.27335],[98.45963,8.27089],[98.45694,8.27088]],[[98.4742,8.27423],[98.47365,8.27512],[98.47459,8.27565],[98.4742,8.27423]],[[98.49951,8.27353],[98.50141,8.27614],[98.50232,8.27495],[98.49951,8.27353]],[[98.4573,8.27617],[98.45586,8.27742],[98.45688,8.27807],[98.4573,8.27617]],[[98.48493,8.2712],[98.48256,8.2673],[98.47993,8.27055],[98.48181,8.2805],[98.48493,8.2712]],[[98.59648,8.29122],[98.5992,8.28738],[98.59476,8.28472],[98.57508,8.27989],[98.57793,8.28882],[98.58746,8.29315],[98.59648,8.29122]],[[98.47013,8.30325],[98.46971,8.30507],[98.47101,8.30355],[98.47013,8.30325]],[[98.49699,8.27671],[98.492,8.27875],[98.48559,8.28593],[98.48756,8.30024],[98.48971,8.30613],[98.49487,8.29853],[98.49941,8.29546],[98.50107,8.28498],[98.49757,8.28288],[98.49699,8.27671]],[[98.49772,8.30079],[98.49563,8.30535],[98.49989,8.30688],[98.49772,8.30079]],[[98.47898,8.29716],[98.47835,8.30567],[98.48051,8.30725],[98.47898,8.29716]],[[98.51599,8.31101],[98.51639,8.31121],[98.51626,8.31075],[98.51599,8.31101]],[[98.51762,8.31251],[98.51665,8.31211],[98.51667,8.31306],[98.51762,8.31251]],[[98.48792,8.31332],[98.49392,8.31315],[98.49248,8.30977],[98.48792,8.31332]],[[98.50373,8.33322],[98.50182,8.3367],[98.50383,8.33921],[98.50373,8.33322]],[[98.61876,8.35033],[98.6171,8.35008],[98.61667,8.35301],[98.61876,8.35033]],[[98.61086,8.35381],[98.61305,8.35519],[98.61314,8.35237],[98.61086,8.35381]],[[98.57729,8.35633],[98.57694,8.35922],[98.57868,8.35684],[98.57729,8.35633]],[[98.60688,8.35763],[98.60654,8.36023],[98.60832,8.36068],[98.60688,8.35763]],[[98.60585,8.36154],[98.60538,8.36152],[98.60591,8.3625],[98.60585,8.36154]],[[97.64613,8.48191],[97.65398,8.4783],[97.6494,8.47531],[97.64581,8.47709],[97.63915,8.48543],[97.64246,8.48635],[97.64613,8.48191]],[[97.64494,8.4945],[97.63822,8.50271],[97.63642,8.50785],[97.64828,8.49731],[97.64494,8.4945]],[[97.65485,8.5155],[97.65405,8.5175],[97.65623,8.51593],[97.65485,8.5155]],[[97.64544,8.57048],[97.64271,8.57123],[97.64202,8.57346],[97.64544,8.57048]],[[97.64007,8.57071],[97.63856,8.56017],[97.6369,8.55935],[97.63332,8.57144],[97.64007,8.57071]],[[97.64092,8.59143],[97.63865,8.58684],[97.63538,8.58822],[97.63568,8.59654],[97.64092,8.59143]],[[97.65067,8.66828],[97.65176,8.66317],[97.65037,8.65292],[97.6482,8.64835],[97.65201,8.64352],[97.64928,8.63874],[97.65335,8.63041],[97.64622,8.63166],[97.64429,8.63828],[97.64452,8.64556],[97.63877,8.65181],[97.63709,8.65992],[97.63978,8.66435],[97.6469,8.66457],[97.65067,8.66828]],[[97.65231,8.679],[97.65219,8.67461],[97.64087,8.67859],[97.64722,8.68178],[97.65231,8.679]],[[97.79968,8.81804],[97.79809,8.82184],[97.80189,8.82828],[97.80836,8.82292],[97.80758,8.81804],[97.79968,8.81804]],[[98.29986,8.94138],[98.29984,8.94249],[98.30069,8.94169],[98.29986,8.94138]],[[98.32448,8.98016],[98.32632,8.98318],[98.32688,8.97956],[98.32448,8.98016]],[[98.34879,8.98576],[98.34219,8.98893],[98.3402,8.99329],[98.34879,8.98576]],[[98.27382,9.01384],[98.27688,9.00951],[98.30866,8.99844],[98.32255,8.98963],[98.32384,8.98412],[98.31451,8.96276],[98.31007,8.94927],[98.30501,8.94246],[98.29908,8.94294],[98.29573,8.93723],[98.29555,8.92675],[98.28696,8.92043],[98.28365,8.89752],[98.27017,8.86855],[98.26643,8.8641],[98.26596,8.88032],[98.26223,8.89205],[98.24995,8.91048],[98.24846,8.91581],[98.26096,8.93856],[98.26232,8.94571],[98.26262,8.95959],[98.26074,8.97716],[98.25772,8.98831],[98.25335,8.99935],[98.24751,9.00714],[98.257,9.01346],[98.2643,9.0151],[98.27382,9.01384]],[[98.37701,9.01864],[98.37586,9.02106],[98.37857,9.02199],[98.37701,9.01864]],[[98.39292,9.03127],[98.38958,9.03144],[98.39343,9.03182],[98.39292,9.03127]],[[98.36054,9.07227],[98.35992,9.07309],[98.36119,9.07471],[98.36054,9.07227]],[[98.36484,9.07981],[98.36733,9.08286],[98.36876,9.07866],[98.36484,9.07981]],[[97.81032,9.06104],[97.80568,9.071],[97.80824,9.07292],[97.80638,9.08203],[97.80925,9.08447],[97.81574,9.07504],[97.81878,9.06576],[97.81462,9.06073],[97.81032,9.06104]],[[98.34696,9.1006],[98.3491,9.10315],[98.35137,9.09703],[98.34696,9.1006]],[[98.3484,9.10332],[98.34447,9.10457],[98.34603,9.10692],[98.3484,9.10332]],[[98.30633,9.13951],[98.30558,9.14167],[98.30684,9.1408],[98.30633,9.13951]],[[98.33794,9.14805],[98.33799,9.14975],[98.33895,9.14912],[98.33794,9.14805]],[[98.29504,9.15979],[98.29884,9.15316],[98.29758,9.1392],[98.30299,9.13713],[98.30755,9.13911],[98.30973,9.12952],[98.32499,9.11479],[98.32688,9.1058],[98.33364,9.08609],[98.33432,9.08007],[98.32895,9.07336],[98.3247,9.0641],[98.3175,9.06128],[98.31622,9.05685],[98.30965,9.04737],[98.30448,9.04393],[98.30387,9.03838],[98.28744,9.03326],[98.28665,9.02884],[98.28073,9.02977],[98.25695,9.02953],[98.24699,9.03161],[98.24814,9.04598],[98.25163,9.07128],[98.25209,9.08482],[98.25009,9.12752],[98.25539,9.12686],[98.26172,9.14118],[98.26072,9.16088],[98.2631,9.16643],[98.26971,9.1655],[98.28772,9.16804],[98.29504,9.15979]],[[98.29226,9.16435],[98.29041,9.16806],[98.2933,9.16586],[98.29226,9.16435]],[[98.33712,9.12989],[98.3314,9.12649],[98.32444,9.1349],[98.31317,9.15104],[98.31002,9.15882],[98.30941,9.16947],[98.31351,9.1798],[98.32571,9.1626],[98.33748,9.14915],[98.33712,9.12989]],[[98.36246,9.21036],[98.36193,9.21468],[98.36435,9.21062],[98.36246,9.21036]],[[98.36565,9.21383],[98.36568,9.21607],[98.36609,9.21492],[98.36565,9.21383]],[[98.3646,9.21536],[98.36414,9.2163],[98.36536,9.21731],[98.3646,9.21536]],[[98.36398,9.2168],[98.3631,9.21947],[98.36516,9.21966],[98.36398,9.2168]],[[98.34841,9.21989],[98.34668,9.21929],[98.34587,9.22178],[98.34841,9.21989]],[[98.36297,9.2201],[98.36289,9.22151],[98.36413,9.22079],[98.36297,9.2201]],[[98.35903,9.21992],[98.36104,9.21121],[98.35303,9.21951],[98.3525,9.22465],[98.35903,9.21992]],[[98.31705,9.25175],[98.31347,9.24357],[98.30724,9.23593],[98.30322,9.22623],[98.29601,9.22322],[98.28928,9.20796],[98.2897,9.20324],[98.29538,9.20011],[98.2957,9.19628],[98.28584,9.18894],[98.28366,9.17906],[98.27925,9.17817],[98.27012,9.17155],[98.26518,9.17166],[98.25964,9.16851],[98.26412,9.17829],[98.26262,9.19724],[98.26393,9.20597],[98.27381,9.2056],[98.27669,9.2089],[98.28166,9.22142],[98.28228,9.22843],[98.28777,9.22932],[98.29286,9.23793],[98.29765,9.24256],[98.2995,9.25163],[98.30615,9.26445],[98.3082,9.26076],[98.31503,9.25644],[98.31705,9.25175]],[[98.32356,9.33082],[98.32103,9.33441],[98.32386,9.33762],[98.32356,9.33082]],[[97.86813,9.37485],[97.87052,9.36809],[97.86654,9.36514],[97.86302,9.36638],[97.8625,9.37081],[97.86813,9.37485]],[[97.89736,9.39552],[97.89616,9.39434],[97.89197,9.39789],[97.89736,9.39552]],[[97.8658,9.4235],[97.87049,9.41177],[97.86305,9.4075],[97.86355,9.40436],[97.87433,9.40359],[97.87327,9.39812],[97.87856,9.39739],[97.88078,9.39289],[97.88307,9.38112],[97.87255,9.37887],[97.86994,9.39038],[97.85901,9.39742],[97.85993,9.40041],[97.85301,9.40051],[97.84559,9.40357],[97.84059,9.41352],[97.84089,9.41652],[97.85306,9.41207],[97.85302,9.41718],[97.85663,9.42156],[97.8658,9.4235]],[[97.8356,9.42387],[97.83391,9.41906],[97.82867,9.41859],[97.83228,9.42582],[97.8356,9.42387]],[[97.89104,9.46151],[97.89248,9.45617],[97.89927,9.45064],[97.90344,9.45265],[97.90449,9.44842],[97.89726,9.4437],[97.89355,9.44433],[97.89475,9.43715],[97.90427,9.43327],[97.90196,9.43222],[97.90445,9.42638],[97.90149,9.42129],[97.8972,9.42866],[97.88957,9.43091],[97.87971,9.43975],[97.87892,9.44246],[97.87134,9.44182],[97.87148,9.43523],[97.88122,9.41726],[97.8805,9.41408],[97.87342,9.42049],[97.8685,9.42237],[97.86638,9.43035],[97.85729,9.43145],[97.85299,9.43033],[97.84687,9.43712],[97.85161,9.43847],[97.85896,9.43428],[97.86132,9.43623],[97.8572,9.44542],[97.85214,9.44587],[97.85509,9.45582],[97.86231,9.45414],[97.87089,9.45754],[97.87807,9.45802],[97.87863,9.46224],[97.88487,9.46381],[97.89104,9.46151]],[[97.90601,9.47796],[97.90505,9.47305],[97.90256,9.47839],[97.90601,9.47796]],[[98.30058,8.19846],[98.29985,8.19086],[98.30524,8.19253],[98.30864,8.1883],[98.31994,8.18273],[98.32038,8.18042],[98.33261,8.17227],[98.33702,8.17289],[98.34136,8.15763],[98.34067,8.15136],[98.34236,8.1451],[98.347,8.14417],[98.34779,8.13753],[98.34571,8.13449],[98.3462,8.12222],[98.35355,8.12535],[98.35398,8.11792],[98.35145,8.11296],[98.3551,8.11196],[98.36908,8.12075],[98.37546,8.11578],[98.37335,8.11165],[98.37507,8.09961],[98.38243,8.09197],[98.38587,8.08534],[98.39797,8.0811],[98.40142,8.08284],[98.40506,8.07967],[98.41216,8.08521],[98.4162,8.08487],[98.42467,8.09462],[98.42471,8.10044],[98.42811,8.097],[98.43898,8.09211],[98.43621,8.0865],[98.43654,8.07544],[98.44407,8.06982],[98.44375,8.06579],[98.43634,8.06666],[98.4324,8.06168],[98.42939,8.05342],[98.43189,8.04617],[98.43004,8.03916],[98.42382,8.04563],[98.41952,8.04471],[98.41732,8.03662],[98.41428,8.03562],[98.41024,8.02873],[98.41051,8.00258],[98.42292,7.98775],[98.42094,7.98395],[98.41802,7.98919],[98.41229,7.99114],[98.40675,7.9902],[98.39967,7.98605],[98.39922,7.98167],[98.39282,7.97846],[98.39573,7.97462],[98.39457,7.97036],[98.39821,7.96791],[98.39315,7.96349],[98.3974,7.95182],[98.39503,7.95149],[98.39863,7.9431],[98.40861,7.93324],[98.41426,7.92345],[98.41287,7.917],[98.41631,7.90878],[98.42117,7.90594],[98.42295,7.89716],[98.42866,7.89679],[98.43262,7.91161],[98.44113,7.91521],[98.44143,7.90675],[98.43812,7.89568],[98.44059,7.8878],[98.44534,7.88318],[98.44243,7.8794],[98.4407,7.88231],[98.42977,7.87435],[98.43328,7.87026],[98.43837,7.87016],[98.43875,7.86603],[98.43347,7.86639],[98.42591,7.87494],[98.42004,7.87364],[98.41688,7.86963],[98.4137,7.87138],[98.41395,7.87662],[98.40935,7.87779],[98.39902,7.87106],[98.40219,7.86281],[98.3958,7.86018],[98.39147,7.85178],[98.39466,7.84962],[98.3958,7.84253],[98.40303,7.83755],[98.40763,7.83909],[98.40784,7.83503],[98.40308,7.83529],[98.40251,7.83005],[98.40559,7.83003],[98.40086,7.82398],[98.40374,7.82378],[98.40647,7.81702],[98.40229,7.81204],[98.41063,7.80839],[98.41245,7.80098],[98.41022,7.79921],[98.40675,7.80447],[98.40244,7.80623],[98.39464,7.81433],[98.39002,7.8114],[98.38897,7.80545],[98.38584,7.8086],[98.38507,7.81668],[98.38073,7.82498],[98.37897,7.83612],[98.37527,7.83918],[98.36724,7.83934],[98.36192,7.83395],[98.35613,7.83232],[98.34874,7.82756],[98.34522,7.82242],[98.33959,7.80778],[98.33332,7.78629],[98.33863,7.78095],[98.33508,7.77523],[98.32779,7.77506],[98.32048,7.7712],[98.31738,7.7671],[98.31879,7.76207],[98.31117,7.75863],[98.30356,7.76338],[98.30602,7.76688],[98.30625,7.77429],[98.30368,7.77791],[98.29701,7.77791],[98.28846,7.77559],[98.28684,7.77944],[98.29025,7.78753],[98.28476,7.78784],[98.28618,7.79245],[98.29384,7.79416],[98.29841,7.80909],[98.29816,7.81897],[98.29059,7.82732],[98.29436,7.8299],[98.29222,7.84928],[98.28923,7.85836],[98.28245,7.85958],[98.28138,7.86559],[98.27681,7.86418],[98.27289,7.86874],[98.2756,7.87621],[98.27096,7.88271],[98.26591,7.88008],[98.26095,7.88585],[98.26253,7.89033],[98.27038,7.89067],[98.27165,7.88695],[98.28079,7.88853],[98.28809,7.88594],[98.29411,7.89344],[98.29692,7.90636],[98.2904,7.91667],[98.28545,7.91562],[98.28115,7.91786],[98.27593,7.92416],[98.26305,7.92385],[98.26136,7.93475],[98.25794,7.9355],[98.26235,7.94437],[98.26207,7.94835],[98.26875,7.94685],[98.27377,7.95029],[98.27735,7.94936],[98.28189,7.95254],[98.28344,7.95965],[98.27992,7.96368],[98.27787,7.97876],[98.27601,7.98345],[98.27001,7.98648],[98.27147,7.9892],[98.28409,7.98473],[98.28914,7.98958],[98.29248,8.00227],[98.29113,8.01752],[98.28754,8.0301],[98.28342,8.03554],[98.27583,8.03373],[98.27223,8.04025],[98.27671,8.04209],[98.27775,8.05347],[98.27657,8.06253],[98.27094,8.06806],[98.27253,8.07833],[98.28714,8.08527],[98.29064,8.08322],[98.29635,8.08794],[98.29828,8.09457],[98.29657,8.09848],[98.30128,8.10624],[98.3011,8.12247],[98.2968,8.14797],[98.28851,8.18481],[98.28386,8.19668],[98.28601,8.19995],[98.30058,8.19846]],[[98.31361,7.48252],[98.32146,7.49352],[98.31449,7.47859],[98.31361,7.48252]],[[98.33478,7.5222],[98.33203,7.51167],[98.32686,7.506],[98.32801,7.502],[98.32131,7.50438],[98.32174,7.5093],[98.32676,7.51308],[98.33117,7.52334],[98.33478,7.5222]],[[98.37849,7.61025],[98.37707,7.60298],[98.37003,7.59744],[98.36705,7.59152],[98.36265,7.58845],[98.35617,7.5894],[98.35323,7.59884],[98.3542,7.60339],[98.35929,7.60841],[98.36831,7.60746],[98.3623,7.61465],[98.3677,7.61507],[98.36977,7.61006],[98.37571,7.61775],[98.37849,7.61025]],[[98.29608,7.73298],[98.29595,7.73813],[98.29898,7.73474],[98.29608,7.73298]],[[98.37388,7.7459],[98.37893,7.7475],[98.38576,7.74596],[98.38064,7.73867],[98.36988,7.74072],[98.36138,7.7394],[98.35802,7.7341],[98.35721,7.73832],[98.36777,7.74917],[98.37388,7.7459]],[[98.30061,7.74239],[98.30014,7.74966],[98.30405,7.74717],[98.30061,7.74239]],[[98.32828,7.75186],[98.3301,7.75983],[98.33552,7.76201],[98.33428,7.7547],[98.32828,7.75186]],[[98.30108,7.76412],[98.29783,7.7645],[98.30191,7.76703],[98.30108,7.76412]],[[98.39256,7.75604],[98.38944,7.75673],[98.38983,7.7617],[98.39787,7.76738],[98.39977,7.76322],[98.39256,7.75604]],[[98.48049,7.75991],[98.47355,7.75063],[98.47537,7.76421],[98.48086,7.7703],[98.48332,7.76986],[98.48049,7.75991]],[[98.3717,7.7955],[98.37677,7.79343],[98.38304,7.7939],[98.38887,7.78145],[98.37799,7.77879],[98.37295,7.78048],[98.36229,7.7805],[98.35518,7.78668],[98.36485,7.79507],[98.3717,7.7955]],[[98.28447,7.81968],[98.28769,7.82062],[98.28726,7.81901],[98.28447,7.81968]],[[98.41939,7.82943],[98.41701,7.82499],[98.41001,7.82942],[98.41939,7.82943]],[[98.42203,7.83371],[98.4236,7.83688],[98.42482,7.83214],[98.42203,7.83371]],[[98.45523,7.92305],[98.45547,7.92459],[98.45659,7.92371],[98.45523,7.92305]],[[98.44259,7.94209],[98.44237,7.94348],[98.4437,7.94376],[98.44259,7.94209]],[[98.43934,7.93889],[98.43791,7.9318],[98.4321,7.92637],[98.42993,7.92903],[98.42219,7.93061],[98.41657,7.92978],[98.41514,7.93895],[98.4185,7.94342],[98.42539,7.94089],[98.43554,7.94618],[98.43934,7.93889]],[[98.45239,7.95108],[98.44522,7.95524],[98.44903,7.96158],[98.45239,7.95108]],[[98.45251,7.96388],[98.45035,7.96442],[98.45259,7.96641],[98.45251,7.96388]],[[98.28349,8.0319],[98.28294,8.02932],[98.27987,8.02974],[98.28349,8.0319]],[[98.46194,8.02847],[98.46045,8.02221],[98.45908,8.03275],[98.46194,8.02847]],[[98.46746,8.06246],[98.4719,8.04658],[98.47056,8.03907],[98.46574,8.03858],[98.4645,8.046],[98.45909,8.04996],[98.45688,8.06144],[98.45989,8.06361],[98.46746,8.06246]],[[98.45039,8.05634],[98.44412,8.05749],[98.44376,8.06167],[98.44996,8.06435],[98.45039,8.05634]],[[98.45699,8.09484],[98.45723,8.09578],[98.45795,8.09487],[98.45699,8.09484]],[[98.41588,8.10029],[98.41522,8.09767],[98.4151,8.09905],[98.41588,8.10029]],[[98.40522,8.10679],[98.39924,8.10402],[98.39923,8.10641],[98.40522,8.10679]],[[98.42292,8.11591],[98.42426,8.11864],[98.42374,8.11446],[98.42292,8.11591]],[[98.35592,8.13134],[98.35663,8.13191],[98.35658,8.1313],[98.35592,8.13134]],[[98.35887,8.13555],[98.35873,8.1357],[98.35904,8.13635],[98.35887,8.13555]],[[99.15931,9.7021],[99.16316,9.67561],[99.16937,9.65898],[99.17786,9.6435],[99.19989,9.61312],[99.2083,9.60337],[99.20967,9.59987],[99.20822,9.59163],[99.20822,9.58043],[99.20985,9.56934],[99.21624,9.54989],[99.22125,9.53735],[99.23177,9.51565],[99.23328,9.50988],[99.24477,9.47933],[99.26154,9.45176],[99.26996,9.44062],[99.27999,9.42941],[99.30159,9.40956],[99.3129,9.3936],[99.31277,9.38858],[99.30659,9.39648],[99.29656,9.40487],[99.28831,9.39985],[99.27956,9.39147],[99.27428,9.37682],[99.26306,9.37009],[99.26249,9.36098],[99.25457,9.35776],[99.23978,9.35379],[99.23806,9.34758],[99.22154,9.34026],[99.21654,9.33065],[99.21544,9.30637],[99.21812,9.29244],[99.22648,9.27679],[99.22443,9.26981],[99.22405,9.25599],[99.23972,9.23507],[99.24704,9.23433],[99.2484,9.22973],[99.25772,9.23321],[99.25726,9.22727],[99.26,9.22697],[99.26258,9.22022],[99.2668,9.21859],[99.27635,9.22167],[99.28578,9.23193],[99.29181,9.23166],[99.29409,9.23715],[99.30227,9.23597],[99.30859,9.24325],[99.32104,9.24558],[99.32258,9.24206],[99.31639,9.23643],[99.32293,9.23493],[99.31642,9.2281],[99.31421,9.22224],[99.3203,9.21909],[99.33054,9.22255],[99.33637,9.2268],[99.33622,9.22331],[99.34469,9.22039],[99.33838,9.20933],[99.3478,9.20947],[99.3628,9.21591],[99.35893,9.20659],[99.36131,9.19826],[99.36699,9.19786],[99.37032,9.18965],[99.37487,9.19937],[99.37568,9.1946],[99.38291,9.19308],[99.39051,9.19553],[99.40292,9.20301],[99.4119,9.2037],[99.41616,9.20573],[99.43159,9.20359],[99.46297,9.19821],[99.46722,9.19908],[99.47184,9.20703],[99.4806,9.21163],[99.48544,9.21047],[99.49242,9.21339],[99.49923,9.22089],[99.49618,9.22766],[99.50889,9.25984],[99.51368,9.26554],[99.5196,9.27575],[99.53064,9.28475],[99.5369,9.28618],[99.54884,9.28252],[99.55679,9.27774],[99.58298,9.26867],[99.60092,9.26712],[99.61444,9.26973],[99.62266,9.27891],[99.62336,9.28317],[99.62833,9.28888],[99.63453,9.29193],[99.64062,9.2999],[99.64873,9.30498],[99.65436,9.30273],[99.66096,9.30462],[99.66704,9.30323],[99.68076,9.31113],[99.68359,9.31508],[99.6811,9.32107],[99.68434,9.32621],[99.68543,9.33254],[99.68084,9.33721],[99.68836,9.33468],[99.6887,9.32828],[99.69827,9.32262],[99.70435,9.32488],[99.7071,9.32078],[99.72484,9.31194],[99.73098,9.31235],[99.73492,9.32063],[99.74119,9.32715],[99.74261,9.32441],[99.75434,9.31636],[99.7609,9.31534],[99.76173,9.31797],[99.76913,9.3228]],[[98.50606,9.3089],[98.50624,9.31566]],[[98.50624,9.31566],[98.51231,9.32209]],[[98.51231,9.32209],[98.51192,9.32615]],[[98.51192,9.32615],[98.51556,9.33086]],[[98.51556,9.33086],[98.52621,9.33834]],[[98.52621,9.33834],[98.53075,9.3453]],[[98.53075,9.3453],[98.53939,9.35025]],[[98.53939,9.35025],[98.54037,9.35398]],[[98.54037,9.35398],[98.54793,9.36117]],[[98.54793,9.36117],[98.56243,9.36051]],[[98.56243,9.36051],[98.56658,9.35909]],[[98.56658,9.35909],[98.57277,9.36201]],[[98.57277,9.36201],[98.57484,9.36545]],[[98.57484,9.36545],[98.58409,9.36444]],[[98.58409,9.36444],[98.58722,9.36792]],[[98.58722,9.36792],[98.59008,9.36477]],[[98.59008,9.36477],[98.58999,9.35668]],[[98.58999,9.35668],[98.59692,9.34962]],[[98.59692,9.34962],[98.60443,9.34476]],[[98.60443,9.34476],[98.61136,9.34233]],[[98.61136,9.34233],[98.62968,9.35424]],[[98.62968,9.35424],[98.63758,9.35658]],[[98.63758,9.35658],[98.64326,9.35286]],[[98.64326,9.35286],[98.6561,9.34767]],[[98.6561,9.34767],[98.65986,9.34805]],[[98.65986,9.34805],[98.66341,9.35453]],[[98.66341,9.35453],[98.66719,9.35651]],[[98.66719,9.35651],[98.67193,9.36682]],[[98.67193,9.36682],[98.67093,9.37248]],[[98.67093,9.37248],[98.67501,9.38064]],[[98.67501,9.38064],[98.67412,9.38847]],[[98.67412,9.38847],[98.66941,9.38919]],[[98.66941,9.38919],[98.66474,9.38619]],[[98.66474,9.38619],[98.64888,9.38758]],[[98.64888,9.38758],[98.65432,9.40021]],[[98.65432,9.40021],[98.65392,9.4041]],[[98.65392,9.4041],[98.64792,9.41366]],[[98.64792,9.41366],[98.64785,9.42725]],[[98.64785,9.42725],[98.65087,9.42851]],[[98.65087,9.42851],[98.6602,9.4207]],[[98.6602,9.4207],[98.66674,9.42169]],[[98.66674,9.42169],[98.6815,9.43593]],[[98.6815,9.43593],[98.67635,9.4406]],[[98.67635,9.4406],[98.67294,9.44727]],[[98.67294,9.44727],[98.66698,9.45132]],[[98.66698,9.45132],[98.6657,9.45959]],[[98.6657,9.45959],[98.66888,9.46692]],[[98.66888,9.46692],[98.67714,9.46504]],[[98.67714,9.46504],[98.68376,9.46944]],[[98.68376,9.46944],[98.69447,9.4699]],[[98.69447,9.4699],[98.69709,9.47558]],[[98.69709,9.47558],[98.70253,9.48052]],[[98.70253,9.48052],[98.7041,9.48567]],[[98.7041,9.48567],[98.71581,9.48671]],[[98.71581,9.48671],[98.71712,9.49931]],[[98.71712,9.49931],[98.72391,9.50316]],[[98.72391,9.50316],[98.72447,9.51005]],[[98.72447,9.51005],[98.73428,9.51669]],[[98.73428,9.51669],[98.73521,9.52287]],[[98.73521,9.52287],[98.74066,9.52568]],[[98.74066,9.52568],[98.74912,9.53594]],[[98.74912,9.53594],[98.75552,9.5379]],[[98.75552,9.5379],[98.76361,9.53674]],[[98.76361,9.53674],[98.76845,9.54456]],[[98.76845,9.54456],[98.75759,9.56042]],[[98.75759,9.56042],[98.76034,9.56871]],[[98.76034,9.56871],[98.75883,9.57422]],[[98.75883,9.57422],[98.74644,9.57704]],[[98.74644,9.57704],[98.7394,9.58212]],[[98.7394,9.58212],[98.73753,9.58582]],[[98.73753,9.58582],[98.74045,9.59072]],[[98.74045,9.59072],[98.73964,9.60088]],[[98.73964,9.60088],[98.74727,9.60261]],[[98.74727,9.60261],[98.75038,9.61152]],[[98.75038,9.61152],[98.76375,9.62549]],[[98.76375,9.62549],[98.7676,9.62711]],[[98.7676,9.62711],[98.76744,9.6405]],[[98.76744,9.6405],[98.76423,9.64186]],[[98.76423,9.64186],[98.7679,9.6507]],[[98.7679,9.6507],[98.76716,9.6609]],[[98.76716,9.6609],[98.76867,9.66801]],[[98.76867,9.66801],[98.7665,9.67247]],[[98.7665,9.67247],[98.76888,9.6867]],[[98.76888,9.6867],[98.77879,9.68864]],[[98.77879,9.68864],[98.779,9.69102]],[[98.779,9.69102],[98.78724,9.69356]],[[98.78724,9.69356],[98.78994,9.69137]],[[98.78994,9.69137],[98.78763,9.68672]],[[98.78763,9.68672],[98.78964,9.68429]],[[98.78964,9.68429],[98.79552,9.68712]],[[98.79552,9.68712],[98.80238,9.68743]],[[98.80238,9.68743],[98.81086,9.69268]],[[98.81086,9.69268],[98.81541,9.69725]],[[98.81541,9.69725],[98.81913,9.70431]],[[98.81913,9.70431],[98.83298,9.70526]],[[98.83298,9.70526],[98.83383,9.70148]],[[98.83383,9.70148],[98.83924,9.70574]],[[98.83924,9.70574],[98.84054,9.70373]],[[98.84054,9.70373],[98.85446,9.70944]],[[98.85446,9.70944],[98.86219,9.71966]],[[98.86219,9.71966],[98.86261,9.72632]],[[98.86261,9.72632],[98.87514,9.73138]],[[98.87514,9.73138],[98.88691,9.72659]],[[98.88691,9.72659],[98.88744,9.72333]],[[98.88744,9.72333],[98.8949,9.72269]],[[98.8949,9.72269],[98.89926,9.71977]],[[98.89926,9.71977],[98.90347,9.72438]],[[98.90347,9.72438],[98.91049,9.72317]],[[98.91049,9.72317],[98.91861,9.71255]],[[98.91861,9.71255],[98.92077,9.7071]],[[98.92077,9.7071],[98.93292,9.69605]],[[98.93292,9.69605],[98.93241,9.6895]],[[98.93241,9.6895],[98.9393,9.68144]],[[98.9393,9.68144],[98.94823,9.68199]],[[98.94823,9.68199],[98.95134,9.67839]],[[98.95134,9.67839],[98.95748,9.68106]],[[98.95748,9.68106],[98.96363,9.68039]],[[98.96363,9.68039],[98.96547,9.67702]],[[98.96547,9.67702],[98.97826,9.68138]],[[98.97826,9.68138],[98.98318,9.67265]],[[98.98318,9.67265],[98.99374,9.68039]],[[98.99374,9.68039],[98.99789,9.69059]],[[98.99789,9.69059],[99.00574,9.694]],[[99.00574,9.694],[99.00977,9.69881]],[[99.00977,9.69881],[99.01939,9.69475]],[[99.01939,9.69475],[99.02529,9.69826]],[[99.02529,9.69826],[99.02791,9.69496]],[[99.02791,9.69496],[99.03436,9.69397]],[[99.03436,9.69397],[99.04247,9.68633]],[[99.04247,9.68633],[99.05136,9.6893]],[[99.05136,9.6893],[99.05845,9.68866]],[[99.05845,9.68866],[99.06687,9.70211]],[[99.06687,9.70211],[99.07112,9.69825]],[[99.07112,9.69825],[99.07481,9.69938]],[[99.07481,9.69938],[99.08035,9.69642]],[[99.08035,9.69642],[99.08492,9.70143]],[[99.08492,9.70143],[99.09188,9.70575]],[[99.09188,9.70575],[99.11027,9.70553]],[[99.11027,9.70553],[99.12166,9.70353]],[[99.12166,9.70353],[99.1346,9.70754]],[[99.1346,9.70754],[99.14119,9.70472]],[[99.14119,9.70472],[99.15115,9.69484]],[[99.15115,9.69484],[99.15609,9.69579]],[[99.15609,9.69579],[99.15619,9.70221]],[[99.15619,9.70221],[99.15931,9.7021]],[[99.96012,9.30339],[99.95066,9.31146],[99.95739,9.30997],[99.96404,9.31086],[99.96012,9.30339]],[[99.90908,9.31448],[99.91525,9.31458],[99.91603,9.30911],[99.90908,9.31448]],[[99.89042,9.30757],[99.89036,9.31562],[99.89248,9.31752],[99.8927,9.30752],[99.89042,9.30757]],[[99.70312,9.32955],[99.70299,9.3325],[99.70464,9.33199],[99.70312,9.32955]],[[99.91999,9.34456],[99.9216,9.34573],[99.92233,9.34536],[99.91999,9.34456]],[[99.72013,9.34921],[99.71942,9.35028],[99.72166,9.34982],[99.72013,9.34921]],[[99.68283,9.35378],[99.6845,9.35094],[99.68002,9.35175],[99.68283,9.35378]],[[99.98215,9.37493],[99.97769,9.36721],[99.97202,9.36658],[99.97676,9.37332],[99.97685,9.3782],[99.98138,9.3796],[99.98215,9.37493]],[[99.9531,9.39613],[99.95412,9.38921],[99.95154,9.37866],[99.95933,9.37125],[99.96014,9.36674],[99.95722,9.36036],[99.94403,9.35494],[99.92704,9.3572],[99.93302,9.36865],[99.93427,9.38072],[99.93848,9.38679],[99.94829,9.3957],[99.9531,9.39613]],[[99.66692,9.37848],[99.66271,9.38273],[99.66445,9.39854],[99.66814,9.40345],[99.67269,9.40516],[99.67687,9.39425],[99.67622,9.39033],[99.67082,9.38575],[99.66692,9.37848]],[[99.67125,9.40719],[99.67046,9.40798],[99.67117,9.40859],[99.67125,9.40719]],[[99.67227,9.41061],[99.67318,9.41282],[99.67375,9.41195],[99.67227,9.41061]],[[99.89635,9.4261],[99.89646,9.42839],[99.89823,9.42842],[99.89635,9.4261]],[[99.6713,9.42501],[99.66644,9.42899],[99.67005,9.43288],[99.6739,9.43287],[99.67569,9.42675],[99.6713,9.42501]],[[99.89294,9.43592],[99.89478,9.43593],[99.89362,9.43381],[99.89294,9.43592]],[[99.89276,9.4367],[99.89308,9.43799],[99.89339,9.43686],[99.89276,9.4367]],[[99.89951,9.43963],[99.9007,9.43979],[99.90065,9.43822],[99.89951,9.43963]],[[99.90087,9.44319],[99.90023,9.44335],[99.9012,9.4442],[99.90087,9.44319]],[[99.654,9.44819],[99.65257,9.44208],[99.64962,9.44675],[99.654,9.44819]],[[99.67754,9.46166],[99.6695,9.46449],[99.66692,9.46773],[99.6698,9.47334],[99.67508,9.47355],[99.68185,9.46876],[99.6815,9.46312],[99.67754,9.46166]],[[99.67678,9.47311],[99.67772,9.47365],[99.67775,9.47302],[99.67678,9.47311]],[[99.70006,9.48064],[99.69585,9.48049],[99.6963,9.48344],[99.70006,9.48064]],[[99.70138,9.50886],[99.7057,9.51175],[99.70563,9.50747],[99.70138,9.50886]],[[99.71191,9.51984],[99.70988,9.52037],[99.71192,9.52284],[99.71191,9.51984]],[[100.08701,9.53437],[100.0818,9.53474],[100.08003,9.54072],[100.08701,9.53437]],[[99.67308,9.54261],[99.67501,9.54332],[99.67409,9.54095],[99.67308,9.54261]],[[99.69424,9.54966],[99.69428,9.55048],[99.69546,9.55119],[99.69424,9.54966]],[[99.69372,9.5496],[99.70808,9.54664],[99.70454,9.54241],[99.70399,9.53349],[99.70784,9.53113],[99.70397,9.52701],[99.70523,9.52308],[99.70141,9.52135],[99.69982,9.51003],[99.69361,9.50721],[99.68321,9.50578],[99.67242,9.50748],[99.66767,9.51219],[99.661,9.5146],[99.66231,9.51719],[99.66175,9.5295],[99.66797,9.53807],[99.68195,9.5424],[99.68262,9.55044],[99.68994,9.55357],[99.69372,9.5496]],[[99.69017,9.55547],[99.69067,9.55574],[99.6907,9.55547],[99.69017,9.55547]],[[99.68481,9.55411],[99.6825,9.5568],[99.68498,9.55733],[99.68481,9.55411]],[[99.65861,9.54467],[99.66202,9.55495],[99.66634,9.55763],[99.66558,9.54382],[99.65861,9.54467]],[[99.66869,9.55919],[99.66843,9.55953],[99.66902,9.56008],[99.66869,9.55919]],[[100.08967,9.57406],[100.0868,9.57329],[100.08673,9.57501],[100.08967,9.57406]],[[100.05122,9.59088],[100.05312,9.59349],[100.05301,9.59145],[100.05122,9.59088]],[[100.06964,9.59342],[100.07606,9.5865],[100.08082,9.5874],[100.0818,9.58119],[100.08021,9.57535],[100.0831,9.57211],[100.09059,9.57],[100.08832,9.56],[100.0842,9.55912],[100.07801,9.55249],[100.07546,9.5471],[100.07771,9.54066],[100.07167,9.53878],[100.06936,9.5332],[100.06249,9.52892],[100.05805,9.51865],[100.05606,9.50227],[100.06011,9.49929],[100.06195,9.49008],[100.06673,9.4864],[100.06631,9.47827],[100.07068,9.47748],[100.07024,9.47308],[100.07396,9.47074],[100.07098,9.46746],[100.06461,9.47119],[100.05595,9.47128],[100.04914,9.46781],[100.04006,9.4534],[100.02958,9.45091],[100.02465,9.44427],[100.01727,9.42411],[100.00953,9.4197],[100.00046,9.42431],[99.98303,9.42095],[99.96577,9.40886],[99.96273,9.41081],[99.95799,9.41963],[99.94969,9.42208],[99.94152,9.42199],[99.93561,9.41776],[99.92924,9.41733],[99.92915,9.42793],[99.93518,9.42562],[99.93713,9.43014],[99.93402,9.43749],[99.93542,9.44626],[99.93285,9.46736],[99.92928,9.47666],[99.92663,9.47696],[99.92549,9.48563],[99.91877,9.4913],[99.92617,9.49116],[99.92987,9.49322],[99.93442,9.50007],[99.93456,9.51146],[99.93249,9.51674],[99.93506,9.52424],[99.93374,9.53944],[99.92743,9.55806],[99.91518,9.57073],[99.919,9.57691],[99.92256,9.57453],[99.93551,9.57777],[99.95187,9.57897],[99.9626,9.58092],[99.96754,9.58342],[99.98279,9.58737],[99.98699,9.58013],[99.99513,9.57269],[99.99976,9.57039],[100.00959,9.56994],[100.01662,9.57467],[100.01949,9.57061],[100.01865,9.56652],[100.03179,9.5598],[100.04039,9.56183],[100.05057,9.5573],[100.05636,9.55885],[100.06195,9.56607],[100.06268,9.57057],[100.06897,9.58358],[100.06506,9.58974],[100.06964,9.59342]],[[100.05963,9.59434],[100.0576,9.59099],[100.05476,9.59306],[100.05963,9.59434]],[[99.71939,9.58984],[99.72113,9.5947],[99.72304,9.5926],[99.71939,9.58984]],[[99.71722,9.60251],[99.71415,9.60261],[99.71673,9.60429],[99.71722,9.60251]],[[99.72067,9.62009],[99.72065,9.6196],[99.72028,9.61969],[99.72067,9.62009]],[[99.71145,9.60406],[99.7093,9.61285],[99.71108,9.61975],[99.7138,9.61894],[99.71485,9.61271],[99.71145,9.60406]],[[99.72032,9.62027],[99.72047,9.6205],[99.72057,9.62026],[99.72032,9.62027]],[[99.67487,9.6329],[99.68199,9.63117],[99.68469,9.61555],[99.68,9.60768],[99.67252,9.60744],[99.66714,9.61696],[99.66762,9.62476],[99.66477,9.63372],[99.66118,9.6369],[99.66776,9.64267],[99.67487,9.6329]],[[99.67616,9.63878],[99.67352,9.63846],[99.67295,9.64266],[99.67616,9.63878]],[[99.67286,9.6429],[99.67329,9.64324],[99.67325,9.64289],[99.67286,9.6429]],[[99.67494,9.64961],[99.67533,9.64629],[99.66965,9.6485],[99.6653,9.64652],[99.65909,9.65388],[99.66486,9.66147],[99.66865,9.65661],[99.66764,9.65215],[99.67494,9.64961]],[[99.65788,9.66109],[99.65866,9.66244],[99.65995,9.66168],[99.65788,9.66109]],[[99.66731,9.66331],[99.6678,9.66346],[99.66796,9.66286],[99.66731,9.66331]],[[99.67473,9.66226],[99.67611,9.66525],[99.67704,9.66244],[99.67473,9.66226]],[[99.6891,9.66446],[99.6809,9.65095],[99.67814,9.65391],[99.67967,9.6655],[99.6891,9.66446]],[[99.66236,9.66616],[99.66389,9.67047],[99.66945,9.66693],[99.66236,9.66616]],[[99.67674,9.6699],[99.67746,9.67255],[99.67818,9.66964],[99.67674,9.6699]],[[99.67944,9.67103],[99.68018,9.67394],[99.68148,9.67171],[99.67944,9.67103]],[[99.66943,9.67213],[99.66752,9.67273],[99.66899,9.67546],[99.66943,9.67213]],[[99.67912,9.67666],[99.67806,9.67451],[99.67583,9.67648],[99.67912,9.67666]],[[99.65904,9.67719],[99.65902,9.67784],[99.65979,9.67763],[99.65904,9.67719]],[[99.66277,9.67575],[99.66403,9.67828],[99.66388,9.67594],[99.66277,9.67575]],[[99.67643,9.68028],[99.67597,9.68115],[99.67762,9.6817],[99.67643,9.68028]],[[99.66572,9.68136],[99.66742,9.68245],[99.6673,9.68024],[99.66572,9.68136]],[[99.68729,9.68004],[99.68207,9.67619],[99.67923,9.6809],[99.68374,9.684],[99.68729,9.68004]],[[99.67765,9.68614],[99.6774,9.6867],[99.67766,9.6867],[99.67765,9.68614]],[[99.67496,9.68827],[99.67597,9.6861],[99.67332,9.688],[99.67496,9.68827]],[[99.66308,9.69717],[99.66136,9.6964],[99.66127,9.69747],[99.66308,9.69717]],[[99.679,9.69867],[99.6798,9.70015],[99.6806,9.69936],[99.679,9.69867]],[[99.66324,9.70165],[99.66226,9.70337],[99.66427,9.70374],[99.66324,9.70165]],[[99.6762,9.70124],[99.67908,9.69371],[99.67509,9.69214],[99.6704,9.69498],[99.6762,9.70124]],[[99.94607,9.70208],[99.94313,9.70522],[99.94996,9.70694],[99.94607,9.70208]],[[99.67523,9.70529],[99.67419,9.70541],[99.67418,9.70775],[99.67523,9.70529]],[[99.67667,9.70729],[99.67529,9.70725],[99.67693,9.70806],[99.67667,9.70729]],[[99.67412,9.70788],[99.67422,9.70851],[99.6748,9.70846],[99.67412,9.70788]],[[99.67566,9.70845],[99.67593,9.71067],[99.67673,9.70925],[99.67566,9.70845]],[[99.97561,9.7109],[99.97197,9.70558],[99.97155,9.71003],[99.97561,9.7109]],[[100.07387,9.7647],[100.07519,9.76721],[100.07582,9.7654],[100.07387,9.7647]],[[99.66799,9.76652],[99.6682,9.7677],[99.66862,9.76677],[99.66799,9.76652]],[[99.66663,9.76944],[99.66734,9.77092],[99.66912,9.76978],[99.66663,9.76944]],[[99.67235,9.77241],[99.67007,9.76973],[99.67082,9.77231],[99.67235,9.77241]],[[99.67302,9.77506],[99.67077,9.77632],[99.67321,9.77759],[99.67302,9.77506]],[[99.67365,9.77977],[99.67132,9.77894],[99.67295,9.78521],[99.67365,9.77977]],[[99.714,9.79622],[99.71422,9.79566],[99.71295,9.79618],[99.714,9.79622]],[[99.71271,9.79862],[99.71326,9.80148],[99.71396,9.79968],[99.71271,9.79862]],[[99.98098,9.80021],[99.97769,9.79969],[99.97934,9.80284],[99.98098,9.80021]],[[100.03088,9.80296],[100.03373,9.79349],[100.03845,9.79423],[100.0542,9.79171],[100.06257,9.78594],[100.05625,9.782],[100.05708,9.77172],[100.06288,9.77],[100.06615,9.77323],[100.07267,9.76652],[100.07187,9.76188],[100.07593,9.75465],[100.07452,9.74994],[100.07931,9.74502],[100.08098,9.73362],[100.07756,9.72935],[100.0769,9.71925],[100.08018,9.71771],[100.07532,9.7139],[100.08166,9.69708],[100.07832,9.69661],[100.07369,9.69],[100.07827,9.68366],[100.06873,9.67877],[100.06877,9.67393],[100.07567,9.66577],[100.07013,9.66638],[100.05728,9.68114],[100.04462,9.68736],[100.03954,9.6932],[100.02417,9.69712],[100.01729,9.70138],[100.00465,9.70387],[99.99782,9.70648],[99.99269,9.7051],[99.98573,9.70856],[99.98134,9.71323],[99.98158,9.71869],[99.97658,9.72278],[99.97581,9.72934],[99.98024,9.733],[99.97533,9.74694],[99.97171,9.75125],[99.96407,9.75055],[99.96081,9.75697],[99.96148,9.77189],[99.96684,9.77747],[99.96712,9.78567],[99.97307,9.78795],[99.97093,9.79171],[99.97581,9.79154],[99.98255,9.79939],[99.98858,9.79813],[99.99008,9.80293],[99.99759,9.79567],[99.99598,9.7919],[100.00278,9.78768],[100.00735,9.78763],[100.016,9.79872],[100.01628,9.80189],[100.02464,9.80389],[100.03088,9.80296]],[[99.81558,10.11517],[99.81355,10.11439],[99.81373,10.11608],[99.81558,10.11517]],[[99.81647,10.11729],[99.81472,10.11712],[99.81625,10.11854],[99.81647,10.11729]],[[99.8157,10.12072],[99.81265,10.11807],[99.81096,10.12283],[99.81351,10.12532],[99.8157,10.12072]],[[99.83668,10.12071],[99.83889,10.12552],[99.84536,10.12192],[99.84373,10.11853],[99.85052,10.11053],[99.84622,10.10535],[99.85158,10.09765],[99.85185,10.09236],[99.85589,10.09117],[99.84778,10.08359],[99.84637,10.07406],[99.83942,10.07267],[99.83835,10.06441],[99.83202,10.06645],[99.82833,10.05887],[99.82873,10.06502],[99.82483,10.06742],[99.82159,10.06473],[99.81507,10.06914],[99.81581,10.07891],[99.82392,10.08431],[99.828,10.0953],[99.82693,10.10474],[99.82255,10.10659],[99.82004,10.11155],[99.82063,10.11891],[99.82532,10.12626],[99.83668,10.12071]],[[98.88538,10.78416],[98.88639,10.77792]],[[98.88639,10.77792],[98.88916,10.77786]],[[98.88916,10.77786],[98.88936,10.77002]],[[98.88936,10.77002],[98.89433,10.7623]],[[98.89433,10.7623],[98.89351,10.75778]],[[98.89351,10.75778],[98.89775,10.75194]],[[98.89775,10.75194],[98.90891,10.7533]],[[98.90891,10.7533],[98.91434,10.74774]],[[98.91434,10.74774],[98.91013,10.74127]],[[98.91013,10.74127],[98.91115,10.73742]],[[98.91115,10.73742],[98.90558,10.72981]],[[98.90558,10.72981],[98.90183,10.71485]],[[98.90183,10.71485],[98.89813,10.71129]],[[98.89813,10.71129],[98.8999,10.70856]],[[98.8999,10.70856],[98.89573,10.70103]],[[98.89573,10.70103],[98.89001,10.69615]],[[98.89001,10.69615],[98.89433,10.6816]],[[98.89433,10.6816],[98.90244,10.68669]],[[98.90244,10.68669],[98.9044,10.69142]],[[98.9044,10.69142],[98.90925,10.69179]],[[98.90925,10.69179],[98.91067,10.68585]],[[98.91067,10.68585],[98.90833,10.67748]],[[98.90833,10.67748],[98.91259,10.67965]],[[98.91259,10.67965],[98.92069,10.68023]],[[98.92069,10.68023],[98.9297,10.6727]],[[98.9297,10.6727],[98.92925,10.66715]],[[98.92925,10.66715],[98.92525,10.65578]],[[98.92525,10.65578],[98.92725,10.65004]],[[98.92725,10.65004],[98.93875,10.65001]],[[98.93875,10.65001],[98.94846,10.64351]],[[98.94846,10.64351],[98.95086,10.637]],[[98.95086,10.637],[98.94628,10.62179]],[[98.94628,10.62179],[98.94518,10.61182]],[[98.94518,10.61182],[98.95369,10.61275]],[[98.95369,10.61275],[98.95892,10.61648]],[[98.95892,10.61648],[98.96127,10.60825]],[[98.96127,10.60825],[98.96487,10.60523]],[[98.96487,10.60523],[98.96189,10.59689]],[[98.96189,10.59689],[98.9601,10.58473]],[[98.9601,10.58473],[98.95666,10.5794]],[[98.95666,10.5794],[98.9411,10.56986]],[[98.9411,10.56986],[98.94474,10.5619]],[[98.94474,10.5619],[98.9438,10.55891]],[[98.9438,10.55891],[98.9627,10.54172]],[[98.9627,10.54172],[98.9626,10.53959]],[[98.9626,10.53959],[98.95357,10.536]],[[98.95357,10.536],[98.94831,10.52946]],[[98.94831,10.52946],[98.94495,10.52237]],[[98.94495,10.52237],[98.94504,10.51769]],[[98.94504,10.51769],[98.93588,10.51328]],[[98.93588,10.51328],[98.92541,10.51363]],[[98.92541,10.51363],[98.91793,10.50743]],[[98.91793,10.50743],[98.91399,10.50016]],[[98.91399,10.50016],[98.91192,10.49161]],[[98.91192,10.49161],[98.90029,10.48685]],[[98.90029,10.48685],[98.89436,10.48254]],[[98.89436,10.48254],[98.89485,10.47539]],[[98.89485,10.47539],[98.88399,10.45702]],[[98.88399,10.45702],[98.88877,10.45607]],[[98.88877,10.45607],[98.88693,10.45213]],[[98.88693,10.45213],[98.89233,10.44558]],[[98.89233,10.44558],[98.89624,10.43107]],[[98.89624,10.43107],[98.89375,10.42941]],[[98.89375,10.42941],[98.89504,10.42257]],[[98.89504,10.42257],[98.89365,10.41686]],[[98.89365,10.41686],[98.89889,10.41245]],[[98.89889,10.41245],[98.90432,10.41102]],[[98.90432,10.41102],[98.90477,10.40642]],[[98.90477,10.40642],[98.90147,10.398]],[[98.90147,10.398],[98.90777,10.39841]],[[98.90777,10.39841],[98.91546,10.39521]],[[98.91546,10.39521],[98.92836,10.39522]],[[98.92836,10.39522],[98.92929,10.38609]],[[98.92929,10.38609],[98.93713,10.38392]],[[98.93713,10.38392],[98.93742,10.37765]],[[98.93742,10.37765],[98.93353,10.37287]],[[98.93353,10.37287],[98.93072,10.36485]],[[98.93072,10.36485],[98.94201,10.35903]],[[98.94201,10.35903],[98.94336,10.35147]],[[98.94336,10.35147],[98.94024,10.34139]],[[98.94024,10.34139],[98.93227,10.33238]],[[98.93227,10.33238],[98.93072,10.32644]],[[98.93072,10.32644],[98.91813,10.31574]],[[98.91813,10.31574],[98.91435,10.30472]],[[98.91435,10.30472],[98.90431,10.29701]],[[98.90431,10.29701],[98.90065,10.28911]],[[98.90065,10.28911],[98.89983,10.2777]],[[98.89983,10.2777],[98.90179,10.27376]],[[98.90179,10.27376],[98.90821,10.27]],[[98.90821,10.27],[98.90899,10.26624]],[[98.90899,10.26624],[98.90396,10.25434]],[[98.90396,10.25434],[98.8953,10.25117]],[[98.8953,10.25117],[98.89544,10.24723]],[[98.89544,10.24723],[98.90017,10.24509]],[[98.90017,10.24509],[98.89801,10.23952]],[[98.89801,10.23952],[98.89048,10.23596]],[[98.89048,10.23596],[98.88927,10.23205]],[[98.88927,10.23205],[98.89113,10.22252]],[[98.89113,10.22252],[98.88456,10.21493]],[[98.88456,10.21493],[98.88095,10.21348]],[[98.88095,10.21348],[98.87518,10.20437]],[[98.87518,10.20437],[98.87549,10.1945]],[[98.87549,10.1945],[98.87115,10.18575]],[[98.87115,10.18575],[98.87773,10.18192]],[[98.87773,10.18192],[98.87829,10.17811]],[[98.87829,10.17811],[98.88303,10.17601]],[[98.88303,10.17601],[98.88893,10.1692]],[[98.88893,10.1692],[98.88882,10.16045]],[[98.88882,10.16045],[98.88412,10.15639]],[[98.88412,10.15639],[98.87264,10.15578]],[[98.87264,10.15578],[98.86956,10.15386]],[[98.86956,10.15386],[98.86989,10.14497]],[[98.86989,10.14497],[98.86799,10.14111]],[[98.86799,10.14111],[98.86867,10.13383]],[[98.86867,10.13383],[98.86023,10.13222]],[[98.86023,10.13222],[98.85858,10.11921]],[[98.85858,10.11921],[98.86414,10.11904]],[[98.86414,10.11904],[98.8637,10.11038]],[[98.8637,10.11038],[98.86613,10.1046]],[[98.86613,10.1046],[98.86314,10.09914]],[[98.86314,10.09914],[98.8628,10.09345]],[[98.8628,10.09345],[98.85616,10.0841]],[[98.85616,10.0841],[98.85121,10.08552]],[[98.85121,10.08552],[98.84621,10.07809]],[[98.84621,10.07809],[98.83553,10.06664]],[[98.83553,10.06664],[98.83879,10.06321]],[[98.83879,10.06321],[98.84518,10.06227]],[[98.84518,10.06227],[98.8547,10.06322]],[[98.8547,10.06322],[98.85933,10.06143]],[[98.85933,10.06143],[98.86246,10.06435]],[[98.86246,10.06435],[98.86709,10.06287]],[[98.86709,10.06287],[98.88093,10.06455]],[[98.88093,10.06455],[98.88866,10.06134]],[[98.88866,10.06134],[98.89206,10.06457]],[[98.89206,10.06457],[98.90297,10.05464]],[[98.90297,10.05464],[98.90054,10.0457]],[[98.90054,10.0457],[98.90629,10.03396]],[[98.90629,10.03396],[98.9042,10.02641]],[[98.9042,10.02641],[98.89978,10.02471]],[[98.89978,10.02471],[98.88738,10.01418]],[[98.88738,10.01418],[98.88393,10.00586]],[[98.88393,10.00586],[98.87527,10.00011]],[[98.87527,10.00011],[98.8713,10.00006]],[[98.8713,10.00006],[98.8671,9.99543]],[[98.8671,9.99543],[98.85755,9.99746]],[[98.85755,9.99746],[98.85484,9.99389]],[[98.85484,9.99389],[98.84171,9.99091]],[[98.84171,9.99091],[98.83929,9.98518]],[[98.83929,9.98518],[98.82817,9.97717]],[[98.82817,9.97717],[98.82948,9.97091]],[[98.82948,9.97091],[98.8265,9.96888]],[[98.8265,9.96888],[98.82178,9.95893]],[[98.82178,9.95893],[98.82312,9.94748]],[[98.82312,9.94748],[98.81396,9.93615]],[[98.81396,9.93615],[98.80953,9.93727]],[[98.80953,9.93727],[98.80188,9.94334]],[[98.80188,9.94334],[98.7954,9.94046]],[[98.7954,9.94046],[98.78063,9.95037]],[[98.78063,9.95037],[98.77205,9.94597]],[[98.77205,9.94597],[98.76738,9.93983]],[[98.76738,9.93983],[98.75652,9.93423]],[[98.75652,9.93423],[98.75405,9.93152]],[[98.75405,9.93152],[98.75139,9.91754]],[[98.75139,9.91754],[98.74611,9.91681]],[[98.74611,9.91681],[98.73665,9.90535]],[[98.73665,9.90535],[98.73052,9.9036]],[[98.73052,9.9036],[98.72744,9.89833]],[[98.72744,9.89833],[98.72037,9.89334]],[[98.72037,9.89334],[98.71947,9.88197]],[[98.71947,9.88197],[98.72166,9.87706]],[[98.72166,9.87706],[98.71964,9.87157]],[[98.71964,9.87157],[98.72116,9.86751]],[[98.72116,9.86751],[98.71866,9.86406]],[[98.71866,9.86406],[98.7017,9.84838]],[[98.7017,9.84838],[98.69291,9.83352]],[[98.69291,9.83352],[98.68973,9.83208]],[[98.68973,9.83208],[98.68221,9.83467]],[[98.68221,9.83467],[98.67892,9.82809]],[[98.67892,9.82809],[98.67095,9.82248]],[[98.67095,9.82248],[98.66925,9.81832]],[[98.66925,9.81832],[98.66429,9.81541]],[[98.66429,9.81541],[98.66357,9.80928]],[[98.66357,9.80928],[98.65696,9.80492]],[[98.65696,9.80492],[98.6452,9.79137]],[[98.6452,9.79137],[98.64246,9.79334]],[[98.64246,9.79334],[98.63533,9.78836]],[[98.63533,9.78836],[98.63033,9.77843]],[[98.63033,9.77843],[98.63312,9.76717]],[[98.63312,9.76717],[98.62768,9.76331]],[[98.62768,9.76331],[98.63241,9.7576]],[[98.63241,9.7576],[98.63179,9.75158]],[[98.63179,9.75158],[98.63528,9.74184]],[[98.63528,9.74184],[98.64175,9.73908]],[[98.64175,9.73908],[98.64207,9.73469]],[[98.64207,9.73469],[98.63827,9.72942]],[[98.63827,9.72942],[98.63785,9.72351]],[[98.63785,9.72351],[98.64041,9.71672]],[[98.64041,9.71672],[98.63938,9.71356]],[[98.63938,9.71356],[98.64966,9.70179]],[[98.64966,9.70179],[98.647,9.69091]],[[98.647,9.69091],[98.65737,9.68735]],[[98.65737,9.68735],[98.66019,9.67859]],[[98.66019,9.67859],[98.65383,9.67166]],[[98.65383,9.67166],[98.65306,9.6664]],[[98.65306,9.6664],[98.64846,9.66157]],[[98.64846,9.66157],[98.65279,9.65936]],[[98.65279,9.65936],[98.65473,9.65298]],[[98.65473,9.65298],[98.66045,9.65522]],[[98.66045,9.65522],[98.67045,9.65502]],[[98.67045,9.65502],[98.67641,9.65297]],[[98.67641,9.65297],[98.6801,9.64847]],[[98.6801,9.64847],[98.68579,9.64747]],[[98.68579,9.64747],[98.68874,9.641]],[[98.68874,9.641],[98.69548,9.63955]],[[98.69548,9.63955],[98.69716,9.63589]],[[98.69716,9.63589],[98.70396,9.63214]],[[98.70396,9.63214],[98.71183,9.63216]],[[98.71183,9.63216],[98.71457,9.62875]],[[98.71457,9.62875],[98.72054,9.62904]],[[98.72054,9.62904],[98.72909,9.61441]],[[98.72909,9.61441],[98.73694,9.60995]],[[98.73694,9.60995],[98.73644,9.60406]],[[98.73644,9.60406],[98.73964,9.60088]],[[98.39047,9.33219],[98.39233,9.34114],[98.39542,9.36648],[98.39614,9.39011],[98.39803,9.40354],[98.40222,9.40347],[98.40735,9.39822],[98.41663,9.40718],[98.42889,9.43866],[98.43134,9.44942],[98.43368,9.46766],[98.43234,9.48447],[98.43371,9.49492],[98.43877,9.51197],[98.44757,9.53769],[98.44943,9.53939],[98.45494,9.55676],[98.45578,9.56334],[98.46147,9.56226],[98.46674,9.56703],[98.47011,9.56478],[98.46721,9.55877],[98.46071,9.55748],[98.46851,9.54331],[98.47905,9.54683],[98.48156,9.55668],[98.48543,9.54774],[98.4992,9.54893],[98.49824,9.55251],[98.51207,9.55408],[98.51582,9.55948],[98.5104,9.55891],[98.53343,9.56863],[98.53538,9.57746],[98.5304,9.57751],[98.52304,9.58106],[98.51394,9.59119],[98.5082,9.5955],[98.49779,9.59256],[98.48065,9.59244],[98.47159,9.59881],[98.46763,9.59697],[98.4651,9.60193],[98.46472,9.62045],[98.46334,9.62875],[98.46742,9.62478],[98.47355,9.62728],[98.47859,9.63474],[98.48203,9.62951],[98.4854,9.62963],[98.48667,9.62326],[98.49083,9.61737],[98.49732,9.61795],[98.5032,9.62512],[98.50068,9.63527],[98.50628,9.64097],[98.50978,9.64997],[98.5101,9.65732],[98.50303,9.65828],[98.49982,9.65209],[98.49484,9.66188],[98.49187,9.66178],[98.48932,9.67937],[98.48528,9.68201],[98.485,9.68631],[98.49116,9.68519],[98.49784,9.68081],[98.49712,9.67786],[98.50221,9.67396],[98.50799,9.67247],[98.5152,9.67563],[98.51953,9.68201],[98.52573,9.67956],[98.53649,9.69253],[98.54094,9.69517],[98.54138,9.70297],[98.53912,9.70629],[98.54619,9.71459],[98.54991,9.72279],[98.55788,9.72896],[98.55409,9.74121],[98.55423,9.74897],[98.54933,9.74488],[98.5394,9.74338],[98.53437,9.74534],[98.52932,9.75051],[98.52314,9.75064],[98.51757,9.74356],[98.51074,9.74112],[98.50814,9.73655],[98.50351,9.7366],[98.50001,9.74031],[98.50245,9.74465],[98.50695,9.74543],[98.50748,9.75114],[98.5124,9.75331],[98.51263,9.75933],[98.50683,9.77095],[98.50641,9.78219],[98.51178,9.78362],[98.51526,9.78879],[98.51994,9.78986],[98.5242,9.78633],[98.53388,9.79042],[98.53601,9.80249],[98.53789,9.80567],[98.53422,9.80911],[98.52918,9.81905],[98.52747,9.8291],[98.52195,9.83533],[98.52124,9.84327],[98.51579,9.85328],[98.52009,9.85661],[98.52999,9.85642],[98.53644,9.85885],[98.52995,9.86019],[98.52743,9.86622],[98.52854,9.87152],[98.53544,9.88245],[98.54073,9.88632],[98.54956,9.88742],[98.55303,9.88452],[98.56099,9.88487],[98.56643,9.89094],[98.56909,9.90139],[98.57226,9.90582],[98.57867,9.90793],[98.57882,9.91087],[98.57187,9.9117],[98.56258,9.9032],[98.55876,9.8957],[98.55704,9.90098],[98.55771,9.91391],[98.56071,9.91946],[98.56947,9.91873],[98.56939,9.92182],[98.58261,9.92994],[98.5876,9.93086],[98.56704,9.95637],[98.57397,9.97232],[98.57785,9.98487],[98.58818,10.00233],[98.59461,10.01731],[98.60278,10.03163],[98.61948,10.05616],[98.62317,10.06936],[98.63229,10.08676],[98.63555,10.10752],[98.64012,10.11249],[98.64153,10.11859],[98.63889,10.1311],[98.64448,10.14028],[98.65445,10.16626],[98.66405,10.16908],[98.67188,10.17404],[98.67732,10.18596],[98.68275,10.19295],[98.69524,10.20473],[98.69863,10.21039],[98.7087,10.23521],[98.71474,10.25359],[98.72129,10.2708],[98.72909,10.29511],[98.73093,10.30599],[98.73484,10.3143],[98.74315,10.32518],[98.74568,10.35352],[98.75066,10.37282],[98.75412,10.39006],[98.75683,10.39559],[98.76611,10.40456],[98.76835,10.40853],[98.77133,10.42217],[98.78063,10.4407],[98.78767,10.44477],[98.79683,10.44534],[98.80016,10.44869],[98.79687,10.45615],[98.80807,10.46826],[98.80941,10.47208],[98.80017,10.4809],[98.80053,10.48462],[98.80982,10.48897],[98.81492,10.49398],[98.81729,10.4999],[98.8185,10.50945],[98.81659,10.51345],[98.81827,10.52712],[98.82156,10.52825],[98.81287,10.53179],[98.81524,10.53862],[98.80934,10.54021],[98.81742,10.54736],[98.81379,10.54907],[98.81267,10.55408],[98.80832,10.55379],[98.80351,10.55935],[98.79879,10.56148],[98.80394,10.56346],[98.80696,10.57228],[98.80709,10.57943],[98.8097,10.58211],[98.80765,10.58879],[98.80146,10.5868],[98.80172,10.59262],[98.79691,10.59625],[98.80104,10.6002],[98.7992,10.60489],[98.79127,10.60367],[98.78505,10.60601],[98.78194,10.60136],[98.7799,10.60393],[98.78058,10.61587],[98.77311,10.61692],[98.77095,10.62225],[98.77499,10.62556],[98.77664,10.64126],[98.78291,10.64697],[98.78101,10.67493],[98.77986,10.67889],[98.78258,10.68403],[98.78458,10.68067],[98.7911,10.68409],[98.79014,10.68723],[98.79812,10.69886],[98.80248,10.69992],[98.80128,10.70691],[98.80722,10.70746],[98.81253,10.713],[98.80967,10.71614],[98.81883,10.71971],[98.81925,10.72459],[98.82345,10.72584],[98.82341,10.73214],[98.83151,10.7366],[98.83097,10.73958],[98.83733,10.74698],[98.83834,10.75218],[98.84399,10.75365],[98.84484,10.75804],[98.85489,10.76815],[98.86278,10.77882],[98.86746,10.77673],[98.86985,10.78276],[98.87503,10.78405],[98.87624,10.78843],[98.88538,10.78416]],[[98.35294,9.44076],[98.35453,9.43666],[98.34862,9.43417],[98.34901,9.44042],[98.35294,9.44076]],[[98.32895,9.45704],[98.3266,9.45328],[98.32638,9.4575],[98.32895,9.45704]],[[98.37784,9.47669],[98.37092,9.47808],[98.36833,9.4948],[98.38005,9.48913],[98.38472,9.48182],[98.37784,9.47669]],[[98.36692,9.50071],[98.36969,9.50387],[98.36956,9.5014],[98.36692,9.50071]],[[98.33063,9.46763],[98.32956,9.4714],[98.33188,9.48042],[98.33763,9.4877],[98.33689,9.49084],[98.35204,9.50845],[98.35484,9.50738],[98.352,9.49865],[98.3516,9.48898],[98.34574,9.48447],[98.34236,9.47419],[98.33063,9.46763]],[[98.35348,9.51073],[98.35642,9.51853],[98.36053,9.51238],[98.35348,9.51073]],[[98.38689,9.5718],[98.38403,9.56457],[98.3807,9.56495],[98.38326,9.57216],[98.38689,9.5718]],[[98.51603,9.57749],[98.52644,9.5743],[98.52048,9.57231],[98.51129,9.57382],[98.51603,9.57749]],[[98.47993,9.5823],[98.48921,9.57667],[98.48251,9.57103],[98.47834,9.57641],[98.47187,9.57724],[98.47284,9.58197],[98.47993,9.5823]],[[98.52009,9.5812],[98.51241,9.58345],[98.51355,9.58597],[98.52009,9.5812]],[[98.46552,9.57305],[98.4609,9.57919],[98.46288,9.58496],[98.46672,9.58715],[98.4671,9.59229],[98.47416,9.5858],[98.4705,9.57646],[98.46552,9.57305]],[[98.46908,9.59334],[98.46868,9.59693],[98.47027,9.59629],[98.46908,9.59334]],[[98.49763,9.62095],[98.49859,9.62483],[98.49913,9.62218],[98.49763,9.62095]],[[98.50835,9.70486],[98.51488,9.70332],[98.51356,9.69818],[98.50816,9.69365],[98.50685,9.69924],[98.50274,9.70235],[98.49822,9.70146],[98.49723,9.70582],[98.50234,9.7098],[98.50835,9.70486]],[[98.4257,9.7167],[98.42361,9.71303],[98.41956,9.71785],[98.4257,9.7167]],[[98.50058,9.73045],[98.49864,9.7311],[98.50308,9.73456],[98.50058,9.73045]],[[98.50749,9.73391],[98.5055,9.73133],[98.50556,9.73426],[98.50749,9.73391]],[[98.48643,9.73891],[98.48739,9.7341],[98.48322,9.73563],[98.48643,9.73891]],[[98.46663,9.76965],[98.46223,9.76482],[98.46543,9.77344],[98.46663,9.76965]],[[98.41504,9.75852],[98.42154,9.74493],[98.42238,9.73748],[98.42727,9.73385],[98.42324,9.73032],[98.42072,9.72214],[98.41709,9.71806],[98.40356,9.71102],[98.4001,9.70528],[98.38989,9.7039],[98.39111,9.70757],[98.39689,9.71225],[98.3919,9.72439],[98.38566,9.73141],[98.37906,9.72913],[98.38898,9.74736],[98.38842,9.75032],[98.3932,9.75188],[98.39244,9.74793],[98.39771,9.74389],[98.40661,9.74823],[98.40875,9.76187],[98.40551,9.7646],[98.4003,9.76433],[98.40884,9.77135],[98.41147,9.77064],[98.41562,9.77672],[98.41504,9.75852]],[[98.44456,9.78125],[98.4492,9.78682],[98.44741,9.77865],[98.44456,9.78125]],[[98.45852,9.86264],[98.46701,9.86272],[98.47197,9.87198],[98.47528,9.86767],[98.47464,9.86205],[98.46564,9.84233],[98.46503,9.83432],[98.46792,9.83173],[98.4688,9.8241],[98.46378,9.81296],[98.45826,9.81738],[98.45478,9.81613],[98.45271,9.8036],[98.45311,9.79746],[98.45603,9.79563],[98.45485,9.79119],[98.45109,9.79018],[98.44569,9.79969],[98.43818,9.79758],[98.43308,9.80413],[98.43369,9.81187],[98.43046,9.82123],[98.43304,9.8252],[98.43229,9.83066],[98.4395,9.83198],[98.44181,9.83496],[98.44138,9.84433],[98.4365,9.85694],[98.44412,9.86271],[98.45096,9.87456],[98.45457,9.8722],[98.45382,9.86855],[98.45852,9.86264]],[[98.51715,9.90227],[98.50861,9.89974],[98.50878,9.9041],[98.51508,9.90613],[98.51715,9.90227]],[[98.48922,9.91371],[98.49185,9.91106],[98.48667,9.89972],[98.48048,9.89608],[98.47155,9.89504],[98.46803,9.89167],[98.46635,9.89548],[98.47324,9.90117],[98.47584,9.90694],[98.47489,9.91071],[98.48115,9.91446],[98.48922,9.91371]],[[98.51828,9.91378],[98.51287,9.9125],[98.50767,9.90726],[98.51051,9.91648],[98.51361,9.92048],[98.52175,9.92169],[98.51828,9.91378]],[[98.53463,9.91756],[98.53465,9.92134],[98.53717,9.92116],[98.53463,9.91756]],[[98.48961,9.93248],[98.48237,9.92694],[98.47906,9.93075],[98.48555,9.93534],[98.48961,9.93248]],[[99.50256,10.9918],[99.49652,10.98868],[99.49204,10.97856],[99.48984,10.96765],[99.4892,10.95421],[99.49064,10.94004],[99.49579,10.92516],[99.50184,10.91589],[99.51082,10.91534],[99.50754,10.91316],[99.51075,10.90328],[99.51758,10.90184],[99.51936,10.89566],[99.51319,10.89101],[99.50789,10.88409],[99.51072,10.87885],[99.50952,10.87255],[99.50168,10.86292],[99.49422,10.87855],[99.48377,10.88824],[99.47545,10.88528],[99.46807,10.87299],[99.45174,10.87355],[99.44118,10.87154],[99.43859,10.86076],[99.43437,10.85701],[99.4345,10.83875],[99.43186,10.82481],[99.42778,10.81521],[99.42707,10.80751],[99.42336,10.80061],[99.42337,10.79548],[99.41324,10.77718],[99.41123,10.77132],[99.41272,10.7622],[99.40822,10.7618],[99.40501,10.7545],[99.39925,10.74762],[99.39384,10.74482],[99.38952,10.73452],[99.38661,10.72253],[99.37956,10.70788],[99.37355,10.70817],[99.36401,10.699],[99.3595,10.69181],[99.35922,10.68125],[99.36144,10.67801],[99.36793,10.67756],[99.36545,10.67106],[99.3585,10.66513],[99.35897,10.67542],[99.35311,10.68151],[99.34785,10.68336],[99.33394,10.681],[99.32675,10.67667],[99.31563,10.6646],[99.30796,10.6516],[99.30598,10.64243],[99.30151,10.63822],[99.29587,10.62069],[99.28908,10.61264],[99.28598,10.61129],[99.28084,10.59995],[99.28066,10.58538],[99.28343,10.58342],[99.27512,10.57137],[99.27431,10.5564],[99.27773,10.55124],[99.27394,10.54305],[99.2703,10.54022],[99.26439,10.54069],[99.26169,10.53709],[99.25166,10.54234],[99.24336,10.54201],[99.2375,10.53138],[99.23744,10.52068],[99.24138,10.5108],[99.24902,10.50483],[99.24965,10.50687],[99.26592,10.51472],[99.26089,10.5018],[99.24646,10.49392],[99.23968,10.49391],[99.23912,10.49615],[99.23233,10.49613],[99.22784,10.48583],[99.22744,10.47909],[99.22915,10.46946],[99.23232,10.46156],[99.24203,10.44692],[99.25113,10.4418],[99.26458,10.4271],[99.27509,10.42313],[99.27552,10.41603],[99.28148,10.41079],[99.28388,10.41161],[99.28343,10.40362],[99.27999,10.39661],[99.28414,10.38341],[99.28363,10.37528],[99.28561,10.36772],[99.28364,10.36281],[99.27898,10.35958],[99.2776,10.35477],[99.27233,10.3531],[99.27004,10.3583],[99.26342,10.35771],[99.26107,10.36362],[99.25403,10.36292],[99.24765,10.35827],[99.23882,10.34387],[99.23214,10.35051],[99.23053,10.35536],[99.21055,10.37004],[99.20569,10.37229],[99.19485,10.37257],[99.18408,10.37016],[99.16748,10.36358],[99.16087,10.36289],[99.16063,10.35623],[99.15189,10.34865],[99.14686,10.34895],[99.14629,10.34283],[99.15387,10.33174],[99.1502,10.32194],[99.14867,10.31179],[99.15182,10.30132],[99.15899,10.28878],[99.16791,10.28426],[99.16404,10.28069],[99.17585,10.27541],[99.18937,10.27486],[99.18583,10.27109],[99.1878,10.26732],[99.19398,10.26524],[99.20219,10.27215],[99.20772,10.26791],[99.20305,10.25155],[99.21041,10.23766],[99.21876,10.23598],[99.21786,10.22996],[99.22409,10.22568],[99.23618,10.23363],[99.2385,10.2379],[99.24682,10.2357],[99.24541,10.22996],[99.24181,10.226],[99.23548,10.22418],[99.22778,10.21803],[99.22315,10.21678],[99.21365,10.20965],[99.2093,10.21249],[99.2057,10.21097],[99.20506,10.21641],[99.19646,10.21633],[99.19028,10.20897],[99.19197,10.2039],[99.18855,10.19908],[99.18327,10.18312],[99.18259,10.176],[99.17698,10.17496],[99.17376,10.16835],[99.17034,10.15199],[99.16603,10.1482],[99.16408,10.15],[99.15413,10.14142],[99.14887,10.12714],[99.14761,10.11937],[99.1481,10.10781],[99.14989,10.09663],[99.14901,10.09293],[99.15462,10.08811],[99.15677,10.07709],[99.15167,10.07225],[99.15386,10.0659],[99.16691,10.04578],[99.17602,10.04059],[99.18196,10.04313],[99.18251,10.03685],[99.18,10.03076],[99.17489,10.03082],[99.17339,10.02337],[99.17938,10.01881],[99.1789,10.01219],[99.17618,10.00747],[99.16862,10.00836],[99.16481,10.01346],[99.15959,10.01081],[99.15531,10.00445],[99.15151,9.99425],[99.15038,9.98316],[99.1516,9.973],[99.16049,9.94913],[99.16041,9.93488],[99.16193,9.92078],[99.16126,9.90845],[99.15813,9.9075],[99.15717,9.8954],[99.16075,9.87594],[99.16553,9.86003],[99.16251,9.85708],[99.16207,9.84732],[99.158,9.84826],[99.15136,9.84263],[99.14935,9.84469],[99.14288,9.83552],[99.13956,9.82577],[99.13841,9.81184],[99.14116,9.79399],[99.14231,9.77612],[99.14406,9.76584],[99.14645,9.74142],[99.15109,9.72666],[99.15765,9.71197],[99.15931,9.7021]],[[98.88538,10.78416],[98.89401,10.79048],[98.90288,10.78961],[98.90521,10.79177],[98.91361,10.80614],[98.91252,10.81072],[98.92108,10.82054],[98.92361,10.82725],[98.9318,10.81989],[98.93738,10.8179],[98.93558,10.81453],[98.94687,10.81201],[98.9548,10.81344],[98.95781,10.81191],[98.9653,10.82022],[98.96448,10.8226],[98.97432,10.83257],[98.98019,10.83066],[98.98405,10.83307],[98.99009,10.8442],[98.99421,10.84376],[99.00214,10.84847],[99.01108,10.85651],[99.012,10.87167],[99.0059,10.87953],[99.00033,10.88034],[99.00578,10.89272],[99.00275,10.9008],[99.00313,10.90683],[98.99745,10.91102],[99.0002,10.91357],[98.99929,10.92391],[99.00379,10.93026],[99.00292,10.93482],[99.01197,10.94287],[99.0147,10.94879],[99.01578,10.95866],[99.0185,10.96481],[99.02392,10.97068],[99.03014,10.96916],[99.03398,10.96397],[99.04965,10.96226],[99.05062,10.95462],[99.05435,10.94831],[99.05797,10.94753],[99.06098,10.95135],[99.07951,10.95511],[99.08355,10.96337],[99.08969,10.9672],[99.09374,10.97325],[99.09252,10.97899],[99.09511,10.98618],[99.09995,10.99271],[99.1038,11.01273],[99.10787,11.01378],[99.11549,11.02099],[99.12529,11.026],[99.12855,11.02972],[99.13567,11.03132],[99.14591,11.02949],[99.14843,11.03326],[99.15378,11.03371]],[[99.19005,10.04785],[99.18611,10.0476],[99.18576,10.05673],[99.19099,10.05376],[99.19005,10.04785]],[[99.1856,10.0697],[99.18313,10.06987],[99.18464,10.07225],[99.1856,10.0697]],[[99.21582,10.11734],[99.2155,10.11779],[99.21604,10.11845],[99.21582,10.11734]],[[99.16523,10.13007],[99.16478,10.13079],[99.16548,10.13104],[99.16523,10.13007]],[[99.16378,10.13205],[99.16323,10.13061],[99.16212,10.13213],[99.16378,10.13205]],[[99.17998,10.14179],[99.17598,10.14122],[99.17746,10.14653],[99.17998,10.14179]],[[99.20262,10.15023],[99.20455,10.15086],[99.20504,10.14908],[99.20262,10.15023]],[[99.21721,10.15286],[99.21836,10.15647],[99.21887,10.15346],[99.21721,10.15286]],[[99.17685,10.16415],[99.17605,10.16445],[99.17636,10.16483],[99.17685,10.16415]],[[99.2209,10.19621],[99.22072,10.19689],[99.22141,10.19721],[99.2209,10.19621]],[[99.24898,10.19805],[99.24819,10.20181],[99.2495,10.20098],[99.24898,10.19805]],[[99.24872,10.20702],[99.24839,10.20904],[99.25015,10.20753],[99.24872,10.20702]],[[99.23381,10.22102],[99.23321,10.22122],[99.23376,10.22135],[99.23381,10.22102]],[[99.24902,10.24597],[99.24847,10.24748],[99.24957,10.24789],[99.24902,10.24597]],[[99.22521,10.24716],[99.2224,10.24753],[99.22502,10.24949],[99.22521,10.24716]],[[99.22567,10.25342],[99.22601,10.25602],[99.22773,10.25588],[99.22567,10.25342]],[[99.25686,10.24859],[99.25289,10.25312],[99.25592,10.25955],[99.26068,10.25909],[99.2606,10.25297],[99.25686,10.24859]],[[99.23548,10.27122],[99.23283,10.26956],[99.23366,10.27314],[99.23548,10.27122]],[[99.24116,10.29088],[99.24135,10.29146],[99.24216,10.29052],[99.24116,10.29088]],[[99.24883,10.2956],[99.24787,10.29388],[99.2445,10.29632],[99.24883,10.2956]],[[99.30184,10.31964],[99.29929,10.3172],[99.29955,10.32105],[99.30184,10.31964]],[[99.28053,10.32045],[99.28051,10.3243],[99.284,10.32542],[99.28053,10.32045]],[[99.29403,10.3476],[99.2942,10.34934],[99.29532,10.34974],[99.29403,10.3476]],[[99.16468,10.35862],[99.16277,10.36],[99.16435,10.36224],[99.16468,10.35862]],[[99.30896,10.36365],[99.31106,10.36462],[99.30914,10.36102],[99.30896,10.36365]],[[99.32352,10.3792],[99.32157,10.37302],[99.32067,10.37706],[99.32352,10.3792]],[[99.3274,10.38092],[99.32855,10.38122],[99.32748,10.3801],[99.3274,10.38092]],[[99.29319,10.3882],[99.29286,10.39214],[99.29437,10.39135],[99.29319,10.3882]],[[99.35171,10.39598],[99.34135,10.38984],[99.34324,10.39572],[99.35123,10.40136],[99.35718,10.40914],[99.35171,10.39598]],[[99.31289,10.42392],[99.31638,10.42612],[99.31742,10.42541],[99.31289,10.42392]],[[99.25323,10.449],[99.25473,10.4492],[99.25396,10.44696],[99.25323,10.449]],[[99.30321,10.44053],[99.29674,10.4336],[99.28748,10.43651],[99.28935,10.44326],[99.29358,10.44353],[99.29489,10.44973],[99.29884,10.4525],[99.29995,10.4454],[99.30321,10.44053]],[[99.35794,10.46529],[99.35804,10.46774],[99.36023,10.46644],[99.35794,10.46529]],[[99.36932,10.47674],[99.3691,10.47769],[99.36975,10.47734],[99.36932,10.47674]],[[99.41796,10.48542],[99.41721,10.48632],[99.41763,10.48744],[99.41796,10.48542]],[[99.41898,10.49221],[99.41853,10.49342],[99.42108,10.49856],[99.41898,10.49221]],[[99.42469,10.50516],[99.4237,10.50605],[99.42535,10.50635],[99.42469,10.50516]],[[99.38066,10.56093],[99.3816,10.5598],[99.3794,10.55592],[99.38066,10.56093]],[[99.40854,10.69921],[99.40921,10.70371],[99.41112,10.70029],[99.40854,10.69921]],[[99.53007,10.78105],[99.52904,10.78168],[99.52983,10.78209],[99.53007,10.78105]],[[99.53802,10.79916],[99.53749,10.79989],[99.5385,10.8001],[99.53802,10.79916]],[[99.49143,10.8203],[99.491,10.8233],[99.49266,10.82405],[99.49143,10.8203]],[[99.49757,10.83818],[99.497,10.8393],[99.49763,10.83992],[99.49757,10.83818]],[[99.49351,10.85859],[99.48988,10.85215],[99.47751,10.83898],[99.47018,10.83648],[99.47444,10.84493],[99.48104,10.85103],[99.48644,10.86038],[99.49351,10.85859]],[[99.48642,10.861],[99.48611,10.86127],[99.48633,10.86183],[99.48642,10.861]],[[99.4898,10.8639],[99.48863,10.86433],[99.48915,10.8655],[99.4898,10.8639]],[[100.33657,7.9318],[100.34809,7.87396],[100.35788,7.8277],[100.37311,7.76324],[100.3874,7.70752],[100.39272,7.68449],[100.39492,7.67875],[100.40168,7.64873],[100.42328,7.55758],[100.42957,7.53268],[100.4403,7.49385],[100.45245,7.45424],[100.46673,7.41282],[100.48447,7.36779],[100.49189,7.35104],[100.50587,7.32199],[100.51735,7.30086],[100.53481,7.27259],[100.54565,7.25936],[100.55337,7.25205],[100.55854,7.24909],[100.56536,7.23796],[100.56128,7.23742],[100.56731,7.22712],[100.57013,7.23032],[100.57473,7.23029],[100.56896,7.22681],[100.5726,7.2224],[100.57726,7.22451],[100.58065,7.23086],[100.58802,7.21595],[100.59672,7.21543],[100.61077,7.19127],[100.61717,7.18241],[100.6229,7.1823],[100.6427,7.14899],[100.65703,7.12643],[100.68964,7.07762],[100.69761,7.07135],[100.70647,7.05632],[100.73239,7.02174],[100.74998,7.00081],[100.76825,6.98262],[100.79108,6.96528],[100.80938,6.9551],[100.82548,6.95167],[100.83146,6.95196],[100.83883,6.96038],[100.84594,6.95946],[100.84987,6.96144],[100.87501,6.93813],[100.89449,6.92079],[100.91041,6.90752],[100.92834,6.89413],[100.94627,6.88273],[100.97063,6.87086],[100.9855,6.86296],[100.99629,6.85885],[101.01249,6.85419],[101.02222,6.85327],[101.04146,6.85314],[101.0661,6.85709]],[[101.0661,6.85709],[101.06226,6.8512]],[[101.06226,6.8512],[101.05736,6.85142]],[[101.05736,6.85142],[101.04556,6.84522]],[[101.04556,6.84522],[101.04318,6.8385]],[[101.04318,6.8385],[101.05045,6.83635]],[[101.05045,6.83635],[101.04311,6.82896]],[[101.04311,6.82896],[101.04213,6.81756]],[[101.04213,6.81756],[101.04429,6.80875]],[[101.04429,6.80875],[101.05437,6.80149]],[[101.05437,6.80149],[101.04187,6.79531]],[[101.04187,6.79531],[101.04049,6.79049]],[[101.04049,6.79049],[101.03501,6.78295]],[[101.03501,6.78295],[101.02859,6.77957]],[[101.02859,6.77957],[101.02962,6.77545]],[[101.02962,6.77545],[101.02725,6.7679]],[[101.02725,6.7679],[101.03166,6.7577]],[[101.03166,6.7577],[101.02749,6.75392]],[[101.02749,6.75392],[101.03122,6.7476]],[[101.03122,6.7476],[101.03014,6.7373]],[[101.03014,6.7373],[101.0229,6.73286]],[[101.0229,6.73286],[101.0233,6.72951]],[[101.0233,6.72951],[101.01762,6.72494]],[[101.01762,6.72494],[101.02501,6.72003]],[[101.02501,6.72003],[101.0347,6.71801]],[[101.0347,6.71801],[101.03958,6.71913]],[[101.03958,6.71913],[101.03929,6.70636]],[[101.03929,6.70636],[101.04327,6.70974]],[[101.04327,6.70974],[101.05739,6.71254]],[[101.05739,6.71254],[101.06258,6.69838]],[[101.06258,6.69838],[101.05972,6.68825]],[[101.05972,6.68825],[101.06362,6.68451]],[[101.06362,6.68451],[101.04887,6.66336]],[[101.04887,6.66336],[101.06185,6.65582]],[[101.06185,6.65582],[101.0689,6.64419]],[[101.0689,6.64419],[101.07366,6.64201]],[[101.07366,6.64201],[101.08172,6.64321]],[[101.08172,6.64321],[101.09012,6.64221]],[[101.09012,6.64221],[101.10118,6.63742]],[[101.10118,6.63742],[101.10516,6.62954]],[[101.10516,6.62954],[101.10362,6.62797]],[[101.10362,6.62797],[101.09855,6.62128]],[[101.09855,6.62128],[101.09151,6.61584]],[[101.09151,6.61584],[101.08949,6.60913]],[[101.08949,6.60913],[101.09183,6.60411]],[[101.09183,6.60411],[101.08704,6.60115]],[[101.08704,6.60115],[101.08487,6.58941]],[[101.08487,6.58941],[101.0873,6.57951]],[[101.0873,6.57951],[101.08709,6.57345]],[[101.08709,6.57345],[101.08398,6.57066]],[[101.08398,6.57066],[101.08079,6.55488]],[[101.08079,6.55488],[101.07473,6.55312]],[[101.07473,6.55312],[101.06925,6.54402]],[[101.06925,6.54402],[101.05999,6.5418]],[[101.05999,6.5418],[101.04314,6.54163]],[[101.04314,6.54163],[101.0443,6.52486]],[[101.0443,6.52486],[101.03706,6.52012]],[[101.03706,6.52012],[101.03569,6.51483]],[[101.03569,6.51483],[101.04111,6.50931]],[[101.04111,6.50931],[101.04252,6.50488]],[[101.04252,6.50488],[101.04237,6.49244]],[[101.04237,6.49244],[101.04504,6.49094]],[[101.04504,6.49094],[101.04267,6.48583]],[[101.04267,6.48583],[101.03413,6.48576]],[[101.03413,6.48576],[101.02472,6.48213]],[[101.02472,6.48213],[101.02061,6.48776]],[[101.02061,6.48776],[101.01333,6.48401]],[[101.01333,6.48401],[100.99927,6.47906]],[[100.99927,6.47906],[100.98976,6.48535]],[[100.98976,6.48535],[100.9865,6.48441]],[[100.9865,6.48441],[100.97693,6.48633]],[[100.97693,6.48633],[100.97548,6.47949]],[[100.97548,6.47949],[100.97198,6.47621]],[[100.97198,6.47621],[100.97277,6.46769]],[[100.97277,6.46769],[100.96836,6.46647]],[[100.96836,6.46647],[100.96492,6.4689]],[[100.96492,6.4689],[100.96118,6.46104]],[[100.96118,6.46104],[100.96043,6.4509]],[[100.96043,6.4509],[100.95209,6.44949]],[[100.95209,6.44949],[100.95287,6.44505]],[[100.95287,6.44505],[100.94903,6.44243]],[[100.94903,6.44243],[100.94269,6.44441]],[[100.94269,6.44441],[100.93286,6.44451]],[[100.93286,6.44451],[100.93063,6.43692]],[[100.93063,6.43692],[100.92212,6.42646]],[[100.92212,6.42646],[100.91816,6.40852]],[[100.91816,6.40852],[100.91972,6.40119]],[[100.91972,6.40119],[100.91719,6.39883]],[[100.91719,6.39883],[100.91847,6.39323]],[[100.91847,6.39323],[100.92248,6.39038]],[[100.92248,6.39038],[100.91949,6.38333]],[[100.91949,6.38333],[100.92227,6.38321]],[[100.92227,6.38321],[100.92224,6.3747]],[[100.92224,6.3747],[100.92582,6.37253]],[[100.92582,6.37253],[100.92756,6.36655]],[[100.92756,6.36655],[100.92532,6.35902]],[[100.92532,6.35902],[100.92632,6.35433]],[[100.92632,6.35433],[100.92006,6.3547]],[[100.92006,6.3547],[100.92015,6.34472]],[[100.92015,6.34472],[100.92877,6.33092]],[[100.92877,6.33092],[100.92865,6.32529]],[[100.92865,6.32529],[100.92483,6.32681]],[[100.92483,6.32681],[100.92709,6.319]],[[100.92709,6.319],[100.92013,6.32017]],[[100.92013,6.32017],[100.9124,6.31119]],[[100.9124,6.31119],[100.91215,6.30342]],[[100.91215,6.30342],[100.89768,6.30367]],[[100.89768,6.30367],[100.89051,6.29936]],[[100.89051,6.29936],[100.88879,6.29568]],[[100.88879,6.29568],[100.87837,6.29637]],[[100.87837,6.29637],[100.87059,6.29369]],[[100.87059,6.29369],[100.86514,6.29745]],[[100.86514,6.29745],[100.85009,6.29013]],[[100.85009,6.29013],[100.84104,6.30042]],[[100.84104,6.30042],[100.8411,6.30605],[100.8488,6.31042],[100.84898,6.31478],[100.84003,6.3227],[100.84025,6.32702],[100.83453,6.34076],[100.82835,6.34785],[100.82757,6.35213],[100.82118,6.35782],[100.8223,6.36127],[100.82064,6.37389],[100.82397,6.38112],[100.82142,6.39238],[100.8214,6.40167],[100.82354,6.40384],[100.82155,6.41474],[100.81582,6.42351],[100.8118,6.44256],[100.81025,6.44466],[100.79373,6.44796],[100.78642,6.45489],[100.78136,6.4552],[100.77597,6.4634],[100.7675,6.45553],[100.75272,6.45846],[100.74333,6.47073],[100.74214,6.48473],[100.73878,6.48988],[100.7432,6.49883],[100.73842,6.51029],[100.73432,6.50996],[100.7305,6.50521],[100.72936,6.4956],[100.72317,6.49522],[100.71963,6.4869],[100.7125,6.48206],[100.70892,6.4705],[100.6981,6.47111],[100.69724,6.46645],[100.68626,6.46533],[100.68464,6.45436],[100.66208,6.45111],[100.65231,6.44293],[100.64264,6.45102],[100.64649,6.45841],[100.6261,6.45792],[100.61461,6.46199],[100.61407,6.46566],[100.6082,6.47233],[100.60128,6.47055],[100.59847,6.47545],[100.58985,6.47973],[100.5849,6.47837],[100.57266,6.4832],[100.5704,6.48791],[100.56136,6.4965],[100.55394,6.49266],[100.54787,6.4853],[100.54279,6.49143],[100.5362,6.48751],[100.53195,6.49041],[100.52531,6.4883],[100.51914,6.48918],[100.51534,6.49386],[100.5096,6.49648],[100.50748,6.50125],[100.50138,6.50022],[100.49365,6.50907],[100.49224,6.51659],[100.49527,6.52276],[100.48875,6.52621],[100.48666,6.52349],[100.47702,6.52406],[100.47053,6.52055],[100.46729,6.52483],[100.46251,6.52517],[100.45992,6.53126],[100.45669,6.53191],[100.45369,6.52696],[100.44039,6.5272],[100.4318,6.52246],[100.43074,6.52381],[100.4236,6.51754],[100.41797,6.51894],[100.41455,6.52357],[100.41174,6.52259],[100.40823,6.52885],[100.40361,6.52947],[100.4021,6.53634],[100.39577,6.53383],[100.38814,6.53498],[100.38155,6.54189],[100.37282,6.54503],[100.36893,6.53916],[100.35968,6.54821],[100.35828,6.55401],[100.36017,6.55699],[100.35347,6.56155],[100.35398,6.56773],[100.35128,6.57295],[100.34512,6.57119],[100.34103,6.57606],[100.34168,6.58],[100.33487,6.58491],[100.32566,6.58553],[100.32081,6.59106],[100.31569,6.60408],[100.30502,6.60558],[100.30582,6.61113],[100.31923,6.61598],[100.326,6.62143],[100.32315,6.62608],[100.32118,6.63569],[100.31652,6.63498],[100.31717,6.63996],[100.32172,6.64224],[100.32219,6.64915],[100.31945,6.65398],[100.32605,6.65979],[100.32739,6.66423],[100.31919,6.66438],[100.3058,6.66858],[100.30329,6.67881],[100.29474,6.67978],[100.29047,6.6888],[100.29101,6.69912],[100.2947,6.70471],[100.28958,6.71059],[100.27468,6.70638],[100.26658,6.69902],[100.26384,6.69916],[100.26149,6.70717],[100.25727,6.71136],[100.25226,6.70812],[100.25295,6.7038],[100.24672,6.69565],[100.24032,6.69206],[100.22705,6.69586],[100.2182,6.70354],[100.21839,6.7095],[100.2151,6.71316],[100.21438,6.71941],[100.20483,6.72223],[100.20442,6.72675]],[[100.20442,6.72675],[100.20681,6.73006]],[[100.20681,6.73006],[100.20617,6.73936]],[[100.20617,6.73936],[100.20735,6.74862]],[[100.20735,6.74862],[100.21565,6.75599]],[[100.21565,6.75599],[100.21276,6.76875]],[[100.21276,6.76875],[100.19909,6.7767]],[[100.19909,6.7767],[100.19895,6.78339]],[[100.19895,6.78339],[100.19379,6.78717]],[[100.19379,6.78717],[100.19557,6.796]],[[100.19557,6.796],[100.19141,6.79979]],[[100.19141,6.79979],[100.1914,6.81022]],[[100.1914,6.81022],[100.19634,6.8156]],[[100.19634,6.8156],[100.19522,6.82686]],[[100.19522,6.82686],[100.20207,6.83996]],[[100.20207,6.83996],[100.20992,6.84305]],[[100.20992,6.84305],[100.21097,6.85719]],[[100.21097,6.85719],[100.22036,6.87029]],[[100.22036,6.87029],[100.2187,6.87954]],[[100.2187,6.87954],[100.21393,6.88225]],[[100.21393,6.88225],[100.20889,6.88835]],[[100.20889,6.88835],[100.20716,6.89576]],[[100.20716,6.89576],[100.20083,6.8994]],[[100.20083,6.8994],[100.19918,6.9066]],[[100.19918,6.9066],[100.19146,6.91053]],[[100.19146,6.91053],[100.17962,6.9133]],[[100.17962,6.9133],[100.168,6.91172]],[[100.168,6.91172],[100.15674,6.91973]],[[100.15674,6.91973],[100.14632,6.92513]],[[100.14632,6.92513],[100.13799,6.92215]],[[100.13799,6.92215],[100.12175,6.92386]],[[100.12175,6.92386],[100.11994,6.93604]],[[100.11994,6.93604],[100.10589,6.94869]],[[100.10589,6.94869],[100.10142,6.94934]],[[100.10142,6.94934],[100.09985,6.95604]],[[100.09985,6.95604],[100.09469,6.9652]],[[100.09469,6.9652],[100.07903,6.96325]],[[100.07903,6.96325],[100.08102,6.98008]],[[100.08102,6.98008],[100.07995,6.98924]],[[100.07995,6.98924],[100.08329,6.99481]],[[100.08329,6.99481],[100.08283,6.99862]],[[100.08283,6.99862],[100.07784,7.00534]],[[100.07784,7.00534],[100.06692,7.01218]],[[100.06692,7.01218],[100.06348,7.01711]],[[100.06348,7.01711],[100.06701,7.02757]],[[100.06701,7.02757],[100.06733,7.03313]],[[100.06733,7.03313],[100.07491,7.03318]],[[100.07491,7.03318],[100.07801,7.03693]],[[100.07801,7.03693],[100.0787,7.04287]],[[100.0787,7.04287],[100.0725,7.04337]],[[100.0725,7.04337],[100.07405,7.04949]],[[100.07405,7.04949],[100.06384,7.05681]],[[100.06384,7.05681],[100.06342,7.06847]],[[100.06342,7.06847],[100.06052,7.0712]],[[100.06052,7.0712],[100.06296,7.07593]],[[100.06296,7.07593],[100.05948,7.08557]],[[100.05948,7.08557],[100.06009,7.08892]],[[100.06009,7.08892],[100.05464,7.09494]],[[100.05464,7.09494],[100.05722,7.10758]],[[100.05722,7.10758],[100.06773,7.11192]],[[100.06773,7.11192],[100.06784,7.11805]],[[100.06784,7.11805],[100.06015,7.12652]],[[100.06015,7.12652],[100.06268,7.13108]],[[100.06268,7.13108],[100.06274,7.13749]],[[100.06274,7.13749],[100.06798,7.1384]],[[100.06798,7.1384],[100.0744,7.1463]],[[100.0744,7.1463],[100.08339,7.14619]],[[100.08339,7.14619],[100.09617,7.15155]],[[100.09617,7.15155],[100.10452,7.16089]],[[100.10452,7.16089],[100.11433,7.16662]],[[100.11433,7.16662],[100.12351,7.16558]],[[100.12351,7.16558],[100.12895,7.1592]],[[100.12895,7.1592],[100.13399,7.15884]],[[100.13399,7.15884],[100.13615,7.15227]],[[100.13615,7.15227],[100.14783,7.14897]],[[100.14783,7.14897],[100.15265,7.15272]],[[100.15265,7.15272],[100.15632,7.14875]],[[100.15632,7.14875],[100.16193,7.15534]],[[100.16193,7.15534],[100.16573,7.15581]],[[100.16573,7.15581],[100.16603,7.16272]],[[100.16603,7.16272],[100.17106,7.16614]],[[100.17106,7.16614],[100.17233,7.17225]],[[100.17233,7.17225],[100.17616,7.17544]],[[100.17616,7.17544],[100.18703,7.17672]],[[100.18703,7.17672],[100.19398,7.18215]],[[100.19398,7.18215],[100.19674,7.18078]],[[100.19674,7.18078],[100.20153,7.18429]],[[100.20153,7.18429],[100.20744,7.18436]],[[100.20744,7.18436],[100.21479,7.18737]],[[100.21479,7.18737],[100.22093,7.19231]],[[100.22093,7.19231],[100.23296,7.19411]],[[100.23296,7.19411],[100.24064,7.19241]],[[100.24064,7.19241],[100.24807,7.19873]],[[100.24807,7.19873],[100.258,7.19704]],[[100.258,7.19704],[100.26155,7.2013]],[[100.26155,7.2013],[100.26942,7.20424]],[[100.26942,7.20424],[100.27,7.20639]],[[100.27,7.20639],[100.28209,7.21127]],[[100.28209,7.21127],[100.29289,7.21136]],[[100.29289,7.21136],[100.30045,7.20907]],[[100.30045,7.20907],[100.30603,7.20978]],[[100.30603,7.20978],[100.31204,7.22051]],[[100.31204,7.22051],[100.31439,7.2295]],[[100.31439,7.2295],[100.32466,7.23606]],[[100.32466,7.23606],[100.33462,7.23947]],[[100.33462,7.23947],[100.33332,7.24353]],[[100.33332,7.24353],[100.34072,7.24818]],[[100.34072,7.24818],[100.33971,7.26522]],[[100.33971,7.26522],[100.34158,7.27534]],[[100.34158,7.27534],[100.34512,7.2737]],[[100.34512,7.2737],[100.34793,7.27733]],[[100.34793,7.27733],[100.35971,7.27797]],[[100.35971,7.27797],[100.36143,7.28079]],[[100.36143,7.28079],[100.3587,7.28553]],[[100.3587,7.28553],[100.35656,7.29597]],[[100.35656,7.29597],[100.36249,7.30266]],[[100.36249,7.30266],[100.37392,7.30434]],[[100.37392,7.30434],[100.37469,7.31023]],[[100.37469,7.31023],[100.3785,7.31325]],[[100.3785,7.31325],[100.37862,7.30139]],[[100.37862,7.30139],[100.38484,7.28806]],[[100.38484,7.28806],[100.38298,7.28058]],[[100.38298,7.28058],[100.38823,7.2731]],[[100.38823,7.2731],[100.39402,7.27012]],[[100.39402,7.27012],[100.40215,7.26252]],[[100.40215,7.26252],[100.40864,7.26536]],[[100.40864,7.26536],[100.41013,7.27269]],[[100.41013,7.27269],[100.41607,7.27684]],[[100.41607,7.27684],[100.42427,7.27939]],[[100.42427,7.27939],[100.42792,7.28466]],[[100.42792,7.28466],[100.42573,7.29219]],[[100.42573,7.29219],[100.42805,7.30315]],[[100.42805,7.30315],[100.42814,7.31063]],[[100.42814,7.31063],[100.42017,7.31978]],[[100.42017,7.31978],[100.41475,7.32926]],[[100.41475,7.32926],[100.41066,7.33972]],[[100.41066,7.33972],[100.40979,7.3509]],[[100.40979,7.3509],[100.4014,7.37699]],[[100.4014,7.37699],[100.39946,7.39826]],[[100.39946,7.39826],[100.3962,7.40545]],[[100.3962,7.40545],[100.38613,7.41637]],[[100.38613,7.41637],[100.38258,7.42499]],[[100.38258,7.42499],[100.38771,7.4971]],[[100.38771,7.4971],[100.38647,7.51185]],[[100.38647,7.51185],[100.35568,7.52782]],[[100.35568,7.52782],[100.30916,7.50481]],[[100.30916,7.50481],[100.29601,7.49542]],[[100.29601,7.49542],[100.26064,7.4966]],[[100.26064,7.4966],[100.25592,7.50437]],[[100.25592,7.50437],[100.23841,7.53674]],[[100.23841,7.53674],[100.23543,7.54689]],[[100.23543,7.54689],[100.23331,7.57568]],[[100.23331,7.57568],[100.22881,7.61401]],[[100.22881,7.61401],[100.22616,7.6411]],[[100.22616,7.6411],[100.22006,7.69535]],[[100.22006,7.69535],[100.21682,7.72827]],[[100.21682,7.72827],[100.20824,7.7518]],[[100.20824,7.7518],[100.20237,7.77535]],[[100.20237,7.77535],[100.20067,7.77758]],[[100.20067,7.77758],[100.19478,7.80441]],[[100.19478,7.80441],[100.19033,7.82147]],[[100.19033,7.82147],[100.1775,7.87648]],[[100.59816,7.23317],[100.59571,7.23544],[100.59606,7.23938],[100.59816,7.23317]],[[100.59023,7.25413],[100.5908,7.25456],[100.5907,7.25384],[100.59023,7.25413]],[[100.59087,7.26441],[100.58993,7.26239],[100.58744,7.2628],[100.59087,7.26441]],[[99.94856,7.2037],[99.95877,7.19896]],[[99.95877,7.19896],[99.95987,7.19653]],[[99.95987,7.19653],[99.9566,7.18993]],[[99.9566,7.18993],[99.96061,7.18202]],[[99.96061,7.18202],[99.95853,7.17811]],[[99.95853,7.17811],[99.96189,7.16907]],[[99.96189,7.16907],[99.96914,7.16611]],[[99.96914,7.16611],[99.97183,7.15653]],[[99.97183,7.15653],[99.97188,7.15019]],[[99.97188,7.15019],[99.97875,7.14749]],[[99.97875,7.14749],[99.9802,7.1421]],[[99.9802,7.1421],[99.98484,7.13895]],[[99.98484,7.13895],[99.98996,7.12493]],[[99.98996,7.12493],[100.00031,7.11211]],[[100.00031,7.11211],[100.01306,7.10928]],[[100.01306,7.10928],[100.02597,7.10283]],[[100.02597,7.10283],[100.02823,7.09033]],[[100.02823,7.09033],[100.03424,7.10074]],[[100.03424,7.10074],[100.03684,7.10129]],[[100.03684,7.10129],[100.03845,7.10879]],[[100.03845,7.10879],[100.0496,7.10771]],[[100.0496,7.10771],[100.05405,7.10959]],[[100.05405,7.10959],[100.05722,7.10758]],[[100.20442,6.72675],[100.19847,6.7224],[100.18782,6.71882],[100.17698,6.69481],[100.17136,6.69371],[100.17497,6.68339],[100.18025,6.68111],[100.17911,6.6627],[100.18103,6.65529],[100.16757,6.64803],[100.16795,6.62821],[100.16967,6.60869],[100.17886,6.60429],[100.18045,6.59775],[100.1782,6.59127],[100.18368,6.57999],[100.18296,6.5735],[100.17642,6.57226],[100.17512,6.56733],[100.17297,6.57289],[100.16936,6.57469],[100.16521,6.57043],[100.16186,6.57684],[100.15644,6.57996],[100.15914,6.57136],[100.15914,6.56301],[100.15408,6.55913],[100.1536,6.54931],[100.15674,6.53384],[100.15629,6.52267],[100.15425,6.5228],[100.15991,6.50346],[100.16014,6.48943],[100.15461,6.48711],[100.15799,6.47906],[100.1512,6.47652],[100.15037,6.47067],[100.14563,6.46902],[100.14459,6.4634],[100.14739,6.45203],[100.1353,6.44441],[100.13338,6.42915],[100.12078,6.42272],[100.11776,6.43226],[100.11916,6.4425],[100.1149,6.44876],[100.11638,6.45871],[100.11214,6.46231],[100.11072,6.47075],[100.10689,6.48142],[100.10273,6.48812],[100.10182,6.49531],[100.09888,6.4969],[100.08475,6.49482],[100.09103,6.50223],[100.09296,6.51241],[100.09863,6.51747],[100.0994,6.52957],[100.0954,6.54246],[100.08837,6.55125],[100.07914,6.5583],[100.0757,6.54613],[100.0682,6.531],[100.06902,6.52628],[100.06443,6.51626],[100.0526,6.5192],[100.02733,6.54015],[100.01943,6.54729],[100.00522,6.56418],[100.00001,6.5761],[99.98963,6.59464],[99.99574,6.59776],[99.9976,6.60517],[99.9921,6.60893],[99.98702,6.60823],[99.97687,6.60377],[99.97335,6.59688],[99.96467,6.59197],[99.95754,6.59049],[99.95109,6.58406],[99.94857,6.59067],[99.94891,6.60286],[99.95099,6.60924],[99.94977,6.61683],[99.95299,6.62028],[99.9598,6.6166],[99.96896,6.62078],[99.97395,6.62803],[99.96391,6.63853],[99.96389,6.64336],[99.95621,6.65855],[99.95623,6.66246],[99.94709,6.66447],[99.93762,6.65725],[99.93227,6.65973],[99.92787,6.66896],[99.91998,6.67622],[99.92353,6.6838],[99.92375,6.68848],[99.91914,6.69826],[99.91683,6.69955],[99.91467,6.70782],[99.91319,6.70413],[99.90886,6.70356],[99.90795,6.70721],[99.91315,6.71021],[99.91666,6.71945],[99.91521,6.72374],[99.9052,6.72449],[99.9032,6.72133],[99.89162,6.72313],[99.87759,6.7208],[99.87207,6.72839],[99.86838,6.73849],[99.87058,6.74335],[99.86656,6.74604],[99.85372,6.76448],[99.84454,6.77184],[99.84194,6.77911],[99.83271,6.775],[99.82567,6.77644],[99.82223,6.77306],[99.81283,6.77036],[99.80681,6.77405],[99.8004,6.80585],[99.79176,6.82278],[99.77949,6.83819],[99.77193,6.84284],[99.7682,6.83602],[99.76351,6.83489],[99.75706,6.83805],[99.75484,6.83258],[99.75068,6.84002],[99.73588,6.8494],[99.72225,6.85484],[99.72147,6.86247],[99.71598,6.85934],[99.70315,6.8591],[99.69716,6.85585],[99.69815,6.86112],[99.69683,6.87009],[99.69282,6.87511],[99.68454,6.89653],[99.68081,6.89923],[99.67811,6.89935],[99.68056,6.90646],[99.68469,6.9069],[99.6856,6.91114],[99.68254,6.92389],[99.68112,6.94422],[99.69027,6.95414],[99.695,6.9558],[99.70094,6.95303],[99.70426,6.94885],[99.7077,6.95502],[99.70613,6.96371],[99.70147,6.96955],[99.69189,6.9677],[99.68657,6.95974],[99.68413,6.9589],[99.68226,6.96432],[99.68288,6.97156],[99.68804,6.97093],[99.6852,6.97681],[99.67966,6.97795],[99.67612,6.98172],[99.67026,7.0017],[99.67384,7.00847],[99.67929,7.00851],[99.68394,7.01277],[99.67707,7.02122],[99.6699,7.04074],[99.67743,7.05532],[99.68255,7.05623],[99.69285,7.0689],[99.69697,7.07678],[99.70047,7.0668],[99.70356,7.0692],[99.71128,7.08138],[99.71181,7.08561],[99.71613,7.09111],[99.71218,7.09881],[99.71358,7.10245],[99.7233,7.10921],[99.73,7.11123],[99.73493,7.10987],[99.73817,7.11985],[99.73586,7.1258],[99.73934,7.13186]],[[99.73934,7.13186],[99.75418,7.12499]],[[99.75418,7.12499],[99.76333,7.12387]],[[99.76333,7.12387],[99.78031,7.1279]],[[99.78031,7.1279],[99.78491,7.12752]],[[99.78491,7.12752],[99.78733,7.13056]],[[99.78733,7.13056],[99.78767,7.13826]],[[99.78767,7.13826],[99.79883,7.12872]],[[99.79883,7.12872],[99.80373,7.12903]],[[99.80373,7.12903],[99.83127,7.13803]],[[99.83127,7.13803],[99.83328,7.14584]],[[99.83328,7.14584],[99.84103,7.15107]],[[99.84103,7.15107],[99.84426,7.1613]],[[99.84426,7.1613],[99.85395,7.16417]],[[99.85395,7.16417],[99.85924,7.17213]],[[99.85924,7.17213],[99.86366,7.17331]],[[99.86366,7.17331],[99.87204,7.17124]],[[99.87204,7.17124],[99.87421,7.17567]],[[99.87421,7.17567],[99.88497,7.18431]],[[99.88497,7.18431],[99.89053,7.18678]],[[99.89053,7.18678],[99.90757,7.18916]],[[99.90757,7.18916],[99.91639,7.19228]],[[99.91639,7.19228],[99.92472,7.19006]],[[99.92472,7.19006],[99.9301,7.19202]],[[99.9301,7.19202],[99.93494,7.1904]],[[99.93494,7.1904],[99.94856,7.2037]],[[100.08806,6.4266],[100.08901,6.43473],[100.09103,6.42959],[100.08806,6.4266]],[[100.0618,6.44541],[100.06004,6.44643],[100.06299,6.45205],[100.0618,6.44541]],[[100.10322,6.45537],[100.10028,6.45405],[100.10077,6.45802],[100.10322,6.45537]],[[100.06545,6.45932],[100.06793,6.46634],[100.07218,6.4708],[100.07368,6.46519],[100.06545,6.45932]],[[99.3659,6.4838],[99.36595,6.48628],[99.36677,6.4857],[99.3659,6.4838]],[[99.33259,6.48855],[99.33568,6.48836],[99.33504,6.487],[99.33259,6.48855]],[[99.17761,6.49402],[99.17913,6.49547],[99.17836,6.49369],[99.17761,6.49402]],[[99.31453,6.48519],[99.31038,6.47978],[99.30693,6.47999],[99.30136,6.48567],[99.28684,6.48147],[99.28324,6.48277],[99.28872,6.48881],[99.29309,6.49023],[99.3048,6.49938],[99.31118,6.49811],[99.31414,6.49388],[99.31453,6.48519]],[[99.17869,6.4986],[99.17912,6.49957],[99.18011,6.49903],[99.17869,6.4986]],[[99.3191,6.49848],[99.31741,6.49901],[99.31965,6.50048],[99.3191,6.49848]],[[99.18093,6.50159],[99.18181,6.50102],[99.18045,6.50091],[99.18093,6.50159]],[[99.18195,6.50188],[99.18177,6.50272],[99.18336,6.50356],[99.18195,6.50188]],[[99.1771,6.50284],[99.17723,6.50567],[99.17999,6.50693],[99.1771,6.50284]],[[99.17364,6.506],[99.17222,6.50636],[99.17344,6.50816],[99.17364,6.506]],[[99.17323,6.51175],[99.17285,6.51305],[99.17434,6.51279],[99.17323,6.51175]],[[99.26976,6.51357],[99.27033,6.51437],[99.27059,6.51372],[99.26976,6.51357]],[[99.1741,6.51417],[99.17453,6.51546],[99.17549,6.51494],[99.1741,6.51417]],[[99.25912,6.51356],[99.26258,6.51553],[99.26215,6.51429],[99.25912,6.51356]],[[99.18696,6.5193],[99.18636,6.51954],[99.18731,6.52054],[99.18696,6.5193]],[[99.70481,6.5206],[99.69807,6.5195],[99.69892,6.52296],[99.70421,6.52468],[99.70481,6.5206]],[[99.26921,6.52498],[99.27051,6.52508],[99.26997,6.52396],[99.26921,6.52498]],[[99.69296,6.52695],[99.6935,6.51773],[99.68924,6.52427],[99.69296,6.52695]],[[99.99171,6.53923],[99.99123,6.53804],[99.99066,6.53906],[99.99171,6.53923]],[[99.95475,6.53876],[99.95476,6.53945],[99.95537,6.53947],[99.95475,6.53876]],[[99.16502,6.54035],[99.16349,6.54101],[99.16442,6.54173],[99.16502,6.54035]],[[99.16411,6.53808],[99.16732,6.53283],[99.17372,6.53049],[99.17911,6.52357],[99.18457,6.52339],[99.18392,6.52021],[99.1759,6.51642],[99.16795,6.5201],[99.1657,6.52345],[99.15977,6.52214],[99.15537,6.52563],[99.15407,6.53453],[99.1583,6.54175],[99.16411,6.53808]],[[99.26214,6.54467],[99.26152,6.54039],[99.25491,6.54326],[99.26214,6.54467]],[[99.70719,6.54857],[99.706,6.54649],[99.70431,6.54842],[99.70719,6.54857]],[[99.95394,6.5491],[99.95459,6.55111],[99.9562,6.55024],[99.95394,6.5491]],[[99.95785,6.54872],[99.95713,6.55027],[99.95825,6.55151],[99.95785,6.54872]],[[99.3503,6.55067],[99.35026,6.55181],[99.35102,6.55091],[99.3503,6.55067]],[[99.34535,6.55298],[99.34524,6.55441],[99.34595,6.55408],[99.34535,6.55298]],[[99.98378,6.56136],[99.98039,6.55675],[99.98074,6.5615],[99.98378,6.56136]],[[99.3498,6.55694],[99.34618,6.55681],[99.34552,6.56144],[99.34087,6.56947],[99.34606,6.56899],[99.35129,6.56163],[99.3498,6.55694]],[[99.46798,6.56888],[99.4677,6.57015],[99.46975,6.57078],[99.46798,6.56888]],[[99.29694,6.56469],[99.30137,6.56614],[99.30868,6.56176],[99.31485,6.5646],[99.31353,6.55707],[99.3256,6.55139],[99.32154,6.54687],[99.32331,6.53253],[99.32306,6.52323],[99.31342,6.5094],[99.30557,6.50783],[99.30146,6.50894],[99.28407,6.50838],[99.28645,6.51887],[99.2804,6.54251],[99.27608,6.54848],[99.27425,6.55469],[99.27403,6.56996],[99.27784,6.57709],[99.2904,6.57015],[99.29694,6.56469]],[[99.45678,6.57588],[99.45325,6.56583],[99.44712,6.56182],[99.44356,6.55585],[99.44579,6.56594],[99.45011,6.57038],[99.45039,6.57552],[99.45678,6.57588]],[[99.29116,6.57852],[99.29154,6.5774],[99.29049,6.57828],[99.29116,6.57852]],[[99.2561,6.57566],[99.2582,6.56999],[99.25897,6.56015],[99.25716,6.55579],[99.24945,6.55511],[99.23492,6.54999],[99.22753,6.54621],[99.22766,6.54359],[99.21781,6.53803],[99.21544,6.54074],[99.20669,6.54007],[99.1918,6.54662],[99.18653,6.54441],[99.18315,6.54019],[99.17179,6.54118],[99.16678,6.54455],[99.16485,6.55251],[99.17204,6.55066],[99.17291,6.5471],[99.17939,6.54608],[99.18309,6.54941],[99.18006,6.55147],[99.1826,6.55678],[99.18993,6.5612],[99.19298,6.56742],[99.1922,6.57604],[99.20946,6.57728],[99.21559,6.57497],[99.22482,6.57723],[99.2312,6.5809],[99.23618,6.57765],[99.24026,6.58148],[99.24783,6.58277],[99.2561,6.57566]],[[99.7189,6.5816],[99.71791,6.58242],[99.71886,6.58288],[99.7189,6.5816]],[[99.97281,6.58349],[99.97427,6.58454],[99.97442,6.58357],[99.97281,6.58349]],[[99.975,6.58609],[99.97594,6.58574],[99.97519,6.58475],[99.975,6.58609]],[[99.45761,6.57852],[99.45387,6.57983],[99.45065,6.58585],[99.45431,6.58811],[99.45783,6.58377],[99.45761,6.57852]],[[99.98762,6.5926],[99.98692,6.59277],[99.98703,6.59462],[99.98762,6.5926]],[[99.70088,6.61224],[99.70052,6.60946],[99.69898,6.61091],[99.70088,6.61224]],[[99.68759,6.61829],[99.68889,6.62222],[99.6903,6.61848],[99.68759,6.61829]],[[99.69253,6.63834],[99.69124,6.64129],[99.6936,6.64395],[99.69253,6.63834]],[[99.83321,6.65021],[99.83167,6.65358],[99.83418,6.65411],[99.83321,6.65021]],[[99.69098,6.65328],[99.69166,6.65465],[99.69274,6.65175],[99.69098,6.65328]],[[99.87708,6.6545],[99.87534,6.65548],[99.87656,6.65612],[99.87708,6.6545]],[[99.94891,6.6509],[99.95254,6.65737],[99.95125,6.65247],[99.94891,6.6509]],[[99.69079,6.65671],[99.69118,6.65764],[99.69162,6.65646],[99.69079,6.65671]],[[99.94956,6.66006],[99.94904,6.66103],[99.9508,6.66258],[99.94956,6.66006]],[[99.84927,6.66805],[99.8492,6.66835],[99.85061,6.66811],[99.84927,6.66805]],[[99.68999,6.66919],[99.69115,6.66205],[99.68862,6.66902],[99.68999,6.66919]],[[99.86573,6.667],[99.85352,6.66191],[99.84687,6.6527],[99.84429,6.6514],[99.84439,6.65906],[99.84807,6.6673],[99.86319,6.67089],[99.86573,6.667]],[[99.84376,6.66945],[99.84286,6.67215],[99.84469,6.6722],[99.84376,6.66945]],[[99.83289,6.67401],[99.833,6.67614],[99.83408,6.67542],[99.83289,6.67401]],[[99.90872,6.68706],[99.90677,6.68472],[99.90482,6.68645],[99.90872,6.68706]],[[99.8661,6.68055],[99.86262,6.67579],[99.85984,6.67858],[99.86227,6.68201],[99.86405,6.69094],[99.86631,6.68835],[99.8661,6.68055]],[[99.85903,6.69098],[99.85692,6.69499],[99.86094,6.69539],[99.85903,6.69098]],[[99.84554,6.70115],[99.84262,6.69683],[99.8379,6.69642],[99.83864,6.69979],[99.84554,6.70115]],[[99.87072,6.70348],[99.87159,6.70515],[99.87156,6.70334],[99.87072,6.70348]],[[99.79892,6.70541],[99.79863,6.70592],[99.7994,6.7058],[99.79892,6.70541]],[[99.88796,6.70714],[99.87759,6.69989],[99.87385,6.70487],[99.88639,6.70899],[99.88796,6.70714]],[[99.79441,6.70974],[99.79418,6.71048],[99.79527,6.71114],[99.79441,6.70974]],[[99.6725,6.70759],[99.67094,6.7065],[99.66989,6.71133],[99.6725,6.70759]],[[99.91299,6.70236],[99.91517,6.69595],[99.90994,6.68867],[99.90714,6.69041],[99.90803,6.69609],[99.90452,6.70578],[99.90714,6.70393],[99.91299,6.70236]],[[99.88539,6.71474],[99.88591,6.71735],[99.89283,6.71615],[99.88539,6.71474]],[[99.87396,6.71129],[99.8729,6.71753],[99.88687,6.71275],[99.87396,6.71129]],[[99.82518,6.71852],[99.80911,6.71169],[99.80618,6.71604],[99.81749,6.72045],[99.82518,6.71852]],[[99.85971,6.73081],[99.86211,6.72564],[99.86272,6.7161],[99.8668,6.70828],[99.86405,6.70504],[99.85602,6.70728],[99.8471,6.70395],[99.8422,6.70754],[99.84287,6.71588],[99.84556,6.72086],[99.84784,6.73153],[99.85971,6.73081]],[[99.66091,6.72686],[99.65764,6.73354],[99.66299,6.72691],[99.66091,6.72686]],[[99.70816,6.73357],[99.70493,6.73077],[99.70385,6.73509],[99.70816,6.73357]],[[99.65019,6.73436],[99.65634,6.72875],[99.65887,6.72097],[99.66322,6.71683],[99.66472,6.70371],[99.6692,6.69706],[99.67261,6.70093],[99.67675,6.7004],[99.68,6.69087],[99.68415,6.68501],[99.68225,6.67508],[99.68499,6.65886],[99.6843,6.64447],[99.68077,6.63985],[99.68079,6.633],[99.67773,6.63071],[99.67927,6.61853],[99.68282,6.61046],[99.68766,6.60377],[99.69145,6.60777],[99.69542,6.58374],[99.69382,6.5722],[99.69094,6.57068],[99.6934,6.55887],[99.69819,6.55669],[99.69789,6.54299],[99.6938,6.54147],[99.68918,6.52936],[99.68449,6.53669],[99.68021,6.53514],[99.67759,6.53957],[99.67075,6.53042],[99.66684,6.53094],[99.66936,6.51714],[99.67347,6.51326],[99.66676,6.51422],[99.6613,6.50538],[99.65333,6.50388],[99.64849,6.51476],[99.64581,6.51685],[99.64239,6.52981],[99.63927,6.53584],[99.63967,6.54545],[99.63216,6.55425],[99.6273,6.56348],[99.62375,6.56699],[99.6188,6.56459],[99.61377,6.56642],[99.61045,6.57509],[99.60339,6.58286],[99.59564,6.59812],[99.59589,6.60385],[99.59962,6.61181],[99.6041,6.61481],[99.6088,6.61409],[99.61261,6.61831],[99.6185,6.64649],[99.61416,6.65159],[99.61468,6.66095],[99.61831,6.66451],[99.6241,6.66229],[99.63269,6.67048],[99.63539,6.67006],[99.63992,6.67825],[99.64448,6.70048],[99.64042,6.7053],[99.64323,6.71383],[99.63982,6.72028],[99.63938,6.73261],[99.64186,6.73893],[99.64671,6.74042],[99.65019,6.73436]],[[99.76399,6.77838],[99.75933,6.78298],[99.7639,6.7842],[99.76399,6.77838]],[[99.76079,6.78699],[99.7602,6.78713],[99.7607,6.78768],[99.76079,6.78699]],[[99.77532,6.77903],[99.77025,6.77962],[99.76757,6.7843],[99.76718,6.79084],[99.77028,6.79334],[99.77767,6.78645],[99.77532,6.77903]],[[99.52974,6.79672],[99.52766,6.79412],[99.52547,6.79723],[99.52974,6.79672]],[[99.50503,6.79907],[99.50561,6.80093],[99.50677,6.80018],[99.50503,6.79907]],[[99.67268,6.8129],[99.6732,6.81429],[99.67351,6.81294],[99.67268,6.8129]],[[99.66641,6.81342],[99.66569,6.81507],[99.66648,6.81554],[99.66641,6.81342]],[[99.68324,6.82859],[99.68106,6.81943],[99.6787,6.81795],[99.68026,6.81249],[99.67686,6.8147],[99.67712,6.82277],[99.68096,6.83307],[99.68324,6.82859]],[[99.59124,6.83113],[99.5869,6.82825],[99.58522,6.83288],[99.59124,6.83113]],[[99.54036,6.83515],[99.54366,6.83152],[99.53753,6.82446],[99.53353,6.82347],[99.5245,6.82867],[99.528,6.83411],[99.532,6.83124],[99.53501,6.83521],[99.54036,6.83515]],[[99.69822,6.83787],[99.69804,6.83841],[99.69825,6.8385],[99.69822,6.83787]],[[99.69899,6.83879],[99.70043,6.83905],[99.69998,6.83766],[99.69899,6.83879]],[[99.53883,6.84423],[99.53914,6.84497],[99.54033,6.84404],[99.53883,6.84423]],[[99.70078,6.84446],[99.69996,6.84597],[99.70074,6.84662],[99.70078,6.84446]],[[99.70193,6.84847],[99.70041,6.84847],[99.70125,6.85012],[99.70193,6.84847]],[[99.69504,6.84749],[99.6985,6.83191],[99.6947,6.8241],[99.69337,6.81516],[99.68675,6.81863],[99.68355,6.83423],[99.68394,6.83849],[99.68958,6.85059],[99.69655,6.853],[99.69504,6.84749]],[[99.59352,6.85129],[99.59026,6.85974],[99.59574,6.85775],[99.59698,6.85378],[99.59352,6.85129]],[[99.57057,6.89323],[99.56814,6.89634],[99.56979,6.89666],[99.57057,6.89323]],[[99.68031,6.89901],[99.68007,6.89904],[99.6801,6.89923],[99.68031,6.89901]],[[99.5476,6.90784],[99.54758,6.90938],[99.54825,6.90785],[99.5476,6.90784]],[[99.54721,6.9114],[99.54761,6.91029],[99.54632,6.91093],[99.54721,6.9114]],[[99.54567,6.91246],[99.54443,6.91295],[99.54536,6.91475],[99.54567,6.91246]],[[99.58374,6.97804],[99.57756,6.97671],[99.57727,6.97929],[99.58374,6.97804]],[[99.70475,7.07975],[99.70502,7.08024],[99.70554,7.07968],[99.70475,7.07975]],[[99.70221,7.09148],[99.70153,7.08687],[99.69582,7.08748],[99.69594,7.0922],[99.70221,7.09148]],[[99.73825,7.8589],[99.73289,7.85368]],[[99.73289,7.85368],[99.73277,7.84902]],[[99.73277,7.84902],[99.74037,7.8397]],[[99.74037,7.8397],[99.75145,7.83247]],[[99.75145,7.83247],[99.75247,7.82415]],[[99.75247,7.82415],[99.75621,7.82241]],[[99.75621,7.82241],[99.75869,7.81162]],[[99.75869,7.81162],[99.75784,7.80516]],[[99.75784,7.80516],[99.76356,7.80006]],[[99.76356,7.80006],[99.77067,7.78932]],[[99.77067,7.78932],[99.7706,7.78315]],[[99.7706,7.78315],[99.76555,7.77684]],[[99.76555,7.77684],[99.76874,7.77351]],[[99.76874,7.77351],[99.76756,7.76834]],[[99.76756,7.76834],[99.77336,7.76562]],[[99.77336,7.76562],[99.77674,7.76038]],[[99.77674,7.76038],[99.78332,7.7596]],[[99.78332,7.7596],[99.78087,7.75322]],[[99.78087,7.75322],[99.783,7.74781]],[[99.783,7.74781],[99.78816,7.7422]],[[99.78816,7.7422],[99.78383,7.73506]],[[99.78383,7.73506],[99.78504,7.72597]],[[99.78504,7.72597],[99.78902,7.71866]],[[99.78902,7.71866],[99.78894,7.71182]],[[99.78894,7.71182],[99.79184,7.70013]],[[99.79184,7.70013],[99.79861,7.69735]],[[99.79861,7.69735],[99.8022,7.69145]],[[99.8022,7.69145],[99.80179,7.68693]],[[99.80179,7.68693],[99.81628,7.68312]],[[99.81628,7.68312],[99.81833,7.67781]],[[99.81833,7.67781],[99.81658,7.67384]],[[99.81658,7.67384],[99.81948,7.66872]],[[99.81948,7.66872],[99.81678,7.6655]],[[99.81678,7.6655],[99.81739,7.65901]],[[99.81739,7.65901],[99.81333,7.64873]],[[99.81333,7.64873],[99.80892,7.64479]],[[99.80892,7.64479],[99.79475,7.64574]],[[99.79475,7.64574],[99.78771,7.64457]],[[99.78771,7.64457],[99.79605,7.63824]],[[99.79605,7.63824],[99.79801,7.63017]],[[99.79801,7.63017],[99.80942,7.62235]],[[99.80942,7.62235],[99.80672,7.6193]],[[99.80672,7.6193],[99.80644,7.61217]],[[99.80644,7.61217],[99.80049,7.60436]],[[99.80049,7.60436],[99.80068,7.59741]],[[99.80068,7.59741],[99.7969,7.59082]],[[99.7969,7.59082],[99.79917,7.58399]],[[99.79917,7.58399],[99.8036,7.58286]],[[99.8036,7.58286],[99.80779,7.57625]],[[99.80779,7.57625],[99.81255,7.57328]],[[99.81255,7.57328],[99.82149,7.55902]],[[99.82149,7.55902],[99.82736,7.55244]],[[99.82736,7.55244],[99.83634,7.54949]],[[99.83634,7.54949],[99.83726,7.54131]],[[99.83726,7.54131],[99.82921,7.53237]],[[99.82921,7.53237],[99.82945,7.52706]],[[99.82945,7.52706],[99.8187,7.52145]],[[99.8187,7.52145],[99.82152,7.51745]],[[99.82152,7.51745],[99.82246,7.50877]],[[99.82246,7.50877],[99.83328,7.50373]],[[99.83328,7.50373],[99.83709,7.4996]],[[99.83709,7.4996],[99.84181,7.49934]],[[99.84181,7.49934],[99.846,7.49049]],[[99.846,7.49049],[99.8525,7.48409]],[[99.8525,7.48409],[99.8533,7.47857]],[[99.8533,7.47857],[99.85001,7.47672]],[[99.85001,7.47672],[99.84762,7.47081]],[[99.84762,7.47081],[99.84877,7.46529]],[[99.84877,7.46529],[99.85749,7.46069]],[[99.85749,7.46069],[99.85936,7.45316]],[[99.85936,7.45316],[99.86285,7.45001]],[[99.86285,7.45001],[99.85973,7.44645]],[[99.85973,7.44645],[99.86091,7.44069]],[[99.86091,7.44069],[99.86492,7.43994]],[[99.86492,7.43994],[99.87205,7.43048]],[[99.87205,7.43048],[99.87211,7.42523]],[[99.87211,7.42523],[99.87737,7.41703]],[[99.87737,7.41703],[99.88532,7.41294]],[[99.88532,7.41294],[99.88549,7.40796]],[[99.88549,7.40796],[99.89128,7.40333]],[[99.89128,7.40333],[99.89419,7.39786]],[[99.89419,7.39786],[99.89298,7.39319]],[[99.89298,7.39319],[99.89749,7.38406]],[[99.89749,7.38406],[99.90124,7.38095]],[[99.90124,7.38095],[99.90007,7.37211]],[[99.90007,7.37211],[99.89619,7.36722]],[[99.89619,7.36722],[99.89915,7.35837]],[[99.89915,7.35837],[99.90378,7.35572]],[[99.90378,7.35572],[99.90533,7.35133]],[[99.90533,7.35133],[99.90282,7.343]],[[99.90282,7.343],[99.90366,7.33679]],[[99.90366,7.33679],[99.90873,7.33142]],[[99.90873,7.33142],[99.9124,7.31969]],[[99.9124,7.31969],[99.93947,7.31651]],[[99.93947,7.31651],[99.93976,7.31006]],[[99.93976,7.31006],[99.93735,7.30701]],[[99.93735,7.30701],[99.9395,7.30338]],[[99.9395,7.30338],[99.94198,7.28662]],[[99.94198,7.28662],[99.94131,7.27862]],[[99.94131,7.27862],[99.9471,7.26568]],[[99.9471,7.26568],[99.9424,7.25751]],[[99.9424,7.25751],[99.93589,7.25333]],[[99.93589,7.25333],[99.93225,7.24666]],[[99.93225,7.24666],[99.93337,7.24004]],[[99.93337,7.24004],[99.93956,7.23605]],[[99.93956,7.23605],[99.94306,7.22631]],[[99.94306,7.22631],[99.94702,7.22312]],[[99.94702,7.22312],[99.94878,7.21392]],[[99.94878,7.21392],[99.94405,7.21379]],[[99.94405,7.21379],[99.94856,7.2037]],[[99.73934,7.13186],[99.74103,7.13473],[99.73459,7.1361],[99.72987,7.13119],[99.72056,7.12823],[99.71671,7.13062],[99.69862,7.13089],[99.6899,7.12437],[99.68278,7.12401],[99.66888,7.11396],[99.66789,7.1172],[99.67105,7.12535],[99.66794,7.14201],[99.65991,7.16104],[99.65975,7.16454],[99.64522,7.16671],[99.63772,7.16474],[99.62097,7.14609],[99.61303,7.13863],[99.60411,7.13669],[99.59982,7.13965],[99.60224,7.14411],[99.60001,7.14992],[99.60112,7.15389],[99.59528,7.15809],[99.59189,7.15187],[99.58513,7.14719],[99.57742,7.15763],[99.57457,7.16985],[99.56895,7.18231],[99.5634,7.19805],[99.55816,7.20877],[99.5453,7.22401],[99.54035,7.23193],[99.5268,7.24357],[99.52235,7.24973],[99.52345,7.25962],[99.52967,7.26918],[99.53105,7.27835],[99.53423,7.28344],[99.53708,7.294],[99.53611,7.29572],[99.52466,7.29649],[99.51951,7.29847],[99.50824,7.30805],[99.48656,7.30838],[99.48584,7.29536],[99.47209,7.2845],[99.46398,7.28773],[99.45819,7.28755],[99.44789,7.29301],[99.43901,7.29554],[99.43019,7.29983],[99.4195,7.29899],[99.4167,7.30765],[99.41143,7.31561],[99.40358,7.31724],[99.40255,7.30652],[99.3984,7.30455],[99.39503,7.30898],[99.38785,7.32354],[99.37522,7.33999],[99.37055,7.33919],[99.36055,7.35185],[99.36332,7.35876],[99.35769,7.36109],[99.33893,7.37786],[99.33806,7.3837],[99.34683,7.39965],[99.34918,7.40216],[99.34772,7.4091],[99.34335,7.41199],[99.34643,7.42256],[99.34473,7.44023],[99.33783,7.46546],[99.33408,7.47269],[99.33127,7.48444],[99.32678,7.49514],[99.3219,7.50109],[99.31428,7.50536],[99.3079,7.51302],[99.29472,7.50033],[99.285,7.51565],[99.28925,7.52024],[99.29426,7.51263],[99.29873,7.51517],[99.29446,7.51966],[99.29581,7.52236],[99.3015,7.51669],[99.30507,7.51933],[99.30764,7.52558],[99.30777,7.53249],[99.31379,7.53734],[99.30437,7.55166],[99.29465,7.56095],[99.2982,7.56625],[99.2956,7.56757],[99.29048,7.57611],[99.28933,7.58319],[99.28178,7.59383],[99.27913,7.60091],[99.28214,7.61768],[99.27811,7.62813],[99.27335,7.62797],[99.26958,7.62145],[99.26543,7.62168],[99.26148,7.61659],[99.25112,7.62185],[99.24646,7.62596],[99.23452,7.62769],[99.23264,7.63248],[99.23838,7.6336],[99.24437,7.63044],[99.25379,7.63036],[99.25184,7.6389],[99.25497,7.64965],[99.26125,7.6548],[99.25948,7.65736]],[[99.4748,6.97297],[99.47621,6.97825],[99.47743,6.97312],[99.4748,6.97297]],[[99.44514,7.01509],[99.44461,7.01528],[99.44518,7.01586],[99.44514,7.01509]],[[99.44854,7.0321],[99.44821,7.03277],[99.44879,7.0328],[99.44854,7.0321]],[[99.47509,7.02152],[99.47209,7.03126],[99.47275,7.0368],[99.46969,7.04887],[99.47327,7.04753],[99.47614,7.0287],[99.47509,7.02152]],[[99.3981,7.06574],[99.39774,7.06643],[99.39824,7.06735],[99.3981,7.06574]],[[99.45193,7.074],[99.45105,7.07476],[99.4519,7.07484],[99.45193,7.074]],[[99.39256,7.0746],[99.39386,7.07686],[99.39532,7.07474],[99.39256,7.0746]],[[99.42802,7.10336],[99.42699,7.11329],[99.43087,7.10929],[99.42802,7.10336]],[[99.57963,7.12002],[99.58013,7.11896],[99.5795,7.11862],[99.57963,7.12002]],[[99.42379,7.11631],[99.42179,7.12372],[99.42702,7.11823],[99.42379,7.11631]],[[99.55772,7.12589],[99.57069,7.11285],[99.5776,7.11087],[99.58327,7.11338],[99.59266,7.10432],[99.59679,7.10385],[99.60783,7.0927],[99.61597,7.08225],[99.60835,7.08003],[99.59824,7.08724],[99.58703,7.09095],[99.5834,7.08899],[99.56522,7.09405],[99.56386,7.10419],[99.5579,7.10976],[99.55484,7.12682],[99.55772,7.12589]],[[99.69726,7.12495],[99.70194,7.1306],[99.70016,7.1241],[99.69726,7.12495]],[[99.58419,7.13433],[99.58344,7.13237],[99.57933,7.13318],[99.58419,7.13433]],[[99.63926,7.14266],[99.63869,7.14373],[99.63927,7.14413],[99.63926,7.14266]],[[99.6312,7.14301],[99.63105,7.14351],[99.63145,7.14435],[99.6312,7.14301]],[[99.65001,7.1488],[99.65142,7.15494],[99.65261,7.15063],[99.65001,7.1488]],[[99.06291,7.19718],[99.05458,7.19797],[99.05249,7.20492],[99.05816,7.21662],[99.06524,7.21347],[99.06626,7.20961],[99.06291,7.19718]],[[99.35826,7.22289],[99.35856,7.2244],[99.35992,7.22296],[99.35826,7.22289]],[[99.08322,7.22623],[99.08111,7.22001],[99.06531,7.21613],[99.06061,7.22001],[99.06498,7.22104],[99.0721,7.22856],[99.0788,7.22914],[99.08322,7.22623]],[[99.47414,7.27141],[99.47542,7.27273],[99.47588,7.2712],[99.47414,7.27141]],[[99.39762,7.2644],[99.40272,7.26245],[99.41084,7.26268],[99.42298,7.26641],[99.42962,7.26698],[99.43784,7.2588],[99.45069,7.25589],[99.4472,7.25002],[99.4352,7.24663],[99.42525,7.24636],[99.41686,7.24109],[99.40958,7.24057],[99.4012,7.23091],[99.39388,7.22629],[99.39254,7.21983],[99.3941,7.21065],[99.38418,7.20652],[99.37466,7.2104],[99.3713,7.21779],[99.36503,7.2248],[99.37123,7.2431],[99.36738,7.25973],[99.3687,7.26712],[99.37595,7.26763],[99.38263,7.27612],[99.38292,7.28066],[99.39779,7.26782],[99.39762,7.2644]],[[99.39624,7.30219],[99.39506,7.30219],[99.39474,7.30361],[99.39624,7.30219]],[[99.40649,7.31316],[99.41019,7.31478],[99.40978,7.31206],[99.40649,7.31316]],[[99.24968,7.3304],[99.25308,7.31789],[99.25947,7.30906],[99.25455,7.29871],[99.25081,7.30606],[99.2523,7.3093],[99.24829,7.32011],[99.2465,7.33072],[99.24968,7.3304]],[[99.24529,7.38042],[99.24824,7.382],[99.24959,7.37788],[99.24529,7.38042]],[[99.29818,7.39007],[99.29928,7.38497],[99.3054,7.37648],[99.31471,7.37432],[99.30609,7.3692],[99.30422,7.36363],[99.30567,7.35991],[99.30193,7.35357],[99.29704,7.3539],[99.29391,7.36093],[99.28898,7.3656],[99.2832,7.36746],[99.28464,7.37328],[99.28788,7.37501],[99.2845,7.37908],[99.28478,7.38522],[99.2807,7.38727],[99.29041,7.39092],[99.29818,7.39007]],[[99.23424,7.40317],[99.23306,7.4032],[99.23234,7.40559],[99.23424,7.40317]],[[99.23173,7.40686],[99.23183,7.40484],[99.22969,7.40535],[99.23173,7.40686]],[[99.22449,7.41605],[99.2237,7.41599],[99.22286,7.41774],[99.22449,7.41605]],[[99.21642,7.40073],[99.20974,7.40191],[99.19683,7.39811],[99.19794,7.4037],[99.19714,7.42088],[99.19963,7.43512],[99.20821,7.42398],[99.21642,7.40073]],[[99.30478,7.4931],[99.30111,7.49093],[99.29819,7.49576],[99.30462,7.49746],[99.30478,7.4931]],[[99.28408,7.54729],[99.28375,7.54906],[99.28536,7.54842],[99.28408,7.54729]],[[99.28072,7.54449],[99.27828,7.54912],[99.28162,7.54841],[99.28072,7.54449]],[[99.28986,7.56009],[99.28812,7.55576],[99.28762,7.55956],[99.28986,7.56009]],[[101.72484,6.57686],[101.71081,6.5693]],[[101.71081,6.5693],[101.70547,6.56805]],[[101.70547,6.56805],[101.68786,6.57281]],[[101.68786,6.57281],[101.66893,6.57395]],[[101.66893,6.57395],[101.6657,6.57788]],[[101.6657,6.57788],[101.66571,6.58409]],[[101.66571,6.58409],[101.65973,6.58779]],[[101.65973,6.58779],[101.66144,6.5915]],[[101.66144,6.5915],[101.65251,6.60112]],[[101.65251,6.60112],[101.64697,6.61473]],[[101.64697,6.61473],[101.64283,6.62038]],[[101.64283,6.62038],[101.63827,6.6185]],[[101.63827,6.6185],[101.63296,6.62306]],[[101.63296,6.62306],[101.63266,6.63161]],[[101.63266,6.63161],[101.62989,6.63418]],[[101.62989,6.63418],[101.63058,6.6279]],[[101.63058,6.6279],[101.62714,6.62463]],[[101.62714,6.62463],[101.62328,6.62791]],[[101.62328,6.62791],[101.62691,6.63201]],[[101.62691,6.63201],[101.62328,6.63336]],[[101.62328,6.63336],[101.62023,6.62934]],[[101.62023,6.62934],[101.61461,6.62977]],[[101.61461,6.62977],[101.61342,6.63311]],[[101.61342,6.63311],[101.60615,6.63172]],[[101.60615,6.63172],[101.59916,6.62356]],[[101.59916,6.62356],[101.58527,6.62606]],[[101.58527,6.62606],[101.57697,6.6194]],[[101.57697,6.6194],[101.5769,6.60911]],[[101.5769,6.60911],[101.57366,6.60148]],[[101.57366,6.60148],[101.57915,6.59264]],[[101.57915,6.59264],[101.58777,6.59013]],[[101.58777,6.59013],[101.59525,6.58261]],[[101.59525,6.58261],[101.59678,6.57814]],[[101.59678,6.57814],[101.5939,6.57404]],[[101.5939,6.57404],[101.59243,6.5656]],[[101.59243,6.5656],[101.58691,6.56262]],[[101.58691,6.56262],[101.58209,6.55627]],[[101.58209,6.55627],[101.57441,6.55507]],[[101.57441,6.55507],[101.56338,6.54986]],[[101.56338,6.54986],[101.55005,6.55522]],[[101.55005,6.55522],[101.53678,6.55601]],[[101.53678,6.55601],[101.52947,6.56269]],[[101.52947,6.56269],[101.52605,6.57166]],[[101.52605,6.57166],[101.51723,6.57775]],[[101.51723,6.57775],[101.52209,6.58361]],[[101.52209,6.58361],[101.52069,6.58917]],[[101.52069,6.58917],[101.50935,6.60238]],[[101.50935,6.60238],[101.50403,6.60444]],[[101.50403,6.60444],[101.49551,6.59938]],[[101.49551,6.59938],[101.48916,6.60413]],[[101.48916,6.60413],[101.48307,6.59898]],[[101.48307,6.59898],[101.47675,6.5976]],[[101.47675,6.5976],[101.47683,6.59402]],[[101.47683,6.59402],[101.46538,6.59754]],[[101.46538,6.59754],[101.45824,6.59724]],[[101.45824,6.59724],[101.4598,6.58891]],[[101.4598,6.58891],[101.45285,6.57733]],[[101.45285,6.57733],[101.4481,6.57805]],[[101.4481,6.57805],[101.44614,6.58257]],[[101.44614,6.58257],[101.43949,6.58715]],[[101.43949,6.58715],[101.43787,6.59079]],[[101.43787,6.59079],[101.42956,6.59351]],[[101.42956,6.59351],[101.42192,6.59345]],[[101.42192,6.59345],[101.4133,6.58551]],[[101.4133,6.58551],[101.40298,6.5786]],[[101.40298,6.5786],[101.40081,6.57396]],[[101.40081,6.57396],[101.38885,6.56891]],[[101.38885,6.56891],[101.38366,6.5697]],[[101.38366,6.5697],[101.37164,6.56789]],[[101.37164,6.56789],[101.36193,6.56359]],[[101.36193,6.56359],[101.36029,6.55415]],[[101.36029,6.55415],[101.35667,6.55751]],[[101.35667,6.55751],[101.34782,6.55672]],[[101.34782,6.55672],[101.33979,6.5623]],[[101.33979,6.5623],[101.33139,6.56628]],[[101.33139,6.56628],[101.32542,6.57222]],[[101.32542,6.57222],[101.31282,6.56615]],[[101.31282,6.56615],[101.30663,6.5647]],[[101.30663,6.5647],[101.30045,6.57072]],[[101.30045,6.57072],[101.3014,6.57549]],[[101.3014,6.57549],[101.29837,6.57794]],[[101.29837,6.57794],[101.30011,6.58598]],[[101.30011,6.58598],[101.29686,6.59667]],[[101.29686,6.59667],[101.29366,6.60118]],[[101.29366,6.60118],[101.29256,6.61414]],[[101.29256,6.61414],[101.29573,6.61789]],[[101.29573,6.61789],[101.30219,6.61813]],[[101.30219,6.61813],[101.30305,6.62249]],[[101.30305,6.62249],[101.29793,6.6328]],[[101.29793,6.6328],[101.29894,6.64722]],[[101.29894,6.64722],[101.29645,6.65373]],[[101.29645,6.65373],[101.28922,6.66479]],[[101.28922,6.66479],[101.29188,6.67266]],[[101.29188,6.67266],[101.29683,6.67385]],[[101.29683,6.67385],[101.29672,6.67763]],[[101.29672,6.67763],[101.29081,6.68277]],[[101.29081,6.68277],[101.2799,6.67922]],[[101.2799,6.67922],[101.28324,6.6752]],[[101.28324,6.6752],[101.27872,6.66685]],[[101.27872,6.66685],[101.27797,6.6556]],[[101.27797,6.6556],[101.27183,6.64645]],[[101.27183,6.64645],[101.25549,6.64134]],[[101.25549,6.64134],[101.24864,6.64398]],[[101.24864,6.64398],[101.23894,6.63394]],[[101.23894,6.63394],[101.23189,6.61526]],[[101.23189,6.61526],[101.2256,6.60891]],[[101.2256,6.60891],[101.21892,6.59844]],[[101.21892,6.59844],[101.21274,6.5957]],[[101.21274,6.5957],[101.18624,6.59973]],[[101.18624,6.59973],[101.17622,6.59977]],[[101.17622,6.59977],[101.16986,6.60395]],[[101.16986,6.60395],[101.16117,6.60344]],[[101.16117,6.60344],[101.15682,6.60725]],[[101.15682,6.60725],[101.14745,6.61061]],[[101.14745,6.61061],[101.13836,6.60852]],[[101.13836,6.60852],[101.12709,6.6129]],[[101.12709,6.6129],[101.11138,6.62835]],[[101.11138,6.62835],[101.10362,6.62797]],[[101.0661,6.85709],[101.10282,6.86095],[101.11688,6.86117],[101.13229,6.85936],[101.14144,6.8607],[101.15979,6.86036],[101.16972,6.86389],[101.18313,6.86455],[101.20896,6.8709],[101.22433,6.87726],[101.2385,6.88782],[101.24766,6.90097],[101.25803,6.90308],[101.26686,6.9002],[101.27234,6.89242],[101.2844,6.89123],[101.28351,6.88207],[101.28922,6.8778],[101.29351,6.87864],[101.30914,6.88643],[101.31869,6.87849],[101.32165,6.87852],[101.32996,6.87101],[101.33587,6.87052],[101.33253,6.87477],[101.33777,6.88293],[101.34452,6.88608],[101.34665,6.89012],[101.34527,6.89652],[101.34165,6.89969],[101.34299,6.91062],[101.33915,6.91311],[101.33035,6.91028],[101.32818,6.92178],[101.32406,6.92807],[101.31254,6.92301],[101.30752,6.92888],[101.3013,6.92772],[101.29856,6.93454],[101.29388,6.93837],[101.28579,6.9376],[101.28716,6.94753],[101.28084,6.94817],[101.27502,6.94125],[101.27283,6.9442],[101.26099,6.94162],[101.25754,6.93841],[101.25115,6.93861],[101.24556,6.93325],[101.2423,6.93578],[101.23632,6.92756],[101.23996,6.93721],[101.24886,6.94339],[101.26018,6.94668],[101.26708,6.94711],[101.27813,6.95206],[101.29042,6.95022],[101.30998,6.94019],[101.31993,6.93319],[101.33487,6.91885],[101.35402,6.90573],[101.36203,6.90206],[101.38571,6.89498],[101.42062,6.88794],[101.43993,6.88518],[101.44369,6.88625],[101.46239,6.88135],[101.48299,6.87042],[101.48762,6.8704],[101.5075,6.86552],[101.52025,6.86056],[101.5263,6.86502],[101.53791,6.85164],[101.54683,6.84474],[101.55759,6.84541],[101.56967,6.82604],[101.6041,6.76619],[101.629,6.72416],[101.64062,6.71565],[101.65911,6.67976],[101.66789,6.66473],[101.68529,6.64012],[101.70578,6.60611],[101.72484,6.57686]],[[101.59243,6.5656],[101.59709,6.56106]],[[101.59709,6.56106],[101.59777,6.55274]],[[101.59777,6.55274],[101.60887,6.54423]],[[101.60887,6.54423],[101.60325,6.53497]],[[101.60325,6.53497],[101.59782,6.52944]],[[101.59782,6.52944],[101.59508,6.52941]],[[101.59508,6.52941],[101.59092,6.52288]],[[101.59092,6.52288],[101.59076,6.51208]],[[101.59076,6.51208],[101.58199,6.51194]],[[101.58199,6.51194],[101.57877,6.5046]],[[101.57877,6.5046],[101.57371,6.49866]],[[101.57371,6.49866],[101.56864,6.49848]],[[101.56864,6.49848],[101.56343,6.49487]],[[101.56343,6.49487],[101.56152,6.48768]],[[101.56152,6.48768],[101.55229,6.48176]],[[101.55229,6.48176],[101.54707,6.48336]],[[101.54707,6.48336],[101.53756,6.47281]],[[101.53756,6.47281],[101.53578,6.46843]],[[101.53578,6.46843],[101.52351,6.46568]],[[101.52351,6.46568],[101.51434,6.45891]],[[101.51434,6.45891],[101.50762,6.45129]],[[101.50762,6.45129],[101.50277,6.45438]],[[101.50277,6.45438],[101.49391,6.4568]],[[101.49391,6.4568],[101.48671,6.4629]],[[101.48671,6.4629],[101.46658,6.46466]],[[101.46658,6.46466],[101.46284,6.45382]],[[101.46284,6.45382],[101.46605,6.45012]],[[101.46605,6.45012],[101.4645,6.44265]],[[101.4645,6.44265],[101.46781,6.437]],[[101.46781,6.437],[101.46917,6.42618]],[[101.46917,6.42618],[101.46256,6.42458]],[[101.46256,6.42458],[101.45736,6.43174]],[[101.45736,6.43174],[101.44282,6.42823]],[[101.44282,6.42823],[101.43493,6.42924]],[[101.43493,6.42924],[101.42489,6.42248]],[[101.42489,6.42248],[101.42234,6.41778]],[[101.42234,6.41778],[101.42488,6.41514]],[[101.42488,6.41514],[101.41863,6.40129]],[[101.41863,6.40129],[101.41193,6.39584]],[[101.41193,6.39584],[101.41954,6.39018]],[[101.41954,6.39018],[101.41963,6.3818]],[[101.41963,6.3818],[101.41701,6.37269]],[[101.41701,6.37269],[101.40853,6.36756]],[[101.40853,6.36756],[101.3986,6.35954]],[[101.3986,6.35954],[101.39759,6.35102]],[[101.39759,6.35102],[101.39344,6.3435]],[[101.39344,6.3435],[101.38765,6.33658]],[[101.38765,6.33658],[101.38964,6.32646]],[[101.38964,6.32646],[101.39976,6.31779]],[[101.39976,6.31779],[101.3998,6.31131]],[[101.3998,6.31131],[101.39388,6.30155]],[[101.39388,6.30155],[101.39548,6.2939]],[[101.39548,6.2939],[101.39499,6.28609]],[[101.39499,6.28609],[101.39962,6.28193]],[[101.39962,6.28193],[101.40265,6.27118]],[[101.40265,6.27118],[101.40007,6.26533]],[[101.40007,6.26533],[101.40102,6.25969]],[[101.40102,6.25969],[101.3968,6.25364]],[[101.3968,6.25364],[101.39515,6.24543]],[[101.39515,6.24543],[101.40337,6.23974]],[[101.40337,6.23974],[101.39452,6.22287]],[[101.39452,6.22287],[101.37796,6.21469]],[[101.37796,6.21469],[101.37137,6.20953]],[[101.37137,6.20953],[101.38609,6.18162]],[[101.38609,6.18162],[101.38675,6.16737]],[[101.38675,6.16737],[101.39391,6.15986]],[[101.39391,6.15986],[101.39865,6.15782]],[[101.39865,6.15782],[101.41168,6.15713]],[[101.41168,6.15713],[101.41111,6.1515]],[[101.41111,6.1515],[101.41526,6.14338]],[[101.41526,6.14338],[101.42284,6.14411]],[[101.42284,6.14411],[101.42745,6.14056]],[[101.42745,6.14056],[101.42966,6.12973]],[[101.42966,6.12973],[101.43541,6.12878]],[[101.43541,6.12878],[101.43747,6.12334]],[[101.43747,6.12334],[101.43611,6.11697]],[[101.43611,6.11697],[101.44097,6.10946]],[[101.44097,6.10946],[101.43792,6.10446]],[[101.43792,6.10446],[101.43728,6.09695]],[[101.43728,6.09695],[101.44654,6.08209]],[[101.44654,6.08209],[101.45256,6.07857]],[[101.45256,6.07857],[101.46083,6.07739]],[[101.46083,6.07739],[101.46676,6.08025]],[[101.46676,6.08025],[101.47565,6.06535]],[[101.47565,6.06535],[101.47848,6.04744]],[[101.47848,6.04744],[101.47755,6.04192]],[[101.47755,6.04192],[101.47412,6.03996]],[[101.47412,6.03996],[101.47801,6.03519]],[[101.47801,6.03519],[101.47916,6.02854]],[[101.47916,6.02854],[101.47794,6.01989]],[[101.47794,6.01989],[101.48239,6.01261]],[[101.48239,6.01261],[101.47766,6.00732]],[[101.47766,6.00732],[101.47818,5.99908]],[[101.47818,5.99908],[101.47282,5.98869]],[[101.47282,5.98869],[101.47565,5.98829]],[[101.47565,5.98829],[101.47891,5.97647]],[[101.47891,5.97647],[101.48421,5.9778]],[[101.48421,5.9778],[101.48554,5.96884]],[[101.48554,5.96884],[101.48464,5.96149]],[[101.48464,5.96149],[101.48619,5.95634]],[[101.48619,5.95634],[101.49124,5.95431]],[[101.49124,5.95431],[101.49173,5.94959]],[[101.49173,5.94959],[101.49648,5.95099]],[[101.49648,5.95099],[101.49417,5.94117]],[[101.49417,5.94117],[101.49003,5.93669]],[[101.49003,5.93669],[101.49231,5.92225]],[[101.49231,5.92225],[101.49004,5.91433]],[[101.49004,5.91433],[101.49215,5.90608]],[[101.49215,5.90608],[101.4899,5.90119]],[[101.4899,5.90119],[101.49352,5.89835]],[[101.49352,5.89835],[101.49871,5.89974]],[[101.49871,5.89974],[101.50222,5.88968]],[[101.50222,5.88968],[101.49405,5.88188],[101.48712,5.8832],[101.48739,5.87436],[101.48486,5.8703],[101.4789,5.87302],[101.47467,5.87026],[101.46479,5.8768],[101.45906,5.87358],[101.45509,5.86782],[101.44689,5.87083],[101.43122,5.87149],[101.42885,5.87488],[101.41726,5.87661],[101.41453,5.87385],[101.40624,5.87224],[101.39738,5.87308],[101.39154,5.87588],[101.38916,5.86562],[101.38948,5.85847],[101.38599,5.85347],[101.37994,5.85099],[101.3736,5.83683],[101.37352,5.83242],[101.36132,5.83135],[101.35893,5.83355],[101.34701,5.8232],[101.34797,5.81627],[101.34552,5.80908],[101.33795,5.80714],[101.32701,5.81362],[101.32091,5.81256],[101.31458,5.80271],[101.30653,5.8051],[101.30456,5.81416],[101.29603,5.81221],[101.29114,5.8164],[101.27864,5.81233],[101.2725,5.80823],[101.26958,5.80383],[101.26359,5.80092],[101.26238,5.79447],[101.25801,5.78754],[101.2596,5.77872],[101.25488,5.77303],[101.24993,5.76004],[101.25494,5.75382],[101.25459,5.74258],[101.25981,5.73263],[101.25786,5.71957],[101.26085,5.71771],[101.25979,5.71216],[101.25146,5.70846],[101.24886,5.70455],[101.25069,5.69919],[101.24278,5.69243],[101.23331,5.68817],[101.21814,5.68795],[101.22172,5.67536],[101.21882,5.67313],[101.21747,5.66573],[101.21422,5.66142],[101.20462,5.6603],[101.20308,5.65449],[101.1961,5.64976],[101.18869,5.65094],[101.17203,5.64791],[101.16713,5.64229],[101.16839,5.63624],[101.16344,5.63058],[101.15138,5.62235],[101.14415,5.62312],[101.14426,5.61555],[101.13563,5.61304],[101.12937,5.62584],[101.12787,5.6344],[101.12859,5.6412],[101.12478,5.64683],[101.12526,5.65288],[101.12313,5.66176],[101.1194,5.66357],[101.11874,5.67038],[101.11039,5.68171],[101.10348,5.68501],[101.1029,5.68838],[101.09687,5.69192],[101.09449,5.69682],[101.09552,5.703],[101.08941,5.70352],[101.08516,5.70846],[101.08612,5.71181],[101.08094,5.70978],[101.0801,5.71618],[101.0824,5.72112],[101.06774,5.72829],[101.06228,5.72673],[101.05927,5.73441],[101.062,5.74225],[101.05412,5.74385],[101.05164,5.74086],[101.04044,5.73998],[101.03403,5.73811],[101.02743,5.75016],[101.02178,5.75422],[101.0174,5.76738],[101.00744,5.76998],[101.00688,5.77492],[101.00285,5.7801],[100.99783,5.77999],[100.99545,5.78479],[100.98964,5.7835],[100.9883,5.79691],[100.98334,5.80833],[100.99255,5.81271],[100.9989,5.81855],[101.00129,5.82822],[101.00689,5.83221],[101.01172,5.83846],[101.00882,5.84274],[101.00632,5.85232],[101.00955,5.85744],[101.00894,5.87383],[101.01252,5.87423],[101.01435,5.88309],[101.01847,5.88611],[101.02419,5.89723],[101.02918,5.90171],[101.02555,5.91216],[101.03783,5.91784],[101.04522,5.91579],[101.05073,5.91057],[101.05511,5.91209],[101.05677,5.91653],[101.0616,5.91936],[101.07034,5.91742],[101.07576,5.918],[101.08473,5.9094],[101.08897,5.92111],[101.08775,5.92573],[101.09185,5.92641],[101.09265,5.93355],[101.09936,5.94236],[101.09554,5.95024],[101.10127,5.95197],[101.10938,5.95929],[101.11339,5.96011],[101.11474,5.96742],[101.11963,5.97433],[101.12388,5.97713],[101.12229,5.98232],[101.11372,5.98652],[101.11381,5.98878],[101.10687,5.99079],[101.10605,5.99936],[101.11105,6.01025],[101.10831,6.01806],[101.11029,6.02343],[101.10757,6.02817],[101.1114,6.03138],[101.11363,6.03933],[101.10035,6.04978],[101.10425,6.06308],[101.11091,6.06661],[101.11,6.07413],[101.11528,6.08037],[101.11658,6.08582],[101.11472,6.09151],[101.11999,6.09507],[101.12593,6.09527],[101.12702,6.10436],[101.12359,6.11031],[101.11821,6.11482],[101.1138,6.11298],[101.10587,6.1135],[101.10728,6.11692],[101.10525,6.12345],[101.09382,6.12932],[101.08967,6.13394],[101.07446,6.13591],[101.07054,6.14007],[101.06146,6.14074],[101.05844,6.14306],[101.06083,6.14897],[101.07078,6.15939],[101.07573,6.16074],[101.07477,6.17032],[101.08472,6.1748],[101.08534,6.17865],[101.09267,6.17625],[101.09539,6.17893],[101.10761,6.17954],[101.11643,6.18442],[101.12643,6.19415],[101.12244,6.20129],[101.11485,6.20475],[101.11862,6.21259],[101.11273,6.22284],[101.11283,6.22693],[101.10494,6.23971],[101.11195,6.25128],[101.10269,6.25395],[101.09458,6.26043],[101.08205,6.25951],[101.07562,6.25573],[101.07207,6.25788],[101.06703,6.25595],[101.06366,6.25946],[101.05987,6.25359],[101.05019,6.25443],[101.04301,6.2498],[101.03951,6.24976],[101.03207,6.24487],[101.02773,6.24504],[101.02211,6.24983],[101.01797,6.24665],[101.01264,6.24871],[101.01014,6.25594],[101.00352,6.26056],[100.99372,6.26313],[100.98968,6.26593],[100.98405,6.27783],[100.96712,6.28302],[100.96735,6.27471],[100.95546,6.26639],[100.9466,6.26314],[100.94729,6.25256],[100.94379,6.24325],[100.92237,6.24454],[100.91747,6.24788],[100.90848,6.24124],[100.90723,6.23706],[100.90211,6.23358],[100.8926,6.23925],[100.89132,6.2499],[100.88596,6.25019],[100.88399,6.25507],[100.88083,6.25453],[100.8756,6.25877],[100.87212,6.26455],[100.8691,6.2597],[100.86947,6.2528],[100.86582,6.24415],[100.86973,6.2414],[100.86619,6.23778],[100.86008,6.23598],[100.85496,6.23159],[100.85083,6.23383],[100.84415,6.24975],[100.84584,6.25705],[100.84235,6.26968],[100.83512,6.28598],[100.83484,6.2956],[100.84104,6.30042]],[[101.72484,6.57686],[101.75287,6.53461],[101.77359,6.5055],[101.80061,6.4701],[101.81629,6.45292],[101.82412,6.44766],[101.83289,6.44625],[101.83742,6.44047],[101.84721,6.4324],[101.85602,6.42752],[101.85951,6.42884],[101.87489,6.42432],[101.90297,6.39009],[101.94242,6.34704],[101.98119,6.31596],[102.00761,6.29812],[102.01202,6.29594],[102.05806,6.26517],[102.06942,6.25673],[102.08905,6.24487],[102.09194,6.23605],[102.08053,6.22576],[102.08125,6.22039],[102.07909,6.21026],[102.07994,6.20182],[102.07758,6.19816],[102.07749,6.19135],[102.08066,6.18089],[102.0785,6.17302],[102.08209,6.17148],[102.08559,6.16573],[102.08558,6.15753],[102.08885,6.15895],[102.09141,6.15465],[102.09252,6.14526],[102.08286,6.13664],[102.08217,6.12921],[102.07934,6.12307],[102.07351,6.11849],[102.07198,6.11234],[102.06118,6.10256],[102.0592,6.09684],[102.06154,6.09115],[102.05829,6.09078],[102.05386,6.07992],[102.0346,6.06958],[102.03197,6.07147],[102.02976,6.06567],[102.02292,6.06223],[102.01954,6.05211],[102.01599,6.05384],[102.01186,6.0511],[102.00317,6.04985],[102.00415,6.04411],[101.9982,6.03951],[101.99346,6.04084],[101.98769,6.03688],[101.98416,6.02989],[101.97824,6.02749],[101.97105,6.01791],[101.97253,6.00558],[101.96823,6.00338],[101.96307,5.99572],[101.95953,5.99706],[101.95757,5.99311],[101.95271,5.99091],[101.94918,5.98393],[101.94556,5.98656],[101.94281,5.98101],[101.94679,5.97709],[101.93985,5.97272],[101.94284,5.96516],[101.94136,5.95905],[101.94449,5.95483],[101.93708,5.94788],[101.92945,5.94898],[101.92995,5.93132],[101.92733,5.92309],[101.92357,5.924],[101.92137,5.91835],[101.92244,5.90985],[101.92992,5.91002],[101.93283,5.90692],[101.93347,5.89977],[101.94041,5.88544],[101.93918,5.87939],[101.94321,5.87206],[101.93734,5.86184],[101.93136,5.86162],[101.92736,5.85534],[101.93004,5.85385],[101.91727,5.84302],[101.90615,5.84116],[101.89543,5.84393],[101.89182,5.83824],[101.88667,5.83913],[101.88004,5.83213],[101.8769,5.82017],[101.8803,5.81101],[101.87732,5.8068],[101.86823,5.80262],[101.86179,5.80183],[101.86618,5.79127],[101.85612,5.79406],[101.85559,5.79159],[101.84555,5.79029],[101.83997,5.7912],[101.83012,5.77646],[101.81948,5.75413],[101.82363,5.7534],[101.82666,5.74705],[101.82788,5.73793],[101.82386,5.73236],[101.81744,5.733],[101.80842,5.74372],[101.80373,5.74436],[101.79939,5.75023],[101.79244,5.75106],[101.77539,5.76898],[101.7742,5.77404],[101.77639,5.78357],[101.77372,5.78654],[101.76635,5.78915],[101.7618,5.79478],[101.75415,5.79715],[101.74826,5.79318],[101.7444,5.79423],[101.74059,5.7835],[101.72573,5.78462],[101.72243,5.78037],[101.71915,5.78849],[101.71725,5.78083],[101.71521,5.7647],[101.70913,5.76127],[101.70633,5.75494],[101.69707,5.75274],[101.69021,5.75603],[101.68764,5.76432],[101.69006,5.76853],[101.68772,5.78057],[101.68329,5.78323],[101.67705,5.78224],[101.66897,5.79053],[101.66997,5.7949],[101.66427,5.80065],[101.66752,5.8078],[101.66254,5.81504],[101.65884,5.81204],[101.65724,5.81782],[101.6587,5.82598],[101.65676,5.83851],[101.66108,5.84836],[101.6556,5.85742],[101.66243,5.86727],[101.65803,5.8753],[101.65413,5.87763],[101.64163,5.87024],[101.63111,5.87542],[101.62314,5.87695],[101.62159,5.89602],[101.61829,5.89573],[101.61489,5.90137],[101.6148,5.91126],[101.60879,5.91493],[101.59957,5.91214],[101.58938,5.91867],[101.58705,5.93078],[101.58109,5.93451],[101.57496,5.92998],[101.57241,5.92557],[101.55829,5.91912],[101.55409,5.92119],[101.54005,5.91909],[101.52615,5.90915],[101.5236,5.89873],[101.51782,5.89982],[101.51514,5.90361],[101.50222,5.88968]]]}},{"type":"Feature","properties":{"name":"กรุงเทพมหานคร","code":"TH10","area_sqkm":1571.4,"label_lng":100.60303,"label_lat":13.72436},"geometry":{"type":"Point","coordinates":[100.60303,13.72436]}},{"type":"Feature","properties":{"name":"สมุทรปราการ","code":"TH11","area_sqkm":949.0,"label_lng":100.71967,"label_lat":13.59831},"geometry":{"type":"Point","coordinates":[100.71967,13.59831]}},{"type":"Feature","properties":{"name":"นนทบุรี","code":"TH12","area_sqkm":636.5,"label_lng":100.38395,"label_lat":13.9646},"geometry":{"type":"Point","coordinates":[100.38395,13.9646]}},{"type":"Feature","properties":{"name":"ปทุมธานี","code":"TH13","area_sqkm":1517.4,"label_lng":100.62774,"label_lat":14.0961},"geometry":{"type":"Point","coordinates":[100.62774,14.0961]}},{"type":"Feature","properties":{"name":"พระนครศรีอยุธยา","code":"TH14","area_sqkm":2553.4,"label_lng":100.53662,"label_lat":14.39212},"geometry":{"type":"Point","coordinates":[100.53662,14.39212]}},{"type":"Feature","properties":{"name":"อ่างทอง","code":"TH15","area_sqkm":944.2,"label_lng":100.35056,"label_lat":14.62073},"geometry":{"type":"Point","coordinates":[100.35056,14.62073]}},{"type":"Feature","properties":{"name":"ลพบุรี","code":"TH16","area_sqkm":6491.8,"label_lng":100.97674,"label_lat":15.19905},"geometry":{"type":"Point","coordinates":[100.97674,15.19905]}},{"type":"Feature","properties":{"name":"สิงห์บุรี","code":"TH17","area_sqkm":818.2,"label_lng":100.30413,"label_lat":14.92077},"geometry":{"type":"Point","coordinates":[100.30413,14.92077]}},{"type":"Feature","properties":{"name":"ชัยนาท","code":"TH18","area_sqkm":2486.6,"label_lng":100.03371,"label_lat":15.16228},"geometry":{"type":"Point","coordinates":[100.03371,15.16228]}},{"type":"Feature","properties":{"name":"สระบุรี","code":"TH19","area_sqkm":3481.8,"label_lng":100.91867,"label_lat":14.65891},"geometry":{"type":"Point","coordinates":[100.91867,14.65891]}},{"type":"Feature","properties":{"name":"ชลบุรี","code":"TH20","area_sqkm":4504.8,"label_lng":101.22464,"label_lat":13.09215},"geometry":{"type":"Point","coordinates":[101.22464,13.09215]}},{"type":"Feature","properties":{"name":"ระยอง","code":"TH21","area_sqkm":3682.1,"label_lng":101.44342,"label_lat":12.87342},"geometry":{"type":"Point","coordinates":[101.44342,12.87342]}},{"type":"Feature","properties":{"name":"จันทบุรี","code":"TH22","area_sqkm":6403.6,"label_lng":102.17925,"label_lat":12.81458},"geometry":{"type":"Point","coordinates":[102.17925,12.81458]}},{"type":"Feature","properties":{"name":"ตราด","code":"TH23","area_sqkm":2869.4,"label_lng":102.42852,"label_lat":12.20368},"geometry":{"type":"Point","coordinates":[102.42852,12.20368]}},{"type":"Feature","properties":{"name":"ฉะเชิงเทรา","code":"TH24","area_sqkm":5165.9,"label_lng":101.56377,"label_lat":13.5776},"geometry":{"type":"Point","coordinates":[101.56377,13.5776]}},{"type":"Feature","properties":{"name":"ปราจีนบุรี","code":"TH25","area_sqkm":5047.0,"label_lng":101.57755,"label_lat":14.02226},"geometry":{"type":"Point","coordinates":[101.57755,14.02226]}},{"type":"Feature","properties":{"name":"นครนายก","code":"TH26","area_sqkm":2136.5,"label_lng":101.16292,"label_lat":14.23698},"geometry":{"type":"Point","coordinates":[101.16292,14.23698]}},{"type":"Feature","properties":{"name":"สระแก้ว","code":"TH27","area_sqkm":6788.9,"label_lng":102.27825,"label_lat":13.71666},"geometry":{"type":"Point","coordinates":[102.27825,13.71666]}},{"type":"Feature","properties":{"name":"นครราชสีมา","code":"TH30","area_sqkm":20709.1,"label_lng":102.07092,"label_lat":14.96418},"geometry":{"type":"Point","coordinates":[102.07092,14.96418]}},{"type":"Feature","properties":{"name":"บุรีรัมย์","code":"TH31","area_sqkm":10058.3,"label_lng":103.06374,"label_lat":14.96298},"geometry":{"type":"Point","coordinates":[103.06374,14.96298]}},{"type":"Feature","properties":{"name":"สุรินทร์","code":"TH32","area_sqkm":8815.7,"label_lng":103.6654,"label_lat":14.90478},"geometry":{"type":"Point","coordinates":[103.6654,14.90478]}},{"type":"Feature","properties":{"name":"ศรีสะเกษ","code":"TH33","area_sqkm":8885.0,"label_lng":104.32606,"label_lat":14.95537},"geometry":{"type":"Point","coordinates":[104.32606,14.95537]}},{"type":"Feature","properties":{"name":"อุบลราชธานี","code":"TH34","area_sqkm":15482.8,"label_lng":105.10269,"label_lat":15.15402},"geometry":{"type":"Point","coordinates":[105.10269,15.15402]}},{"type":"Feature","properties":{"name":"ยโสธร","code":"TH35","area_sqkm":4097.3,"label_lng":104.27335,"label_lat":15.81909},"geometry":{"type":"Point","coordinates":[104.27335,15.81909]}},{"type":"Feature","properties":{"name":"ชัยภูมิ","code":"TH36","area_sqkm":12615.8,"label_lng":101.84928,"label_lat":16.03012},"geometry":{"type":"Point","coordinates":[101.84928,16.03012]}},{"type":"Feature","properties":{"name":"อำนาจเจริญ","code":"TH37","area_sqkm":3262.6,"label_lng":104.72983,"label_lat":15.91069},"geometry":{"type":"Point","coordinates":[104.72983,15.91069]}},{"type":"Feature","properties":{"name":"บึงกาฬ","code":"TH38","area_sqkm":3991.2,"label_lng":103.70171,"label_lat":18.10993},"geometry":{"type":"Point","coordinates":[103.70171,18.10993]}},{"type":"Feature","properties":{"name":"หนองบัวลำภู","code":"TH39","area_sqkm":4064.1,"label_lng":102.32215,"label_lat":17.23156},"geometry":{"type":"Point","coordinates":[102.32215,17.23156]}},{"type":"Feature","properties":{"name":"ขอนแก่น","code":"TH40","area_sqkm":10612.2,"label_lng":102.67643,"label_lat":16.36047},"geometry":{"type":"Point","coordinates":[102.67643,16.36047]}},{"type":"Feature","properties":{"name":"อุดรธานี","code":"TH41","area_sqkm":11054.3,"label_lng":102.83133,"label_lat":17.44472},"geometry":{"type":"Point","coordinates":[102.83133,17.44472]}},{"type":"Feature","properties":{"name":"เลย","code":"TH42","area_sqkm":10503.2,"label_lng":101.64371,"label_lat":17.48706},"geometry":{"type":"Point","coordinates":[101.64371,17.48706]}},{"type":"Feature","properties":{"name":"หนองคาย","code":"TH43","area_sqkm":3271.1,"label_lng":103.11949,"label_lat":17.94955},"geometry":{"type":"Point","coordinates":[103.11949,17.94955]}},{"type":"Feature","properties":{"name":"มหาสารคาม","code":"TH44","area_sqkm":5607.6,"label_lng":103.17747,"label_lat":16.02476},"geometry":{"type":"Point","coordinates":[103.17747,16.02476]}},{"type":"Feature","properties":{"name":"ร้อยเอ็ด","code":"TH45","area_sqkm":7819.1,"label_lng":103.7581,"label_lat":15.93878},"geometry":{"type":"Point","coordinates":[103.7581,15.93878]}},{"type":"Feature","properties":{"name":"กาฬสินธุ์","code":"TH46","area_sqkm":6888.1,"label_lng":103.67083,"label_lat":16.64194},"geometry":{"type":"Point","coordinates":[103.67083,16.64194]}},{"type":"Feature","properties":{"name":"สกลนคร","code":"TH47","area_sqkm":9527.0,"label_lng":103.65806,"label_lat":17.4306},"geometry":{"type":"Point","coordinates":[103.65806,17.4306]}},{"type":"Feature","properties":{"name":"นครพนม","code":"TH48","area_sqkm":5585.7,"label_lng":104.6024,"label_lat":17.40542},"geometry":{"type":"Point","coordinates":[104.6024,17.40542]}},{"type":"Feature","properties":{"name":"มุกดาหาร","code":"TH49","area_sqkm":4111.2,"label_lng":104.47934,"label_lat":16.54604},"geometry":{"type":"Point","coordinates":[104.47934,16.54604]}},{"type":"Feature","properties":{"name":"เชียงใหม่","code":"TH50","area_sqkm":22176.0,"label_lng":98.61875,"label_lat":18.69505},"geometry":{"type":"Point","coordinates":[98.61875,18.69505]}},{"type":"Feature","properties":{"name":"ลำพูน","code":"TH51","area_sqkm":4482.9,"label_lng":98.9398,"label_lat":18.06692},"geometry":{"type":"Point","coordinates":[98.9398,18.06692]}},{"type":"Feature","properties":{"name":"ลำปาง","code":"TH52","area_sqkm":12496.4,"label_lng":99.52459,"label_lat":18.31175},"geometry":{"type":"Point","coordinates":[99.52459,18.31175]}},{"type":"Feature","properties":{"name":"อุตรดิตถ์","code":"TH53","area_sqkm":7919.3,"label_lng":100.44604,"label_lat":17.76009},"geometry":{"type":"Point","coordinates":[100.44604,17.76009]}},{"type":"Feature","properties":{"name":"แพร่","code":"TH54","area_sqkm":6488.0,"label_lng":100.16318,"label_lat":18.26147},"geometry":{"type":"Point","coordinates":[100.16318,18.26147]}},{"type":"Feature","properties":{"name":"น่าน","code":"TH55","area_sqkm":12190.7,"label_lng":100.79342,"label_lat":18.82549},"geometry":{"type":"Point","coordinates":[100.79342,18.82549]}},{"type":"Feature","properties":{"name":"พะเยา","code":"TH56","area_sqkm":6195.6,"label_lng":100.15456,"label_lat":19.27088},"geometry":{"type":"Point","coordinates":[100.15456,19.27088]}},{"type":"Feature","properties":{"name":"เชียงราย","code":"TH57","area_sqkm":11584.3,"label_lng":99.88356,"label_lat":19.73248},"geometry":{"type":"Point","coordinates":[99.88356,19.73248]}},{"type":"Feature","properties":{"name":"แม่ฮ่องสอน","code":"TH58","area_sqkm":12772.0,"label_lng":97.92907,"label_lat":18.72633},"geometry":{"type":"Point","coordinates":[97.92907,18.72633]}},{"type":"Feature","properties":{"name":"นครสวรรค์","code":"TH60","area_sqkm":9513.3,"label_lng":100.3823,"label_lat":15.62146},"geometry":{"type":"Point","coordinates":[100.3823,15.62146]}},{"type":"Feature","properties":{"name":"อุทัยธานี","code":"TH61","area_sqkm":6638.5,"label_lng":99.5594,"label_lat":15.36998},"geometry":{"type":"Point","coordinates":[99.5594,15.36998]}},{"type":"Feature","properties":{"name":"กำแพงเพชร","code":"TH62","area_sqkm":8558.0,"label_lng":99.51059,"label_lat":16.38293},"geometry":{"type":"Point","coordinates":[99.51059,16.38293]}},{"type":"Feature","properties":{"name":"ตาก","code":"TH63","area_sqkm":17279.7,"label_lng":98.8904,"label_lat":16.52394},"geometry":{"type":"Point","coordinates":[98.8904,16.52394]}},{"type":"Feature","properties":{"name":"สุโขทัย","code":"TH64","area_sqkm":6680.2,"label_lng":99.70848,"label_lat":17.25218},"geometry":{"type":"Point","coordinates":[99.70848,17.25218]}},{"type":"Feature","properties":{"name":"พิษณุโลก","code":"TH65","area_sqkm":10523.3,"label_lng":100.53925,"label_lat":17.03126},"geometry":{"type":"Point","coordinates":[100.53925,17.03126]}},{"type":"Feature","properties":{"name":"พิจิตร","code":"TH66","area_sqkm":4336.4,"label_lng":100.34298,"label_lat":16.28368},"geometry":{"type":"Point","coordinates":[100.34298,16.28368]}},{"type":"Feature","properties":{"name":"เพชรบูรณ์","code":"TH67","area_sqkm":12389.0,"label_lng":101.03945,"label_lat":16.24815},"geometry":{"type":"Point","coordinates":[101.03945,16.24815]}},{"type":"Feature","properties":{"name":"ราชบุรี","code":"TH70","area_sqkm":5202.3,"label_lng":99.61127,"label_lat":13.55499},"geometry":{"type":"Point","coordinates":[99.61127,13.55499]}},{"type":"Feature","properties":{"name":"กาญจนบุรี","code":"TH71","area_sqkm":19450.9,"label_lng":99.07427,"label_lat":14.69309},"geometry":{"type":"Point","coordinates":[99.07427,14.69309]}},{"type":"Feature","properties":{"name":"สุพรรณบุรี","code":"TH72","area_sqkm":5433.5,"label_lng":100.00299,"label_lat":14.5726},"geometry":{"type":"Point","coordinates":[100.00299,14.5726]}},{"type":"Feature","properties":{"name":"นครปฐม","code":"TH73","area_sqkm":2139.2,"label_lng":100.09644,"label_lat":13.91421},"geometry":{"type":"Point","coordinates":[100.09644,13.91421]}},{"type":"Feature","properties":{"name":"สมุทรสาคร","code":"TH74","area_sqkm":856.9,"label_lng":100.2135,"label_lat":13.57501},"geometry":{"type":"Point","coordinates":[100.2135,13.57501]}},{"type":"Feature","properties":{"name":"สมุทรสงคราม","code":"TH75","area_sqkm":414.4,"label_lng":99.95296,"label_lat":13.3788},"geometry":{"type":"Point","coordinates":[99.95296,13.3788]}},{"type":"Feature","properties":{"name":"เพชรบุรี","code":"TH76","area_sqkm":6183.0,"label_lng":99.61482,"label_lat":12.95336},"geometry":{"type":"Point","coordinates":[99.61482,12.95336]}},{"type":"Feature","properties":{"name":"ประจวบคีรีขันธ์","code":"TH77","area_sqkm":6448.4,"label_lng":99.72416,"label_lat":11.79954},"geometry":{"type":"Point","coordinates":[99.72416,11.79954]}},{"type":"Feature","properties":{"name":"นครศรีธรรมราช","code":"TH80","area_sqkm":9901.7,"label_lng":99.71828,"label_lat":8.58044},"geometry":{"type":"Point","coordinates":[99.71828,8.58044]}},{"type":"Feature","properties":{"name":"กระบี่","code":"TH81","area_sqkm":4988.4,"label_lng":99.02247,"label_lat":8.16959},"geometry":{"type":"Point","coordinates":[99.02247,8.16959]}},{"type":"Feature","properties":{"name":"พังงา","code":"TH82","area_sqkm":4095.7,"label_lng":98.41792,"label_lat":8.73767},"geometry":{"type":"Point","coordinates":[98.41792,8.73767]}},{"type":"Feature","properties":{"name":"ภูเก็ต","code":"TH83","area_sqkm":548.0,"label_lng":98.33527,"label_lat":7.97939},"geometry":{"type":"Point","coordinates":[98.33527,7.97939]}},{"type":"Feature","properties":{"name":"สุราษฎร์ธานี","code":"TH84","area_sqkm":13085.5,"label_lng":99.11558,"label_lat":9.01609},"geometry":{"type":"Point","coordinates":[99.11558,9.01609]}},{"type":"Feature","properties":{"name":"ระนอง","code":"TH85","area_sqkm":3293.5,"label_lng":98.75684,"label_lat":10.0466},"geometry":{"type":"Point","coordinates":[98.75684,10.0466]}},{"type":"Feature","properties":{"name":"ชุมพร","code":"TH86","area_sqkm":6021.6,"label_lng":99.03512,"label_lat":10.31741},"geometry":{"type":"Point","coordinates":[99.03512,10.31741]}},{"type":"Feature","properties":{"name":"สงขลา","code":"TH90","area_sqkm":7741.3,"label_lng":100.36637,"label_lat":7.11421},"geometry":{"type":"Point","coordinates":[100.36637,7.11421]}},{"type":"Feature","properties":{"name":"สตูล","code":"TH91","area_sqkm":2881.6,"label_lng":99.99633,"label_lat":6.81325},"geometry":{"type":"Point","coordinates":[99.99633,6.81325]}},{"type":"Feature","properties":{"name":"ตรัง","code":"TH92","area_sqkm":4709.7,"label_lng":99.55751,"label_lat":7.56337},"geometry":{"type":"Point","coordinates":[99.55751,7.56337]}},{"type":"Feature","properties":{"name":"พัทลุง","code":"TH93","area_sqkm":3860.4,"label_lng":100.05137,"label_lat":7.4979},"geometry":{"type":"Point","coordinates":[100.05137,7.4979]}},{"type":"Feature","properties":{"name":"ปัตตานี","code":"TH94","area_sqkm":1966.3,"label_lng":101.32107,"label_lat":6.75096},"geometry":{"type":"Point","coordinates":[101.32107,6.75096]}},{"type":"Feature","properties":{"name":"ยะลา","code":"TH95","area_sqkm":4472.7,"label_lng":101.23683,"label_lat":6.14796},"geometry":{"type":"Point","coordinates":[101.23683,6.14796]}},{"type":"Feature","properties":{"name":"นราธิวาส","code":"TH96","area_sqkm":4487.6,"label_lng":101.73272,"label_lat":6.18416},"geometry":{"type":"Point","coordinates":[101.73272,6.18416]}}]}