{
"type": "FeatureCollection",
"name": "streams-main",
"crs": { "type": "name", "properties": { "name": "urn:ogc:def:crs:OGC:1.3:CRS84" } },
"xy_coordinate_resolution": 1e-06,
"features": [
{ "type": "Feature", "properties": { "STREAM_ID": "13_10077", "STREAM_NAM": "แม่น้ำท่าจีน", "LOCAL_NAME": null, "Hy_use_des": "แม่น้ำ/ทางน้ำ ตลอดปี กว้าง 25 เมตร หรื", "STRCLAS_DE": "ลำน้ำหลัก", "SHAPE_Leng": 321.9 }, "geometry": { "type": "LineString", "coordinates": [ [ 100.275264, 13.512958 ], [ 100.26911, 13.520775 ], [ 100.265904, 13.525612 ], [ 100.265542, 13.52625 ], [ 100.265242, 13.527543 ], [ 100.265566, 13.529025 ], [ 100.26715, 13.53088 ], [ 100.270689, 13.532114 ], [ 100.27422, 13.532707 ], [ 100.277127, 13.534347 ], [ 100.278066, 13.535692 ], [ 100.278109, 13.537389 ], [ 100.277875, 13.538659 ], [ 100.277316, 13.540146 ], [ 100.276394, 13.541304 ], [ 100.275652, 13.542424 ], [ 100.274344, 13.543106 ], [ 100.272622, 13.543824 ], [ 100.269861, 13.54377 ], [ 100.268374, 13.54317 ], [ 100.267061, 13.541713 ], [ 100.266746, 13.541161 ], [ 100.265735, 13.53889 ], [ 100.26401, 13.533805 ], [ 100.262901, 13.532832 ], [ 100.261003, 13.531827 ], [ 100.258679, 13.531541 ], [ 100.257774, 13.531611 ], [ 100.255675, 13.532211 ], [ 100.253819, 13.533282 ], [ 100.250761, 13.535617 ], [ 100.249644, 13.537719 ], [ 100.249653, 13.538369 ], [ 100.249532, 13.539555 ], [ 100.249632, 13.542573 ], [ 100.24989, 13.543856 ], [ 100.250558, 13.545638 ], [ 100.252444, 13.54957 ], [ 100.253171, 13.551795 ], [ 100.253091, 13.554158 ], [ 100.252533, 13.556521 ], [ 100.251157, 13.55939 ], [ 100.249995, 13.560257 ], [ 100.248818, 13.560707 ], [ 100.245045, 13.561364 ], [ 100.243673, 13.561906 ], [ 100.242981, 13.562385 ], [ 100.241702, 13.563962 ], [ 100.241412, 13.56442 ], [ 100.240197, 13.570112 ], [ 100.239857, 13.570979 ], [ 100.239023, 13.572305 ], [ 100.237165, 13.57316 ], [ 100.234381, 13.573864 ], [ 100.23206, 13.574969 ], [ 100.230821, 13.576194 ], [ 100.228518, 13.580099 ], [ 100.22822, 13.581013 ], [ 100.228355, 13.581906 ], [ 100.228788, 13.583104 ], [ 100.229502, 13.584274 ], [ 100.230261, 13.585991 ], [ 100.230944, 13.588522 ], [ 100.230989, 13.590189 ], [ 100.230673, 13.590764 ], [ 100.229155, 13.592382 ], [ 100.227128, 13.593284 ], [ 100.225572, 13.593673 ], [ 100.223774, 13.595067 ], [ 100.223354, 13.596074 ], [ 100.223536, 13.596973 ], [ 100.224536, 13.598735 ], [ 100.226737, 13.601019 ], [ 100.227595, 13.602638 ], [ 100.228079, 13.604449 ], [ 100.228125, 13.605429 ], [ 100.228048, 13.609358 ], [ 100.228046, 13.616633 ], [ 100.228005, 13.618629 ], [ 100.227831, 13.619367 ], [ 100.226872, 13.621612 ], [ 100.225428, 13.622242 ], [ 100.224575, 13.622317 ], [ 100.222959, 13.622014 ], [ 100.219555, 13.620647 ], [ 100.218168, 13.620313 ], [ 100.216865, 13.620192 ], [ 100.214923, 13.620827 ], [ 100.213864, 13.622284 ], [ 100.213694, 13.622658 ], [ 100.213449, 13.623289 ], [ 100.213111, 13.625109 ], [ 100.213137, 13.626855 ], [ 100.21387, 13.628739 ], [ 100.214704, 13.629588 ], [ 100.215813, 13.629846 ], [ 100.217537, 13.629518 ], [ 100.221606, 13.627278 ], [ 100.224252, 13.626229 ], [ 100.226672, 13.625892 ], [ 100.227468, 13.625887 ], [ 100.229755, 13.626658 ], [ 100.231978, 13.629353 ], [ 100.232822, 13.631878 ], [ 100.233189, 13.63366 ], [ 100.233241, 13.639613 ], [ 100.233151, 13.641145 ], [ 100.232645, 13.642606 ], [ 100.231844, 13.643758 ], [ 100.230379, 13.644316 ], [ 100.229621, 13.644272 ], [ 100.228617, 13.643942 ], [ 100.227611, 13.643492 ], [ 100.225634, 13.6417 ], [ 100.222401, 13.639501 ], [ 100.220945, 13.638767 ], [ 100.218981, 13.638529 ], [ 100.217516, 13.638624 ], [ 100.216428, 13.639024 ], [ 100.214551, 13.640231 ], [ 100.212809, 13.643405 ], [ 100.21257, 13.644135 ], [ 100.212372, 13.648739 ], [ 100.212379, 13.651143 ], [ 100.212777, 13.652559 ], [ 100.213264, 13.653518 ], [ 100.214256, 13.654977 ], [ 100.216174, 13.65644 ], [ 100.225808, 13.662112 ], [ 100.229239, 13.663623 ], [ 100.230341, 13.663832 ], [ 100.231111, 13.663709 ], [ 100.23177, 13.663467 ], [ 100.232551, 13.663032 ], [ 100.232831, 13.662821 ], [ 100.233348, 13.662165 ], [ 100.233642, 13.660017 ], [ 100.234082, 13.655672 ], [ 100.234605, 13.654451 ], [ 100.235431, 13.65356 ], [ 100.236335, 13.65315 ], [ 100.237278, 13.652849 ], [ 100.238298, 13.652844 ], [ 100.239205, 13.653025 ], [ 100.240152, 13.653574 ], [ 100.241064, 13.654603 ], [ 100.241334, 13.655636 ], [ 100.241361, 13.656823 ], [ 100.241032, 13.658766 ], [ 100.240356, 13.661285 ], [ 100.240223, 13.662675 ], [ 100.240677, 13.664716 ], [ 100.241636, 13.665923 ], [ 100.242727, 13.666482 ], [ 100.24342, 13.666603 ], [ 100.245009, 13.666424 ], [ 100.247039, 13.665184 ], [ 100.248249, 13.660508 ], [ 100.249015, 13.65859 ], [ 100.24983, 13.657007 ], [ 100.251948, 13.656202 ], [ 100.253043, 13.656088 ], [ 100.255448, 13.65619 ], [ 100.257057, 13.656491 ], [ 100.259804, 13.657303 ], [ 100.262453, 13.658686 ], [ 100.26464, 13.660385 ], [ 100.266685, 13.662434 ], [ 100.267527, 13.664223 ], [ 100.267663, 13.664943 ], [ 100.267632, 13.665955 ], [ 100.266752, 13.668159 ], [ 100.265899, 13.668833 ], [ 100.263879, 13.669957 ], [ 100.261396, 13.670841 ], [ 100.257994, 13.672242 ], [ 100.25713, 13.673568 ], [ 100.25668, 13.67598 ], [ 100.25673, 13.676701 ], [ 100.256884, 13.67736 ], [ 100.258055, 13.678981 ], [ 100.258644, 13.67954 ], [ 100.259924, 13.68108 ], [ 100.26036, 13.681953 ], [ 100.260487, 13.683605 ], [ 100.260209, 13.684418 ], [ 100.259842, 13.685199 ], [ 100.258918, 13.686732 ], [ 100.257616, 13.688089 ], [ 100.256396, 13.688424 ], [ 100.254322, 13.688002 ], [ 100.252916, 13.686468 ], [ 100.251438, 13.685021 ], [ 100.249822, 13.684043 ], [ 100.247234, 13.683346 ], [ 100.244599, 13.683862 ], [ 100.242985, 13.684549 ], [ 100.241476, 13.685402 ], [ 100.240246, 13.686399 ], [ 100.239682, 13.687177 ], [ 100.239509, 13.687637 ], [ 100.239404, 13.688116 ], [ 100.239371, 13.690364 ], [ 100.23968, 13.691224 ], [ 100.241277, 13.694487 ], [ 100.241751, 13.695927 ], [ 100.241748, 13.697382 ], [ 100.240754, 13.69961 ], [ 100.239233, 13.701722 ], [ 100.235937, 13.704652 ], [ 100.232061, 13.707302 ], [ 100.230079, 13.708324 ], [ 100.227805, 13.708821 ], [ 100.226065, 13.70822 ], [ 100.225385, 13.707423 ], [ 100.225143, 13.706724 ], [ 100.224957, 13.705385 ], [ 100.225083, 13.701423 ], [ 100.224854, 13.700253 ], [ 100.224411, 13.699301 ], [ 100.223526, 13.697968 ], [ 100.222734, 13.697289 ], [ 100.222361, 13.697059 ], [ 100.221016, 13.696441 ], [ 100.219488, 13.696144 ], [ 100.21764, 13.696 ], [ 100.216806, 13.696078 ], [ 100.213854, 13.696652 ], [ 100.210957, 13.696903 ], [ 100.209919, 13.697162 ], [ 100.208698, 13.698004 ], [ 100.207994, 13.69908 ], [ 100.20765, 13.700161 ], [ 100.207676, 13.702199 ], [ 100.208791, 13.706448 ], [ 100.209258, 13.708613 ], [ 100.209396, 13.710639 ], [ 100.209276, 13.711932 ], [ 100.208755, 13.714335 ], [ 100.208249, 13.715938 ], [ 100.207721, 13.717121 ], [ 100.207126, 13.718861 ], [ 100.206976, 13.71998 ], [ 100.207062, 13.720994 ], [ 100.20748, 13.722105 ], [ 100.208622, 13.723473 ], [ 100.209585, 13.72391 ], [ 100.210781, 13.724296 ], [ 100.213439, 13.724232 ], [ 100.215842, 13.723604 ], [ 100.220077, 13.72191 ], [ 100.221264, 13.721524 ], [ 100.222889, 13.721242 ], [ 100.228324, 13.721095 ], [ 100.235605, 13.720652 ], [ 100.237367, 13.720777 ], [ 100.238409, 13.721114 ], [ 100.239578, 13.721668 ], [ 100.240373, 13.722152 ], [ 100.241406, 13.723621 ], [ 100.242023, 13.724746 ], [ 100.242478, 13.726137 ], [ 100.242608, 13.727538 ], [ 100.242586, 13.728614 ], [ 100.242165, 13.73076 ], [ 100.241708, 13.73188 ], [ 100.240923, 13.733206 ], [ 100.237178, 13.734844 ], [ 100.235332, 13.735369 ], [ 100.232827, 13.737127 ], [ 100.231536, 13.739092 ], [ 100.231219, 13.740494 ], [ 100.231435, 13.742387 ], [ 100.232037, 13.744274 ], [ 100.23519, 13.749051 ], [ 100.23585, 13.749887 ], [ 100.237149, 13.75114 ], [ 100.23828, 13.752051 ], [ 100.239822, 13.752482 ], [ 100.241614, 13.751846 ], [ 100.242669, 13.75112 ], [ 100.244825, 13.749094 ], [ 100.247303, 13.747359 ], [ 100.248204, 13.746885 ], [ 100.252552, 13.745512 ], [ 100.255128, 13.744886 ], [ 100.261658, 13.743466 ], [ 100.262977, 13.743301 ], [ 100.264745, 13.743323 ], [ 100.265776, 13.743564 ], [ 100.269805, 13.745519 ], [ 100.27377, 13.747961 ], [ 100.275953, 13.749482 ], [ 100.277676, 13.750915 ], [ 100.280281, 13.753969 ], [ 100.28125, 13.756138 ], [ 100.28183, 13.757778 ], [ 100.283408, 13.763744 ], [ 100.283925, 13.766262 ], [ 100.283921, 13.76929 ], [ 100.283594, 13.770256 ], [ 100.282696, 13.771849 ], [ 100.28127, 13.772671 ], [ 100.280566, 13.772947 ], [ 100.279021, 13.773284 ], [ 100.274347, 13.774084 ], [ 100.268087, 13.775402 ], [ 100.266391, 13.775704 ], [ 100.26544, 13.7757 ], [ 100.264478, 13.775521 ], [ 100.263345, 13.775095 ], [ 100.261731, 13.774231 ], [ 100.259898, 13.771047 ], [ 100.258767, 13.769453 ], [ 100.257481, 13.76828 ], [ 100.256674, 13.7674 ], [ 100.256131, 13.766945 ], [ 100.255404, 13.766592 ], [ 100.25333, 13.765932 ], [ 100.25254, 13.765768 ], [ 100.251117, 13.765776 ], [ 100.2495, 13.765991 ], [ 100.246124, 13.766668 ], [ 100.244236, 13.767347 ], [ 100.241027, 13.768921 ], [ 100.240367, 13.769414 ], [ 100.239024, 13.771369 ], [ 100.23897, 13.7716 ], [ 100.238865, 13.772875 ], [ 100.239081, 13.773613 ], [ 100.23949, 13.774429 ], [ 100.239748, 13.774729 ], [ 100.242595, 13.777112 ], [ 100.243313, 13.778271 ], [ 100.243707, 13.779166 ], [ 100.243905, 13.780506 ], [ 100.243708, 13.782201 ], [ 100.24355, 13.782869 ], [ 100.243152, 13.783962 ], [ 100.242508, 13.785425 ], [ 100.24128, 13.787228 ], [ 100.239753, 13.788773 ], [ 100.234064, 13.792568 ], [ 100.233156, 13.792939 ], [ 100.230791, 13.793354 ], [ 100.22989, 13.793316 ], [ 100.229045, 13.793053 ], [ 100.228775, 13.792871 ], [ 100.228439, 13.792475 ], [ 100.227904, 13.791552 ], [ 100.226692, 13.788222 ], [ 100.226395, 13.787739 ], [ 100.225691, 13.787034 ], [ 100.224693, 13.786187 ], [ 100.223668, 13.785576 ], [ 100.22219, 13.784908 ], [ 100.218844, 13.78389 ], [ 100.215076, 13.782892 ], [ 100.21398, 13.782718 ], [ 100.212358, 13.782583 ], [ 100.210926, 13.782619 ], [ 100.2096, 13.782811 ], [ 100.208042, 13.783297 ], [ 100.206778, 13.783995 ], [ 100.204483, 13.785488 ], [ 100.202625, 13.786991 ], [ 100.199535, 13.7903 ], [ 100.198125, 13.792014 ], [ 100.195285, 13.794929 ], [ 100.18863, 13.801164 ], [ 100.187815, 13.802159 ], [ 100.186818, 13.803929 ], [ 100.186514, 13.804756 ], [ 100.186057, 13.806713 ], [ 100.185973, 13.808259 ], [ 100.186033, 13.809228 ], [ 100.186347, 13.810691 ], [ 100.186508, 13.811277 ], [ 100.187084, 13.812601 ], [ 100.188556, 13.814448 ], [ 100.190178, 13.815738 ], [ 100.193002, 13.81747 ], [ 100.194727, 13.818192 ], [ 100.195442, 13.818319 ], [ 100.197106, 13.818317 ], [ 100.19812, 13.818031 ], [ 100.198462, 13.81776 ], [ 100.19865, 13.817472 ], [ 100.199656, 13.814346 ], [ 100.200547, 13.812715 ], [ 100.200833, 13.812379 ], [ 100.202571, 13.811294 ], [ 100.204758, 13.810602 ], [ 100.206207, 13.810397 ], [ 100.211467, 13.810306 ], [ 100.221746, 13.809914 ], [ 100.222528, 13.810043 ], [ 100.223348, 13.810838 ], [ 100.22373, 13.81143 ], [ 100.223803, 13.815239 ], [ 100.224348, 13.828894 ], [ 100.224386, 13.832221 ], [ 100.224292, 13.833284 ], [ 100.223044, 13.837417 ], [ 100.222229, 13.841002 ], [ 100.222219, 13.843534 ], [ 100.222426, 13.846375 ], [ 100.223112, 13.851329 ], [ 100.223243, 13.852756 ], [ 100.22314, 13.854785 ], [ 100.222765, 13.856128 ], [ 100.221992, 13.857226 ], [ 100.217639, 13.859577 ], [ 100.215932, 13.860869 ], [ 100.215209, 13.861819 ], [ 100.214451, 13.863251 ], [ 100.213548, 13.866607 ], [ 100.213331, 13.86809 ], [ 100.213029, 13.869064 ], [ 100.212905, 13.871182 ], [ 100.213244, 13.872291 ], [ 100.214346, 13.873674 ], [ 100.216758, 13.876134 ], [ 100.217701, 13.877414 ], [ 100.218536, 13.879125 ], [ 100.219894, 13.882533 ], [ 100.220403, 13.884371 ], [ 100.221485, 13.889803 ], [ 100.222038, 13.892002 ], [ 100.222192, 13.893222 ], [ 100.222109, 13.893784 ], [ 100.221665, 13.894514 ], [ 100.22077, 13.895083 ], [ 100.219583, 13.895656 ], [ 100.214876, 13.897315 ], [ 100.212673, 13.898768 ], [ 100.207916, 13.902914 ], [ 100.206391, 13.904489 ], [ 100.205865, 13.90517 ], [ 100.204728, 13.90706 ], [ 100.204613, 13.90752 ], [ 100.204625, 13.908381 ], [ 100.20476, 13.908962 ], [ 100.205346, 13.909935 ], [ 100.206028, 13.910547 ], [ 100.207983, 13.91159 ], [ 100.211615, 13.913286 ], [ 100.213209, 13.914197 ], [ 100.21374, 13.914615 ], [ 100.214311, 13.915263 ], [ 100.215032, 13.916331 ], [ 100.215261, 13.916961 ], [ 100.215296, 13.918195 ], [ 100.215222, 13.918932 ], [ 100.215077, 13.919383 ], [ 100.214855, 13.919881 ], [ 100.214586, 13.92021 ], [ 100.213144, 13.921113 ], [ 100.21232, 13.921375 ], [ 100.211548, 13.921461 ], [ 100.210303, 13.921125 ], [ 100.2074, 13.91966 ], [ 100.206634, 13.919434 ], [ 100.205998, 13.919409 ], [ 100.205298, 13.919525 ], [ 100.204676, 13.919872 ], [ 100.203897, 13.920624 ], [ 100.203252, 13.921975 ], [ 100.202494, 13.925415 ], [ 100.201982, 13.931609 ], [ 100.201765, 13.936444 ], [ 100.202077, 13.939528 ], [ 100.202535, 13.941296 ], [ 100.203623, 13.944367 ], [ 100.205536, 13.947783 ], [ 100.208586, 13.952654 ], [ 100.208634, 13.953533 ], [ 100.208164, 13.954537 ], [ 100.207732, 13.955049 ], [ 100.205336, 13.956723 ], [ 100.201413, 13.958992 ], [ 100.197366, 13.961021 ], [ 100.196704, 13.961549 ], [ 100.195998, 13.9625 ], [ 100.195827, 13.963812 ], [ 100.196216, 13.965096 ], [ 100.197, 13.966329 ], [ 100.198304, 13.967425 ], [ 100.200371, 13.968613 ], [ 100.201607, 13.969567 ], [ 100.202174, 13.970189 ], [ 100.202762, 13.971301 ], [ 100.202838, 13.972681 ], [ 100.202505, 13.973899 ], [ 100.202181, 13.974396 ], [ 100.201636, 13.975003 ], [ 100.201214, 13.975305 ], [ 100.200462, 13.97549 ], [ 100.194611, 13.973689 ], [ 100.191616, 13.973254 ], [ 100.184914, 13.972663 ], [ 100.183819, 13.972674 ], [ 100.18252, 13.972974 ], [ 100.182016, 13.97324 ], [ 100.181355, 13.973909 ], [ 100.180856, 13.974554 ], [ 100.18045, 13.975453 ], [ 100.180226, 13.976719 ], [ 100.180051, 13.980632 ], [ 100.179821, 13.982456 ], [ 100.17779, 13.987541 ], [ 100.177671, 13.989004 ], [ 100.177838, 13.990456 ], [ 100.179683, 13.994369 ], [ 100.18055, 13.99703 ], [ 100.180663, 13.998049 ], [ 100.180629, 14.000002 ], [ 100.178156, 14.006299 ], [ 100.177873, 14.008501 ], [ 100.178062, 14.009505 ], [ 100.179573, 14.013917 ], [ 100.179821, 14.015472 ], [ 100.179745, 14.017004 ], [ 100.179356, 14.018401 ], [ 100.178417, 14.020177 ], [ 100.177261, 14.021634 ], [ 100.1754, 14.024484 ], [ 100.175131, 14.024952 ], [ 100.174441, 14.026562 ], [ 100.174183, 14.027401 ], [ 100.174093, 14.029076 ], [ 100.174203, 14.03374 ], [ 100.173925, 14.036994 ], [ 100.171897, 14.045182 ], [ 100.171714, 14.046436 ], [ 100.171746, 14.047365 ], [ 100.171948, 14.047984 ], [ 100.175193, 14.052881 ], [ 100.176073, 14.054525 ], [ 100.176726, 14.05612 ], [ 100.177078, 14.057264 ], [ 100.177192, 14.057908 ], [ 100.177421, 14.060874 ], [ 100.17735, 14.062638 ], [ 100.177017, 14.064922 ], [ 100.176745, 14.065846 ], [ 100.174917, 14.070007 ], [ 100.170801, 14.078465 ], [ 100.169341, 14.082142 ], [ 100.169179, 14.084075 ], [ 100.169175, 14.084392 ], [ 100.169407, 14.08573 ], [ 100.169807, 14.086682 ], [ 100.170599, 14.088103 ], [ 100.171194, 14.088813 ], [ 100.171777, 14.089362 ], [ 100.173057, 14.090362 ], [ 100.174869, 14.091603 ], [ 100.175049, 14.092054 ], [ 100.175046, 14.092541 ], [ 100.17375, 14.09358 ], [ 100.170253, 14.095995 ], [ 100.167566, 14.098174 ], [ 100.165038, 14.100561 ], [ 100.164341, 14.101067 ], [ 100.163986, 14.101233 ], [ 100.163342, 14.101282 ], [ 100.161711, 14.10093 ], [ 100.152837, 14.097802 ], [ 100.150786, 14.097396 ], [ 100.149729, 14.097434 ], [ 100.148938, 14.097666 ], [ 100.147974, 14.098062 ], [ 100.147151, 14.098501 ], [ 100.146664, 14.098867 ], [ 100.145478, 14.10009 ], [ 100.140777, 14.106063 ], [ 100.139065, 14.107105 ], [ 100.137062, 14.107796 ], [ 100.132591, 14.108156 ], [ 100.129768, 14.108463 ], [ 100.128141, 14.109128 ], [ 100.123281, 14.113643 ], [ 100.122302, 14.115021 ], [ 100.121102, 14.117727 ], [ 100.120858, 14.118724 ], [ 100.12012, 14.123322 ], [ 100.120208, 14.125777 ], [ 100.120332, 14.126171 ], [ 100.120631, 14.126487 ], [ 100.121172, 14.126676 ], [ 100.124408, 14.1267 ], [ 100.129042, 14.127075 ], [ 100.129441, 14.127166 ], [ 100.129804, 14.12735 ], [ 100.130412, 14.127849 ], [ 100.131443, 14.128971 ], [ 100.132115, 14.130141 ], [ 100.132385, 14.131093 ], [ 100.132176, 14.133456 ], [ 100.131269, 14.136778 ], [ 100.130948, 14.138894 ], [ 100.131245, 14.144494 ], [ 100.13118, 14.146724 ], [ 100.130804, 14.148671 ], [ 100.128543, 14.153982 ], [ 100.126752, 14.158942 ], [ 100.125333, 14.163378 ], [ 100.124807, 14.164337 ], [ 100.124296, 14.164786 ], [ 100.123876, 14.164971 ], [ 100.120665, 14.16592 ], [ 100.119274, 14.166538 ], [ 100.118206, 14.167213 ], [ 100.11767, 14.167745 ], [ 100.116687, 14.169899 ], [ 100.115995, 14.172227 ], [ 100.115893, 14.173081 ], [ 100.115963, 14.17393 ], [ 100.117017, 14.175729 ], [ 100.120337, 14.179451 ], [ 100.121306, 14.181154 ], [ 100.121476, 14.182119 ], [ 100.121389, 14.183054 ], [ 100.12097, 14.184059 ], [ 100.118901, 14.186993 ], [ 100.118551, 14.187604 ], [ 100.118359, 14.188302 ], [ 100.118382, 14.188984 ], [ 100.118683, 14.19005 ], [ 100.119117, 14.190749 ], [ 100.119858, 14.191678 ], [ 100.120667, 14.19232 ], [ 100.121799, 14.193001 ], [ 100.125586, 14.194743 ], [ 100.126618, 14.195548 ], [ 100.128019, 14.19694 ], [ 100.128247, 14.197393 ], [ 100.128292, 14.197665 ], [ 100.128177, 14.197964 ], [ 100.12796, 14.198235 ], [ 100.127148, 14.198714 ], [ 100.124578, 14.199218 ], [ 100.118484, 14.20085 ], [ 100.116864, 14.201369 ], [ 100.115711, 14.202049 ], [ 100.11525, 14.203219 ], [ 100.114917, 14.206493 ], [ 100.114477, 14.208846 ], [ 100.11394, 14.210239 ], [ 100.112388, 14.212841 ], [ 100.112319, 14.213383 ], [ 100.112479, 14.213752 ], [ 100.112834, 14.214095 ], [ 100.113489, 14.214399 ], [ 100.114572, 14.214692 ], [ 100.115563, 14.215301 ], [ 100.116114, 14.215997 ], [ 100.116667, 14.216982 ], [ 100.117558, 14.218983 ], [ 100.118569, 14.220615 ], [ 100.119996, 14.222244 ], [ 100.122497, 14.224688 ], [ 100.124003, 14.226417 ], [ 100.12479, 14.227628 ], [ 100.12494, 14.228138 ], [ 100.12498, 14.22874 ], [ 100.124816, 14.229354 ], [ 100.124308, 14.23021 ], [ 100.123309, 14.230667 ], [ 100.120536, 14.231263 ], [ 100.119197, 14.232088 ], [ 100.118271, 14.233822 ], [ 100.117945, 14.234875 ], [ 100.117905, 14.235282 ], [ 100.117999, 14.235696 ], [ 100.118273, 14.236237 ], [ 100.118672, 14.236687 ], [ 100.119582, 14.237188 ], [ 100.122046, 14.238086 ], [ 100.123087, 14.238814 ], [ 100.123806, 14.239572 ], [ 100.1252, 14.240749 ], [ 100.126239, 14.241485 ], [ 100.127675, 14.242316 ], [ 100.128822, 14.243155 ], [ 100.12986, 14.244575 ], [ 100.130503, 14.246202 ], [ 100.132248, 14.249906 ], [ 100.132434, 14.250894 ], [ 100.131999, 14.254618 ], [ 100.132184, 14.255562 ], [ 100.132635, 14.256419 ], [ 100.135263, 14.259397 ], [ 100.13553, 14.259988 ], [ 100.135495, 14.260726 ], [ 100.134714, 14.26198 ], [ 100.133396, 14.263712 ], [ 100.133081, 14.264438 ], [ 100.132977, 14.265374 ], [ 100.133128, 14.265894 ], [ 100.133646, 14.266925 ], [ 100.136034, 14.269665 ], [ 100.136693, 14.270756 ], [ 100.136911, 14.271769 ], [ 100.136838, 14.272889 ], [ 100.13648, 14.274126 ], [ 100.136108, 14.274894 ], [ 100.13507, 14.276377 ], [ 100.133787, 14.277961 ], [ 100.132141, 14.279825 ], [ 100.131772, 14.280578 ], [ 100.131756, 14.281045 ], [ 100.131866, 14.281578 ], [ 100.132225, 14.282353 ], [ 100.132965, 14.283408 ], [ 100.134346, 14.285096 ], [ 100.137235, 14.287575 ], [ 100.137492, 14.287969 ], [ 100.137748, 14.288158 ], [ 100.137915, 14.288464 ], [ 100.137919, 14.289327 ], [ 100.137771, 14.289738 ], [ 100.137399, 14.290266 ], [ 100.135619, 14.291269 ], [ 100.135291, 14.291666 ], [ 100.135127, 14.291986 ], [ 100.13503, 14.29247 ], [ 100.135178, 14.293158 ], [ 100.135661, 14.293653 ], [ 100.136017, 14.293711 ], [ 100.137623, 14.293146 ], [ 100.138311, 14.292807 ], [ 100.138956, 14.292716 ], [ 100.139466, 14.292728 ], [ 100.139826, 14.292799 ], [ 100.140097, 14.293003 ], [ 100.140324, 14.293353 ], [ 100.140267, 14.293924 ], [ 100.140092, 14.294439 ], [ 100.138704, 14.296401 ], [ 100.138442, 14.297021 ], [ 100.138512, 14.298141 ], [ 100.138747, 14.298977 ], [ 100.139157, 14.299607 ], [ 100.139875, 14.299686 ], [ 100.140213, 14.299602 ], [ 100.140444, 14.299415 ], [ 100.140903, 14.298302 ], [ 100.14149, 14.297517 ], [ 100.142122, 14.297349 ], [ 100.143958, 14.297299 ], [ 100.146447, 14.296999 ], [ 100.146848, 14.296997 ], [ 100.147124, 14.297243 ], [ 100.147294, 14.297489 ], [ 100.14744, 14.298219 ], [ 100.147561, 14.299627 ], [ 100.147814, 14.301349 ], [ 100.148892, 14.30461 ], [ 100.150041, 14.309113 ], [ 100.150498, 14.310369 ], [ 100.152074, 14.313432 ], [ 100.152157, 14.313879 ], [ 100.152002, 14.31454 ], [ 100.151312, 14.315583 ], [ 100.150399, 14.316429 ], [ 100.149696, 14.317258 ], [ 100.149248, 14.318094 ], [ 100.14895, 14.318846 ], [ 100.14869, 14.320481 ], [ 100.148329, 14.321602 ], [ 100.147591, 14.323434 ], [ 100.14744, 14.324135 ], [ 100.146264, 14.333149 ], [ 100.145847, 14.335192 ], [ 100.145845, 14.336496 ], [ 100.146146, 14.337732 ], [ 100.146619, 14.338823 ], [ 100.150499, 14.34415 ], [ 100.152763, 14.346893 ], [ 100.153039, 14.347524 ], [ 100.153151, 14.348261 ], [ 100.152981, 14.349039 ], [ 100.15256, 14.349844 ], [ 100.150189, 14.353082 ], [ 100.149341, 14.354811 ], [ 100.148366, 14.356278 ], [ 100.148166, 14.356744 ], [ 100.148168, 14.357305 ], [ 100.148302, 14.358069 ], [ 100.14914, 14.360331 ], [ 100.149246, 14.361199 ], [ 100.149089, 14.361845 ], [ 100.148746, 14.3624 ], [ 100.148035, 14.362985 ], [ 100.147548, 14.363543 ], [ 100.14739, 14.36402 ], [ 100.147398, 14.364432 ], [ 100.147749, 14.364903 ], [ 100.148874, 14.365068 ], [ 100.150211, 14.36508 ], [ 100.151627, 14.365187 ], [ 100.152689, 14.365863 ], [ 100.153076, 14.366291 ], [ 100.153326, 14.366869 ], [ 100.154017, 14.369131 ], [ 100.153902, 14.372239 ], [ 100.154289, 14.37287 ], [ 100.154936, 14.373237 ], [ 100.155331, 14.373187 ], [ 100.156053, 14.372927 ], [ 100.156593, 14.372524 ], [ 100.157101, 14.372265 ], [ 100.157496, 14.372263 ], [ 100.158205, 14.372612 ], [ 100.158354, 14.372916 ], [ 100.158339, 14.373237 ], [ 100.156854, 14.375295 ], [ 100.156857, 14.375824 ], [ 100.156973, 14.376144 ], [ 100.157254, 14.376447 ], [ 100.157816, 14.376646 ], [ 100.160043, 14.376315 ], [ 100.160908, 14.376447 ], [ 100.162307, 14.377432 ], [ 100.162802, 14.377878 ], [ 100.163695, 14.378916 ], [ 100.164642, 14.380738 ], [ 100.165144, 14.381443 ], [ 100.165601, 14.381935 ], [ 100.165851, 14.382715 ], [ 100.165748, 14.38328 ], [ 100.164326, 14.385639 ], [ 100.164079, 14.386334 ], [ 100.163968, 14.387216 ], [ 100.164087, 14.387984 ], [ 100.164254, 14.388352 ], [ 100.164733, 14.388766 ], [ 100.164979, 14.388781 ], [ 100.165473, 14.388779 ], [ 100.167476, 14.388272 ], [ 100.168117, 14.388285 ], [ 100.169187, 14.388504 ], [ 100.169369, 14.388824 ], [ 100.169504, 14.389496 ], [ 100.169524, 14.390169 ], [ 100.169415, 14.391291 ], [ 100.168796, 14.39232 ], [ 100.168452, 14.392562 ], [ 100.167811, 14.392758 ], [ 100.167417, 14.39276 ], [ 100.166067, 14.392414 ], [ 100.165623, 14.392464 ], [ 100.165131, 14.392787 ], [ 100.164821, 14.393444 ], [ 100.164717, 14.39419 ], [ 100.164846, 14.395794 ], [ 100.164791, 14.397274 ], [ 100.164666, 14.398124 ], [ 100.164334, 14.399434 ], [ 100.164147, 14.399716 ], [ 100.163584, 14.399914 ], [ 100.163157, 14.399917 ], [ 100.162504, 14.399712 ], [ 100.162012, 14.399311 ], [ 100.16156, 14.399166 ], [ 100.160983, 14.39923 ], [ 100.15862, 14.400709 ], [ 100.156882, 14.401928 ], [ 100.156056, 14.402373 ], [ 100.155668, 14.402399 ], [ 100.155203, 14.402316 ], [ 100.154849, 14.401889 ], [ 100.154697, 14.401572 ], [ 100.154657, 14.401132 ], [ 100.154763, 14.400723 ], [ 100.154992, 14.400313 ], [ 100.155752, 14.399354 ], [ 100.157138, 14.398063 ], [ 100.157127, 14.397456 ], [ 100.156707, 14.397209 ], [ 100.155953, 14.396944 ], [ 100.153682, 14.396857 ], [ 100.151985, 14.396229 ], [ 100.151194, 14.396074 ], [ 100.150416, 14.396041 ], [ 100.148725, 14.396551 ], [ 100.148037, 14.396933 ], [ 100.146688, 14.39815 ], [ 100.144324, 14.399605 ], [ 100.142727, 14.401251 ], [ 100.142016, 14.402147 ], [ 100.141036, 14.403131 ], [ 100.140428, 14.403488 ], [ 100.13972, 14.403565 ], [ 100.136787, 14.403075 ], [ 100.136421, 14.403166 ], [ 100.135946, 14.403481 ], [ 100.135275, 14.404663 ], [ 100.13488, 14.405669 ], [ 100.133723, 14.407141 ], [ 100.133151, 14.407434 ], [ 100.13237, 14.407685 ], [ 100.131745, 14.408089 ], [ 100.131466, 14.408855 ], [ 100.131414, 14.409662 ], [ 100.131753, 14.410719 ], [ 100.132443, 14.411663 ], [ 100.132869, 14.412608 ], [ 100.13294, 14.413253 ], [ 100.132632, 14.414645 ], [ 100.132595, 14.415117 ], [ 100.132798, 14.415997 ], [ 100.133042, 14.416275 ], [ 100.134083, 14.417077 ], [ 100.134449, 14.41769 ], [ 100.134692, 14.418853 ], [ 100.134589, 14.422084 ], [ 100.134356, 14.423002 ], [ 100.13377, 14.424275 ], [ 100.133607, 14.42607 ], [ 100.13389, 14.427369 ], [ 100.134498, 14.42857 ], [ 100.135139, 14.429096 ], [ 100.136193, 14.429237 ], [ 100.1367, 14.429202 ], [ 100.137229, 14.429365 ], [ 100.13774, 14.429831 ], [ 100.137685, 14.43048 ], [ 100.136869, 14.431043 ], [ 100.135892, 14.431401 ], [ 100.134088, 14.431895 ], [ 100.132648, 14.433049 ], [ 100.132446, 14.433494 ], [ 100.132348, 14.436397 ], [ 100.132147, 14.437315 ], [ 100.131635, 14.438354 ], [ 100.130519, 14.438988 ], [ 100.126506, 14.439673 ], [ 100.125408, 14.440232 ], [ 100.124372, 14.441871 ], [ 100.123679, 14.442584 ], [ 100.122669, 14.442958 ], [ 100.121734, 14.44269 ], [ 100.121085, 14.442719 ], [ 100.119169, 14.44538 ], [ 100.119028, 14.446086 ], [ 100.119251, 14.44671 ], [ 100.120606, 14.448891 ], [ 100.120985, 14.449776 ], [ 100.121136, 14.450592 ], [ 100.12056, 14.452284 ], [ 100.120137, 14.453098 ], [ 100.1197, 14.454197 ], [ 100.119732, 14.455114 ], [ 100.120256, 14.455976 ], [ 100.120894, 14.456751 ], [ 100.121031, 14.457143 ], [ 100.121002, 14.45792 ], [ 100.120369, 14.46019 ], [ 100.120187, 14.461814 ], [ 100.120024, 14.462561 ], [ 100.119558, 14.463206 ], [ 100.118763, 14.463633 ], [ 100.117544, 14.463851 ], [ 100.116811, 14.464238 ], [ 100.116131, 14.464496 ], [ 100.115704, 14.464892 ], [ 100.115392, 14.465445 ], [ 100.115254, 14.466131 ], [ 100.115148, 14.467338 ], [ 100.115225, 14.468407 ], [ 100.114822, 14.470176 ], [ 100.114394, 14.472848 ], [ 100.114539, 14.473905 ], [ 100.114988, 14.474659 ], [ 100.116297, 14.475684 ], [ 100.118616, 14.476824 ], [ 100.119227, 14.477461 ], [ 100.119344, 14.47794 ], [ 100.119346, 14.478452 ], [ 100.118941, 14.479429 ], [ 100.11837, 14.480119 ], [ 100.116964, 14.481165 ], [ 100.116115, 14.482048 ], [ 100.115937, 14.482417 ], [ 100.115829, 14.483358 ], [ 100.115834, 14.48441 ], [ 100.11626, 14.48573 ], [ 100.116903, 14.486457 ], [ 100.11788, 14.487012 ], [ 100.119523, 14.487436 ], [ 100.122445, 14.488479 ], [ 100.124281, 14.489584 ], [ 100.126633, 14.491662 ], [ 100.128784, 14.493164 ], [ 100.129103, 14.493593 ], [ 100.129179, 14.494091 ], [ 100.130013, 14.496046 ], [ 100.129995, 14.496701 ], [ 100.129714, 14.497278 ], [ 100.129188, 14.497834 ], [ 100.128219, 14.498452 ], [ 100.125347, 14.499318 ], [ 100.124274, 14.499574 ], [ 100.122842, 14.499582 ], [ 100.122377, 14.49988 ], [ 100.121932, 14.500549 ], [ 100.12171, 14.501387 ], [ 100.121579, 14.502356 ], [ 100.121698, 14.503713 ], [ 100.121557, 14.504561 ], [ 100.12132, 14.505213 ], [ 100.12048, 14.506357 ], [ 100.118948, 14.507352 ], [ 100.117357, 14.508247 ], [ 100.116267, 14.508654 ], [ 100.115592, 14.509428 ], [ 100.115375, 14.510764 ], [ 100.115505, 14.511214 ], [ 100.115843, 14.511929 ], [ 100.118241, 14.514089 ], [ 100.118954, 14.515006 ], [ 100.11922, 14.515771 ], [ 100.119093, 14.516278 ], [ 100.118334, 14.5169 ], [ 100.116256, 14.517568 ], [ 100.114036, 14.518886 ], [ 100.113199, 14.520094 ], [ 100.112984, 14.52069 ], [ 100.112896, 14.521323 ], [ 100.113094, 14.522635 ], [ 100.113562, 14.523491 ], [ 100.116414, 14.525942 ], [ 100.11985, 14.530536 ], [ 100.121389, 14.533457 ], [ 100.122529, 14.5354 ], [ 100.125569, 14.541142 ], [ 100.126233, 14.542833 ], [ 100.126347, 14.54445 ], [ 100.126605, 14.545665 ], [ 100.126636, 14.547261 ], [ 100.126983, 14.548953 ], [ 100.127809, 14.550502 ], [ 100.12898, 14.551977 ], [ 100.130566, 14.55325 ], [ 100.131477, 14.55374 ], [ 100.13435, 14.554394 ], [ 100.135257, 14.555012 ], [ 100.13572, 14.555675 ], [ 100.136847, 14.559166 ], [ 100.137528, 14.560237 ], [ 100.138678, 14.561053 ], [ 100.139916, 14.561594 ], [ 100.140263, 14.561961 ], [ 100.140565, 14.562611 ], [ 100.141267, 14.565952 ], [ 100.140908, 14.568787 ], [ 100.1399, 14.569932 ], [ 100.139423, 14.570588 ], [ 100.138715, 14.572179 ], [ 100.138881, 14.572924 ], [ 100.139581, 14.573145 ], [ 100.141561, 14.572743 ], [ 100.144141, 14.571864 ], [ 100.145441, 14.571568 ], [ 100.146476, 14.571703 ], [ 100.147207, 14.572389 ], [ 100.147305, 14.572818 ], [ 100.147223, 14.57362 ], [ 100.146719, 14.574247 ], [ 100.146012, 14.574502 ], [ 100.144414, 14.574734 ], [ 100.143651, 14.575204 ], [ 100.142144, 14.576386 ], [ 100.14169, 14.577386 ], [ 100.142105, 14.57812 ], [ 100.143931, 14.579426 ], [ 100.145734, 14.580107 ], [ 100.146451, 14.580634 ], [ 100.147088, 14.581515 ], [ 100.147428, 14.582555 ], [ 100.147412, 14.583413 ], [ 100.146619, 14.58522 ], [ 100.145261, 14.586039 ], [ 100.143718, 14.587378 ], [ 100.143274, 14.58845 ], [ 100.143221, 14.589167 ], [ 100.143374, 14.589915 ], [ 100.145282, 14.59274 ], [ 100.146675, 14.595371 ], [ 100.152466, 14.599751 ], [ 100.153932, 14.601405 ], [ 100.154435, 14.602216 ], [ 100.154992, 14.605091 ], [ 100.15461, 14.605943 ], [ 100.154249, 14.606397 ], [ 100.152898, 14.607219 ], [ 100.152163, 14.607802 ], [ 100.151976, 14.608398 ], [ 100.152096, 14.610418 ], [ 100.151733, 14.611752 ], [ 100.14973, 14.61541 ], [ 100.146981, 14.616643 ], [ 100.143879, 14.618435 ], [ 100.143541, 14.619034 ], [ 100.143464, 14.620739 ], [ 100.143863, 14.623622 ], [ 100.144618, 14.62592 ], [ 100.145814, 14.627451 ], [ 100.148173, 14.629344 ], [ 100.14883, 14.630268 ], [ 100.149279, 14.631424 ], [ 100.149649, 14.63392 ], [ 100.149411, 14.635466 ], [ 100.148377, 14.637248 ], [ 100.147535, 14.638127 ], [ 100.146553, 14.640372 ], [ 100.144318, 14.643844 ], [ 100.143522, 14.644645 ], [ 100.142891, 14.644811 ], [ 100.141964, 14.644828 ], [ 100.141373, 14.645233 ], [ 100.140658, 14.646472 ], [ 100.140734, 14.647343 ], [ 100.141047, 14.648094 ], [ 100.141539, 14.648593 ], [ 100.142894, 14.649144 ], [ 100.143083, 14.649419 ], [ 100.143207, 14.649814 ], [ 100.143205, 14.650748 ], [ 100.142959, 14.651734 ], [ 100.142548, 14.652669 ], [ 100.141321, 14.653621 ], [ 100.139552, 14.654089 ], [ 100.138309, 14.654196 ], [ 100.137095, 14.654625 ], [ 100.134827, 14.655824 ], [ 100.132135, 14.656617 ], [ 100.130918, 14.656584 ], [ 100.128106, 14.654703 ], [ 100.12633, 14.653942 ], [ 100.125522, 14.653323 ], [ 100.12475, 14.653361 ], [ 100.124429, 14.653856 ], [ 100.124375, 14.654474 ], [ 100.124643, 14.655135 ], [ 100.125153, 14.655683 ], [ 100.125962, 14.657002 ], [ 100.126084, 14.657522 ], [ 100.125844, 14.657843 ], [ 100.124845, 14.658234 ], [ 100.123233, 14.658402 ], [ 100.120779, 14.658953 ], [ 100.119797, 14.659336 ], [ 100.118179, 14.660266 ], [ 100.116623, 14.663157 ], [ 100.113079, 14.666345 ], [ 100.112167, 14.668196 ], [ 100.111878, 14.669733 ], [ 100.111511, 14.670842 ], [ 100.111371, 14.670982 ], [ 100.111217, 14.671325 ], [ 100.11058, 14.671724 ], [ 100.110214, 14.671739 ], [ 100.109847, 14.671638 ], [ 100.108158, 14.670826 ], [ 100.107247, 14.671031 ], [ 100.106894, 14.671888 ], [ 100.106552, 14.673754 ], [ 100.106286, 14.674295 ], [ 100.10553, 14.675108 ], [ 100.103377, 14.676775 ], [ 100.102754, 14.67805 ], [ 100.102348, 14.680109 ], [ 100.10234, 14.681482 ], [ 100.102905, 14.682787 ], [ 100.104158, 14.683299 ], [ 100.105727, 14.683473 ], [ 100.107876, 14.684591 ], [ 100.10819, 14.685219 ], [ 100.108081, 14.685893 ], [ 100.106265, 14.688182 ], [ 100.103668, 14.691042 ], [ 100.102472, 14.69267 ], [ 100.100674, 14.696321 ], [ 100.098469, 14.699911 ], [ 100.098818, 14.703525 ], [ 100.098546, 14.706194 ], [ 100.098477, 14.70971 ], [ 100.098141, 14.711694 ], [ 100.097924, 14.714638 ], [ 100.097473, 14.717944 ], [ 100.097576, 14.718474 ], [ 100.100514, 14.720125 ], [ 100.101749, 14.721688 ], [ 100.102496, 14.72349 ], [ 100.10278, 14.726503 ], [ 100.103297, 14.728913 ], [ 100.103279, 14.730441 ], [ 100.103033, 14.731216 ], [ 100.101555, 14.731711 ], [ 100.099997, 14.731989 ], [ 100.09971, 14.732541 ], [ 100.099793, 14.733156 ], [ 100.100465, 14.734579 ], [ 100.101874, 14.736359 ], [ 100.101796, 14.737278 ], [ 100.100605, 14.737214 ], [ 100.099709, 14.736803 ], [ 100.097726, 14.736831 ], [ 100.094868, 14.737815 ], [ 100.094594, 14.738595 ], [ 100.094668, 14.739114 ], [ 100.095459, 14.741072 ], [ 100.096065, 14.741939 ], [ 100.097939, 14.743998 ], [ 100.098298, 14.744542 ], [ 100.098395, 14.745205 ], [ 100.09828, 14.745905 ], [ 100.097812, 14.746962 ], [ 100.096465, 14.748952 ], [ 100.096122, 14.749691 ], [ 100.095872, 14.751251 ], [ 100.095837, 14.753558 ], [ 100.095651, 14.754993 ], [ 100.095365, 14.755948 ], [ 100.093737, 14.75833 ], [ 100.091981, 14.763311 ], [ 100.091384, 14.765478 ], [ 100.090649, 14.76732 ], [ 100.090104, 14.770024 ], [ 100.089841, 14.770703 ], [ 100.089458, 14.772311 ], [ 100.088841, 14.774197 ], [ 100.088459, 14.776043 ], [ 100.088045, 14.777507 ], [ 100.087125, 14.780413 ], [ 100.086058, 14.782693 ], [ 100.085162, 14.783906 ], [ 100.084191, 14.784819 ], [ 100.083593, 14.785825 ], [ 100.08343, 14.786616 ], [ 100.083513, 14.787896 ], [ 100.084298, 14.788916 ], [ 100.084939, 14.789271 ], [ 100.085687, 14.789257 ], [ 100.08676, 14.788979 ], [ 100.088304, 14.788358 ], [ 100.090062, 14.788473 ], [ 100.091327, 14.788922 ], [ 100.092953, 14.790117 ], [ 100.093666, 14.790454 ], [ 100.095315, 14.790511 ], [ 100.09779, 14.790358 ], [ 100.100154, 14.791046 ], [ 100.104512, 14.792976 ], [ 100.105422, 14.794579 ], [ 100.105769, 14.796457 ], [ 100.10471, 14.798511 ], [ 100.103578, 14.802368 ], [ 100.103625, 14.803152 ], [ 100.104145, 14.803913 ], [ 100.104596, 14.804262 ], [ 100.105077, 14.804232 ], [ 100.105445, 14.803769 ], [ 100.105759, 14.802389 ], [ 100.106015, 14.801903 ], [ 100.106419, 14.801777 ], [ 100.10742, 14.80202 ], [ 100.108066, 14.803281 ], [ 100.108334, 14.804298 ], [ 100.108392, 14.806528 ], [ 100.108038, 14.807696 ], [ 100.107073, 14.809368 ], [ 100.107223, 14.809941 ], [ 100.107485, 14.81015 ], [ 100.108288, 14.810166 ], [ 100.110577, 14.809993 ], [ 100.112405, 14.810444 ], [ 100.113839, 14.810429 ], [ 100.11445, 14.810308 ], [ 100.114777, 14.810488 ], [ 100.115285, 14.811033 ], [ 100.115078, 14.811985 ], [ 100.114356, 14.812647 ], [ 100.114066, 14.813005 ], [ 100.113828, 14.813858 ], [ 100.114253, 14.818089 ], [ 100.11414, 14.818952 ], [ 100.11396, 14.819214 ], [ 100.112492, 14.819886 ], [ 100.110849, 14.820967 ], [ 100.109785, 14.822697 ], [ 100.109567, 14.823814 ], [ 100.109679, 14.825001 ], [ 100.110724, 14.827596 ], [ 100.111053, 14.829291 ], [ 100.111447, 14.83042 ], [ 100.111418, 14.830886 ], [ 100.110985, 14.831525 ], [ 100.109993, 14.832303 ], [ 100.109209, 14.832403 ], [ 100.108133, 14.83225 ], [ 100.105819, 14.831372 ], [ 100.104983, 14.831202 ], [ 100.101976, 14.831169 ], [ 100.101214, 14.831284 ], [ 100.100431, 14.831729 ], [ 100.099434, 14.833378 ], [ 100.098254, 14.837077 ], [ 100.098219, 14.838427 ], [ 100.099286, 14.840098 ], [ 100.099579, 14.841227 ], [ 100.099202, 14.843028 ], [ 100.098215, 14.844613 ], [ 100.096046, 14.846332 ], [ 100.094154, 14.849399 ], [ 100.093298, 14.852094 ], [ 100.092987, 14.85579 ], [ 100.092242, 14.857007 ], [ 100.09158, 14.857582 ], [ 100.090219, 14.859259 ], [ 100.089368, 14.861614 ], [ 100.088446, 14.863174 ], [ 100.087569, 14.863836 ], [ 100.085301, 14.864463 ], [ 100.084104, 14.864936 ], [ 100.083212, 14.865573 ], [ 100.082954, 14.865889 ], [ 100.082877, 14.866456 ], [ 100.083871, 14.869259 ], [ 100.084038, 14.870537 ], [ 100.083995, 14.872772 ], [ 100.084225, 14.873227 ], [ 100.085327, 14.87417 ], [ 100.085324, 14.874906 ], [ 100.085137, 14.875465 ], [ 100.083812, 14.876497 ], [ 100.082816, 14.877944 ], [ 100.081271, 14.879234 ], [ 100.080366, 14.880434 ], [ 100.080283, 14.880961 ], [ 100.081791, 14.883231 ], [ 100.083182, 14.883897 ], [ 100.083338, 14.884123 ], [ 100.083346, 14.884394 ], [ 100.082877, 14.885435 ], [ 100.08188, 14.886439 ], [ 100.081239, 14.887519 ], [ 100.08102, 14.888559 ], [ 100.08129, 14.889673 ], [ 100.082083, 14.890234 ], [ 100.083588, 14.890585 ], [ 100.087437, 14.890477 ], [ 100.087769, 14.890861 ], [ 100.087812, 14.891501 ], [ 100.087579, 14.892362 ], [ 100.086662, 14.893545 ], [ 100.085806, 14.893742 ], [ 100.083589, 14.893316 ], [ 100.083194, 14.893498 ], [ 100.083939, 14.89493 ], [ 100.083638, 14.895368 ], [ 100.083088, 14.89596 ], [ 100.082919, 14.896551 ], [ 100.082922, 14.897166 ], [ 100.08372, 14.898457 ], [ 100.08474, 14.899478 ], [ 100.088181, 14.899526 ], [ 100.088829, 14.899843 ], [ 100.089057, 14.90056 ], [ 100.088879, 14.901818 ], [ 100.088459, 14.90223 ], [ 100.087224, 14.903223 ], [ 100.085067, 14.904118 ], [ 100.084427, 14.905326 ], [ 100.083835, 14.905662 ], [ 100.082755, 14.905821 ], [ 100.081567, 14.905686 ], [ 100.080577, 14.905319 ], [ 100.079716, 14.904528 ], [ 100.078991, 14.904621 ], [ 100.078636, 14.904802 ], [ 100.078409, 14.905184 ], [ 100.078265, 14.905761 ], [ 100.078818, 14.906985 ], [ 100.078872, 14.907614 ], [ 100.07758, 14.909734 ], [ 100.076232, 14.910899 ], [ 100.075651, 14.911663 ], [ 100.075064, 14.913512 ], [ 100.074264, 14.914779 ], [ 100.073898, 14.915874 ], [ 100.074966, 14.915972 ], [ 100.076234, 14.915438 ], [ 100.077507, 14.915125 ], [ 100.07884, 14.915473 ], [ 100.080092, 14.916363 ], [ 100.081852, 14.917926 ], [ 100.082424, 14.918937 ], [ 100.082553, 14.920743 ], [ 100.082208, 14.922741 ], [ 100.081429, 14.924211 ], [ 100.080414, 14.925139 ], [ 100.079917, 14.92592 ], [ 100.079707, 14.9267 ], [ 100.080189, 14.928916 ], [ 100.080118, 14.929853 ], [ 100.078866, 14.932661 ], [ 100.077975, 14.934109 ], [ 100.077769, 14.934825 ], [ 100.077152, 14.935951 ], [ 100.077027, 14.937178 ], [ 100.076564, 14.938077 ], [ 100.076065, 14.93992 ], [ 100.075605, 14.940377 ], [ 100.073442, 14.941256 ], [ 100.072572, 14.941789 ], [ 100.071245, 14.943189 ], [ 100.070486, 14.943775 ], [ 100.067675, 14.944804 ], [ 100.065512, 14.946115 ], [ 100.063445, 14.946986 ], [ 100.061404, 14.947583 ], [ 100.057906, 14.948007 ], [ 100.056772, 14.948398 ], [ 100.056146, 14.949481 ], [ 100.055811, 14.95093 ], [ 100.054584, 14.951186 ], [ 100.052617, 14.950744 ], [ 100.051648, 14.950695 ], [ 100.050727, 14.950846 ], [ 100.050034, 14.951263 ], [ 100.049885, 14.952085 ], [ 100.050087, 14.95298 ], [ 100.050077, 14.953696 ], [ 100.048361, 14.956696 ], [ 100.047504, 14.957178 ], [ 100.046676, 14.957199 ], [ 100.044081, 14.955945 ], [ 100.040983, 14.955511 ], [ 100.038997, 14.95572 ], [ 100.038495, 14.955914 ], [ 100.036043, 14.957969 ], [ 100.034702, 14.958436 ], [ 100.033666, 14.958492 ], [ 100.031187, 14.95823 ], [ 100.029265, 14.958546 ], [ 100.027781, 14.958673 ], [ 100.026825, 14.958967 ], [ 100.025941, 14.959535 ], [ 100.025206, 14.960196 ], [ 100.023765, 14.961842 ], [ 100.021467, 14.962561 ], [ 100.021108, 14.962915 ], [ 100.020978, 14.963746 ], [ 100.021353, 14.964701 ], [ 100.021592, 14.965667 ], [ 100.021474, 14.966926 ], [ 100.020729, 14.968143 ], [ 100.01917, 14.970187 ], [ 100.018523, 14.971336 ], [ 100.017991, 14.972941 ], [ 100.016317, 14.976692 ], [ 100.015848, 14.978338 ], [ 100.015978, 14.980444 ], [ 100.015656, 14.981858 ], [ 100.015088, 14.982833 ], [ 100.01196, 14.986587 ], [ 100.011446, 14.987585 ], [ 100.011354, 14.98823 ], [ 100.011603, 14.990001 ], [ 100.012542, 14.992368 ], [ 100.013266, 14.993592 ], [ 100.014032, 14.994251 ], [ 100.015119, 14.994865 ], [ 100.021599, 14.997482 ], [ 100.023355, 14.998529 ], [ 100.025739, 15.000342 ], [ 100.027408, 15.001775 ], [ 100.029765, 15.003273 ], [ 100.031156, 15.004871 ], [ 100.031371, 15.005453 ], [ 100.031107, 15.006885 ], [ 100.031123, 15.007673 ], [ 100.03188, 15.009437 ], [ 100.032502, 15.011448 ], [ 100.032854, 15.011911 ], [ 100.033613, 15.012346 ], [ 100.034715, 15.012606 ], [ 100.036765, 15.012626 ], [ 100.037645, 15.013144 ], [ 100.038099, 15.013917 ], [ 100.038206, 15.014429 ], [ 100.038374, 15.017153 ], [ 100.038706, 15.019618 ], [ 100.03922, 15.020954 ], [ 100.040302, 15.022869 ], [ 100.041322, 15.023371 ], [ 100.042648, 15.023583 ], [ 100.043412, 15.023433 ], [ 100.044208, 15.023433 ], [ 100.044884, 15.023646 ], [ 100.045644, 15.024033 ], [ 100.045801, 15.024199 ], [ 100.046356, 15.025253 ], [ 100.046629, 15.027294 ], [ 100.047407, 15.029982 ], [ 100.047532, 15.031302 ], [ 100.046978, 15.032231 ], [ 100.046088, 15.032833 ], [ 100.043387, 15.033429 ], [ 100.042479, 15.034144 ], [ 100.041285, 15.036441 ], [ 100.040673, 15.036967 ], [ 100.039904, 15.037021 ], [ 100.039133, 15.036675 ], [ 100.038616, 15.035831 ], [ 100.037726, 15.03462 ], [ 100.037541, 15.034467 ], [ 100.036614, 15.034176 ], [ 100.034225, 15.034242 ], [ 100.031948, 15.034101 ], [ 100.031056, 15.034407 ], [ 100.030143, 15.035164 ], [ 100.028998, 15.037548 ], [ 100.028151, 15.038795 ], [ 100.027151, 15.039539 ], [ 100.022445, 15.042104 ], [ 100.021505, 15.042906 ], [ 100.020057, 15.045516 ], [ 100.01908, 15.04704 ], [ 100.015746, 15.049018 ], [ 100.014159, 15.050311 ], [ 100.012679, 15.051394 ], [ 100.012226, 15.051765 ], [ 100.012032, 15.052035 ], [ 100.011502, 15.054774 ], [ 100.012248, 15.056474 ], [ 100.012321, 15.05707 ], [ 100.012268, 15.057293 ], [ 100.01046, 15.059384 ], [ 100.009532, 15.060973 ], [ 100.009334, 15.061136 ], [ 100.008957, 15.061732 ], [ 100.0092, 15.062372 ], [ 100.010103, 15.062333 ], [ 100.011004, 15.062157 ], [ 100.012014, 15.062325 ], [ 100.012672, 15.062914 ], [ 100.013138, 15.063617 ], [ 100.013185, 15.064145 ], [ 100.012945, 15.064652 ], [ 100.011981, 15.065829 ], [ 100.011915, 15.066392 ], [ 100.012056, 15.067067 ], [ 100.012312, 15.067594 ], [ 100.014426, 15.070089 ], [ 100.014746, 15.071115 ], [ 100.014837, 15.072719 ], [ 100.015163, 15.073287 ], [ 100.015317, 15.073442 ], [ 100.015839, 15.073593 ], [ 100.017364, 15.073258 ], [ 100.018608, 15.073672 ], [ 100.018887, 15.073986 ], [ 100.019484, 15.075334 ], [ 100.019674, 15.075543 ], [ 100.022322, 15.077611 ], [ 100.023109, 15.077959 ], [ 100.024194, 15.077867 ], [ 100.026332, 15.077389 ], [ 100.034207, 15.0769 ], [ 100.034551, 15.077255 ], [ 100.034995, 15.078477 ], [ 100.035303, 15.078891 ], [ 100.037345, 15.079704 ], [ 100.03791, 15.080132 ], [ 100.038227, 15.080977 ], [ 100.038333, 15.082132 ], [ 100.039584, 15.08586 ], [ 100.039742, 15.086019 ], [ 100.041731, 15.085882 ], [ 100.043283, 15.085923 ], [ 100.04388, 15.086106 ], [ 100.044823, 15.086797 ], [ 100.045484, 15.087898 ], [ 100.045487, 15.088435 ], [ 100.045121, 15.089652 ], [ 100.044351, 15.090879 ], [ 100.04089, 15.092893 ], [ 100.040225, 15.093659 ], [ 100.039184, 15.09456 ], [ 100.03834, 15.095783 ], [ 100.036714, 15.09756 ], [ 100.036059, 15.098635 ], [ 100.035642, 15.099074 ], [ 100.035218, 15.099245 ], [ 100.033372, 15.099241 ], [ 100.032862, 15.099685 ], [ 100.032725, 15.100563 ], [ 100.032656, 15.102294 ], [ 100.03229, 15.103454 ], [ 100.030825, 15.105148 ], [ 100.030394, 15.106003 ], [ 100.029751, 15.106591 ], [ 100.028943, 15.107043 ], [ 100.02836, 15.107045 ], [ 100.027847, 15.106948 ], [ 100.027423, 15.106657 ], [ 100.026695, 15.105901 ], [ 100.024406, 15.104184 ], [ 100.023396, 15.104696 ], [ 100.022254, 15.105454 ], [ 100.019248, 15.109972 ], [ 100.018777, 15.110909 ], [ 100.017932, 15.113401 ], [ 100.017167, 15.114115 ], [ 100.017092, 15.114497 ], [ 100.018707, 15.117053 ], [ 100.018768, 15.119913 ], [ 100.019967, 15.123774 ], [ 100.021777, 15.127664 ], [ 100.024269, 15.131509 ], [ 100.024952, 15.131992 ], [ 100.025842, 15.132323 ], [ 100.028355, 15.132733 ], [ 100.02917, 15.133139 ], [ 100.030151, 15.134295 ], [ 100.030621, 15.135987 ], [ 100.031006, 15.136207 ], [ 100.033715, 15.135817 ], [ 100.034291, 15.135947 ], [ 100.034979, 15.136315 ], [ 100.035963, 15.138328 ], [ 100.036142, 15.138558 ], [ 100.036906, 15.139083 ], [ 100.037909, 15.139331 ], [ 100.038532, 15.139289 ], [ 100.039261, 15.13882 ], [ 100.041664, 15.136303 ], [ 100.043828, 15.13518 ], [ 100.044489, 15.135105 ], [ 100.044966, 15.135221 ], [ 100.045377, 15.135383 ], [ 100.045582, 15.135642 ], [ 100.04564, 15.13601 ], [ 100.045584, 15.13676 ], [ 100.044981, 15.139079 ], [ 100.04518, 15.140973 ], [ 100.045619, 15.141729 ], [ 100.046294, 15.142307 ], [ 100.048842, 15.143773 ], [ 100.049247, 15.144202 ], [ 100.049773, 15.144994 ], [ 100.049884, 15.145899 ], [ 100.049623, 15.149665 ], [ 100.049845, 15.150521 ], [ 100.050999, 15.152625 ], [ 100.051737, 15.155318 ], [ 100.052019, 15.156943 ], [ 100.051875, 15.158173 ], [ 100.052139, 15.158788 ], [ 100.052722, 15.159219 ], [ 100.053198, 15.159286 ], [ 100.054102, 15.159054 ], [ 100.054838, 15.159172 ], [ 100.055264, 15.159746 ], [ 100.055239, 15.160388 ], [ 100.053829, 15.163461 ], [ 100.053022, 15.164477 ], [ 100.051053, 15.165644 ], [ 100.050754, 15.16632 ], [ 100.050873, 15.167261 ], [ 100.051808, 15.168535 ], [ 100.052575, 15.169262 ], [ 100.054557, 15.170408 ], [ 100.054876, 15.17138 ], [ 100.055234, 15.175299 ], [ 100.05499, 15.177774 ], [ 100.054654, 15.1793 ], [ 100.054152, 15.180199 ], [ 100.054031, 15.180776 ], [ 100.054129, 15.182235 ], [ 100.054028, 15.185138 ], [ 100.054593, 15.188468 ], [ 100.056127, 15.191575 ], [ 100.056017, 15.193211 ], [ 100.056469, 15.194007 ], [ 100.057189, 15.194185 ], [ 100.059018, 15.194058 ], [ 100.061323, 15.19444 ], [ 100.061686, 15.194957 ], [ 100.061828, 15.196905 ], [ 100.062033, 15.19733 ], [ 100.063134, 15.198462 ], [ 100.063349, 15.199905 ], [ 100.063658, 15.200403 ], [ 100.064174, 15.200648 ], [ 100.066766, 15.200796 ], [ 100.067225, 15.200918 ], [ 100.067846, 15.201346 ], [ 100.068561, 15.202548 ], [ 100.068459, 15.203467 ], [ 100.067724, 15.20449 ], [ 100.067387, 15.205218 ], [ 100.067479, 15.205697 ], [ 100.068118, 15.206458 ], [ 100.068937, 15.207184 ], [ 100.069223, 15.207826 ], [ 100.069132, 15.208379 ], [ 100.068837, 15.208764 ], [ 100.068168, 15.209402 ], [ 100.067524, 15.210369 ], [ 100.067586, 15.211442 ], [ 100.067926, 15.211851 ], [ 100.068906, 15.212194 ], [ 100.070073, 15.212207 ], [ 100.070713, 15.212377 ], [ 100.071799, 15.213502 ], [ 100.072314, 15.214369 ], [ 100.07289, 15.217552 ], [ 100.073191, 15.218507 ], [ 100.073668, 15.219445 ], [ 100.074233, 15.220336 ], [ 100.074724, 15.22094 ], [ 100.078468, 15.225328 ], [ 100.079798, 15.226747 ] ] } },
{ "type": "Feature", "properties": { "STREAM_ID": "12_12088", "STREAM_NAM": "แม่น้ำป่าสัก", "LOCAL_NAME": null, "Hy_use_des": "แม่น้ำ/ทางน้ำ ตลอดปี กว้างน้อยกว่า 25", "STRCLAS_DE": "ลำน้ำหลัก", "SHAPE_Leng": 747.85 }, "geometry": { "type": "LineString", "coordinates": [ [ 100.576054, 14.345154 ], [ 100.577942, 14.345286 ], [ 100.579952, 14.344932 ], [ 100.580584, 14.344961 ], [ 100.581202, 14.345394 ], [ 100.581504, 14.345862 ], [ 100.581691, 14.346347 ], [ 100.581812, 14.347076 ], [ 100.581615, 14.349849 ], [ 100.580977, 14.355964 ], [ 100.580885, 14.36025 ], [ 100.580622, 14.361735 ], [ 100.579998, 14.364024 ], [ 100.579851, 14.364232 ], [ 100.580601, 14.36481 ], [ 100.580869, 14.36521 ], [ 100.580901, 14.365512 ], [ 100.580452, 14.368176 ], [ 100.579495, 14.370773 ], [ 100.579269, 14.371543 ], [ 100.579222, 14.372034 ], [ 100.579723, 14.373794 ], [ 100.581053, 14.376384 ], [ 100.581099, 14.376631 ], [ 100.581037, 14.377203 ], [ 100.581152, 14.377859 ], [ 100.58258, 14.381394 ], [ 100.583156, 14.383124 ], [ 100.583537, 14.383833 ], [ 100.583706, 14.384349 ], [ 100.583833, 14.385113 ], [ 100.583839, 14.385888 ], [ 100.584161, 14.387674 ], [ 100.584076, 14.388477 ], [ 100.584146, 14.390211 ], [ 100.584007, 14.391582 ], [ 100.583551, 14.392945 ], [ 100.58283, 14.394417 ], [ 100.582448, 14.394924 ], [ 100.581901, 14.395257 ], [ 100.581429, 14.395705 ], [ 100.58133, 14.396502 ], [ 100.581565, 14.398072 ], [ 100.582494, 14.39908 ], [ 100.584209, 14.400538 ], [ 100.585435, 14.401732 ], [ 100.586094, 14.402568 ], [ 100.587785, 14.4058 ], [ 100.588829, 14.407291 ], [ 100.591163, 14.410208 ], [ 100.591724, 14.411273 ], [ 100.592323, 14.412213 ], [ 100.592353, 14.412679 ], [ 100.592926, 14.413654 ], [ 100.593904, 14.414926 ], [ 100.596054, 14.418298 ], [ 100.596419, 14.419175 ], [ 100.59678, 14.420323 ], [ 100.597715, 14.426709 ], [ 100.597502, 14.429391 ], [ 100.597542, 14.430934 ], [ 100.597831, 14.431513 ], [ 100.598707, 14.432543 ], [ 100.599165, 14.432904 ], [ 100.598823, 14.434047 ], [ 100.598574, 14.434501 ], [ 100.598399, 14.435184 ], [ 100.598496, 14.435618 ], [ 100.600158, 14.438649 ], [ 100.600637, 14.439742 ], [ 100.600398, 14.440425 ], [ 100.600311, 14.441129 ], [ 100.600411, 14.442834 ], [ 100.600639, 14.443627 ], [ 100.601014, 14.444671 ], [ 100.601428, 14.445267 ], [ 100.601881, 14.445672 ], [ 100.605251, 14.447306 ], [ 100.606313, 14.448315 ], [ 100.606689, 14.449048 ], [ 100.606726, 14.449585 ], [ 100.606652, 14.450398 ], [ 100.606443, 14.450768 ], [ 100.606029, 14.45119 ], [ 100.605378, 14.451692 ], [ 100.604744, 14.451994 ], [ 100.603871, 14.452193 ], [ 100.601443, 14.452555 ], [ 100.600364, 14.45289 ], [ 100.599309, 14.453355 ], [ 100.598755, 14.453742 ], [ 100.598292, 14.454444 ], [ 100.597974, 14.455106 ], [ 100.59781, 14.45598 ], [ 100.597847, 14.456618 ], [ 100.598209, 14.457779 ], [ 100.598681, 14.458851 ], [ 100.599245, 14.459791 ], [ 100.600888, 14.461621 ], [ 100.605923, 14.46575 ], [ 100.607266, 14.466721 ], [ 100.607853, 14.467019 ], [ 100.608321, 14.467058 ], [ 100.609794, 14.467867 ], [ 100.61068, 14.468719 ], [ 100.611419, 14.469974 ], [ 100.612299, 14.471106 ], [ 100.613016, 14.471794 ], [ 100.614027, 14.472552 ], [ 100.616331, 14.473437 ], [ 100.61743, 14.473725 ], [ 100.618358, 14.473886 ], [ 100.619, 14.473907 ], [ 100.619885, 14.473791 ], [ 100.620452, 14.473892 ], [ 100.621014, 14.474173 ], [ 100.621846, 14.474923 ], [ 100.622013, 14.475165 ], [ 100.622204, 14.475669 ], [ 100.622314, 14.476268 ], [ 100.622326, 14.478047 ], [ 100.622235, 14.478732 ], [ 100.62207, 14.47923 ], [ 100.62225, 14.482996 ], [ 100.622368, 14.483754 ], [ 100.622423, 14.485093 ], [ 100.622322, 14.485639 ], [ 100.621756, 14.486525 ], [ 100.621311, 14.487419 ], [ 100.621003, 14.488294 ], [ 100.620855, 14.489018 ], [ 100.621211, 14.490674 ], [ 100.62151, 14.491295 ], [ 100.622729, 14.49271 ], [ 100.624862, 14.494861 ], [ 100.625746, 14.495644 ], [ 100.627227, 14.496397 ], [ 100.627872, 14.496834 ], [ 100.628384, 14.497241 ], [ 100.629153, 14.498099 ], [ 100.629368, 14.498534 ], [ 100.629531, 14.499158 ], [ 100.629349, 14.499529 ], [ 100.62913, 14.50038 ], [ 100.629209, 14.501611 ], [ 100.629524, 14.502438 ], [ 100.629983, 14.502926 ], [ 100.630566, 14.503346 ], [ 100.631385, 14.503559 ], [ 100.632158, 14.503561 ], [ 100.633381, 14.503267 ], [ 100.635493, 14.502338 ], [ 100.638442, 14.500213 ], [ 100.639234, 14.499353 ], [ 100.640071, 14.498147 ], [ 100.641334, 14.49685 ], [ 100.641995, 14.495135 ], [ 100.642406, 14.494561 ], [ 100.642938, 14.49401 ], [ 100.643977, 14.493131 ], [ 100.644869, 14.492746 ], [ 100.64509, 14.492726 ], [ 100.64584, 14.492873 ], [ 100.646257, 14.49305 ], [ 100.64696, 14.49361 ], [ 100.647365, 14.494204 ], [ 100.647522, 14.494607 ], [ 100.647662, 14.495367 ], [ 100.647584, 14.496414 ], [ 100.647444, 14.496939 ], [ 100.647031, 14.497698 ], [ 100.644387, 14.501352 ], [ 100.644077, 14.502053 ], [ 100.643905, 14.502737 ], [ 100.643898, 14.503726 ], [ 100.64404, 14.504777 ], [ 100.64467, 14.506858 ], [ 100.645183, 14.509372 ], [ 100.645472, 14.509979 ], [ 100.646153, 14.510456 ], [ 100.647641, 14.51091 ], [ 100.64821, 14.510906 ], [ 100.648735, 14.510789 ], [ 100.649365, 14.510519 ], [ 100.650303, 14.509799 ], [ 100.650631, 14.509448 ], [ 100.652873, 14.505644 ], [ 100.65319, 14.504874 ], [ 100.653263, 14.50402 ], [ 100.653013, 14.503 ], [ 100.652345, 14.501825 ], [ 100.652196, 14.500709 ], [ 100.652412, 14.499133 ], [ 100.652607, 14.498225 ], [ 100.6533, 14.496751 ], [ 100.65351, 14.496438 ], [ 100.654231, 14.495692 ], [ 100.654713, 14.495376 ], [ 100.65512, 14.495241 ], [ 100.655818, 14.495155 ], [ 100.657267, 14.495581 ], [ 100.658262, 14.496039 ], [ 100.660685, 14.497375 ], [ 100.661715, 14.498038 ], [ 100.662254, 14.498556 ], [ 100.663432, 14.500003 ], [ 100.663704, 14.500199 ], [ 100.664196, 14.500377 ], [ 100.664478, 14.500592 ], [ 100.664869, 14.500658 ], [ 100.665304, 14.500596 ], [ 100.665685, 14.500489 ], [ 100.666685, 14.4998 ], [ 100.667837, 14.499425 ], [ 100.669603, 14.499154 ], [ 100.671124, 14.499193 ], [ 100.672223, 14.499315 ], [ 100.672768, 14.49959 ], [ 100.673017, 14.499994 ], [ 100.673162, 14.500409 ], [ 100.673101, 14.500681 ], [ 100.672845, 14.50115 ], [ 100.671821, 14.502071 ], [ 100.6701, 14.503031 ], [ 100.668944, 14.503804 ], [ 100.667921, 14.504596 ], [ 100.667115, 14.505312 ], [ 100.666468, 14.506115 ], [ 100.665833, 14.507068 ], [ 100.665086, 14.50797 ], [ 100.664605, 14.508418 ], [ 100.663326, 14.509115 ], [ 100.662558, 14.509719 ], [ 100.662091, 14.5103 ], [ 100.661843, 14.510872 ], [ 100.661818, 14.511916 ], [ 100.662015, 14.512663 ], [ 100.662341, 14.513442 ], [ 100.662644, 14.513951 ], [ 100.663155, 14.514574 ], [ 100.664522, 14.515809 ], [ 100.666187, 14.51706 ], [ 100.666621, 14.517225 ], [ 100.667046, 14.517222 ], [ 100.667647, 14.517437 ], [ 100.669536, 14.518422 ], [ 100.670598, 14.519158 ], [ 100.672225, 14.52075 ], [ 100.672854, 14.521112 ], [ 100.67359, 14.521206 ], [ 100.67405, 14.521036 ], [ 100.67558, 14.520242 ], [ 100.676608, 14.520002 ], [ 100.677249, 14.51998 ], [ 100.677847, 14.520125 ], [ 100.678595, 14.520506 ], [ 100.679098, 14.520892 ], [ 100.679498, 14.521428 ], [ 100.679814, 14.522095 ], [ 100.680015, 14.522881 ], [ 100.679921, 14.523892 ], [ 100.679568, 14.524633 ], [ 100.678939, 14.525655 ], [ 100.678867, 14.526088 ], [ 100.678995, 14.526563 ], [ 100.679328, 14.527042 ], [ 100.680577, 14.527943 ], [ 100.681242, 14.528203 ], [ 100.68327, 14.528609 ], [ 100.685613, 14.529531 ], [ 100.686244, 14.529981 ], [ 100.686735, 14.53047 ], [ 100.687151, 14.531207 ], [ 100.687946, 14.531864 ], [ 100.688836, 14.532284 ], [ 100.689721, 14.532397 ], [ 100.695019, 14.531644 ], [ 100.695685, 14.531411 ], [ 100.696368, 14.530877 ], [ 100.697002, 14.530055 ], [ 100.69714, 14.529484 ], [ 100.697959, 14.528656 ], [ 100.698602, 14.528456 ], [ 100.699161, 14.528469 ], [ 100.700107, 14.528817 ], [ 100.701297, 14.529733 ], [ 100.702491, 14.530861 ], [ 100.702589, 14.531554 ], [ 100.702377, 14.532181 ], [ 100.70176, 14.532866 ], [ 100.699991, 14.534496 ], [ 100.699528, 14.535163 ], [ 100.69768, 14.538428 ], [ 100.697496, 14.539216 ], [ 100.697747, 14.5398 ], [ 100.698341, 14.540142 ], [ 100.699186, 14.540136 ], [ 100.699862, 14.53995 ], [ 100.701034, 14.539457 ], [ 100.702852, 14.53904 ], [ 100.706137, 14.537791 ], [ 100.707013, 14.537564 ], [ 100.707709, 14.537653 ], [ 100.708262, 14.537976 ], [ 100.708656, 14.538564 ], [ 100.708724, 14.539133 ], [ 100.707069, 14.541444 ], [ 100.706938, 14.542247 ], [ 100.707243, 14.543925 ], [ 100.708296, 14.546616 ], [ 100.708708, 14.547455 ], [ 100.709173, 14.54814 ], [ 100.709706, 14.548652 ], [ 100.71046, 14.548879 ], [ 100.711192, 14.548785 ], [ 100.711855, 14.548602 ], [ 100.712551, 14.547979 ], [ 100.713029, 14.547292 ], [ 100.713725, 14.545422 ], [ 100.713903, 14.545113 ], [ 100.71432, 14.54483 ], [ 100.714835, 14.544651 ], [ 100.715933, 14.544686 ], [ 100.716804, 14.54505 ], [ 100.716934, 14.545233 ], [ 100.717379, 14.547063 ], [ 100.717335, 14.548318 ], [ 100.717768, 14.551788 ], [ 100.71776, 14.552328 ], [ 100.717618, 14.553135 ], [ 100.716492, 14.557305 ], [ 100.716526, 14.558018 ], [ 100.716709, 14.558657 ], [ 100.716974, 14.559321 ], [ 100.717192, 14.559628 ], [ 100.717639, 14.560057 ], [ 100.718184, 14.560321 ], [ 100.718867, 14.560402 ], [ 100.719501, 14.560343 ], [ 100.720212, 14.560095 ], [ 100.721562, 14.559175 ], [ 100.72285, 14.558661 ], [ 100.724264, 14.558482 ], [ 100.725121, 14.558581 ], [ 100.725557, 14.558731 ], [ 100.725967, 14.558932 ], [ 100.726357, 14.55925 ], [ 100.72686, 14.559996 ], [ 100.727, 14.561088 ], [ 100.726866, 14.562458 ], [ 100.727087, 14.56339 ], [ 100.727572, 14.564107 ], [ 100.727939, 14.564452 ], [ 100.728726, 14.564792 ], [ 100.730796, 14.564799 ], [ 100.731406, 14.564905 ], [ 100.733767, 14.564881 ], [ 100.734946, 14.564956 ], [ 100.735696, 14.564885 ], [ 100.73744, 14.564535 ], [ 100.738103, 14.564251 ], [ 100.73892, 14.563781 ], [ 100.739292, 14.563469 ], [ 100.739675, 14.56287 ], [ 100.739972, 14.561765 ], [ 100.7401, 14.560941 ], [ 100.740066, 14.560099 ], [ 100.740465, 14.558938 ], [ 100.740677, 14.558625 ], [ 100.741157, 14.558254 ], [ 100.741796, 14.558102 ], [ 100.742877, 14.558636 ], [ 100.743696, 14.559316 ], [ 100.744325, 14.559706 ], [ 100.745792, 14.56097 ], [ 100.746962, 14.561625 ], [ 100.747728, 14.562562 ], [ 100.748432, 14.56358 ], [ 100.749436, 14.564631 ], [ 100.749982, 14.564963 ], [ 100.750606, 14.565113 ], [ 100.751208, 14.565148 ], [ 100.751663, 14.564861 ], [ 100.752014, 14.564514 ], [ 100.752633, 14.563409 ], [ 100.753845, 14.560674 ], [ 100.754042, 14.559919 ], [ 100.754351, 14.557692 ], [ 100.754656, 14.556725 ], [ 100.754946, 14.556271 ], [ 100.755231, 14.556077 ], [ 100.755999, 14.555771 ], [ 100.756265, 14.555769 ], [ 100.757072, 14.556121 ], [ 100.757579, 14.556461 ], [ 100.758385, 14.557497 ], [ 100.758979, 14.557896 ], [ 100.759873, 14.558251 ], [ 100.761789, 14.558729 ], [ 100.76313, 14.559003 ], [ 100.763501, 14.558937 ], [ 100.764068, 14.559052 ], [ 100.765429, 14.559529 ], [ 100.76634, 14.560256 ], [ 100.767307, 14.561257 ], [ 100.767718, 14.561552 ], [ 100.768194, 14.561712 ], [ 100.768698, 14.561708 ], [ 100.769727, 14.56152 ], [ 100.770167, 14.561369 ], [ 100.770711, 14.561045 ], [ 100.771776, 14.560016 ], [ 100.772259, 14.559189 ], [ 100.772741, 14.558579 ], [ 100.773487, 14.557943 ], [ 100.774485, 14.557593 ], [ 100.775142, 14.557446 ], [ 100.776443, 14.55728 ], [ 100.777679, 14.557276 ], [ 100.778185, 14.557455 ], [ 100.77869, 14.557687 ], [ 100.779693, 14.558532 ], [ 100.780913, 14.559991 ], [ 100.781221, 14.560464 ], [ 100.78141, 14.560908 ], [ 100.78158, 14.561781 ], [ 100.781574, 14.562304 ], [ 100.781364, 14.563501 ], [ 100.781381, 14.56424 ], [ 100.781554, 14.564981 ], [ 100.781799, 14.565564 ], [ 100.782824, 14.567081 ], [ 100.78338, 14.567528 ], [ 100.783941, 14.567728 ], [ 100.784699, 14.567671 ], [ 100.785948, 14.567204 ], [ 100.786307, 14.566848 ], [ 100.786748, 14.565971 ], [ 100.786781, 14.565505 ], [ 100.78653, 14.564282 ], [ 100.786225, 14.561604 ], [ 100.786464, 14.560697 ], [ 100.787228, 14.560065 ], [ 100.787695, 14.559865 ], [ 100.788504, 14.559775 ], [ 100.789119, 14.560063 ], [ 100.789621, 14.56071 ], [ 100.790048, 14.561854 ], [ 100.790535, 14.562498 ], [ 100.791036, 14.562737 ], [ 100.791659, 14.562633 ], [ 100.792216, 14.562375 ], [ 100.79335, 14.561362 ], [ 100.794555, 14.560467 ], [ 100.7967, 14.559064 ], [ 100.797239, 14.558816 ], [ 100.799711, 14.558225 ], [ 100.800611, 14.558238 ], [ 100.801025, 14.558369 ], [ 100.801382, 14.558566 ], [ 100.801895, 14.559101 ], [ 100.801876, 14.559593 ], [ 100.801777, 14.559871 ], [ 100.800979, 14.561502 ], [ 100.800703, 14.562247 ], [ 100.800561, 14.563459 ], [ 100.80071, 14.564497 ], [ 100.800972, 14.565321 ], [ 100.801322, 14.566059 ], [ 100.801894, 14.566741 ], [ 100.802532, 14.567296 ], [ 100.803135, 14.567623 ], [ 100.803778, 14.56745 ], [ 100.804137, 14.567213 ], [ 100.804364, 14.566891 ], [ 100.804734, 14.566084 ], [ 100.805411, 14.562595 ], [ 100.806111, 14.561094 ], [ 100.806278, 14.560973 ], [ 100.80678, 14.560917 ], [ 100.808019, 14.561363 ], [ 100.808651, 14.561485 ], [ 100.809254, 14.561529 ], [ 100.809813, 14.561423 ], [ 100.810406, 14.561134 ], [ 100.811988, 14.559862 ], [ 100.812523, 14.559706 ], [ 100.813211, 14.559744 ], [ 100.814009, 14.560507 ], [ 100.815898, 14.563271 ], [ 100.816644, 14.565599 ], [ 100.817044, 14.566014 ], [ 100.817838, 14.566131 ], [ 100.818268, 14.565903 ], [ 100.818533, 14.56564 ], [ 100.819054, 14.564848 ], [ 100.81982, 14.563087 ], [ 100.820199, 14.5625 ], [ 100.820525, 14.562238 ], [ 100.821049, 14.562022 ], [ 100.821421, 14.562019 ], [ 100.821801, 14.562118 ], [ 100.824823, 14.563356 ], [ 100.826292, 14.563732 ], [ 100.827294, 14.563458 ], [ 100.828377, 14.562784 ], [ 100.829396, 14.561843 ], [ 100.829894, 14.561272 ], [ 100.8305, 14.560404 ], [ 100.830827, 14.559527 ], [ 100.831425, 14.557465 ], [ 100.831641, 14.556968 ], [ 100.832519, 14.555683 ], [ 100.832969, 14.555247 ], [ 100.833967, 14.554703 ], [ 100.834664, 14.554534 ], [ 100.83505, 14.554521 ], [ 100.835568, 14.554547 ], [ 100.836483, 14.554805 ], [ 100.837819, 14.555305 ], [ 100.838777, 14.556089 ], [ 100.83986, 14.556747 ], [ 100.84035, 14.556883 ], [ 100.840874, 14.556759 ], [ 100.841271, 14.556473 ], [ 100.841363, 14.556025 ], [ 100.841195, 14.555477 ], [ 100.840742, 14.55457 ], [ 100.840169, 14.552673 ], [ 100.84019, 14.55232 ], [ 100.840792, 14.551519 ], [ 100.841142, 14.551366 ], [ 100.841507, 14.55131 ], [ 100.842215, 14.551324 ], [ 100.843801, 14.551531 ], [ 100.844348, 14.551671 ], [ 100.847206, 14.553125 ], [ 100.847933, 14.5534 ], [ 100.850342, 14.554043 ], [ 100.851269, 14.554367 ], [ 100.854372, 14.55588 ], [ 100.855322, 14.556226 ], [ 100.855923, 14.556271 ], [ 100.856876, 14.556101 ], [ 100.859721, 14.555143 ], [ 100.860245, 14.555146 ], [ 100.860958, 14.55554 ], [ 100.86124, 14.555854 ], [ 100.861798, 14.557013 ], [ 100.862294, 14.557765 ], [ 100.862763, 14.55814 ], [ 100.86353, 14.5585 ], [ 100.864427, 14.558674 ], [ 100.865271, 14.558791 ], [ 100.866508, 14.558724 ], [ 100.867018, 14.558559 ], [ 100.867434, 14.558213 ], [ 100.867749, 14.557797 ], [ 100.868001, 14.556764 ], [ 100.868316, 14.554573 ], [ 100.86867, 14.553691 ], [ 100.868941, 14.55335 ], [ 100.871369, 14.551742 ], [ 100.872595, 14.55075 ], [ 100.873843, 14.549992 ], [ 100.874463, 14.549725 ], [ 100.875487, 14.549616 ], [ 100.877516, 14.549734 ], [ 100.878417, 14.550195 ], [ 100.88167, 14.551489 ], [ 100.882421, 14.55231 ], [ 100.884605, 14.554378 ], [ 100.885128, 14.555 ], [ 100.885653, 14.555035 ], [ 100.886323, 14.554783 ], [ 100.886635, 14.554498 ], [ 100.887082, 14.553653 ], [ 100.887792, 14.549786 ], [ 100.888248, 14.548375 ], [ 100.888648, 14.547914 ], [ 100.889476, 14.547167 ], [ 100.890803, 14.546133 ], [ 100.891628, 14.544952 ], [ 100.892172, 14.544406 ], [ 100.892701, 14.544087 ], [ 100.89296, 14.544013 ], [ 100.893522, 14.54426 ], [ 100.896101, 14.546578 ], [ 100.896612, 14.547293 ], [ 100.896959, 14.547529 ], [ 100.897614, 14.547578 ], [ 100.898443, 14.547343 ], [ 100.899121, 14.547094 ], [ 100.900865, 14.546188 ], [ 100.901234, 14.545884 ], [ 100.901503, 14.545415 ], [ 100.901543, 14.544712 ], [ 100.901345, 14.544346 ], [ 100.900474, 14.543806 ], [ 100.897533, 14.542597 ], [ 100.896476, 14.542026 ], [ 100.895879, 14.541513 ], [ 100.895623, 14.541031 ], [ 100.895544, 14.540693 ], [ 100.895679, 14.540361 ], [ 100.896052, 14.540127 ], [ 100.897657, 14.539645 ], [ 100.900584, 14.539578 ], [ 100.902034, 14.539164 ], [ 100.902843, 14.538726 ], [ 100.90352, 14.538171 ], [ 100.904939, 14.53655 ], [ 100.905504, 14.53567 ], [ 100.907575, 14.531696 ], [ 100.908005, 14.531174 ], [ 100.908549, 14.530829 ], [ 100.910827, 14.530322 ], [ 100.911439, 14.530294 ], [ 100.914128, 14.531419 ], [ 100.915484, 14.531784 ], [ 100.918661, 14.531563 ], [ 100.920536, 14.531311 ], [ 100.921427, 14.531625 ], [ 100.922099, 14.532111 ], [ 100.922691, 14.532757 ], [ 100.92351, 14.533856 ], [ 100.926333, 14.539275 ], [ 100.926676, 14.540165 ], [ 100.9269, 14.541312 ], [ 100.926935, 14.542559 ], [ 100.926811, 14.543502 ], [ 100.926025, 14.547299 ], [ 100.925679, 14.549613 ], [ 100.925393, 14.550631 ], [ 100.925058, 14.551312 ], [ 100.924218, 14.552622 ], [ 100.923746, 14.553524 ], [ 100.924487, 14.559949 ], [ 100.925106, 14.562128 ], [ 100.92519, 14.562645 ], [ 100.92523, 14.563495 ], [ 100.924991, 14.567549 ], [ 100.925174, 14.569347 ], [ 100.925381, 14.570074 ], [ 100.92595, 14.570757 ], [ 100.928132, 14.572439 ], [ 100.928631, 14.572569 ], [ 100.929087, 14.572565 ], [ 100.929483, 14.572426 ], [ 100.930227, 14.571808 ], [ 100.932107, 14.568222 ], [ 100.932566, 14.566974 ], [ 100.932616, 14.566527 ], [ 100.932911, 14.566188 ], [ 100.934353, 14.562538 ], [ 100.93467, 14.561482 ], [ 100.935063, 14.560833 ], [ 100.935315, 14.560589 ], [ 100.935875, 14.560428 ], [ 100.936817, 14.560337 ], [ 100.937777, 14.560667 ], [ 100.938575, 14.560771 ], [ 100.939309, 14.560618 ], [ 100.939864, 14.5602 ], [ 100.94042, 14.559259 ], [ 100.940777, 14.558221 ], [ 100.941274, 14.557442 ], [ 100.942347, 14.556588 ], [ 100.944634, 14.555589 ], [ 100.945605, 14.555355 ], [ 100.946197, 14.555247 ], [ 100.947057, 14.55546 ], [ 100.948229, 14.555912 ], [ 100.949679, 14.556806 ], [ 100.950245, 14.557348 ], [ 100.951033, 14.558362 ], [ 100.952028, 14.560025 ], [ 100.952561, 14.561153 ], [ 100.953252, 14.563062 ], [ 100.953554, 14.564649 ], [ 100.954606, 14.565771 ], [ 100.955464, 14.566387 ], [ 100.95591, 14.566547 ], [ 100.956506, 14.566513 ], [ 100.957056, 14.56613 ], [ 100.957451, 14.565624 ], [ 100.957529, 14.564872 ], [ 100.95745, 14.564135 ], [ 100.957221, 14.563475 ], [ 100.956843, 14.562713 ], [ 100.9561, 14.561731 ], [ 100.953521, 14.559089 ], [ 100.952519, 14.557615 ], [ 100.951626, 14.556176 ], [ 100.951106, 14.554285 ], [ 100.951139, 14.554048 ], [ 100.951331, 14.553659 ], [ 100.951765, 14.553225 ], [ 100.952702, 14.552835 ], [ 100.95347, 14.552774 ], [ 100.954551, 14.55302 ], [ 100.95602, 14.553552 ], [ 100.956804, 14.553554 ], [ 100.958096, 14.55374 ], [ 100.95853, 14.553856 ], [ 100.95885, 14.554154 ], [ 100.959392, 14.557025 ], [ 100.95979, 14.557919 ], [ 100.960577, 14.559002 ], [ 100.961254, 14.559719 ], [ 100.961867, 14.560128 ], [ 100.963019, 14.560358 ], [ 100.963682, 14.560277 ], [ 100.964043, 14.560386 ], [ 100.964413, 14.560676 ], [ 100.964613, 14.560977 ], [ 100.964654, 14.561475 ], [ 100.964196, 14.562587 ], [ 100.963034, 14.563764 ], [ 100.962543, 14.564539 ], [ 100.962205, 14.565395 ], [ 100.961988, 14.566488 ], [ 100.961887, 14.567842 ], [ 100.962101, 14.571792 ], [ 100.962057, 14.573453 ], [ 100.961794, 14.575751 ], [ 100.961844, 14.57631 ], [ 100.962045, 14.577017 ], [ 100.962508, 14.57764 ], [ 100.963075, 14.578026 ], [ 100.964751, 14.578556 ], [ 100.965199, 14.578852 ], [ 100.965824, 14.57968 ], [ 100.966043, 14.580163 ], [ 100.966053, 14.580474 ], [ 100.965971, 14.581088 ], [ 100.965816, 14.581433 ], [ 100.965466, 14.581881 ], [ 100.964889, 14.582342 ], [ 100.963163, 14.583242 ], [ 100.962356, 14.583584 ], [ 100.9617, 14.583998 ], [ 100.961252, 14.584387 ], [ 100.960971, 14.584945 ], [ 100.96082, 14.58563 ], [ 100.960873, 14.586281 ], [ 100.961146, 14.586915 ], [ 100.961494, 14.587437 ], [ 100.962035, 14.587862 ], [ 100.964391, 14.588369 ], [ 100.965108, 14.588631 ], [ 100.96562, 14.588961 ], [ 100.966185, 14.589516 ], [ 100.96689, 14.590586 ], [ 100.967803, 14.591627 ], [ 100.968506, 14.592292 ], [ 100.96927, 14.592749 ], [ 100.973151, 14.593393 ], [ 100.973563, 14.59338 ], [ 100.975555, 14.592821 ], [ 100.976083, 14.592184 ], [ 100.976394, 14.591485 ], [ 100.976545, 14.590888 ], [ 100.97701, 14.590247 ], [ 100.977828, 14.589461 ], [ 100.978313, 14.589163 ], [ 100.978876, 14.589054 ], [ 100.979735, 14.589141 ], [ 100.980266, 14.589281 ], [ 100.98117, 14.589898 ], [ 100.981685, 14.590619 ], [ 100.982221, 14.594195 ], [ 100.982432, 14.59453 ], [ 100.983199, 14.595368 ], [ 100.984442, 14.596067 ], [ 100.986751, 14.597195 ], [ 100.988899, 14.597904 ], [ 100.989765, 14.59801 ], [ 100.990382, 14.597937 ], [ 100.991055, 14.59745 ], [ 100.994499, 14.595706 ], [ 100.996722, 14.594362 ], [ 100.998226, 14.594617 ], [ 100.999988, 14.594611 ], [ 101.000416, 14.594457 ], [ 101.001411, 14.593829 ], [ 101.002763, 14.593132 ], [ 101.007268, 14.591198 ], [ 101.00772, 14.591148 ], [ 101.008294, 14.591191 ], [ 101.008805, 14.591512 ], [ 101.009244, 14.592141 ], [ 101.009471, 14.59271 ], [ 101.010588, 14.594708 ], [ 101.011133, 14.595466 ], [ 101.011497, 14.595678 ], [ 101.012061, 14.596373 ], [ 101.012805, 14.597647 ], [ 101.012854, 14.598039 ], [ 101.012781, 14.598217 ], [ 101.012354, 14.598622 ], [ 101.012285, 14.598921 ], [ 101.012398, 14.599535 ], [ 101.012138, 14.60181 ], [ 101.012192, 14.602697 ], [ 101.011882, 14.603511 ], [ 101.011306, 14.606474 ], [ 101.010531, 14.609517 ], [ 101.010324, 14.610765 ], [ 101.010312, 14.612507 ], [ 101.010197, 14.614193 ], [ 101.010041, 14.614745 ], [ 101.009886, 14.616809 ], [ 101.009877, 14.618101 ], [ 101.010105, 14.619374 ], [ 101.010096, 14.61983 ], [ 101.010559, 14.622584 ], [ 101.011206, 14.625199 ], [ 101.011903, 14.626412 ], [ 101.012539, 14.627174 ], [ 101.016981, 14.632009 ], [ 101.017313, 14.632327 ], [ 101.018082, 14.632855 ], [ 101.020568, 14.634362 ], [ 101.021114, 14.634874 ], [ 101.021391, 14.635356 ], [ 101.021635, 14.636106 ], [ 101.021575, 14.636723 ], [ 101.021225, 14.637536 ], [ 101.020523, 14.638421 ], [ 101.019612, 14.63929 ], [ 101.018674, 14.640018 ], [ 101.018218, 14.64083 ], [ 101.018037, 14.64134 ], [ 101.017814, 14.642296 ], [ 101.017673, 14.643971 ], [ 101.017349, 14.646054 ], [ 101.016338, 14.648954 ], [ 101.016201, 14.649708 ], [ 101.016147, 14.6511 ], [ 101.016476, 14.652477 ], [ 101.018279, 14.657346 ], [ 101.019029, 14.65866 ], [ 101.019356, 14.658968 ], [ 101.019812, 14.65924 ], [ 101.020482, 14.659208 ], [ 101.022695, 14.658904 ], [ 101.022811, 14.657776 ], [ 101.022955, 14.657173 ], [ 101.022894, 14.656786 ], [ 101.022624, 14.656354 ], [ 101.022083, 14.655734 ], [ 101.021964, 14.65531 ], [ 101.022045, 14.654733 ], [ 101.022339, 14.654516 ], [ 101.02282, 14.654457 ], [ 101.024914, 14.654706 ], [ 101.026442, 14.65475 ], [ 101.02688, 14.654947 ], [ 101.027743, 14.655775 ], [ 101.028191, 14.657039 ], [ 101.028122, 14.657962 ], [ 101.028263, 14.659117 ], [ 101.028379, 14.661174 ], [ 101.028341, 14.661856 ], [ 101.027982, 14.662728 ], [ 101.027745, 14.663011 ], [ 101.026455, 14.664003 ], [ 101.025506, 14.664539 ], [ 101.025333, 14.664793 ], [ 101.025181, 14.665839 ], [ 101.025427, 14.668125 ], [ 101.025151, 14.668603 ], [ 101.023397, 14.669748 ], [ 101.02248, 14.670113 ], [ 101.022443, 14.670264 ], [ 101.022676, 14.671734 ], [ 101.023435, 14.673283 ], [ 101.023772, 14.674377 ], [ 101.023832, 14.674858 ], [ 101.023768, 14.676101 ], [ 101.023933, 14.677229 ], [ 101.02374, 14.678967 ], [ 101.024028, 14.679827 ], [ 101.024346, 14.680274 ], [ 101.024755, 14.68046 ], [ 101.027211, 14.6808 ], [ 101.027738, 14.68104 ], [ 101.028486, 14.681603 ], [ 101.029198, 14.68242 ], [ 101.030249, 14.683938 ], [ 101.030643, 14.684809 ], [ 101.031023, 14.686376 ], [ 101.030921, 14.687356 ], [ 101.031063, 14.68819 ], [ 101.031094, 14.6893 ], [ 101.031374, 14.68972 ], [ 101.031638, 14.689931 ], [ 101.032055, 14.690011 ], [ 101.032257, 14.689935 ], [ 101.032473, 14.68975 ], [ 101.032793, 14.689192 ], [ 101.032952, 14.688633 ], [ 101.033023, 14.686728 ], [ 101.033324, 14.685783 ], [ 101.03387, 14.684891 ], [ 101.034182, 14.684735 ], [ 101.034563, 14.684691 ], [ 101.037107, 14.685569 ], [ 101.037832, 14.685759 ], [ 101.038075, 14.685757 ], [ 101.038697, 14.685653 ], [ 101.041561, 14.684729 ], [ 101.042562, 14.683965 ], [ 101.042926, 14.684095 ], [ 101.043161, 14.684294 ], [ 101.043193, 14.685047 ], [ 101.042794, 14.685903 ], [ 101.042299, 14.686717 ], [ 101.042195, 14.687029 ], [ 101.041949, 14.687396 ], [ 101.041599, 14.68758 ], [ 101.041426, 14.688184 ], [ 101.041454, 14.688492 ], [ 101.041564, 14.688642 ], [ 101.04218, 14.688886 ], [ 101.043245, 14.68883 ], [ 101.043496, 14.688751 ], [ 101.043616, 14.688608 ], [ 101.04416, 14.688513 ], [ 101.044809, 14.688616 ], [ 101.045054, 14.688812 ], [ 101.045247, 14.689123 ], [ 101.045648, 14.690683 ], [ 101.046085, 14.69203 ], [ 101.046991, 14.694189 ], [ 101.047408, 14.694692 ], [ 101.047734, 14.694993 ], [ 101.048047, 14.695171 ], [ 101.048344, 14.695225 ], [ 101.049264, 14.695159 ], [ 101.050193, 14.694867 ], [ 101.050393, 14.694689 ], [ 101.050496, 14.694428 ], [ 101.05064, 14.692655 ], [ 101.05114, 14.690571 ], [ 101.051268, 14.689703 ], [ 101.051562, 14.689276 ], [ 101.052131, 14.688827 ], [ 101.052275, 14.6888 ], [ 101.05294, 14.688849 ], [ 101.053488, 14.688977 ], [ 101.054025, 14.689204 ], [ 101.05485, 14.689242 ], [ 101.055785, 14.689122 ], [ 101.058107, 14.689054 ], [ 101.059176, 14.689149 ], [ 101.059554, 14.689415 ], [ 101.060109, 14.690219 ], [ 101.060119, 14.690443 ], [ 101.05838, 14.692556 ], [ 101.058125, 14.693098 ], [ 101.058203, 14.693422 ], [ 101.058448, 14.693635 ], [ 101.058864, 14.693815 ], [ 101.060617, 14.694 ], [ 101.062177, 14.693979 ], [ 101.063491, 14.693814 ], [ 101.063835, 14.693709 ], [ 101.064066, 14.693498 ], [ 101.064674, 14.692633 ], [ 101.065487, 14.691849 ], [ 101.065816, 14.691778 ], [ 101.066146, 14.691952 ], [ 101.066332, 14.692236 ], [ 101.066354, 14.692626 ], [ 101.066278, 14.693017 ], [ 101.065636, 14.694639 ], [ 101.064328, 14.696694 ], [ 101.063792, 14.69773 ], [ 101.063221, 14.699497 ], [ 101.063245, 14.699732 ], [ 101.063382, 14.69998 ], [ 101.063886, 14.700265 ], [ 101.064335, 14.700295 ], [ 101.064601, 14.700176 ], [ 101.065967, 14.699134 ], [ 101.066646, 14.698911 ], [ 101.070302, 14.699114 ], [ 101.071697, 14.699443 ], [ 101.072405, 14.699864 ], [ 101.072765, 14.700274 ], [ 101.072843, 14.700733 ], [ 101.072767, 14.701601 ], [ 101.072243, 14.704654 ], [ 101.072227, 14.705336 ], [ 101.072415, 14.70651 ], [ 101.072743, 14.707669 ], [ 101.073075, 14.708477 ], [ 101.073324, 14.708717 ], [ 101.074664, 14.709483 ], [ 101.076932, 14.711169 ], [ 101.078051, 14.71213 ], [ 101.078337, 14.712482 ], [ 101.078523, 14.713605 ], [ 101.078448, 14.714055 ], [ 101.078023, 14.714979 ], [ 101.077753, 14.715329 ], [ 101.076846, 14.715486 ], [ 101.075063, 14.715393 ], [ 101.07446, 14.715582 ], [ 101.074164, 14.715979 ], [ 101.074473, 14.717612 ], [ 101.074956, 14.718525 ], [ 101.075152, 14.71905 ], [ 101.075198, 14.719472 ], [ 101.075267, 14.725046 ], [ 101.075479, 14.72862 ], [ 101.075491, 14.730195 ], [ 101.075287, 14.730713 ], [ 101.074427, 14.731473 ], [ 101.071853, 14.732068 ], [ 101.070787, 14.732202 ], [ 101.069066, 14.73221 ], [ 101.0675, 14.732029 ], [ 101.067104, 14.731872 ], [ 101.066468, 14.731231 ], [ 101.066329, 14.730877 ], [ 101.066395, 14.73044 ], [ 101.067379, 14.728103 ], [ 101.067407, 14.727906 ], [ 101.067267, 14.727634 ], [ 101.067049, 14.727376 ], [ 101.066788, 14.727247 ], [ 101.066072, 14.727159 ], [ 101.063404, 14.72652 ], [ 101.062298, 14.725996 ], [ 101.061955, 14.725663 ], [ 101.061787, 14.725319 ], [ 101.061812, 14.72488 ], [ 101.062031, 14.724282 ], [ 101.063095, 14.722403 ], [ 101.063303, 14.72188 ], [ 101.0634, 14.7213 ], [ 101.063399, 14.720489 ], [ 101.063139, 14.719918 ], [ 101.062709, 14.719621 ], [ 101.058907, 14.720073 ], [ 101.054297, 14.72015 ], [ 101.053946, 14.720238 ], [ 101.053602, 14.720575 ], [ 101.053232, 14.721096 ], [ 101.053138, 14.721666 ], [ 101.054542, 14.723345 ], [ 101.055182, 14.723837 ], [ 101.05584, 14.724184 ], [ 101.057024, 14.724535 ], [ 101.057387, 14.724552 ], [ 101.058064, 14.724833 ], [ 101.05839, 14.725156 ], [ 101.058486, 14.725461 ], [ 101.058529, 14.726025 ], [ 101.058382, 14.728091 ], [ 101.058058, 14.730135 ], [ 101.058022, 14.730682 ], [ 101.058129, 14.73157 ], [ 101.058342, 14.731956 ], [ 101.058728, 14.73243 ], [ 101.060343, 14.734285 ], [ 101.060487, 14.73466 ], [ 101.060464, 14.735195 ], [ 101.060128, 14.736342 ], [ 101.059686, 14.739556 ], [ 101.059611, 14.740912 ], [ 101.059195, 14.741354 ], [ 101.057205, 14.742851 ], [ 101.05684, 14.743237 ], [ 101.056795, 14.74372 ], [ 101.056956, 14.7455 ], [ 101.056862, 14.746081 ], [ 101.056034, 14.747528 ], [ 101.055321, 14.748367 ], [ 101.054778, 14.748679 ], [ 101.054745, 14.749037 ], [ 101.054811, 14.749513 ], [ 101.054963, 14.749918 ], [ 101.055535, 14.750567 ], [ 101.057456, 14.751741 ], [ 101.05863, 14.752169 ], [ 101.059897, 14.752802 ], [ 101.060223, 14.753048 ], [ 101.061157, 14.75346 ], [ 101.061653, 14.753974 ], [ 101.062477, 14.755166 ], [ 101.063064, 14.755564 ], [ 101.063309, 14.755936 ], [ 101.063728, 14.756265 ], [ 101.063798, 14.756434 ], [ 101.063732, 14.756685 ], [ 101.063108, 14.75696 ], [ 101.062559, 14.757773 ], [ 101.062274, 14.758003 ], [ 101.061584, 14.758323 ], [ 101.061174, 14.758775 ], [ 101.061013, 14.759315 ], [ 101.061019, 14.760011 ], [ 101.060777, 14.760623 ], [ 101.060811, 14.760832 ], [ 101.060992, 14.761005 ], [ 101.061798, 14.761257 ], [ 101.062605, 14.761999 ], [ 101.062923, 14.762048 ], [ 101.063018, 14.761998 ], [ 101.063187, 14.761519 ], [ 101.063169, 14.760888 ], [ 101.06309, 14.760788 ], [ 101.062764, 14.760672 ], [ 101.06263, 14.760509 ], [ 101.062629, 14.760338 ], [ 101.062782, 14.760005 ], [ 101.063388, 14.759499 ], [ 101.063825, 14.759308 ], [ 101.065702, 14.759381 ], [ 101.06759, 14.759624 ], [ 101.068206, 14.759753 ], [ 101.068727, 14.760246 ], [ 101.068931, 14.760155 ], [ 101.069094, 14.759976 ], [ 101.069328, 14.759911 ], [ 101.069803, 14.75998 ], [ 101.070117, 14.760156 ], [ 101.072985, 14.763073 ], [ 101.073476, 14.763786 ], [ 101.073656, 14.764379 ], [ 101.073613, 14.765263 ], [ 101.073464, 14.765824 ], [ 101.07265, 14.767353 ], [ 101.071412, 14.768647 ], [ 101.06988, 14.77057 ], [ 101.068214, 14.773048 ], [ 101.067131, 14.774885 ], [ 101.066084, 14.775833 ], [ 101.065784, 14.776463 ], [ 101.065581, 14.777146 ], [ 101.065418, 14.777269 ], [ 101.065255, 14.777763 ], [ 101.065648, 14.778067 ], [ 101.065558, 14.778747 ], [ 101.065266, 14.779347 ], [ 101.064847, 14.779957 ], [ 101.064487, 14.780304 ], [ 101.064071, 14.780506 ], [ 101.063755, 14.781295 ], [ 101.063153, 14.783545 ], [ 101.062884, 14.785612 ], [ 101.062782, 14.787117 ], [ 101.062141, 14.789367 ], [ 101.06216, 14.789809 ], [ 101.062289, 14.790083 ], [ 101.062845, 14.790707 ], [ 101.062907, 14.790893 ], [ 101.062929, 14.79123 ], [ 101.06285, 14.791616 ], [ 101.062905, 14.791937 ], [ 101.063372, 14.792259 ], [ 101.063953, 14.792409 ], [ 101.067188, 14.792652 ], [ 101.067908, 14.792399 ], [ 101.068394, 14.792326 ], [ 101.069838, 14.792454 ], [ 101.070431, 14.792173 ], [ 101.071044, 14.791136 ], [ 101.071638, 14.790689 ], [ 101.071906, 14.790609 ], [ 101.072258, 14.790683 ], [ 101.072556, 14.791186 ], [ 101.072668, 14.791298 ], [ 101.072912, 14.791346 ], [ 101.072956, 14.791615 ], [ 101.072891, 14.791814 ], [ 101.071094, 14.796477 ], [ 101.069719, 14.800579 ], [ 101.068535, 14.805721 ], [ 101.068053, 14.809919 ], [ 101.06804, 14.811109 ], [ 101.06869, 14.81312 ], [ 101.068964, 14.813669 ], [ 101.069076, 14.814339 ], [ 101.069513, 14.814983 ], [ 101.069802, 14.815243 ], [ 101.070542, 14.815673 ], [ 101.071625, 14.815897 ], [ 101.072019, 14.815848 ], [ 101.073687, 14.815197 ], [ 101.074547, 14.814649 ], [ 101.074912, 14.813614 ], [ 101.07497, 14.812828 ], [ 101.074921, 14.812116 ], [ 101.074982, 14.811767 ], [ 101.075193, 14.811421 ], [ 101.076327, 14.810698 ], [ 101.076828, 14.810499 ], [ 101.077789, 14.810373 ], [ 101.079737, 14.810784 ], [ 101.081056, 14.810781 ], [ 101.081377, 14.810924 ], [ 101.081749, 14.811271 ], [ 101.081911, 14.811614 ], [ 101.081879, 14.812204 ], [ 101.081669, 14.812522 ], [ 101.08143, 14.812711 ], [ 101.081183, 14.812771 ], [ 101.080908, 14.812755 ], [ 101.080138, 14.812467 ], [ 101.080005, 14.81248 ], [ 101.079567, 14.812805 ], [ 101.079292, 14.813264 ], [ 101.078738, 14.81491 ], [ 101.078306, 14.816822 ], [ 101.078313, 14.818053 ], [ 101.07842, 14.818389 ], [ 101.078613, 14.818837 ], [ 101.079619, 14.820295 ], [ 101.081371, 14.82235 ], [ 101.082003, 14.823148 ], [ 101.08257, 14.824067 ], [ 101.083804, 14.825534 ], [ 101.084859, 14.826505 ], [ 101.085878, 14.827163 ], [ 101.086892, 14.827659 ], [ 101.087558, 14.828275 ], [ 101.08879, 14.829963 ], [ 101.089038, 14.830685 ], [ 101.089177, 14.831383 ], [ 101.089097, 14.831724 ], [ 101.088785, 14.832238 ], [ 101.087985, 14.833028 ], [ 101.086162, 14.833965 ], [ 101.085123, 14.834378 ], [ 101.08355, 14.834767 ], [ 101.078588, 14.835592 ], [ 101.078066, 14.835465 ], [ 101.075901, 14.834669 ], [ 101.07432, 14.833873 ], [ 101.073817, 14.833472 ], [ 101.071976, 14.831632 ], [ 101.071413, 14.831267 ], [ 101.068965, 14.830983 ], [ 101.067946, 14.830991 ], [ 101.06759, 14.831117 ], [ 101.066948, 14.831636 ], [ 101.066727, 14.832017 ], [ 101.06663, 14.83239 ], [ 101.066643, 14.834173 ], [ 101.066276, 14.835057 ], [ 101.065838, 14.837122 ], [ 101.065597, 14.837815 ], [ 101.065527, 14.838909 ], [ 101.06534, 14.839422 ], [ 101.065437, 14.840042 ], [ 101.065582, 14.8403 ], [ 101.065909, 14.84056 ], [ 101.066553, 14.840919 ], [ 101.066979, 14.841059 ], [ 101.067353, 14.841327 ], [ 101.067669, 14.841681 ], [ 101.068505, 14.843738 ], [ 101.068715, 14.844042 ], [ 101.069099, 14.844339 ], [ 101.06997, 14.844582 ], [ 101.071203, 14.844679 ], [ 101.072624, 14.844528 ], [ 101.076773, 14.843545 ], [ 101.077354, 14.843454 ], [ 101.077767, 14.843613 ], [ 101.077909, 14.843814 ], [ 101.077895, 14.844021 ], [ 101.077598, 14.84476 ], [ 101.077113, 14.845414 ], [ 101.076364, 14.845749 ], [ 101.075603, 14.846333 ], [ 101.075438, 14.846906 ], [ 101.075491, 14.847151 ], [ 101.075751, 14.847815 ], [ 101.076934, 14.848817 ], [ 101.07754, 14.849064 ], [ 101.078617, 14.849802 ], [ 101.078834, 14.850101 ], [ 101.079015, 14.850672 ], [ 101.079235, 14.850925 ], [ 101.07952, 14.851138 ], [ 101.079932, 14.851299 ], [ 101.080809, 14.851207 ], [ 101.081083, 14.851061 ], [ 101.081372, 14.850748 ], [ 101.081672, 14.850243 ], [ 101.081844, 14.850155 ], [ 101.082482, 14.850144 ], [ 101.082943, 14.849954 ], [ 101.083223, 14.849771 ], [ 101.083502, 14.849307 ], [ 101.083541, 14.8487 ], [ 101.083179, 14.847213 ], [ 101.082863, 14.846783 ], [ 101.082002, 14.846313 ], [ 101.081575, 14.845723 ], [ 101.081478, 14.845367 ], [ 101.081495, 14.844688 ], [ 101.081953, 14.84392 ], [ 101.082434, 14.843433 ], [ 101.082646, 14.843338 ], [ 101.083089, 14.843379 ], [ 101.084119, 14.843825 ], [ 101.084371, 14.844088 ], [ 101.084859, 14.844978 ], [ 101.085194, 14.845404 ], [ 101.085771, 14.845828 ], [ 101.086374, 14.845981 ], [ 101.086853, 14.846018 ], [ 101.088019, 14.845943 ], [ 101.088441, 14.845994 ], [ 101.088739, 14.84609 ], [ 101.088992, 14.846306 ], [ 101.090734, 14.849032 ], [ 101.094754, 14.858322 ], [ 101.095018, 14.861303 ], [ 101.094713, 14.866355 ], [ 101.091303, 14.885895 ], [ 101.089061, 14.892055 ], [ 101.086816, 14.897871 ], [ 101.082412, 14.906173 ], [ 101.079967, 14.909638 ], [ 101.076172, 14.913862 ], [ 101.070257, 14.918563 ], [ 101.064574, 14.923858 ], [ 101.060275, 14.930562 ], [ 101.055527, 14.939088 ], [ 101.050801, 14.950037 ], [ 101.047766, 14.958548 ], [ 101.04646, 14.968709 ], [ 101.046814, 14.98961 ], [ 101.047676, 15.005593 ], [ 101.049682, 15.02243 ], [ 101.060105, 15.038354 ], [ 101.065358, 15.047332 ], [ 101.070492, 15.056228 ], [ 101.075173, 15.064754 ], [ 101.078828, 15.072731 ], [ 101.082831, 15.085072 ], [ 101.092431, 15.120654 ], [ 101.097629, 15.138679 ], [ 101.101646, 15.148113 ], [ 101.106162, 15.156773 ], [ 101.106675, 15.158777 ], [ 101.106592, 15.160403 ], [ 101.10602, 15.162273 ], [ 101.105287, 15.163858 ], [ 101.10416, 15.16559 ], [ 101.101658, 15.170204 ], [ 101.100857, 15.171323 ], [ 101.100272, 15.171974 ], [ 101.099771, 15.173592 ], [ 101.099778, 15.174273 ], [ 101.100122, 15.175454 ], [ 101.100944, 15.176414 ], [ 101.101761, 15.176944 ], [ 101.103094, 15.177291 ], [ 101.105015, 15.177416 ], [ 101.107156, 15.177253 ], [ 101.113659, 15.176474 ], [ 101.115321, 15.176518 ], [ 101.116708, 15.176774 ], [ 101.118608, 15.17734 ], [ 101.119269, 15.177937 ], [ 101.119483, 15.178416 ], [ 101.119822, 15.17966 ], [ 101.119974, 15.179941 ], [ 101.120295, 15.180269 ], [ 101.121209, 15.180955 ], [ 101.121814, 15.181611 ], [ 101.122279, 15.18183 ], [ 101.122123, 15.182429 ], [ 101.121706, 15.183133 ], [ 101.121667, 15.18339 ], [ 101.121804, 15.183664 ], [ 101.123099, 15.185124 ], [ 101.125627, 15.188288 ], [ 101.12599, 15.189631 ], [ 101.12641, 15.190148 ], [ 101.126813, 15.190901 ], [ 101.127101, 15.191755 ], [ 101.127069, 15.192018 ], [ 101.12694, 15.192141 ], [ 101.12613, 15.192242 ], [ 101.125827, 15.192418 ], [ 101.125629, 15.192784 ], [ 101.125592, 15.193112 ], [ 101.125671, 15.193394 ], [ 101.125993, 15.1938 ], [ 101.12641, 15.194141 ], [ 101.127265, 15.194458 ], [ 101.127864, 15.194816 ], [ 101.128179, 15.195201 ], [ 101.129584, 15.195608 ], [ 101.129766, 15.195555 ], [ 101.129924, 15.19541 ], [ 101.130951, 15.192996 ], [ 101.131726, 15.191852 ], [ 101.133634, 15.19036 ], [ 101.133905, 15.190362 ], [ 101.134261, 15.190618 ], [ 101.134756, 15.190843 ], [ 101.135627, 15.190891 ], [ 101.135837, 15.190759 ], [ 101.136077, 15.190328 ], [ 101.136293, 15.190161 ], [ 101.136583, 15.190041 ], [ 101.137052, 15.190061 ], [ 101.139332, 15.191069 ], [ 101.139506, 15.190995 ], [ 101.139649, 15.190822 ], [ 101.139795, 15.190421 ], [ 101.139849, 15.189852 ], [ 101.139747, 15.18876 ], [ 101.139462, 15.187714 ], [ 101.138869, 15.186574 ], [ 101.138801, 15.185752 ], [ 101.138659, 15.185577 ], [ 101.138343, 15.185526 ], [ 101.138141, 15.185629 ], [ 101.138075, 15.186355 ], [ 101.137964, 15.186691 ], [ 101.137604, 15.186946 ], [ 101.137261, 15.187017 ], [ 101.136895, 15.186967 ], [ 101.136555, 15.186796 ], [ 101.136159, 15.186398 ], [ 101.135917, 15.186026 ], [ 101.135882, 15.1857 ], [ 101.136465, 15.184872 ], [ 101.136516, 15.184502 ], [ 101.136434, 15.184063 ], [ 101.136207, 15.18367 ], [ 101.135653, 15.183026 ], [ 101.135311, 15.182394 ], [ 101.135198, 15.181529 ], [ 101.13531, 15.180873 ], [ 101.135615, 15.180413 ], [ 101.136523, 15.179373 ], [ 101.136946, 15.179329 ], [ 101.137953, 15.179552 ], [ 101.13836, 15.179779 ], [ 101.138534, 15.180102 ], [ 101.138653, 15.181634 ], [ 101.138498, 15.181943 ], [ 101.137555, 15.182713 ], [ 101.137285, 15.183081 ], [ 101.137334, 15.18335 ], [ 101.137624, 15.1836 ], [ 101.138062, 15.18389 ], [ 101.138525, 15.184002 ], [ 101.13919, 15.183954 ], [ 101.139816, 15.183807 ], [ 101.140519, 15.183524 ], [ 101.140957, 15.183104 ], [ 101.141303, 15.182472 ], [ 101.14145, 15.181766 ], [ 101.141535, 15.180173 ], [ 101.141431, 15.179024 ], [ 101.141517, 15.178547 ], [ 101.14196, 15.17802 ], [ 101.142692, 15.177679 ], [ 101.143072, 15.177693 ], [ 101.143296, 15.177924 ], [ 101.143593, 15.178486 ], [ 101.14394, 15.17865 ], [ 101.145438, 15.178579 ], [ 101.146063, 15.178759 ], [ 101.146229, 15.179012 ], [ 101.14612, 15.179738 ], [ 101.144943, 15.18089 ], [ 101.144127, 15.182163 ], [ 101.143997, 15.182563 ], [ 101.143969, 15.18299 ], [ 101.144321, 15.183438 ], [ 101.145779, 15.183524 ], [ 101.146283, 15.1835 ], [ 101.146675, 15.183372 ], [ 101.1471, 15.183378 ], [ 101.147692, 15.183722 ], [ 101.147703, 15.183914 ], [ 101.147577, 15.184193 ], [ 101.14724, 15.184555 ], [ 101.146622, 15.185106 ], [ 101.146217, 15.185299 ], [ 101.145887, 15.185298 ], [ 101.144503, 15.184855 ], [ 101.144212, 15.184917 ], [ 101.144136, 15.185501 ], [ 101.144789, 15.187421 ], [ 101.14544, 15.188531 ], [ 101.146721, 15.190027 ], [ 101.14739, 15.191265 ], [ 101.147751, 15.191769 ], [ 101.149133, 15.193214 ], [ 101.150649, 15.1944 ], [ 101.15172, 15.195594 ], [ 101.152954, 15.197673 ], [ 101.153639, 15.198655 ], [ 101.15437, 15.199033 ], [ 101.154783, 15.199549 ], [ 101.155518, 15.201154 ], [ 101.156599, 15.202673 ], [ 101.156981, 15.202741 ], [ 101.157463, 15.202522 ], [ 101.159769, 15.199951 ], [ 101.160049, 15.199726 ], [ 101.160804, 15.199604 ], [ 101.161092, 15.199602 ], [ 101.161323, 15.199685 ], [ 101.161708, 15.200243 ], [ 101.162932, 15.203062 ], [ 101.163781, 15.204198 ], [ 101.167505, 15.207062 ], [ 101.168414, 15.207344 ], [ 101.168719, 15.208 ], [ 101.168955, 15.208901 ], [ 101.169425, 15.212088 ], [ 101.169372, 15.215837 ], [ 101.169162, 15.217034 ], [ 101.168991, 15.217433 ], [ 101.169053, 15.218125 ], [ 101.169494, 15.218529 ], [ 101.17107, 15.218304 ], [ 101.171423, 15.218191 ], [ 101.17164, 15.218323 ], [ 101.171886, 15.218692 ], [ 101.172318, 15.220026 ], [ 101.17227, 15.220502 ], [ 101.172056, 15.220817 ], [ 101.171805, 15.221007 ], [ 101.171337, 15.221115 ], [ 101.171151, 15.221388 ], [ 101.170991, 15.222417 ], [ 101.171086, 15.222696 ], [ 101.172266, 15.223768 ], [ 101.172489, 15.223781 ], [ 101.172726, 15.223668 ], [ 101.17334, 15.222553 ], [ 101.173863, 15.222039 ], [ 101.174738, 15.221343 ], [ 101.17532, 15.221116 ], [ 101.17568, 15.221107 ], [ 101.176055, 15.221217 ], [ 101.177364, 15.222078 ], [ 101.179473, 15.223215 ], [ 101.180075, 15.22396 ], [ 101.180098, 15.224352 ], [ 101.180014, 15.224744 ], [ 101.1798, 15.225171 ], [ 101.179548, 15.225292 ], [ 101.179239, 15.225293 ], [ 101.178943, 15.225176 ], [ 101.178176, 15.224557 ], [ 101.177685, 15.224378 ], [ 101.177491, 15.224386 ], [ 101.177247, 15.224506 ], [ 101.176697, 15.225515 ], [ 101.176666, 15.226446 ], [ 101.17695, 15.227018 ], [ 101.177275, 15.227121 ], [ 101.178183, 15.227229 ], [ 101.178429, 15.22743 ], [ 101.178778, 15.228086 ], [ 101.178932, 15.228589 ], [ 101.178986, 15.229281 ], [ 101.178818, 15.230156 ], [ 101.178196, 15.231145 ], [ 101.177435, 15.231638 ], [ 101.177227, 15.231877 ], [ 101.177244, 15.232206 ], [ 101.177411, 15.232485 ], [ 101.179486, 15.233999 ], [ 101.180941, 15.235314 ], [ 101.182969, 15.238019 ], [ 101.183973, 15.239665 ], [ 101.184207, 15.239893 ], [ 101.185476, 15.240257 ], [ 101.186103, 15.24113 ], [ 101.186847, 15.241571 ], [ 101.187467, 15.241692 ], [ 101.188102, 15.24192 ], [ 101.1887, 15.242233 ], [ 101.189577, 15.243525 ], [ 101.189825, 15.243723 ], [ 101.191499, 15.244513 ], [ 101.191761, 15.244725 ], [ 101.192023, 15.244993 ], [ 101.192416, 15.246151 ], [ 101.192897, 15.246758 ], [ 101.193479, 15.247224 ], [ 101.194513, 15.248326 ], [ 101.195067, 15.249074 ], [ 101.195809, 15.249865 ], [ 101.197382, 15.25098 ], [ 101.197813, 15.251559 ], [ 101.197921, 15.251856 ], [ 101.197935, 15.252463 ], [ 101.197635, 15.252802 ], [ 101.196819, 15.2541 ], [ 101.196449, 15.254524 ], [ 101.19599, 15.254892 ], [ 101.194965, 15.255245 ], [ 101.193691, 15.255105 ], [ 101.193174, 15.255084 ], [ 101.19292, 15.255148 ], [ 101.19268, 15.255254 ], [ 101.19252, 15.255487 ], [ 101.192462, 15.255833 ], [ 101.192767, 15.256299 ], [ 101.193888, 15.256871 ], [ 101.194806, 15.257132 ], [ 101.19525, 15.257343 ], [ 101.196363, 15.258099 ], [ 101.196713, 15.258494 ], [ 101.196902, 15.25896 ], [ 101.196983, 15.259462 ], [ 101.196685, 15.26026 ], [ 101.196365, 15.260317 ], [ 101.196175, 15.260253 ], [ 101.195338, 15.259703 ], [ 101.194996, 15.259336 ], [ 101.19477, 15.259308 ], [ 101.194174, 15.259795 ], [ 101.193825, 15.260325 ], [ 101.193404, 15.261661 ], [ 101.192575, 15.263661 ], [ 101.192212, 15.26412 ], [ 101.191732, 15.264594 ], [ 101.189724, 15.265534 ], [ 101.18848, 15.266658 ], [ 101.188233, 15.267195 ], [ 101.187816, 15.268787 ], [ 101.187581, 15.269339 ], [ 101.187295, 15.269842 ], [ 101.186534, 15.270854 ], [ 101.186145, 15.271853 ], [ 101.186648, 15.272159 ], [ 101.186998, 15.272159 ], [ 101.188224, 15.271962 ], [ 101.188959, 15.271679 ], [ 101.189643, 15.271573 ], [ 101.190167, 15.271537 ], [ 101.190822, 15.271629 ], [ 101.192133, 15.272066 ], [ 101.194193, 15.273351 ], [ 101.194979, 15.27352 ], [ 101.19551, 15.273385 ], [ 101.195699, 15.273244 ], [ 101.19639, 15.272212 ], [ 101.196856, 15.272169 ], [ 101.197096, 15.272268 ], [ 101.197285, 15.272536 ], [ 101.197417, 15.272911 ], [ 101.197257, 15.274027 ], [ 101.196945, 15.275045 ], [ 101.196793, 15.275921 ], [ 101.197012, 15.276888 ], [ 101.197259, 15.277559 ], [ 101.198417, 15.278816 ], [ 101.199546, 15.279345 ], [ 101.201074, 15.279648 ], [ 101.202108, 15.279577 ], [ 101.202894, 15.279852 ], [ 101.203083, 15.28 ], [ 101.203142, 15.280537 ], [ 101.202801, 15.28236 ], [ 101.202387, 15.283349 ], [ 101.2019, 15.284226 ], [ 101.201871, 15.284671 ], [ 101.20214, 15.285052 ], [ 101.202788, 15.285405 ], [ 101.205598, 15.285989 ], [ 101.208058, 15.286094 ], [ 101.20939, 15.286051 ], [ 101.209863, 15.286177 ], [ 101.212397, 15.287991 ], [ 101.212965, 15.2885 ], [ 101.213344, 15.288966 ], [ 101.213396, 15.290739 ], [ 101.213236, 15.291516 ], [ 101.212793, 15.292378 ], [ 101.211949, 15.293099 ], [ 101.211687, 15.293439 ], [ 101.211615, 15.293686 ], [ 101.211797, 15.294173 ], [ 101.21227, 15.294427 ], [ 101.212605, 15.294434 ], [ 101.213355, 15.294137 ], [ 101.214104, 15.293974 ], [ 101.214235, 15.294101 ], [ 101.214272, 15.294574 ], [ 101.213239, 15.295818 ], [ 101.211524, 15.298596 ], [ 101.211422, 15.298949 ], [ 101.210593, 15.300348 ], [ 101.210208, 15.301239 ], [ 101.209961, 15.302051 ], [ 101.209678, 15.302617 ], [ 101.208725, 15.30391 ], [ 101.208552, 15.305422 ], [ 101.208771, 15.306658 ], [ 101.20936, 15.306707 ], [ 101.20979, 15.306834 ], [ 101.21043, 15.30677 ], [ 101.210642, 15.307088 ], [ 101.210605, 15.307363 ], [ 101.210169, 15.308091 ], [ 101.209842, 15.308431 ], [ 101.209122, 15.30877 ], [ 101.208321, 15.308933 ], [ 101.205708, 15.308949 ], [ 101.20458, 15.309183 ], [ 101.204027, 15.309134 ], [ 101.203699, 15.309311 ], [ 101.203241, 15.310081 ], [ 101.203176, 15.31042 ], [ 101.203342, 15.311944 ], [ 101.203815, 15.313712 ], [ 101.203936, 15.314468 ], [ 101.20403, 15.316389 ], [ 101.204173, 15.317152 ], [ 101.204526, 15.318036 ], [ 101.205191, 15.319183 ], [ 101.20685, 15.3213 ], [ 101.207875, 15.323253 ], [ 101.208724, 15.324118 ], [ 101.211302, 15.325278 ], [ 101.211447, 15.325547 ], [ 101.211489, 15.325865 ], [ 101.212466, 15.327493 ], [ 101.213664, 15.330117 ], [ 101.213699, 15.330534 ], [ 101.213543, 15.331162 ], [ 101.213338, 15.331606 ], [ 101.212804, 15.332275 ], [ 101.21235, 15.333093 ], [ 101.212297, 15.333672 ], [ 101.212427, 15.333962 ], [ 101.212964, 15.334211 ], [ 101.214235, 15.335056 ], [ 101.215411, 15.33566 ], [ 101.217248, 15.336881 ], [ 101.218353, 15.337267 ], [ 101.218796, 15.337332 ], [ 101.219733, 15.337886 ], [ 101.219767, 15.338543 ], [ 101.219839, 15.338691 ], [ 101.219992, 15.338777 ], [ 101.220654, 15.338857 ], [ 101.220806, 15.339027 ], [ 101.22082, 15.339175 ], [ 101.220717, 15.33933 ], [ 101.220462, 15.33947 ], [ 101.220374, 15.339597 ], [ 101.220424, 15.339823 ], [ 101.220569, 15.339965 ], [ 101.220773, 15.340029 ], [ 101.221115, 15.33996 ], [ 101.221384, 15.34006 ], [ 101.221567, 15.339764 ], [ 101.221786, 15.339701 ], [ 101.222593, 15.339845 ], [ 101.22279, 15.339818 ], [ 101.223774, 15.339348 ], [ 101.224101, 15.339293 ], [ 101.225258, 15.339459 ], [ 101.225635, 15.339926 ], [ 101.226063, 15.340182 ], [ 101.226134, 15.340726 ], [ 101.225527, 15.341586 ], [ 101.225137, 15.342637 ], [ 101.22494, 15.342862 ], [ 101.224392, 15.343305 ], [ 101.223372, 15.343774 ], [ 101.223102, 15.343971 ], [ 101.222744, 15.344274 ], [ 101.222582, 15.344662 ], [ 101.222602, 15.345205 ], [ 101.223094, 15.345991 ], [ 101.223624, 15.346473 ], [ 101.223798, 15.346509 ], [ 101.223929, 15.346439 ], [ 101.224162, 15.346496 ], [ 101.224358, 15.346666 ], [ 101.224603, 15.347268 ], [ 101.224514, 15.347853 ], [ 101.224242, 15.348545 ], [ 101.224022, 15.348833 ], [ 101.223709, 15.349065 ], [ 101.22298, 15.349345 ], [ 101.221647, 15.349623 ], [ 101.217623, 15.349298 ], [ 101.216954, 15.349183 ], [ 101.215863, 15.349144 ], [ 101.214872, 15.349331 ], [ 101.213809, 15.349426 ], [ 101.213212, 15.349579 ], [ 101.212513, 15.349612 ], [ 101.211786, 15.34956 ], [ 101.21039, 15.349018 ], [ 101.209647, 15.349157 ], [ 101.209421, 15.349283 ], [ 101.208865, 15.350086 ], [ 101.208637, 15.350862 ], [ 101.208608, 15.35267 ], [ 101.208678, 15.353391 ], [ 101.208951, 15.354388 ], [ 101.209406, 15.355208 ], [ 101.20987, 15.355803 ], [ 101.209978, 15.356058 ], [ 101.209985, 15.35627 ], [ 101.209897, 15.356432 ], [ 101.209502, 15.356868 ], [ 101.208503, 15.35726 ], [ 101.208145, 15.357563 ], [ 101.207758, 15.357999 ], [ 101.207114, 15.358929 ], [ 101.206631, 15.359775 ], [ 101.206329, 15.360558 ], [ 101.205871, 15.362392 ], [ 101.204805, 15.362966 ], [ 101.204358, 15.363025 ], [ 101.203232, 15.363382 ], [ 101.201831, 15.363495 ], [ 101.201162, 15.363658 ], [ 101.200443, 15.36365 ], [ 101.199789, 15.364453 ], [ 101.199675, 15.364786 ], [ 101.199713, 15.36532 ], [ 101.200111, 15.365758 ], [ 101.201586, 15.366842 ], [ 101.20323, 15.368489 ], [ 101.204996, 15.369753 ], [ 101.206424, 15.370509 ], [ 101.208549, 15.371791 ], [ 101.208932, 15.372208 ], [ 101.209051, 15.372679 ], [ 101.208714, 15.373308 ], [ 101.208161, 15.373572 ], [ 101.20768, 15.373951 ], [ 101.207494, 15.374176 ], [ 101.207343, 15.374551 ], [ 101.207405, 15.37495 ], [ 101.207738, 15.375281 ], [ 101.207787, 15.376085 ], [ 101.207047, 15.376646 ], [ 101.205409, 15.377581 ], [ 101.204822, 15.37761 ], [ 101.204378, 15.377328 ], [ 101.204229, 15.376913 ], [ 101.204341, 15.376118 ], [ 101.204333, 15.37562 ], [ 101.204206, 15.375164 ], [ 101.204041, 15.374884 ], [ 101.203837, 15.37474 ], [ 101.20353, 15.374715 ], [ 101.203183, 15.374903 ], [ 101.202914, 15.375348 ], [ 101.202071, 15.377195 ], [ 101.200914, 15.378299 ], [ 101.200444, 15.379054 ], [ 101.199864, 15.3803 ], [ 101.199393, 15.381077 ], [ 101.199193, 15.381316 ], [ 101.198122, 15.381944 ], [ 101.197906, 15.382248 ], [ 101.197822, 15.382531 ], [ 101.197928, 15.383464 ], [ 101.198014, 15.383693 ], [ 101.198414, 15.383896 ], [ 101.198928, 15.383852 ], [ 101.199394, 15.383523 ], [ 101.199825, 15.382973 ], [ 101.200075, 15.382293 ], [ 101.200261, 15.382082 ], [ 101.20046, 15.381999 ], [ 101.200863, 15.382046 ], [ 101.20114, 15.382163 ], [ 101.201401, 15.382365 ], [ 101.201674, 15.382859 ], [ 101.201668, 15.383314 ], [ 101.201221, 15.383985 ], [ 101.200221, 15.384848 ], [ 101.199468, 15.385885 ], [ 101.199298, 15.38604 ], [ 101.198745, 15.386297 ], [ 101.198552, 15.386494 ], [ 101.198403, 15.386705 ], [ 101.198311, 15.38706 ], [ 101.198322, 15.387309 ], [ 101.19858, 15.387824 ], [ 101.199263, 15.388336 ], [ 101.199497, 15.38836 ], [ 101.199718, 15.388327 ], [ 101.200638, 15.38742 ], [ 101.200889, 15.387252 ], [ 101.201728, 15.386935 ], [ 101.202087, 15.386967 ], [ 101.202262, 15.387054 ], [ 101.202369, 15.38729 ], [ 101.202327, 15.38778 ], [ 101.201872, 15.38843 ], [ 101.20148, 15.388681 ], [ 101.201336, 15.389128 ], [ 101.201348, 15.389306 ], [ 101.2016, 15.389728 ], [ 101.20162, 15.389892 ], [ 101.201472, 15.390573 ], [ 101.201315, 15.390863 ], [ 101.201078, 15.391095 ], [ 101.200746, 15.391248 ], [ 101.199645, 15.391378 ], [ 101.198935, 15.391256 ], [ 101.197594, 15.390608 ], [ 101.197413, 15.390449 ], [ 101.197172, 15.390361 ], [ 101.19693, 15.390401 ], [ 101.196781, 15.390521 ], [ 101.19663, 15.390917 ], [ 101.196707, 15.391266 ], [ 101.197185, 15.391727 ], [ 101.197217, 15.392097 ], [ 101.197149, 15.392317 ], [ 101.197015, 15.392451 ], [ 101.196234, 15.392783 ], [ 101.195257, 15.392971 ], [ 101.195, 15.392968 ], [ 101.194607, 15.392765 ], [ 101.194211, 15.39276 ], [ 101.193804, 15.39309 ], [ 101.193658, 15.393658 ], [ 101.19395, 15.394998 ], [ 101.193918, 15.395218 ], [ 101.193617, 15.395848 ], [ 101.19369, 15.396488 ], [ 101.19382, 15.396689 ], [ 101.194052, 15.396848 ], [ 101.194791, 15.397006 ], [ 101.195396, 15.397325 ], [ 101.195519, 15.397448 ], [ 101.195566, 15.397804 ], [ 101.195277, 15.398085 ], [ 101.194624, 15.398106 ], [ 101.193497, 15.398556 ], [ 101.192929, 15.398884 ], [ 101.192268, 15.399559 ], [ 101.192009, 15.400367 ], [ 101.191725, 15.400876 ], [ 101.191516, 15.401144 ], [ 101.191109, 15.401438 ], [ 101.190075, 15.401505 ], [ 101.189743, 15.401657 ], [ 101.189644, 15.401983 ], [ 101.189797, 15.402654 ], [ 101.189602, 15.403092 ], [ 101.189169, 15.403109 ], [ 101.18903, 15.403072 ], [ 101.188733, 15.402805 ], [ 101.188375, 15.402666 ], [ 101.18795, 15.402668 ], [ 101.187405, 15.40289 ], [ 101.186693, 15.403522 ], [ 101.186319, 15.403589 ], [ 101.186136, 15.403544 ], [ 101.185577, 15.403047 ], [ 101.185523, 15.402726 ], [ 101.185719, 15.401022 ], [ 101.185673, 15.400602 ], [ 101.185441, 15.400322 ], [ 101.184988, 15.400238 ], [ 101.184767, 15.4003 ], [ 101.184071, 15.400875 ], [ 101.183952, 15.401066 ], [ 101.182816, 15.402098 ], [ 101.181808, 15.403517 ], [ 101.180167, 15.404788 ], [ 101.179978, 15.405346 ], [ 101.179838, 15.405457 ], [ 101.179463, 15.405576 ], [ 101.179351, 15.405303 ], [ 101.179177, 15.405153 ], [ 101.179145, 15.404756 ], [ 101.178414, 15.404246 ], [ 101.177956, 15.404114 ], [ 101.176527, 15.404007 ], [ 101.175796, 15.403461 ], [ 101.175513, 15.403394 ], [ 101.175176, 15.403461 ], [ 101.174425, 15.404048 ], [ 101.173813, 15.404693 ], [ 101.173349, 15.405056 ], [ 101.173315, 15.405438 ], [ 101.173617, 15.405837 ], [ 101.174051, 15.406224 ], [ 101.174121, 15.406444 ], [ 101.174198, 15.406757 ], [ 101.174067, 15.407335 ], [ 101.173692, 15.407579 ], [ 101.17274, 15.407916 ], [ 101.172434, 15.407913 ], [ 101.171598, 15.407628 ], [ 101.170773, 15.407168 ], [ 101.170168, 15.40719 ], [ 101.169567, 15.407382 ], [ 101.168716, 15.407097 ], [ 101.168464, 15.406861 ], [ 101.168451, 15.406705 ], [ 101.168742, 15.406092 ], [ 101.168609, 15.405644 ], [ 101.168693, 15.405341 ], [ 101.169011, 15.404962 ], [ 101.168955, 15.4047 ], [ 101.168775, 15.404499 ], [ 101.168143, 15.404245 ], [ 101.166762, 15.40445 ], [ 101.166455, 15.404425 ], [ 101.166147, 15.404627 ], [ 101.165789, 15.405317 ], [ 101.165494, 15.405576 ], [ 101.165142, 15.405714 ], [ 101.164141, 15.405831 ], [ 101.163873, 15.4057 ], [ 101.163613, 15.405443 ], [ 101.163326, 15.405015 ], [ 101.163285, 15.404738 ], [ 101.163442, 15.404443 ], [ 101.163706, 15.404283 ], [ 101.163797, 15.403979 ], [ 101.163647, 15.403744 ], [ 101.163053, 15.40332 ], [ 101.162622, 15.403351 ], [ 101.162327, 15.403617 ], [ 101.161917, 15.404377 ], [ 101.161762, 15.405182 ], [ 101.161605, 15.405556 ], [ 101.160112, 15.406566 ], [ 101.159863, 15.406649 ], [ 101.159428, 15.406403 ], [ 101.159092, 15.405805 ], [ 101.15896, 15.405251 ], [ 101.158764, 15.405087 ], [ 101.157894, 15.404667 ], [ 101.157517, 15.403792 ], [ 101.15758, 15.40341 ], [ 101.157967, 15.402721 ], [ 101.158142, 15.402687 ], [ 101.1585, 15.402677 ], [ 101.159089, 15.402874 ], [ 101.159319, 15.403139 ], [ 101.159581, 15.403226 ], [ 101.159829, 15.403215 ], [ 101.16002, 15.403104 ], [ 101.160679, 15.402268 ], [ 101.161303, 15.401942 ], [ 101.161414, 15.401802 ], [ 101.161416, 15.401653 ], [ 101.161308, 15.401489 ], [ 101.160944, 15.401401 ], [ 101.159435, 15.401271 ], [ 101.159194, 15.401311 ], [ 101.158554, 15.401736 ], [ 101.158349, 15.401805 ], [ 101.158109, 15.401767 ], [ 101.158037, 15.401631 ], [ 101.158126, 15.400882 ], [ 101.157998, 15.40059 ], [ 101.157789, 15.400411 ], [ 101.15736, 15.400216 ], [ 101.156811, 15.399728 ], [ 101.156579, 15.399613 ], [ 101.156156, 15.399587 ], [ 101.15582, 15.399619 ], [ 101.154745, 15.400464 ], [ 101.154423, 15.400588 ], [ 101.15408, 15.400619 ], [ 101.153089, 15.40114 ], [ 101.152738, 15.4012 ], [ 101.152535, 15.401091 ], [ 101.1525, 15.400949 ], [ 101.152678, 15.400668 ], [ 101.153218, 15.400051 ], [ 101.153323, 15.399762 ], [ 101.153642, 15.399305 ], [ 101.154707, 15.398665 ], [ 101.154637, 15.398424 ], [ 101.15398, 15.397872 ], [ 101.152746, 15.39788 ], [ 101.152239, 15.39757 ], [ 101.152027, 15.397596 ], [ 101.151895, 15.397708 ], [ 101.151573, 15.398419 ], [ 101.151113, 15.399044 ], [ 101.150937, 15.39912 ], [ 101.150639, 15.399068 ], [ 101.150569, 15.398805 ], [ 101.150988, 15.398526 ], [ 101.151048, 15.398371 ], [ 101.151057, 15.39823 ], [ 101.150718, 15.39783 ], [ 101.149626, 15.396983 ], [ 101.149174, 15.396928 ], [ 101.148641, 15.397043 ], [ 101.148218, 15.396982 ], [ 101.147972, 15.396823 ], [ 101.147832, 15.39627 ], [ 101.146986, 15.395616 ], [ 101.146638, 15.394742 ], [ 101.146379, 15.394484 ], [ 101.145942, 15.394423 ], [ 101.145693, 15.394484 ], [ 101.14533, 15.394933 ], [ 101.145076, 15.395419 ], [ 101.144901, 15.396104 ], [ 101.144925, 15.3965 ], [ 101.144647, 15.396611 ], [ 101.14352, 15.396259 ], [ 101.143348, 15.395988 ], [ 101.143358, 15.395705 ], [ 101.143583, 15.395176 ], [ 101.143729, 15.394598 ], [ 101.143728, 15.39406 ], [ 101.143832, 15.393827 ], [ 101.144341, 15.393995 ], [ 101.144531, 15.393983 ], [ 101.144649, 15.393885 ], [ 101.14456, 15.393368 ], [ 101.144042, 15.392234 ], [ 101.143651, 15.391968 ], [ 101.143301, 15.391943 ], [ 101.142905, 15.392151 ], [ 101.14272, 15.392333 ], [ 101.142209, 15.39237 ], [ 101.142021, 15.392213 ], [ 101.141935, 15.392056 ], [ 101.141946, 15.391773 ], [ 101.142237, 15.391217 ], [ 101.142584, 15.390824 ], [ 101.142615, 15.390697 ], [ 101.14225, 15.390063 ], [ 101.141924, 15.389854 ], [ 101.141427, 15.389934 ], [ 101.141209, 15.390463 ], [ 101.141206, 15.390781 ], [ 101.140938, 15.391224 ], [ 101.139757, 15.391155 ], [ 101.138995, 15.390793 ], [ 101.138377, 15.389321 ], [ 101.138047, 15.388836 ], [ 101.137593, 15.38767 ], [ 101.137461, 15.387138 ], [ 101.137225, 15.38671 ], [ 101.137116, 15.386058 ], [ 101.136908, 15.385702 ], [ 101.136574, 15.385542 ], [ 101.135876, 15.385393 ], [ 101.135464, 15.385637 ], [ 101.13506, 15.386496 ], [ 101.134868, 15.386706 ], [ 101.134297, 15.386926 ], [ 101.133918, 15.386866 ], [ 101.133647, 15.386941 ], [ 101.132972, 15.387273 ], [ 101.132072, 15.388047 ], [ 101.131949, 15.388512 ], [ 101.131986, 15.389038 ], [ 101.132635, 15.390084 ], [ 101.132703, 15.390486 ], [ 101.132295, 15.391171 ], [ 101.131939, 15.391532 ], [ 101.131856, 15.391856 ], [ 101.131953, 15.392072 ], [ 101.132592, 15.392127 ], [ 101.132915, 15.392527 ], [ 101.132771, 15.394045 ], [ 101.133508, 15.394471 ], [ 101.133989, 15.394652 ], [ 101.134339, 15.394649 ], [ 101.134595, 15.394739 ], [ 101.134757, 15.394985 ], [ 101.134536, 15.395204 ], [ 101.134186, 15.395238 ], [ 101.133869, 15.395427 ], [ 101.133713, 15.3958 ], [ 101.133685, 15.396109 ], [ 101.133657, 15.396574 ], [ 101.133756, 15.396883 ], [ 101.13395, 15.397128 ], [ 101.134334, 15.397279 ], [ 101.135859, 15.396708 ], [ 101.136007, 15.398656 ], [ 101.135662, 15.399278 ], [ 101.13554, 15.399837 ], [ 101.135035, 15.400306 ], [ 101.134431, 15.400497 ], [ 101.133285, 15.400725 ], [ 101.132707, 15.40049 ], [ 101.132334, 15.401291 ], [ 101.131764, 15.401606 ], [ 101.131575, 15.401886 ], [ 101.131674, 15.402195 ], [ 101.132184, 15.40219 ], [ 101.132953, 15.402585 ], [ 101.13318, 15.402892 ], [ 101.132895, 15.403143 ], [ 101.132607, 15.403022 ], [ 101.132195, 15.403273 ], [ 101.131883, 15.403926 ], [ 101.13176, 15.404361 ], [ 101.131764, 15.404825 ], [ 101.131895, 15.405133 ], [ 101.13247, 15.405251 ], [ 101.132856, 15.405557 ], [ 101.132795, 15.405836 ], [ 101.131817, 15.406805 ], [ 101.131819, 15.407022 ], [ 101.132044, 15.407236 ], [ 101.132492, 15.407387 ], [ 101.132782, 15.407632 ], [ 101.133195, 15.407504 ], [ 101.133419, 15.407595 ], [ 101.133517, 15.407841 ], [ 101.133525, 15.408553 ], [ 101.133368, 15.408864 ], [ 101.132, 15.409156 ], [ 101.132099, 15.409464 ], [ 101.132488, 15.410079 ], [ 101.132558, 15.410729 ], [ 101.132306, 15.41101 ], [ 101.1317, 15.410985 ], [ 101.131605, 15.411109 ], [ 101.131576, 15.411326 ], [ 101.131642, 15.411573 ], [ 101.131965, 15.411972 ], [ 101.131999, 15.412189 ], [ 101.131842, 15.412469 ], [ 101.131238, 15.412629 ], [ 101.130953, 15.412818 ], [ 101.130671, 15.413316 ], [ 101.130549, 15.413812 ], [ 101.130552, 15.414183 ], [ 101.130779, 15.414522 ], [ 101.131069, 15.414767 ], [ 101.131328, 15.415197 ], [ 101.131011, 15.415386 ], [ 101.130627, 15.415297 ], [ 101.130282, 15.415857 ], [ 101.130317, 15.416136 ], [ 101.130193, 15.416477 ], [ 101.12981, 15.41645 ], [ 101.129807, 15.416171 ], [ 101.129704, 15.415967 ], [ 101.128995, 15.416382 ], [ 101.127861, 15.416681 ], [ 101.127582, 15.416841 ], [ 101.127331, 15.417171 ], [ 101.127312, 15.417489 ], [ 101.127614, 15.417888 ], [ 101.128385, 15.41866 ], [ 101.12844, 15.418979 ], [ 101.12827, 15.419203 ], [ 101.127903, 15.41939 ], [ 101.127655, 15.419395 ], [ 101.12718, 15.418873 ], [ 101.126721, 15.418798 ], [ 101.126407, 15.418858 ], [ 101.125789, 15.419396 ], [ 101.125056, 15.419714 ], [ 101.124837, 15.419704 ], [ 101.124671, 15.419596 ], [ 101.124603, 15.419185 ], [ 101.125321, 15.41821 ], [ 101.125667, 15.417945 ], [ 101.125766, 15.417592 ], [ 101.125694, 15.417429 ], [ 101.125557, 15.41735 ], [ 101.124967, 15.417329 ], [ 101.124586, 15.417495 ], [ 101.124488, 15.417769 ], [ 101.124355, 15.417902 ], [ 101.12415, 15.417999 ], [ 101.123887, 15.418003 ], [ 101.123576, 15.41783 ], [ 101.123136, 15.417366 ], [ 101.122385, 15.417386 ], [ 101.121637, 15.417781 ], [ 101.120231, 15.418297 ], [ 101.119889, 15.418265 ], [ 101.119621, 15.418113 ], [ 101.119231, 15.417777 ], [ 101.118592, 15.416893 ], [ 101.118316, 15.416791 ], [ 101.117558, 15.416768 ], [ 101.116868, 15.41657 ], [ 101.116546, 15.416644 ], [ 101.11639, 15.416918 ], [ 101.116444, 15.417244 ], [ 101.116595, 15.417465 ], [ 101.1174, 15.417799 ], [ 101.117682, 15.418014 ], [ 101.118479, 15.419084 ], [ 101.11847, 15.419232 ], [ 101.118139, 15.419483 ], [ 101.117204, 15.41965 ], [ 101.116699, 15.419864 ], [ 101.116493, 15.419996 ], [ 101.116042, 15.420522 ], [ 101.115382, 15.420861 ], [ 101.115204, 15.421163 ], [ 101.115163, 15.421502 ], [ 101.115254, 15.421864 ], [ 101.115644, 15.422165 ], [ 101.11605, 15.422347 ], [ 101.117177, 15.422642 ], [ 101.117321, 15.422778 ], [ 101.117385, 15.422969 ], [ 101.11728, 15.423244 ], [ 101.117022, 15.423496 ], [ 101.116265, 15.423976 ], [ 101.116095, 15.424165 ], [ 101.116027, 15.424362 ], [ 101.116051, 15.424801 ], [ 101.115946, 15.425075 ], [ 101.115644, 15.425369 ], [ 101.11559, 15.425588 ], [ 101.115719, 15.425816 ], [ 101.115907, 15.425945 ], [ 101.116235, 15.425977 ], [ 101.116819, 15.425884 ], [ 101.117862, 15.425853 ], [ 101.11816, 15.425927 ], [ 101.118398, 15.426177 ], [ 101.118497, 15.426418 ], [ 101.118508, 15.426779 ], [ 101.118432, 15.427054 ], [ 101.118256, 15.427151 ], [ 101.118052, 15.427135 ], [ 101.117678, 15.42665 ], [ 101.117315, 15.426526 ], [ 101.117096, 15.426538 ], [ 101.116934, 15.42672 ], [ 101.117204, 15.427982 ], [ 101.116516, 15.429396 ], [ 101.116476, 15.430407 ], [ 101.115956, 15.431193 ], [ 101.11591, 15.431405 ], [ 101.116084, 15.432121 ], [ 101.115718, 15.432888 ], [ 101.115511, 15.433148 ], [ 101.115203, 15.433279 ], [ 101.114884, 15.433183 ], [ 101.114608, 15.433011 ], [ 101.114222, 15.432335 ], [ 101.114049, 15.432163 ], [ 101.113932, 15.43219 ], [ 101.113767, 15.432655 ], [ 101.113552, 15.432964 ], [ 101.112264, 15.433367 ], [ 101.111859, 15.433731 ], [ 101.111642, 15.434131 ], [ 101.111134, 15.434628 ], [ 101.110862, 15.434767 ], [ 101.109293, 15.434884 ], [ 101.109073, 15.43503 ], [ 101.108776, 15.435451 ], [ 101.108505, 15.435611 ], [ 101.108016, 15.435613 ], [ 101.107634, 15.435213 ], [ 101.107617, 15.434802 ], [ 101.10778, 15.433948 ], [ 101.107636, 15.433756 ], [ 101.10739, 15.433626 ], [ 101.106996, 15.433657 ], [ 101.1066, 15.433844 ], [ 101.106393, 15.434046 ], [ 101.106476, 15.434451 ], [ 101.106787, 15.434737 ], [ 101.106937, 15.434929 ], [ 101.106943, 15.435043 ], [ 101.106794, 15.435359 ], [ 101.106449, 15.435568 ], [ 101.10582, 15.435695 ], [ 101.105135, 15.43566 ], [ 101.104875, 15.43548 ], [ 101.104725, 15.43521 ], [ 101.104756, 15.434404 ], [ 101.104677, 15.434311 ], [ 101.104466, 15.434301 ], [ 101.102786, 15.435153 ], [ 101.102181, 15.435769 ], [ 101.101932, 15.435851 ], [ 101.101436, 15.435846 ], [ 101.101267, 15.435985 ], [ 101.100868, 15.437028 ], [ 101.101564, 15.438683 ], [ 101.101528, 15.439291 ], [ 101.101321, 15.439522 ], [ 101.100976, 15.439688 ], [ 101.100004, 15.439897 ], [ 101.099591, 15.440345 ], [ 101.099486, 15.440592 ], [ 101.099276, 15.441693 ], [ 101.099, 15.44196 ], [ 101.098608, 15.442014 ], [ 101.098321, 15.442165 ], [ 101.098182, 15.442367 ], [ 101.098295, 15.443156 ], [ 101.09829, 15.443892 ], [ 101.098648, 15.444135 ], [ 101.098713, 15.44436 ], [ 101.098633, 15.444588 ], [ 101.098233, 15.444841 ], [ 101.09798, 15.445118 ], [ 101.097907, 15.445573 ], [ 101.098007, 15.445966 ], [ 101.098129, 15.446132 ], [ 101.098378, 15.446152 ], [ 101.098739, 15.446042 ], [ 101.099368, 15.445669 ], [ 101.099789, 15.4456 ], [ 101.100935, 15.445848 ], [ 101.102738, 15.447023 ], [ 101.102868, 15.446991 ], [ 101.103037, 15.446802 ], [ 101.103291, 15.446087 ], [ 101.103417, 15.445913 ], [ 101.104324, 15.44556 ], [ 101.104443, 15.445627 ], [ 101.104537, 15.445836 ], [ 101.104621, 15.447079 ], [ 101.104724, 15.447557 ], [ 101.104643, 15.447757 ], [ 101.104246, 15.447887 ], [ 101.103028, 15.447887 ], [ 101.102848, 15.447963 ], [ 101.10273, 15.44813 ], [ 101.102754, 15.449091 ], [ 101.10289, 15.449454 ], [ 101.102972, 15.450188 ], [ 101.10322, 15.450654 ], [ 101.103468, 15.450653 ], [ 101.104099, 15.449856 ], [ 101.104296, 15.449192 ], [ 101.104594, 15.449155 ], [ 101.104807, 15.449445 ], [ 101.104858, 15.449882 ], [ 101.105138, 15.450404 ], [ 101.10582, 15.450992 ], [ 101.106027, 15.451077 ], [ 101.106404, 15.451009 ], [ 101.10651, 15.451105 ], [ 101.106496, 15.451799 ], [ 101.106334, 15.45198 ], [ 101.106013, 15.451976 ], [ 101.105788, 15.451799 ], [ 101.105487, 15.45173 ], [ 101.105123, 15.451741 ], [ 101.104739, 15.451824 ], [ 101.1039, 15.452274 ], [ 101.10385, 15.45253 ], [ 101.104207, 15.452972 ], [ 101.104266, 15.453204 ], [ 101.104088, 15.453329 ], [ 101.10344, 15.453356 ], [ 101.102511, 15.453059 ], [ 101.102131, 15.453043 ], [ 101.101198, 15.452597 ], [ 101.101029, 15.452574 ], [ 101.10096, 15.452682 ], [ 101.101057, 15.45321 ], [ 101.101241, 15.453692 ], [ 101.101699, 15.45411 ], [ 101.102743, 15.454375 ], [ 101.103565, 15.454965 ], [ 101.104367, 15.454955 ], [ 101.104836, 15.455025 ], [ 101.105169, 15.455404 ], [ 101.105242, 15.455628 ], [ 101.105195, 15.45575 ], [ 101.10486, 15.455994 ], [ 101.103802, 15.456634 ], [ 101.103133, 15.457143 ], [ 101.10243, 15.457511 ], [ 101.101932, 15.45812 ], [ 101.101868, 15.458391 ], [ 101.101928, 15.458665 ], [ 101.10207, 15.458788 ], [ 101.102519, 15.458909 ], [ 101.102738, 15.459128 ], [ 101.103084, 15.459684 ], [ 101.103089, 15.459846 ], [ 101.102043, 15.460628 ], [ 101.101692, 15.461056 ], [ 101.101414, 15.461256 ], [ 101.101336, 15.461541 ], [ 101.101401, 15.461758 ], [ 101.101832, 15.462007 ], [ 101.102038, 15.46205 ], [ 101.103225, 15.462013 ], [ 101.103723, 15.462288 ], [ 101.10427, 15.462745 ], [ 101.10502, 15.463147 ], [ 101.105216, 15.463353 ], [ 101.105273, 15.463535 ], [ 101.105241, 15.46367 ], [ 101.104728, 15.464047 ], [ 101.103033, 15.464403 ], [ 101.10246, 15.46493 ], [ 101.101953, 15.465059 ], [ 101.101508, 15.465037 ], [ 101.101335, 15.465092 ], [ 101.101143, 15.465267 ], [ 101.101054, 15.465426 ], [ 101.101073, 15.465566 ], [ 101.101255, 15.465794 ], [ 101.101583, 15.466004 ], [ 101.102154, 15.466078 ], [ 101.102473, 15.466217 ], [ 101.102535, 15.466342 ], [ 101.102469, 15.466769 ], [ 101.101691, 15.46774 ], [ 101.101683, 15.467967 ], [ 101.101961, 15.468192 ], [ 101.102704, 15.468162 ], [ 101.103085, 15.468221 ], [ 101.103185, 15.468847 ], [ 101.102865, 15.469303 ], [ 101.102391, 15.46953 ], [ 101.102179, 15.469529 ], [ 101.101663, 15.469347 ], [ 101.101341, 15.469335 ], [ 101.100968, 15.469517 ], [ 101.100772, 15.469763 ], [ 101.100624, 15.470164 ], [ 101.100551, 15.471043 ], [ 101.100394, 15.471373 ], [ 101.099481, 15.472017 ], [ 101.098918, 15.471737 ], [ 101.098754, 15.471841 ], [ 101.09857, 15.472257 ], [ 101.098531, 15.47375 ], [ 101.098328, 15.474018 ], [ 101.097725, 15.474086 ], [ 101.097226, 15.473995 ], [ 101.096879, 15.47407 ], [ 101.096328, 15.474419 ], [ 101.096069, 15.474818 ], [ 101.09599, 15.47536 ], [ 101.096002, 15.475655 ], [ 101.096273, 15.476719 ], [ 101.09631, 15.477238 ], [ 101.096225, 15.477373 ], [ 101.096096, 15.47741 ], [ 101.095586, 15.477277 ], [ 101.095046, 15.476548 ], [ 101.094853, 15.47582 ], [ 101.0949, 15.475581 ], [ 101.095063, 15.475332 ], [ 101.095406, 15.475046 ], [ 101.095384, 15.474569 ], [ 101.095222, 15.474424 ], [ 101.094471, 15.47414 ], [ 101.093966, 15.473818 ], [ 101.093042, 15.473579 ], [ 101.092902, 15.473426 ], [ 101.092758, 15.473021 ], [ 101.092562, 15.472975 ], [ 101.092259, 15.473028 ], [ 101.091748, 15.473289 ], [ 101.091543, 15.473559 ], [ 101.091272, 15.474294 ], [ 101.09062, 15.474725 ], [ 101.090292, 15.475102 ], [ 101.090076, 15.475604 ], [ 101.089999, 15.476231 ], [ 101.090166, 15.476692 ], [ 101.090585, 15.477093 ], [ 101.091629, 15.477569 ], [ 101.09174, 15.477764 ], [ 101.0917, 15.47794 ], [ 101.091457, 15.478133 ], [ 101.090348, 15.47853 ], [ 101.090047, 15.478731 ], [ 101.089697, 15.479087 ], [ 101.089382, 15.479773 ], [ 101.088757, 15.480521 ], [ 101.088492, 15.480721 ], [ 101.088326, 15.480745 ], [ 101.088106, 15.480622 ], [ 101.087854, 15.480675 ], [ 101.087696, 15.480775 ], [ 101.087549, 15.481094 ], [ 101.087559, 15.481283 ], [ 101.08862, 15.482363 ], [ 101.088825, 15.482515 ], [ 101.089058, 15.482574 ], [ 101.090951, 15.481822 ], [ 101.091604, 15.481419 ], [ 101.092051, 15.481335 ], [ 101.092147, 15.481404 ], [ 101.092221, 15.481522 ], [ 101.092171, 15.482007 ], [ 101.091609, 15.483077 ], [ 101.091513, 15.483471 ], [ 101.091705, 15.484115 ], [ 101.091601, 15.484397 ], [ 101.091409, 15.484653 ], [ 101.091144, 15.484847 ], [ 101.09061, 15.484974 ], [ 101.090233, 15.485388 ], [ 101.090068, 15.485973 ], [ 101.089961, 15.486958 ], [ 101.089851, 15.487318 ], [ 101.089653, 15.487637 ], [ 101.089273, 15.487875 ], [ 101.08842, 15.487993 ], [ 101.087996, 15.488203 ], [ 101.087792, 15.48855 ], [ 101.08764, 15.489466 ], [ 101.08706, 15.48991 ], [ 101.086468, 15.49001 ], [ 101.085431, 15.490405 ], [ 101.085264, 15.490401 ], [ 101.08513, 15.490185 ], [ 101.085392, 15.489767 ], [ 101.085437, 15.489443 ], [ 101.085081, 15.488458 ], [ 101.084895, 15.488138 ], [ 101.08459, 15.488121 ], [ 101.083992, 15.488334 ], [ 101.08373, 15.488609 ], [ 101.083468, 15.489051 ], [ 101.083428, 15.489276 ], [ 101.083514, 15.489655 ], [ 101.084167, 15.490649 ], [ 101.084178, 15.491316 ], [ 101.08399, 15.491839 ], [ 101.08403, 15.492492 ], [ 101.083857, 15.493 ], [ 101.084003, 15.493539 ], [ 101.084338, 15.494096 ], [ 101.084446, 15.494516 ], [ 101.084335, 15.494791 ], [ 101.083661, 15.495666 ], [ 101.083583, 15.495821 ], [ 101.083601, 15.496004 ], [ 101.083858, 15.49626 ], [ 101.084274, 15.496436 ], [ 101.084607, 15.496396 ], [ 101.084985, 15.496461 ], [ 101.085504, 15.496319 ], [ 101.086121, 15.496387 ], [ 101.086251, 15.496357 ], [ 101.086422, 15.496186 ], [ 101.08669, 15.496203 ], [ 101.086895, 15.496298 ], [ 101.087089, 15.496668 ], [ 101.087189, 15.497474 ], [ 101.087052, 15.498467 ], [ 101.086974, 15.498559 ], [ 101.086807, 15.498491 ], [ 101.086672, 15.497791 ], [ 101.086381, 15.497704 ], [ 101.085944, 15.497771 ], [ 101.0852, 15.498379 ], [ 101.084489, 15.498298 ], [ 101.083768, 15.498049 ], [ 101.083587, 15.498059 ], [ 101.083386, 15.498209 ], [ 101.083267, 15.498457 ], [ 101.083273, 15.498829 ], [ 101.083328, 15.499088 ], [ 101.083626, 15.499604 ], [ 101.083675, 15.49994 ], [ 101.083397, 15.500682 ], [ 101.083448, 15.501124 ], [ 101.083614, 15.501578 ], [ 101.083843, 15.501806 ], [ 101.084444, 15.501846 ], [ 101.084555, 15.501486 ], [ 101.084522, 15.500826 ], [ 101.084641, 15.500565 ], [ 101.085189, 15.500402 ], [ 101.085465, 15.500419 ], [ 101.086381, 15.501107 ], [ 101.086593, 15.501687 ], [ 101.086817, 15.502056 ], [ 101.087832, 15.502589 ], [ 101.088086, 15.502606 ], [ 101.088371, 15.502342 ], [ 101.08857, 15.501594 ], [ 101.088683, 15.50141 ], [ 101.088962, 15.501202 ], [ 101.089645, 15.500876 ], [ 101.090463, 15.500835 ], [ 101.090754, 15.500929 ], [ 101.090932, 15.501165 ], [ 101.091068, 15.501538 ], [ 101.091083, 15.502013 ], [ 101.091014, 15.50226 ], [ 101.090886, 15.502416 ], [ 101.090577, 15.502568 ], [ 101.08989, 15.5026 ], [ 101.08976, 15.502665 ], [ 101.089634, 15.502941 ], [ 101.089684, 15.50334 ], [ 101.090477, 15.504466 ], [ 101.091272, 15.50477 ], [ 101.091593, 15.50515 ], [ 101.091714, 15.505593 ], [ 101.09166, 15.50594 ], [ 101.091258, 15.506551 ], [ 101.09129, 15.506797 ], [ 101.091401, 15.506966 ], [ 101.09181, 15.50711 ], [ 101.092317, 15.506908 ], [ 101.092725, 15.506883 ], [ 101.092872, 15.507022 ], [ 101.092795, 15.507298 ], [ 101.092427, 15.507627 ], [ 101.091982, 15.508259 ], [ 101.091483, 15.50861 ], [ 101.09105, 15.50903 ], [ 101.090923, 15.509349 ], [ 101.091006, 15.509701 ], [ 101.091095, 15.50982 ], [ 101.091394, 15.509923 ], [ 101.0925, 15.509863 ], [ 101.093418, 15.509925 ], [ 101.093591, 15.509733 ], [ 101.093527, 15.509204 ], [ 101.09357, 15.509063 ], [ 101.094134, 15.508747 ], [ 101.094352, 15.508688 ], [ 101.094658, 15.508749 ], [ 101.094924, 15.509142 ], [ 101.095077, 15.509789 ], [ 101.094914, 15.510299 ], [ 101.094432, 15.51084 ], [ 101.094392, 15.511222 ], [ 101.094452, 15.511377 ], [ 101.094709, 15.511536 ], [ 101.095526, 15.511733 ], [ 101.096148, 15.51208 ], [ 101.096224, 15.512334 ], [ 101.096074, 15.512681 ], [ 101.095858, 15.512937 ], [ 101.095142, 15.513325 ], [ 101.094349, 15.513418 ], [ 101.09389, 15.51333 ], [ 101.093552, 15.513072 ], [ 101.093224, 15.513047 ], [ 101.093014, 15.513134 ], [ 101.092676, 15.513511 ], [ 101.092126, 15.51454 ], [ 101.091944, 15.514626 ], [ 101.091777, 15.514663 ], [ 101.091478, 15.514603 ], [ 101.091198, 15.514295 ], [ 101.090957, 15.514212 ], [ 101.090609, 15.514286 ], [ 101.090457, 15.514422 ], [ 101.090387, 15.514726 ], [ 101.090665, 15.515577 ], [ 101.090394, 15.516844 ], [ 101.090441, 15.517097 ], [ 101.090692, 15.517483 ], [ 101.0906, 15.517738 ], [ 101.090492, 15.517817 ], [ 101.08999, 15.517864 ], [ 101.089879, 15.517738 ], [ 101.089866, 15.517138 ], [ 101.089785, 15.517082 ], [ 101.089531, 15.517106 ], [ 101.088973, 15.517436 ], [ 101.088081, 15.518489 ], [ 101.087633, 15.518733 ], [ 101.086906, 15.51886 ], [ 101.08641, 15.518794 ], [ 101.085487, 15.518902 ], [ 101.085042, 15.518878 ], [ 101.084844, 15.518725 ], [ 101.084841, 15.518393 ], [ 101.085026, 15.517989 ], [ 101.084906, 15.517686 ], [ 101.08437, 15.517169 ], [ 101.084019, 15.517045 ], [ 101.08341, 15.516606 ], [ 101.083009, 15.51654 ], [ 101.082835, 15.516619 ], [ 101.082377, 15.517407 ], [ 101.082456, 15.517971 ], [ 101.082648, 15.518244 ], [ 101.083622, 15.518835 ], [ 101.083764, 15.519194 ], [ 101.083619, 15.520007 ], [ 101.083491, 15.520255 ], [ 101.082828, 15.520988 ], [ 101.082781, 15.52137 ], [ 101.083017, 15.521664 ], [ 101.083478, 15.521865 ], [ 101.084818, 15.521936 ], [ 101.085023, 15.521984 ], [ 101.085207, 15.522166 ], [ 101.085223, 15.522391 ], [ 101.085088, 15.52264 ], [ 101.084069, 15.523391 ], [ 101.083761, 15.523951 ], [ 101.083778, 15.524198 ], [ 101.084737, 15.524704 ], [ 101.084808, 15.525282 ], [ 101.084978, 15.525521 ], [ 101.085738, 15.525796 ], [ 101.086368, 15.526178 ], [ 101.086828, 15.526273 ], [ 101.086896, 15.526498 ], [ 101.086864, 15.52695 ], [ 101.086589, 15.527821 ], [ 101.086642, 15.528004 ], [ 101.086796, 15.528115 ], [ 101.087138, 15.528154 ], [ 101.087341, 15.528082 ], [ 101.088179, 15.527446 ], [ 101.089057, 15.52707 ], [ 101.08945, 15.527059 ], [ 101.089568, 15.527263 ], [ 101.089594, 15.527609 ], [ 101.08942, 15.528493 ], [ 101.088993, 15.529428 ], [ 101.088646, 15.529693 ], [ 101.088181, 15.529768 ], [ 101.08764, 15.530225 ], [ 101.08719, 15.53042 ], [ 101.08701, 15.530605 ], [ 101.086897, 15.530952 ], [ 101.087004, 15.53148 ], [ 101.087577, 15.531983 ], [ 101.087928, 15.533568 ], [ 101.088144, 15.534025 ], [ 101.088453, 15.53436 ], [ 101.088581, 15.534748 ], [ 101.088533, 15.535002 ], [ 101.088253, 15.535372 ], [ 101.087435, 15.535916 ], [ 101.087337, 15.536263 ], [ 101.087548, 15.537002 ], [ 101.088096, 15.537929 ], [ 101.088201, 15.538951 ], [ 101.088014, 15.539122 ], [ 101.087795, 15.539089 ], [ 101.086969, 15.538066 ], [ 101.086479, 15.537838 ], [ 101.086122, 15.53782 ], [ 101.086, 15.537934 ], [ 101.085944, 15.538196 ], [ 101.085958, 15.539608 ], [ 101.085802, 15.539948 ], [ 101.085518, 15.540028 ], [ 101.084676, 15.539535 ], [ 101.084491, 15.539191 ], [ 101.084588, 15.53876 ], [ 101.084549, 15.538442 ], [ 101.084301, 15.538402 ], [ 101.083997, 15.538589 ], [ 101.083687, 15.538909 ], [ 101.082249, 15.540765 ], [ 101.081403, 15.541331 ], [ 101.081235, 15.541961 ], [ 101.081231, 15.542272 ], [ 101.081316, 15.542814 ], [ 101.081534, 15.543497 ], [ 101.081445, 15.543992 ], [ 101.081036, 15.544596 ], [ 101.080841, 15.545445 ], [ 101.080584, 15.545991 ], [ 101.080081, 15.546659 ], [ 101.079727, 15.546909 ], [ 101.079627, 15.547087 ], [ 101.079557, 15.547447 ], [ 101.079697, 15.548258 ], [ 101.079649, 15.548611 ], [ 101.079585, 15.548739 ], [ 101.079101, 15.549118 ], [ 101.078886, 15.550207 ], [ 101.078677, 15.550392 ], [ 101.077913, 15.550491 ], [ 101.077763, 15.550768 ], [ 101.077839, 15.551028 ], [ 101.077971, 15.551161 ], [ 101.078814, 15.551739 ], [ 101.079331, 15.551706 ], [ 101.079714, 15.551413 ], [ 101.079932, 15.55139 ], [ 101.080014, 15.551516 ], [ 101.079901, 15.551933 ], [ 101.080064, 15.552228 ], [ 101.081105, 15.552889 ], [ 101.081509, 15.553266 ], [ 101.082182, 15.553535 ], [ 101.082249, 15.553626 ], [ 101.082264, 15.553746 ], [ 101.082129, 15.554023 ], [ 101.081493, 15.554558 ], [ 101.080172, 15.556343 ], [ 101.079657, 15.556616 ], [ 101.079595, 15.556941 ], [ 101.079802, 15.557207 ], [ 101.080315, 15.557534 ], [ 101.080724, 15.557636 ], [ 101.081065, 15.557591 ], [ 101.081522, 15.557403 ], [ 101.082002, 15.557363 ], [ 101.082735, 15.557038 ], [ 101.082946, 15.5571 ], [ 101.082985, 15.55736 ], [ 101.082858, 15.557694 ], [ 101.082383, 15.558305 ], [ 101.081525, 15.559139 ], [ 101.081464, 15.559613 ], [ 101.081736, 15.559801 ], [ 101.081947, 15.559813 ], [ 101.082157, 15.559712 ], [ 101.082308, 15.559485 ], [ 101.082555, 15.559433 ], [ 101.083137, 15.56007 ], [ 101.083333, 15.560047 ], [ 101.08363, 15.55986 ], [ 101.083856, 15.559886 ], [ 101.084171, 15.560067 ], [ 101.084516, 15.560388 ], [ 101.084591, 15.560592 ], [ 101.084564, 15.560825 ], [ 101.084407, 15.561109 ], [ 101.084073, 15.561204 ], [ 101.083796, 15.56115 ], [ 101.083451, 15.560942 ], [ 101.083203, 15.560881 ], [ 101.082774, 15.56097 ], [ 101.0825, 15.561149 ], [ 101.082306, 15.561461 ], [ 101.082322, 15.561637 ], [ 101.082997, 15.562054 ], [ 101.08313, 15.562336 ], [ 101.082966, 15.562584 ], [ 101.082581, 15.562708 ], [ 101.081962, 15.5627 ], [ 101.080887, 15.562223 ], [ 101.08062, 15.561759 ], [ 101.080586, 15.561294 ], [ 101.080424, 15.561154 ], [ 101.080265, 15.561226 ], [ 101.080124, 15.561736 ], [ 101.079873, 15.562084 ], [ 101.079534, 15.562412 ], [ 101.079157, 15.56262 ], [ 101.07859, 15.562682 ], [ 101.077807, 15.562266 ], [ 101.077697, 15.562232 ], [ 101.077465, 15.562326 ], [ 101.077455, 15.562742 ], [ 101.077817, 15.563268 ], [ 101.077885, 15.56355 ], [ 101.077665, 15.564103 ], [ 101.0774, 15.564501 ], [ 101.077046, 15.564808 ], [ 101.076997, 15.565027 ], [ 101.07747, 15.565735 ], [ 101.077712, 15.565839 ], [ 101.078069, 15.565871 ], [ 101.078236, 15.565841 ], [ 101.078482, 15.565669 ], [ 101.078846, 15.564946 ], [ 101.079534, 15.5646 ], [ 101.080051, 15.564567 ], [ 101.08017, 15.564841 ], [ 101.080109, 15.565223 ], [ 101.080002, 15.565485 ], [ 101.079447, 15.566055 ], [ 101.079408, 15.56655 ], [ 101.079487, 15.567071 ], [ 101.079546, 15.567226 ], [ 101.079729, 15.567302 ], [ 101.080623, 15.567138 ], [ 101.080785, 15.567299 ], [ 101.080808, 15.567426 ], [ 101.080652, 15.567816 ], [ 101.079834, 15.568325 ], [ 101.079405, 15.568336 ], [ 101.078579, 15.568054 ], [ 101.078266, 15.568057 ], [ 101.078151, 15.568206 ], [ 101.078169, 15.568573 ], [ 101.078273, 15.568756 ], [ 101.079068, 15.569645 ], [ 101.079449, 15.569881 ], [ 101.080062, 15.569939 ], [ 101.080186, 15.570015 ], [ 101.080313, 15.570275 ], [ 101.080223, 15.570784 ], [ 101.079901, 15.571345 ], [ 101.079612, 15.571567 ], [ 101.078685, 15.572041 ], [ 101.078527, 15.572325 ], [ 101.07838, 15.572891 ], [ 101.078372, 15.573477 ], [ 101.078504, 15.573582 ], [ 101.078773, 15.573579 ], [ 101.079092, 15.573414 ], [ 101.079704, 15.573464 ], [ 101.079925, 15.573646 ], [ 101.079876, 15.573908 ], [ 101.079503, 15.574483 ], [ 101.079327, 15.575063 ], [ 101.079176, 15.575284 ], [ 101.078793, 15.575556 ], [ 101.078154, 15.575731 ], [ 101.078076, 15.575936 ], [ 101.078202, 15.576133 ], [ 101.079193, 15.576879 ], [ 101.079307, 15.577351 ], [ 101.079154, 15.578079 ], [ 101.079206, 15.578206 ], [ 101.079353, 15.578345 ], [ 101.079631, 15.578435 ], [ 101.079899, 15.57834 ], [ 101.080405, 15.577975 ], [ 101.080514, 15.577967 ], [ 101.080713, 15.578121 ], [ 101.080939, 15.578175 ], [ 101.081731, 15.577991 ], [ 101.082013, 15.57784 ], [ 101.082108, 15.57786 ], [ 101.082168, 15.577987 ], [ 101.081912, 15.578582 ], [ 101.082176, 15.578813 ], [ 101.082747, 15.579061 ], [ 101.082964, 15.578989 ], [ 101.083043, 15.578882 ], [ 101.083089, 15.578317 ], [ 101.083168, 15.578217 ], [ 101.083509, 15.57808 ], [ 101.083699, 15.578149 ], [ 101.083749, 15.578783 ], [ 101.083961, 15.578894 ], [ 101.08476, 15.578689 ], [ 101.085643, 15.578165 ], [ 101.087206, 15.577861 ], [ 101.087378, 15.577577 ], [ 101.087389, 15.57721 ], [ 101.08746, 15.577061 ], [ 101.087793, 15.576867 ], [ 101.088048, 15.5769 ], [ 101.088218, 15.577096 ], [ 101.088785, 15.579152 ], [ 101.089091, 15.579932 ], [ 101.089348, 15.580163 ], [ 101.089721, 15.580346 ], [ 101.089844, 15.58053 ], [ 101.089872, 15.580919 ], [ 101.089789, 15.581645 ], [ 101.089918, 15.582048 ], [ 101.090231, 15.582261 ], [ 101.090544, 15.582319 ], [ 101.091226, 15.582985 ], [ 101.091422, 15.583091 ], [ 101.09242, 15.582968 ], [ 101.092689, 15.583188 ], [ 101.092747, 15.583364 ], [ 101.092771, 15.584614 ], [ 101.092667, 15.585256 ], [ 101.092497, 15.58575 ], [ 101.092139, 15.58601 ], [ 101.091782, 15.5861 ], [ 101.09163, 15.585958 ], [ 101.09169, 15.585528 ], [ 101.091567, 15.585252 ], [ 101.091254, 15.585152 ], [ 101.091057, 15.585215 ], [ 101.090641, 15.585545 ], [ 101.089626, 15.586121 ], [ 101.089355, 15.586508 ], [ 101.089311, 15.586712 ], [ 101.089368, 15.58703 ], [ 101.090342, 15.587507 ], [ 101.090587, 15.588178 ], [ 101.090841, 15.588356 ], [ 101.091927, 15.588247 ], [ 101.093184, 15.588964 ], [ 101.0933, 15.589099 ], [ 101.093365, 15.589353 ], [ 101.093188, 15.58996 ], [ 101.093215, 15.590348 ], [ 101.093353, 15.590582 ], [ 101.093738, 15.590816 ], [ 101.094051, 15.590852 ], [ 101.094197, 15.590719 ], [ 101.094317, 15.589787 ], [ 101.094276, 15.589173 ], [ 101.09432, 15.589032 ], [ 101.094437, 15.588962 ], [ 101.094809, 15.5889 ], [ 101.095172, 15.589084 ], [ 101.095569, 15.589996 ], [ 101.095685, 15.590117 ], [ 101.095882, 15.590153 ], [ 101.096363, 15.59007 ], [ 101.097065, 15.589381 ], [ 101.097284, 15.589276 ], [ 101.097611, 15.589284 ], [ 101.097698, 15.589355 ], [ 101.09769, 15.589778 ], [ 101.097527, 15.590349 ], [ 101.096853, 15.591491 ], [ 101.096312, 15.592039 ], [ 101.09591, 15.592327 ], [ 101.094647, 15.593008 ], [ 101.094137, 15.593069 ], [ 101.093016, 15.592896 ], [ 101.092826, 15.592973 ], [ 101.092636, 15.59329 ], [ 101.092621, 15.593487 ], [ 101.0927, 15.593707 ], [ 101.093027, 15.59399 ], [ 101.093105, 15.594407 ], [ 101.093003, 15.594555 ], [ 101.092696, 15.594737 ], [ 101.091894, 15.594777 ], [ 101.091727, 15.59472 ], [ 101.091531, 15.594472 ], [ 101.091395, 15.593935 ], [ 101.091265, 15.593701 ], [ 101.090612, 15.592993 ], [ 101.090154, 15.59278 ], [ 101.089833, 15.592863 ], [ 101.089636, 15.593011 ], [ 101.089467, 15.593349 ], [ 101.089393, 15.593829 ], [ 101.089463, 15.594549 ], [ 101.089316, 15.594739 ], [ 101.088944, 15.594801 ], [ 101.088552, 15.594659 ], [ 101.088414, 15.594503 ], [ 101.088321, 15.594136 ], [ 101.088168, 15.59398 ], [ 101.087717, 15.59378 ], [ 101.086727, 15.593833 ], [ 101.086334, 15.59367 ], [ 101.086115, 15.593725 ], [ 101.085633, 15.594147 ], [ 101.085479, 15.594485 ], [ 101.085579, 15.594768 ], [ 101.086073, 15.595306 ], [ 101.087359, 15.596109 ], [ 101.088021, 15.596337 ], [ 101.088917, 15.596256 ], [ 101.08907, 15.596306 ], [ 101.089215, 15.596468 ], [ 101.089308, 15.596786 ], [ 101.089176, 15.597083 ], [ 101.088971, 15.597251 ], [ 101.088243, 15.597376 ], [ 101.088015, 15.597813 ], [ 101.08831, 15.598696 ], [ 101.088448, 15.59888 ], [ 101.088826, 15.599093 ], [ 101.089489, 15.59918 ], [ 101.089924, 15.599697 ], [ 101.089959, 15.599874 ], [ 101.089787, 15.601052 ], [ 101.089822, 15.60161 ], [ 101.089908, 15.601737 ], [ 101.090308, 15.602028 ], [ 101.090963, 15.6022 ], [ 101.091582, 15.602195 ], [ 101.09269, 15.601903 ], [ 101.093229, 15.601997 ], [ 101.093381, 15.602138 ], [ 101.093417, 15.602477 ], [ 101.093358, 15.602703 ], [ 101.093042, 15.603358 ], [ 101.092945, 15.603789 ], [ 101.093211, 15.60475 ], [ 101.093174, 15.604891 ], [ 101.092919, 15.605052 ], [ 101.092671, 15.605065 ], [ 101.092249, 15.604866 ], [ 101.091878, 15.604815 ], [ 101.09152, 15.605054 ], [ 101.091417, 15.605414 ], [ 101.091517, 15.605986 ], [ 101.091455, 15.606826 ], [ 101.091556, 15.607052 ], [ 101.092152, 15.607478 ], [ 101.09269, 15.607685 ], [ 101.092872, 15.607664 ], [ 101.093179, 15.607482 ], [ 101.09375, 15.606844 ], [ 101.094325, 15.606843 ], [ 101.094856, 15.607106 ], [ 101.095023, 15.60729 ], [ 101.095087, 15.607517 ], [ 101.095094, 15.607743 ], [ 101.094947, 15.608159 ], [ 101.094156, 15.609081 ], [ 101.093821, 15.609207 ], [ 101.093471, 15.609241 ], [ 101.092787, 15.609048 ], [ 101.092488, 15.609132 ], [ 101.09218, 15.609554 ], [ 101.092052, 15.610613 ], [ 101.091701, 15.611162 ], [ 101.091225, 15.611683 ], [ 101.090887, 15.612479 ], [ 101.090908, 15.612705 ], [ 101.091154, 15.6132 ], [ 101.091131, 15.613546 ], [ 101.090443, 15.614419 ], [ 101.09034, 15.614666 ], [ 101.090308, 15.615294 ], [ 101.089751, 15.616294 ], [ 101.089706, 15.616471 ], [ 101.089757, 15.616633 ], [ 101.090119, 15.617242 ], [ 101.089993, 15.617566 ], [ 101.089855, 15.617636 ], [ 101.089381, 15.61762 ], [ 101.089236, 15.617535 ], [ 101.089012, 15.617153 ], [ 101.088736, 15.616891 ], [ 101.08843, 15.616861 ], [ 101.088262, 15.616931 ], [ 101.088065, 15.617065 ], [ 101.087632, 15.617762 ], [ 101.087158, 15.618043 ], [ 101.086785, 15.618387 ], [ 101.086783, 15.618804 ], [ 101.086971, 15.619228 ], [ 101.087806, 15.619951 ], [ 101.088299, 15.620666 ], [ 101.088939, 15.620986 ], [ 101.0895, 15.620931 ], [ 101.089783, 15.621053 ], [ 101.09003, 15.621293 ], [ 101.090211, 15.621703 ], [ 101.090414, 15.621909 ], [ 101.090793, 15.621974 ], [ 101.091434, 15.621835 ], [ 101.09158, 15.621871 ], [ 101.091885, 15.622063 ], [ 101.092552, 15.622912 ], [ 101.092727, 15.622976 ], [ 101.093171, 15.622837 ], [ 101.093274, 15.622632 ], [ 101.093141, 15.621128 ], [ 101.092969, 15.620513 ], [ 101.093021, 15.620379 ], [ 101.093137, 15.620288 ], [ 101.093465, 15.620296 ], [ 101.094039, 15.620729 ], [ 101.094331, 15.620673 ], [ 101.094513, 15.620554 ], [ 101.095348, 15.6193 ], [ 101.095452, 15.618771 ], [ 101.095716, 15.618546 ], [ 101.095905, 15.618526 ], [ 101.096239, 15.618682 ], [ 101.096471, 15.61917 ], [ 101.096477, 15.619566 ], [ 101.096072, 15.620447 ], [ 101.096137, 15.620835 ], [ 101.096282, 15.620927 ], [ 101.09661, 15.620915 ], [ 101.097121, 15.620577 ], [ 101.097493, 15.620466 ], [ 101.097865, 15.620439 ], [ 101.098359, 15.620603 ], [ 101.099279, 15.620253 ], [ 101.099805, 15.619839 ], [ 101.100077, 15.619028 ], [ 101.10034, 15.61893 ], [ 101.100682, 15.619051 ], [ 101.101008, 15.61937 ], [ 101.101284, 15.619773 ], [ 101.102178, 15.620348 ], [ 101.102264, 15.620483 ], [ 101.102249, 15.6208 ], [ 101.102058, 15.621047 ], [ 101.10135, 15.621362 ], [ 101.09971, 15.621815 ], [ 101.09823, 15.622043 ], [ 101.097989, 15.622134 ], [ 101.097886, 15.622373 ], [ 101.097977, 15.623355 ], [ 101.097713, 15.624039 ], [ 101.097588, 15.624172 ], [ 101.097311, 15.624284 ], [ 101.096911, 15.624177 ], [ 101.096685, 15.624226 ], [ 101.096487, 15.624564 ], [ 101.096402, 15.625757 ], [ 101.096887, 15.626704 ], [ 101.096921, 15.627206 ], [ 101.096461, 15.627536 ], [ 101.095863, 15.627668 ], [ 101.095629, 15.627978 ], [ 101.095293, 15.628231 ], [ 101.094549, 15.628426 ], [ 101.094008, 15.628791 ], [ 101.093679, 15.629143 ], [ 101.093488, 15.629502 ], [ 101.093429, 15.629869 ], [ 101.093471, 15.630314 ], [ 101.09331, 15.630539 ], [ 101.093032, 15.630651 ], [ 101.092595, 15.630649 ], [ 101.092086, 15.630549 ], [ 101.091591, 15.630342 ], [ 101.091417, 15.630095 ], [ 101.091564, 15.629735 ], [ 101.091536, 15.629615 ], [ 101.091471, 15.629509 ], [ 101.091252, 15.629438 ], [ 101.090633, 15.629534 ], [ 101.090248, 15.629257 ], [ 101.090073, 15.629229 ], [ 101.08992, 15.629313 ], [ 101.089831, 15.629687 ], [ 101.090061, 15.630379 ], [ 101.090497, 15.63079 ], [ 101.091165, 15.631181 ], [ 101.091514, 15.631535 ], [ 101.091972, 15.631692 ], [ 101.092592, 15.631553 ], [ 101.092781, 15.631575 ], [ 101.093057, 15.631724 ], [ 101.093159, 15.631859 ], [ 101.093267, 15.632177 ], [ 101.093312, 15.633695 ], [ 101.093585, 15.63479 ], [ 101.093625, 15.635644 ], [ 101.09385, 15.636054 ], [ 101.09425, 15.636204 ], [ 101.095096, 15.636038 ], [ 101.095525, 15.636089 ], [ 101.095976, 15.636224 ], [ 101.09658, 15.636551 ], [ 101.096695, 15.636855 ], [ 101.096665, 15.637215 ], [ 101.096028, 15.638074 ], [ 101.096042, 15.638251 ], [ 101.096244, 15.63864 ], [ 101.096433, 15.638789 ], [ 101.09687, 15.638875 ], [ 101.097344, 15.638757 ], [ 101.097578, 15.638426 ], [ 101.097711, 15.637918 ], [ 101.097996, 15.637622 ], [ 101.098755, 15.63735 ], [ 101.098922, 15.637534 ], [ 101.09892, 15.638141 ], [ 101.098435, 15.639269 ], [ 101.098294, 15.639798 ], [ 101.09843, 15.640391 ], [ 101.098778, 15.641049 ], [ 101.098885, 15.641543 ], [ 101.098855, 15.641727 ], [ 101.098423, 15.642488 ], [ 101.097846, 15.64286 ], [ 101.097771, 15.643304 ], [ 101.09809, 15.643743 ], [ 101.098337, 15.643836 ], [ 101.099329, 15.643571 ], [ 101.099759, 15.643643 ], [ 101.099969, 15.643948 ], [ 101.100018, 15.644407 ], [ 101.099929, 15.644915 ], [ 101.099664, 15.645577 ], [ 101.099532, 15.645746 ], [ 101.098788, 15.646111 ], [ 101.09862, 15.646258 ], [ 101.098312, 15.646737 ], [ 101.098012, 15.647054 ], [ 101.097909, 15.647406 ], [ 101.097959, 15.647548 ], [ 101.098119, 15.64764 ], [ 101.098476, 15.647663 ], [ 101.098644, 15.6476 ], [ 101.099031, 15.647248 ], [ 101.099418, 15.647115 ], [ 101.099687, 15.64718 ], [ 101.099963, 15.647513 ], [ 101.100078, 15.647951 ], [ 101.100097, 15.648551 ], [ 101.10035, 15.649053 ], [ 101.100437, 15.649399 ], [ 101.100348, 15.649589 ], [ 101.10021, 15.649624 ], [ 101.099373, 15.649381 ], [ 101.099088, 15.649486 ], [ 101.098919, 15.649909 ], [ 101.098945, 15.650756 ], [ 101.098739, 15.651455 ], [ 101.098736, 15.652146 ], [ 101.098801, 15.652337 ], [ 101.099339, 15.652671 ], [ 101.099484, 15.652841 ], [ 101.099407, 15.65385 ], [ 101.099758, 15.654688 ], [ 101.100613, 15.655473 ], [ 101.100693, 15.656023 ], [ 101.100296, 15.65692 ], [ 101.100039, 15.657191 ], [ 101.099493, 15.657213 ], [ 101.098726, 15.656971 ], [ 101.098552, 15.65699 ], [ 101.098442, 15.657059 ], [ 101.098394, 15.657404 ], [ 101.098214, 15.657782 ], [ 101.098126, 15.657879 ], [ 101.097834, 15.657946 ], [ 101.097495, 15.657815 ], [ 101.097123, 15.657318 ], [ 101.09663, 15.656122 ], [ 101.096665, 15.655651 ], [ 101.096815, 15.655286 ], [ 101.09738, 15.654906 ], [ 101.097682, 15.654593 ], [ 101.097712, 15.654474 ], [ 101.097591, 15.654261 ], [ 101.097229, 15.654186 ], [ 101.096828, 15.654273 ], [ 101.096499, 15.654445 ], [ 101.095985, 15.654861 ], [ 101.095664, 15.654984 ], [ 101.093865, 15.655027 ], [ 101.093258, 15.65519 ], [ 101.092807, 15.65518 ], [ 101.091605, 15.654611 ], [ 101.091416, 15.654607 ], [ 101.091106, 15.654819 ], [ 101.091081, 15.65496 ], [ 101.091175, 15.655279 ], [ 101.091567, 15.655936 ], [ 101.091636, 15.65703 ], [ 101.091819, 15.65733 ], [ 101.092133, 15.657577 ], [ 101.092287, 15.65782 ], [ 101.092305, 15.65801 ], [ 101.092069, 15.658435 ], [ 101.091753, 15.658612 ], [ 101.091278, 15.6587 ], [ 101.090717, 15.658702 ], [ 101.090461, 15.658788 ], [ 101.089983, 15.659003 ], [ 101.089428, 15.659407 ], [ 101.089149, 15.659492 ], [ 101.088175, 15.659464 ], [ 101.087823, 15.659612 ], [ 101.086553, 15.661036 ], [ 101.086429, 15.661365 ], [ 101.086527, 15.661818 ], [ 101.086463, 15.662099 ], [ 101.086261, 15.662299 ], [ 101.085896, 15.662382 ], [ 101.085382, 15.662251 ], [ 101.085161, 15.662077 ], [ 101.085219, 15.661465 ], [ 101.084773, 15.660617 ], [ 101.084599, 15.659936 ], [ 101.084196, 15.659751 ], [ 101.083729, 15.659797 ], [ 101.083633, 15.659887 ], [ 101.083558, 15.660301 ], [ 101.083964, 15.660684 ], [ 101.084168, 15.66128 ], [ 101.083971, 15.661614 ], [ 101.083484, 15.6619 ], [ 101.083127, 15.662569 ], [ 101.082913, 15.66267 ], [ 101.082623, 15.662642 ], [ 101.08246, 15.662456 ], [ 101.082203, 15.661907 ], [ 101.081986, 15.66186 ], [ 101.081715, 15.661946 ], [ 101.081575, 15.662048 ], [ 101.081035, 15.663017 ], [ 101.080874, 15.664014 ], [ 101.08057, 15.6646 ], [ 101.080099, 15.664787 ], [ 101.079388, 15.664729 ], [ 101.07887, 15.664774 ], [ 101.078537, 15.665021 ], [ 101.07846, 15.665505 ], [ 101.079032, 15.666258 ], [ 101.079317, 15.666525 ], [ 101.080637, 15.667322 ], [ 101.081052, 15.667655 ], [ 101.081562, 15.66823 ], [ 101.081555, 15.668554 ], [ 101.081258, 15.668795 ], [ 101.080718, 15.668875 ], [ 101.079898, 15.668751 ], [ 101.079637, 15.669027 ], [ 101.07977, 15.670835 ], [ 101.080014, 15.671305 ], [ 101.080784, 15.672274 ], [ 101.081343, 15.673273 ], [ 101.081868, 15.673559 ], [ 101.082318, 15.673597 ], [ 101.082796, 15.673354 ], [ 101.083074, 15.673325 ], [ 101.083478, 15.673467 ], [ 101.083745, 15.673854 ], [ 101.083993, 15.674451 ], [ 101.084092, 15.674912 ], [ 101.084057, 15.675461 ], [ 101.084111, 15.675652 ], [ 101.084514, 15.675865 ], [ 101.084681, 15.675876 ], [ 101.08507, 15.675715 ], [ 101.085558, 15.675367 ], [ 101.08568, 15.675158 ], [ 101.085735, 15.674637 ], [ 101.085934, 15.674536 ], [ 101.086978, 15.674685 ], [ 101.087873, 15.675318 ], [ 101.087977, 15.675546 ], [ 101.087954, 15.675912 ], [ 101.087653, 15.676646 ], [ 101.08715, 15.67703 ], [ 101.086602, 15.677102 ], [ 101.086372, 15.677288 ], [ 101.086322, 15.677597 ], [ 101.086365, 15.677915 ], [ 101.086429, 15.678001 ], [ 101.086784, 15.678037 ], [ 101.087163, 15.678334 ], [ 101.087231, 15.67854 ], [ 101.087136, 15.678876 ], [ 101.086893, 15.678984 ], [ 101.086339, 15.679028 ], [ 101.085685, 15.679331 ], [ 101.085365, 15.679606 ], [ 101.084615, 15.680612 ], [ 101.084319, 15.680817 ], [ 101.083954, 15.680837 ], [ 101.083869, 15.680736 ], [ 101.083962, 15.68021 ], [ 101.083835, 15.680024 ], [ 101.083684, 15.679957 ], [ 101.082726, 15.679845 ], [ 101.082125, 15.680015 ], [ 101.081867, 15.680164 ], [ 101.081562, 15.680475 ], [ 101.08089, 15.68151 ], [ 101.080782, 15.681797 ], [ 101.080733, 15.682339 ], [ 101.080856, 15.682687 ], [ 101.081254, 15.683055 ], [ 101.081284, 15.683331 ], [ 101.081208, 15.683484 ], [ 101.080727, 15.683819 ], [ 101.080378, 15.68384 ], [ 101.080211, 15.683808 ], [ 101.079841, 15.68352 ], [ 101.079586, 15.683456 ], [ 101.079163, 15.683489 ], [ 101.078825, 15.683637 ], [ 101.078484, 15.683904 ], [ 101.077832, 15.684715 ], [ 101.077674, 15.684944 ], [ 101.077648, 15.685451 ], [ 101.077748, 15.686137 ], [ 101.077949, 15.686606 ], [ 101.077903, 15.688241 ], [ 101.078187, 15.689178 ], [ 101.078165, 15.689515 ], [ 101.077908, 15.68994 ], [ 101.077396, 15.690359 ], [ 101.077146, 15.690438 ], [ 101.0767, 15.690245 ], [ 101.076369, 15.690393 ], [ 101.075961, 15.691032 ], [ 101.07599, 15.69135 ], [ 101.076203, 15.691594 ], [ 101.077599, 15.692252 ], [ 101.077927, 15.692252 ], [ 101.078331, 15.692064 ], [ 101.07884, 15.69144 ], [ 101.078987, 15.69138 ], [ 101.079097, 15.691383 ], [ 101.079246, 15.691527 ], [ 101.079315, 15.691994 ], [ 101.079014, 15.693376 ], [ 101.078689, 15.693897 ], [ 101.07848, 15.694443 ], [ 101.078533, 15.695297 ], [ 101.078458, 15.695394 ], [ 101.078142, 15.695514 ], [ 101.077271, 15.695424 ], [ 101.077064, 15.695561 ], [ 101.077024, 15.695694 ], [ 101.077125, 15.69607 ], [ 101.077501, 15.696465 ], [ 101.077577, 15.697602 ], [ 101.077501, 15.698348 ], [ 101.077637, 15.698752 ], [ 101.078071, 15.699199 ], [ 101.078117, 15.699433 ], [ 101.078037, 15.699741 ], [ 101.077546, 15.700167 ], [ 101.077013, 15.700283 ], [ 101.075182, 15.700158 ], [ 101.074931, 15.700294 ], [ 101.074835, 15.700651 ], [ 101.074988, 15.700986 ], [ 101.075549, 15.701562 ], [ 101.076039, 15.702418 ], [ 101.076126, 15.70273 ], [ 101.076101, 15.70383 ], [ 101.076168, 15.704071 ], [ 101.0764, 15.7044 ], [ 101.076808, 15.704684 ], [ 101.077186, 15.704734 ], [ 101.077574, 15.704644 ], [ 101.078125, 15.704099 ], [ 101.078397, 15.703957 ], [ 101.078564, 15.703961 ], [ 101.078827, 15.704241 ], [ 101.078965, 15.704562 ], [ 101.078992, 15.704964 ], [ 101.078568, 15.706647 ], [ 101.078208, 15.707738 ], [ 101.078014, 15.708573 ], [ 101.078005, 15.708939 ], [ 101.078383, 15.709286 ], [ 101.07865, 15.709355 ], [ 101.079029, 15.709342 ], [ 101.079303, 15.709123 ], [ 101.079479, 15.709084 ], [ 101.0799, 15.709129 ], [ 101.080171, 15.709367 ], [ 101.080251, 15.709686 ], [ 101.080204, 15.709812 ], [ 101.080076, 15.710028 ], [ 101.079689, 15.710365 ], [ 101.078611, 15.711032 ], [ 101.077865, 15.711213 ], [ 101.077422, 15.711493 ], [ 101.077297, 15.711835 ], [ 101.077303, 15.712216 ], [ 101.077471, 15.71253 ], [ 101.077649, 15.712675 ], [ 101.078075, 15.712846 ], [ 101.078188, 15.713279 ], [ 101.077844, 15.714004 ], [ 101.077676, 15.714663 ], [ 101.077473, 15.714927 ], [ 101.077195, 15.714991 ], [ 101.076988, 15.714825 ], [ 101.076773, 15.714219 ], [ 101.077008, 15.713794 ], [ 101.077012, 15.713632 ], [ 101.076959, 15.71342 ], [ 101.076644, 15.713208 ], [ 101.075867, 15.7131 ], [ 101.075538, 15.71317 ], [ 101.074828, 15.713662 ], [ 101.07467, 15.713877 ], [ 101.074578, 15.714087 ], [ 101.074563, 15.714411 ], [ 101.074615, 15.71468 ], [ 101.074736, 15.714809 ], [ 101.075124, 15.715008 ], [ 101.076018, 15.715056 ], [ 101.076383, 15.715339 ], [ 101.076335, 15.715656 ], [ 101.075863, 15.715949 ], [ 101.074917, 15.716239 ], [ 101.0735, 15.716158 ], [ 101.073191, 15.716011 ], [ 101.073126, 15.715678 ], [ 101.072935, 15.715434 ], [ 101.072661, 15.715329 ], [ 101.071934, 15.715292 ], [ 101.070659, 15.715991 ], [ 101.07028, 15.715997 ], [ 101.069801, 15.715648 ], [ 101.069841, 15.715148 ], [ 101.070201, 15.714691 ], [ 101.070226, 15.714254 ], [ 101.070044, 15.713926 ], [ 101.069664, 15.713685 ], [ 101.069317, 15.7136 ], [ 101.069149, 15.713639 ], [ 101.068837, 15.713871 ], [ 101.068643, 15.7141 ], [ 101.068474, 15.714801 ], [ 101.069098, 15.71614 ], [ 101.069056, 15.716386 ], [ 101.068951, 15.716503 ], [ 101.068568, 15.716678 ], [ 101.068372, 15.716681 ], [ 101.06812, 15.716577 ], [ 101.067971, 15.71639 ], [ 101.067653, 15.715671 ], [ 101.067356, 15.715601 ], [ 101.067041, 15.715714 ], [ 101.0667, 15.715954 ], [ 101.066537, 15.716112 ], [ 101.066376, 15.716468 ], [ 101.066341, 15.716721 ], [ 101.066623, 15.718328 ], [ 101.066515, 15.718903 ], [ 101.066276, 15.719497 ], [ 101.066416, 15.720346 ], [ 101.066246, 15.720794 ], [ 101.06559, 15.72116 ], [ 101.065371, 15.721162 ], [ 101.06504, 15.720993 ], [ 101.064757, 15.720677 ], [ 101.064018, 15.720519 ], [ 101.063534, 15.720692 ], [ 101.062957, 15.721074 ], [ 101.062555, 15.721453 ], [ 101.062461, 15.721733 ], [ 101.062517, 15.721861 ], [ 101.062744, 15.722106 ], [ 101.063256, 15.722322 ], [ 101.063497, 15.72258 ], [ 101.063582, 15.722984 ], [ 101.063541, 15.723174 ], [ 101.063368, 15.72341 ], [ 101.062934, 15.723626 ], [ 101.062342, 15.723754 ], [ 101.061862, 15.723729 ], [ 101.060028, 15.723414 ], [ 101.059584, 15.723426 ], [ 101.059287, 15.723334 ], [ 101.059124, 15.723155 ], [ 101.059116, 15.722901 ], [ 101.05948, 15.722563 ], [ 101.05995, 15.722369 ], [ 101.060093, 15.722182 ], [ 101.059829, 15.721655 ], [ 101.060031, 15.721074 ], [ 101.059869, 15.720852 ], [ 101.05963, 15.720833 ], [ 101.058829, 15.721132 ], [ 101.058378, 15.721454 ], [ 101.058026, 15.721869 ], [ 101.057813, 15.722273 ], [ 101.056775, 15.723392 ], [ 101.056621, 15.72377 ], [ 101.056596, 15.724192 ], [ 101.056806, 15.724549 ], [ 101.057438, 15.724633 ], [ 101.057581, 15.724735 ], [ 101.05772, 15.724999 ], [ 101.057769, 15.725388 ], [ 101.05751, 15.726228 ], [ 101.057533, 15.726497 ], [ 101.057649, 15.726802 ], [ 101.057939, 15.727175 ], [ 101.057947, 15.727436 ], [ 101.057659, 15.727937 ], [ 101.05646, 15.728799 ], [ 101.055154, 15.730195 ], [ 101.05468, 15.730544 ], [ 101.054656, 15.730959 ], [ 101.054882, 15.73126 ], [ 101.055624, 15.731565 ], [ 101.056289, 15.732377 ], [ 101.056603, 15.732947 ], [ 101.056604, 15.733547 ], [ 101.056763, 15.733896 ], [ 101.056899, 15.734025 ], [ 101.057556, 15.73423 ], [ 101.057818, 15.73425 ], [ 101.058367, 15.734086 ], [ 101.059267, 15.734204 ], [ 101.059424, 15.734024 ], [ 101.059599, 15.733394 ], [ 101.059674, 15.732345 ], [ 101.05989, 15.732159 ], [ 101.060202, 15.732201 ], [ 101.060331, 15.732296 ], [ 101.060721, 15.732727 ], [ 101.06124, 15.733542 ], [ 101.06164, 15.734503 ], [ 101.061622, 15.736864 ], [ 101.061646, 15.737083 ], [ 101.061808, 15.737291 ], [ 101.06215, 15.737305 ], [ 101.062583, 15.737138 ], [ 101.06317, 15.736326 ], [ 101.063328, 15.735463 ], [ 101.063116, 15.73488 ], [ 101.063216, 15.734671 ], [ 101.063414, 15.734576 ], [ 101.063749, 15.734591 ], [ 101.064276, 15.734468 ], [ 101.064593, 15.734581 ], [ 101.064906, 15.734912 ], [ 101.065002, 15.73514 ], [ 101.065029, 15.735556 ], [ 101.064364, 15.737572 ], [ 101.064367, 15.738037 ], [ 101.064505, 15.7384 ], [ 101.064807, 15.738526 ], [ 101.064961, 15.738819 ], [ 101.065051, 15.739927 ], [ 101.064777, 15.740464 ], [ 101.064464, 15.740753 ], [ 101.064185, 15.74086 ], [ 101.063245, 15.740931 ], [ 101.062937, 15.741016 ], [ 101.062658, 15.741116 ], [ 101.062324, 15.741398 ], [ 101.062243, 15.741755 ], [ 101.062266, 15.742017 ], [ 101.062378, 15.742223 ], [ 101.062547, 15.74246 ], [ 101.063368, 15.743133 ], [ 101.063515, 15.743404 ], [ 101.063487, 15.743672 ], [ 101.063132, 15.743882 ], [ 101.06287, 15.743912 ], [ 101.062018, 15.74359 ], [ 101.06055, 15.74255 ], [ 101.060408, 15.742082 ], [ 101.060639, 15.741537 ], [ 101.060587, 15.741289 ], [ 101.06027, 15.741148 ], [ 101.059958, 15.741113 ], [ 101.059515, 15.741393 ], [ 101.058569, 15.743226 ], [ 101.057914, 15.743564 ], [ 101.057762, 15.743814 ], [ 101.057907, 15.744329 ], [ 101.058152, 15.744433 ], [ 101.058559, 15.74447 ], [ 101.05876, 15.744587 ], [ 101.059022, 15.744924 ], [ 101.059121, 15.745336 ], [ 101.059066, 15.745849 ], [ 101.058617, 15.746671 ], [ 101.058071, 15.747286 ], [ 101.057671, 15.747609 ], [ 101.056918, 15.748686 ], [ 101.056328, 15.749799 ], [ 101.055936, 15.750365 ], [ 101.055443, 15.750903 ], [ 101.053822, 15.752008 ], [ 101.053227, 15.752552 ], [ 101.052598, 15.753228 ], [ 101.052207, 15.754157 ], [ 101.051592, 15.754826 ], [ 101.050972, 15.754997 ], [ 101.050243, 15.754837 ], [ 101.049766, 15.755048 ], [ 101.049675, 15.755194 ], [ 101.049785, 15.755574 ], [ 101.050733, 15.756222 ], [ 101.050737, 15.756644 ], [ 101.050645, 15.756762 ], [ 101.05027, 15.75709 ], [ 101.049765, 15.757274 ], [ 101.049351, 15.757243 ], [ 101.048992, 15.757011 ], [ 101.048621, 15.757097 ], [ 101.048439, 15.757465 ], [ 101.048448, 15.757686 ], [ 101.048695, 15.758195 ], [ 101.049076, 15.758441 ], [ 101.049155, 15.758579 ], [ 101.049149, 15.758703 ], [ 101.048994, 15.758843 ], [ 101.048798, 15.759307 ], [ 101.048882, 15.759915 ], [ 101.049033, 15.760073 ], [ 101.049406, 15.760229 ], [ 101.050311, 15.760111 ], [ 101.051861, 15.759393 ], [ 101.052416, 15.75925 ], [ 101.052991, 15.758927 ], [ 101.053132, 15.758649 ], [ 101.053142, 15.758248 ], [ 101.052938, 15.757787 ], [ 101.053001, 15.757627 ], [ 101.053172, 15.75755 ], [ 101.053743, 15.757566 ], [ 101.054058, 15.757667 ], [ 101.054718, 15.758062 ], [ 101.055326, 15.758216 ], [ 101.055548, 15.758332 ], [ 101.055664, 15.75849 ], [ 101.055747, 15.759014 ], [ 101.055415, 15.75937 ], [ 101.05503, 15.760209 ], [ 101.055031, 15.760382 ], [ 101.055169, 15.760581 ], [ 101.055362, 15.76069 ], [ 101.055912, 15.760693 ], [ 101.057394, 15.760452 ], [ 101.057839, 15.760677 ], [ 101.058041, 15.760945 ], [ 101.05842, 15.761011 ], [ 101.058825, 15.760786 ], [ 101.059136, 15.760486 ], [ 101.059327, 15.760208 ], [ 101.059514, 15.759674 ], [ 101.059699, 15.759576 ], [ 101.059899, 15.759609 ], [ 101.060036, 15.759739 ], [ 101.060123, 15.75989 ], [ 101.060143, 15.760471 ], [ 101.059855, 15.761842 ], [ 101.059623, 15.762231 ], [ 101.058951, 15.762879 ], [ 101.058598, 15.763325 ], [ 101.058695, 15.763821 ], [ 101.058855, 15.764166 ], [ 101.059433, 15.764914 ], [ 101.060064, 15.765303 ], [ 101.060074, 15.765531 ], [ 101.059777, 15.765914 ], [ 101.059392, 15.765945 ], [ 101.05884, 15.765721 ], [ 101.058342, 15.765905 ], [ 101.057761, 15.766304 ], [ 101.0575, 15.766707 ], [ 101.057609, 15.766893 ], [ 101.057723, 15.766905 ], [ 101.058163, 15.766639 ], [ 101.058377, 15.766623 ], [ 101.0587, 15.766801 ], [ 101.058939, 15.767206 ], [ 101.059073, 15.767807 ], [ 101.059507, 15.76846 ], [ 101.059496, 15.768778 ], [ 101.059371, 15.769193 ], [ 101.059136, 15.769244 ], [ 101.058872, 15.769218 ], [ 101.05789, 15.768846 ], [ 101.057394, 15.768408 ], [ 101.056959, 15.768453 ], [ 101.056732, 15.7686 ], [ 101.056605, 15.768781 ], [ 101.056516, 15.76919 ], [ 101.056667, 15.770122 ], [ 101.056112, 15.771094 ], [ 101.055763, 15.771222 ], [ 101.055423, 15.771494 ], [ 101.05558, 15.772253 ], [ 101.055516, 15.772371 ], [ 101.054891, 15.772701 ], [ 101.054336, 15.772879 ], [ 101.053608, 15.77368 ], [ 101.053326, 15.774131 ], [ 101.053273, 15.774553 ], [ 101.053485, 15.775284 ], [ 101.053518, 15.77574 ], [ 101.053291, 15.776875 ], [ 101.053227, 15.777746 ], [ 101.05335, 15.777966 ], [ 101.054107, 15.778051 ], [ 101.054385, 15.778007 ], [ 101.054593, 15.778074 ], [ 101.054794, 15.778253 ], [ 101.054853, 15.778494 ], [ 101.054749, 15.778875 ], [ 101.054211, 15.779473 ], [ 101.053941, 15.77962 ], [ 101.05367, 15.779622 ], [ 101.05329, 15.779363 ], [ 101.053062, 15.77944 ], [ 101.052821, 15.779643 ], [ 101.052709, 15.779865 ], [ 101.052668, 15.780162 ], [ 101.052829, 15.780589 ], [ 101.053743, 15.780741 ], [ 101.053773, 15.780872 ], [ 101.053549, 15.781399 ], [ 101.053294, 15.781685 ], [ 101.053067, 15.781811 ], [ 101.052154, 15.781859 ], [ 101.051727, 15.78198 ], [ 101.051478, 15.782106 ], [ 101.050898, 15.782767 ], [ 101.050713, 15.78281 ], [ 101.050463, 15.782777 ], [ 101.049961, 15.78247 ], [ 101.04834, 15.782344 ], [ 101.048005, 15.782416 ], [ 101.047885, 15.782569 ], [ 101.047851, 15.782797 ], [ 101.047932, 15.783121 ], [ 101.048242, 15.783506 ], [ 101.048958, 15.783873 ], [ 101.04934, 15.78432 ], [ 101.049257, 15.78459 ], [ 101.049052, 15.784854 ], [ 101.048832, 15.784959 ], [ 101.048346, 15.784984 ], [ 101.048163, 15.785275 ], [ 101.048507, 15.78633 ], [ 101.048502, 15.786586 ], [ 101.048378, 15.787174 ], [ 101.048141, 15.787791 ], [ 101.048273, 15.788225 ], [ 101.04826, 15.788488 ], [ 101.048039, 15.78936 ], [ 101.047376, 15.790298 ], [ 101.046688, 15.790815 ], [ 101.046381, 15.790859 ], [ 101.045731, 15.790774 ], [ 101.045542, 15.790319 ], [ 101.045277, 15.790307 ], [ 101.044993, 15.79042 ], [ 101.044787, 15.790587 ], [ 101.044683, 15.790906 ], [ 101.044323, 15.791489 ], [ 101.044476, 15.791854 ], [ 101.045079, 15.79223 ], [ 101.046657, 15.792349 ], [ 101.047608, 15.79257 ], [ 101.049243, 15.792613 ], [ 101.049686, 15.792762 ], [ 101.049945, 15.792995 ], [ 101.050509, 15.79382 ], [ 101.050709, 15.793846 ], [ 101.051048, 15.793436 ], [ 101.051361, 15.793343 ], [ 101.051604, 15.793411 ], [ 101.051893, 15.793796 ], [ 101.05201, 15.794133 ], [ 101.052278, 15.796363 ], [ 101.052098, 15.79707 ], [ 101.051766, 15.797466 ], [ 101.05171, 15.797694 ], [ 101.051838, 15.798481 ], [ 101.052464, 15.799976 ], [ 101.052437, 15.800246 ], [ 101.05207, 15.800725 ], [ 101.052015, 15.800906 ], [ 101.052075, 15.801375 ], [ 101.051949, 15.80159 ], [ 101.051245, 15.801913 ], [ 101.050909, 15.801916 ], [ 101.05018, 15.801707 ], [ 101.049737, 15.80169 ], [ 101.04889, 15.801938 ], [ 101.048661, 15.801933 ], [ 101.048389, 15.80179 ], [ 101.047691, 15.801173 ], [ 101.047428, 15.801279 ], [ 101.047195, 15.801612 ], [ 101.046945, 15.802402 ], [ 101.046908, 15.803149 ], [ 101.046689, 15.803461 ], [ 101.046677, 15.803717 ], [ 101.046771, 15.803847 ], [ 101.047278, 15.80394 ], [ 101.047465, 15.804036 ], [ 101.047695, 15.80429 ], [ 101.048079, 15.804978 ], [ 101.048305, 15.805584 ], [ 101.048513, 15.805679 ], [ 101.049104, 15.805564 ], [ 101.049319, 15.805604 ], [ 101.049763, 15.805864 ], [ 101.049864, 15.805987 ], [ 101.049902, 15.806236 ], [ 101.049826, 15.806499 ], [ 101.048961, 15.807252 ], [ 101.048541, 15.807414 ], [ 101.047905, 15.807349 ], [ 101.047747, 15.807219 ], [ 101.047674, 15.80704 ], [ 101.047798, 15.806383 ], [ 101.047737, 15.80592 ], [ 101.047628, 15.805665 ], [ 101.047342, 15.805688 ], [ 101.04671, 15.805997 ], [ 101.046582, 15.806164 ], [ 101.046645, 15.806827 ], [ 101.046261, 15.807072 ], [ 101.045762, 15.80711 ], [ 101.045083, 15.807039 ], [ 101.044367, 15.806664 ], [ 101.044074, 15.806625 ], [ 101.043668, 15.806773 ], [ 101.043448, 15.806968 ], [ 101.042723, 15.807306 ], [ 101.04243, 15.807308 ], [ 101.042071, 15.807006 ], [ 101.041389, 15.807433 ], [ 101.041249, 15.807752 ], [ 101.041277, 15.808505 ], [ 101.041507, 15.808794 ], [ 101.041931, 15.809081 ], [ 101.041869, 15.809434 ], [ 101.041376, 15.810218 ], [ 101.040096, 15.81085 ], [ 101.039747, 15.81088 ], [ 101.03941, 15.810696 ], [ 101.03915, 15.810387 ], [ 101.038849, 15.810223 ], [ 101.037858, 15.81039 ], [ 101.037689, 15.810619 ], [ 101.037756, 15.810964 ], [ 101.038312, 15.811741 ], [ 101.038636, 15.812063 ], [ 101.039682, 15.812553 ], [ 101.039976, 15.812779 ], [ 101.040319, 15.812824 ], [ 101.040561, 15.812754 ], [ 101.04072, 15.812117 ], [ 101.041005, 15.811976 ], [ 101.04194, 15.812073 ], [ 101.04239, 15.812035 ], [ 101.042562, 15.812186 ], [ 101.042601, 15.812558 ], [ 101.042532, 15.812905 ], [ 101.042349, 15.813141 ], [ 101.042323, 15.813473 ], [ 101.042497, 15.813859 ], [ 101.042892, 15.81409 ], [ 101.043506, 15.81412 ], [ 101.04365, 15.814299 ], [ 101.043748, 15.814989 ], [ 101.043666, 15.815411 ], [ 101.043035, 15.816854 ], [ 101.042345, 15.817135 ], [ 101.042268, 15.817288 ], [ 101.042291, 15.817557 ], [ 101.042545, 15.817984 ], [ 101.042911, 15.818299 ], [ 101.043391, 15.818489 ], [ 101.044077, 15.818567 ], [ 101.044428, 15.818744 ], [ 101.044666, 15.81908 ], [ 101.044669, 15.819371 ], [ 101.044494, 15.819863 ], [ 101.044461, 15.820229 ], [ 101.044821, 15.820606 ], [ 101.044781, 15.820959 ], [ 101.044641, 15.821285 ], [ 101.044237, 15.821613 ], [ 101.043567, 15.821735 ], [ 101.04211, 15.821608 ], [ 101.040806, 15.821922 ], [ 101.040556, 15.821869 ], [ 101.040186, 15.821153 ], [ 101.039785, 15.821052 ], [ 101.039045, 15.821258 ], [ 101.038141, 15.821589 ], [ 101.037772, 15.821876 ], [ 101.036825, 15.823223 ], [ 101.036528, 15.823502 ], [ 101.036367, 15.823835 ], [ 101.036441, 15.824145 ], [ 101.03665, 15.824502 ], [ 101.037102, 15.824789 ], [ 101.037366, 15.824731 ], [ 101.037556, 15.824502 ], [ 101.037611, 15.824232 ], [ 101.037544, 15.823887 ], [ 101.037963, 15.82367 ], [ 101.038557, 15.823948 ], [ 101.039561, 15.824617 ], [ 101.040432, 15.824624 ], [ 101.040857, 15.824379 ], [ 101.041036, 15.824446 ], [ 101.04113, 15.824591 ], [ 101.041156, 15.825094 ], [ 101.040808, 15.826064 ], [ 101.040196, 15.827063 ], [ 101.039628, 15.827399 ], [ 101.039061, 15.827859 ], [ 101.038448, 15.827836 ], [ 101.038256, 15.827948 ], [ 101.038193, 15.828128 ], [ 101.038377, 15.828728 ], [ 101.038844, 15.829173 ], [ 101.03891, 15.829324 ], [ 101.039132, 15.829433 ], [ 101.039389, 15.829486 ], [ 101.039588, 15.829415 ], [ 101.040174, 15.82872 ], [ 101.040699, 15.828385 ], [ 101.04144, 15.828275 ], [ 101.042529, 15.827997 ], [ 101.043206, 15.827957 ], [ 101.043563, 15.827996 ], [ 101.043964, 15.82822 ], [ 101.044457, 15.828313 ], [ 101.044982, 15.827943 ], [ 101.045335, 15.827498 ], [ 101.045783, 15.827419 ], [ 101.046069, 15.827437 ], [ 101.046319, 15.827573 ], [ 101.046924, 15.82819 ], [ 101.047748, 15.828653 ], [ 101.047962, 15.828713 ], [ 101.048439, 15.828578 ], [ 101.048954, 15.828733 ], [ 101.049966, 15.83025 ], [ 101.050318, 15.830558 ], [ 101.050766, 15.831238 ], [ 101.050921, 15.831934 ], [ 101.050736, 15.832813 ], [ 101.050849, 15.834234 ], [ 101.05111, 15.834764 ], [ 101.051657, 15.835319 ], [ 101.051687, 15.835512 ], [ 101.05151, 15.835686 ], [ 101.051041, 15.835903 ], [ 101.050986, 15.836159 ], [ 101.051089, 15.836442 ], [ 101.051334, 15.836737 ], [ 101.051663, 15.836934 ], [ 101.052092, 15.836986 ], [ 101.052335, 15.837094 ], [ 101.052451, 15.837259 ], [ 101.052196, 15.837537 ], [ 101.051392, 15.837703 ], [ 101.050799, 15.837569 ], [ 101.050397, 15.837296 ], [ 101.049983, 15.837265 ], [ 101.04968, 15.837654 ], [ 101.049633, 15.837986 ], [ 101.049864, 15.839165 ], [ 101.049832, 15.839607 ], [ 101.04969, 15.839643 ], [ 101.049259, 15.839377 ], [ 101.049107, 15.839102 ], [ 101.048726, 15.837869 ], [ 101.048765, 15.837461 ], [ 101.04862, 15.837207 ], [ 101.048362, 15.83703 ], [ 101.047234, 15.836866 ], [ 101.046606, 15.836926 ], [ 101.046294, 15.837046 ], [ 101.045785, 15.83761 ], [ 101.045657, 15.837645 ], [ 101.045357, 15.837634 ], [ 101.045107, 15.837532 ], [ 101.045003, 15.837119 ], [ 101.044888, 15.836982 ], [ 101.044667, 15.837004 ], [ 101.044362, 15.837241 ], [ 101.0431, 15.838888 ], [ 101.043123, 15.839143 ], [ 101.043436, 15.83988 ], [ 101.044388, 15.84108 ], [ 101.044755, 15.841388 ], [ 101.045141, 15.841585 ], [ 101.046169, 15.841694 ], [ 101.046615, 15.842091 ], [ 101.047589, 15.843388 ], [ 101.047837, 15.843994 ], [ 101.047781, 15.844118 ], [ 101.046827, 15.844299 ], [ 101.046564, 15.84448 ], [ 101.046439, 15.844896 ], [ 101.046356, 15.846015 ], [ 101.046388, 15.846374 ], [ 101.046576, 15.846683 ], [ 101.046606, 15.84689 ], [ 101.0465, 15.847015 ], [ 101.046294, 15.847093 ], [ 101.046079, 15.846963 ], [ 101.045718, 15.84649 ], [ 101.045497, 15.846436 ], [ 101.045227, 15.846521 ], [ 101.045007, 15.846737 ], [ 101.045079, 15.84762 ], [ 101.044952, 15.847739 ], [ 101.044703, 15.847817 ], [ 101.044003, 15.847753 ], [ 101.043824, 15.847616 ], [ 101.043663, 15.847162 ], [ 101.043448, 15.847039 ], [ 101.043135, 15.847201 ], [ 101.042452, 15.848187 ], [ 101.042358, 15.848857 ], [ 101.042492, 15.849478 ], [ 101.042495, 15.849864 ], [ 101.042357, 15.850466 ], [ 101.04251, 15.850789 ], [ 101.043778, 15.851442 ], [ 101.043787, 15.851649 ], [ 101.043647, 15.851954 ], [ 101.043349, 15.852191 ], [ 101.042552, 15.852349 ], [ 101.041837, 15.85221 ], [ 101.041406, 15.851841 ], [ 101.040826, 15.85159 ], [ 101.040275, 15.851401 ], [ 101.039533, 15.85129 ], [ 101.039274, 15.851105 ], [ 101.039236, 15.850857 ], [ 101.039099, 15.850623 ], [ 101.038749, 15.850578 ], [ 101.038307, 15.85065 ], [ 101.036046, 15.852243 ], [ 101.035669, 15.852363 ], [ 101.035147, 15.852298 ], [ 101.035099, 15.85252 ], [ 101.035151, 15.852754 ], [ 101.03626, 15.85396 ], [ 101.036705, 15.854343 ], [ 101.036782, 15.854957 ], [ 101.036658, 15.855407 ], [ 101.036338, 15.855548 ], [ 101.035867, 15.85551 ], [ 101.035386, 15.855141 ], [ 101.034994, 15.854426 ], [ 101.034778, 15.854221 ], [ 101.034586, 15.854208 ], [ 101.034219, 15.854708 ], [ 101.034108, 15.855075 ], [ 101.034125, 15.855393 ], [ 101.034745, 15.856202 ], [ 101.034833, 15.856485 ], [ 101.034726, 15.857238 ], [ 101.034578, 15.857516 ], [ 101.034489, 15.85791 ], [ 101.034492, 15.858255 ], [ 101.035178, 15.86088 ], [ 101.035139, 15.862172 ], [ 101.035404, 15.862315 ], [ 101.035789, 15.862332 ], [ 101.03621, 15.862246 ], [ 101.036999, 15.861922 ], [ 101.03743, 15.861532 ], [ 101.037506, 15.861255 ], [ 101.037881, 15.860866 ], [ 101.038095, 15.860809 ], [ 101.038752, 15.860928 ], [ 101.038857, 15.860733 ], [ 101.038769, 15.860403 ], [ 101.038546, 15.86017 ], [ 101.037943, 15.859795 ], [ 101.03787, 15.859588 ], [ 101.037985, 15.858849 ], [ 101.038218, 15.858591 ], [ 101.038266, 15.858301 ], [ 101.038157, 15.858115 ], [ 101.038176, 15.857784 ], [ 101.0386, 15.85738 ], [ 101.038836, 15.857364 ], [ 101.039109, 15.857611 ], [ 101.039578, 15.858297 ], [ 101.040237, 15.85861 ], [ 101.04049, 15.85898 ], [ 101.040769, 15.859089 ], [ 101.041033, 15.859038 ], [ 101.04123, 15.858719 ], [ 101.041641, 15.857611 ], [ 101.042272, 15.857205 ], [ 101.042708, 15.85723 ], [ 101.042933, 15.857656 ], [ 101.042866, 15.858209 ], [ 101.042747, 15.8585 ], [ 101.042167, 15.859015 ], [ 101.042083, 15.859278 ], [ 101.042171, 15.859499 ], [ 101.042457, 15.859552 ], [ 101.042927, 15.859493 ], [ 101.043057, 15.858842 ], [ 101.044089, 15.858586 ], [ 101.045058, 15.858488 ], [ 101.045266, 15.858535 ], [ 101.045691, 15.859022 ], [ 101.045722, 15.85936 ], [ 101.045646, 15.859602 ], [ 101.04532, 15.85986 ], [ 101.044971, 15.859939 ], [ 101.044773, 15.860168 ], [ 101.044725, 15.860341 ], [ 101.044858, 15.860913 ], [ 101.045032, 15.861188 ], [ 101.045149, 15.861622 ], [ 101.045286, 15.861731 ], [ 101.045399, 15.862025 ], [ 101.045401, 15.862286 ], [ 101.045591, 15.862917 ], [ 101.045893, 15.863328 ], [ 101.046193, 15.86349 ], [ 101.047474, 15.863796 ], [ 101.047787, 15.863752 ], [ 101.047798, 15.863477 ], [ 101.047268, 15.862986 ], [ 101.047179, 15.862561 ], [ 101.047362, 15.862325 ], [ 101.048069, 15.861948 ], [ 101.048407, 15.861561 ], [ 101.048707, 15.861668 ], [ 101.049051, 15.862023 ], [ 101.049329, 15.863025 ], [ 101.049751, 15.864122 ], [ 101.049831, 15.865208 ], [ 101.050062, 15.86566 ], [ 101.050506, 15.866041 ], [ 101.053014, 15.866901 ], [ 101.0538, 15.867335 ], [ 101.054186, 15.867621 ], [ 101.054573, 15.868058 ], [ 101.055002, 15.868357 ], [ 101.056871, 15.869167 ], [ 101.057341, 15.869301 ], [ 101.057795, 15.869283 ], [ 101.058006, 15.869007 ], [ 101.058199, 15.868331 ], [ 101.058397, 15.868233 ], [ 101.058669, 15.86841 ], [ 101.059117, 15.8693 ], [ 101.059531, 15.869544 ], [ 101.060126, 15.869333 ], [ 101.06051, 15.869399 ], [ 101.061091, 15.86916 ], [ 101.061302, 15.868884 ], [ 101.061598, 15.868661 ], [ 101.061925, 15.868659 ], [ 101.062267, 15.868752 ], [ 101.06298, 15.86909 ], [ 101.063638, 15.86958 ], [ 101.063758, 15.870267 ], [ 101.063547, 15.870544 ], [ 101.063008, 15.87063 ], [ 101.062882, 15.870865 ], [ 101.062912, 15.871085 ], [ 101.06317, 15.871289 ], [ 101.063176, 15.872004 ], [ 101.063291, 15.872169 ], [ 101.063447, 15.872071 ], [ 101.063681, 15.87123 ], [ 101.063765, 15.871147 ], [ 101.064036, 15.871227 ], [ 101.064226, 15.871872 ], [ 101.064385, 15.872146 ], [ 101.064685, 15.872281 ], [ 101.065735, 15.872094 ], [ 101.065978, 15.872271 ], [ 101.066095, 15.872641 ], [ 101.066164, 15.874153 ], [ 101.066267, 15.87451 ], [ 101.066583, 15.874838 ], [ 101.066925, 15.874945 ], [ 101.067237, 15.874942 ], [ 101.067755, 15.874058 ], [ 101.068375, 15.873461 ], [ 101.068555, 15.872827 ], [ 101.068536, 15.872346 ], [ 101.068817, 15.871904 ], [ 101.069028, 15.871737 ], [ 101.069156, 15.871736 ], [ 101.069414, 15.871926 ], [ 101.069744, 15.872295 ], [ 101.069906, 15.873023 ], [ 101.070092, 15.873159 ], [ 101.070362, 15.873143 ], [ 101.070503, 15.873018 ], [ 101.070892, 15.871942 ], [ 101.071061, 15.87183 ], [ 101.071531, 15.871909 ], [ 101.072215, 15.872179 ], [ 101.073471, 15.872815 ], [ 101.073672, 15.873047 ], [ 101.073683, 15.874257 ], [ 101.073494, 15.875455 ], [ 101.073256, 15.875801 ], [ 101.073042, 15.875803 ], [ 101.072658, 15.875668 ], [ 101.072445, 15.875725 ], [ 101.072106, 15.875962 ], [ 101.071923, 15.876225 ], [ 101.07197, 15.876664 ], [ 101.07213, 15.877076 ], [ 101.072687, 15.877429 ], [ 101.073113, 15.877411 ], [ 101.07365, 15.877008 ], [ 101.073919, 15.876923 ], [ 101.074162, 15.877114 ], [ 101.074344, 15.878378 ], [ 101.074168, 15.87937 ], [ 101.074328, 15.879822 ], [ 101.074601, 15.880164 ], [ 101.074915, 15.880326 ], [ 101.074902, 15.880505 ], [ 101.074494, 15.880976 ], [ 101.074226, 15.881157 ], [ 101.073815, 15.881339 ], [ 101.07346, 15.881328 ], [ 101.072954, 15.880356 ], [ 101.072293, 15.879536 ], [ 101.071993, 15.879346 ], [ 101.071709, 15.879321 ], [ 101.071143, 15.879642 ], [ 101.070918, 15.879864 ], [ 101.070892, 15.880139 ], [ 101.071178, 15.880425 ], [ 101.071864, 15.880846 ], [ 101.0721, 15.88178 ], [ 101.072163, 15.882522 ], [ 101.072263, 15.884199 ], [ 101.072211, 15.884791 ], [ 101.071996, 15.886182 ], [ 101.071544, 15.88818 ], [ 101.071363, 15.888539 ], [ 101.070615, 15.889219 ], [ 101.070194, 15.889759 ], [ 101.069925, 15.889953 ], [ 101.069684, 15.889955 ], [ 101.069444, 15.89015 ], [ 101.069446, 15.890411 ], [ 101.069835, 15.89104 ], [ 101.069728, 15.891715 ], [ 101.069017, 15.893371 ], [ 101.068807, 15.893676 ], [ 101.068284, 15.89401 ], [ 101.067848, 15.894523 ], [ 101.066626, 15.896211 ], [ 101.066431, 15.896638 ], [ 101.066141, 15.897659 ], [ 101.066152, 15.898938 ], [ 101.066198, 15.899309 ], [ 101.066686, 15.899855 ], [ 101.066688, 15.900102 ], [ 101.06642, 15.900324 ], [ 101.066267, 15.900697 ], [ 101.066425, 15.90093 ], [ 101.067565, 15.901223 ], [ 101.06788, 15.901482 ], [ 101.068167, 15.901851 ], [ 101.068384, 15.90233 ], [ 101.068474, 15.902783 ], [ 101.068745, 15.902988 ], [ 101.069186, 15.902998 ], [ 101.069964, 15.902551 ], [ 101.070193, 15.902701 ], [ 101.070155, 15.903279 ], [ 101.069889, 15.903735 ], [ 101.068955, 15.904224 ], [ 101.068901, 15.904568 ], [ 101.069009, 15.905475 ], [ 101.069461, 15.906364 ], [ 101.069571, 15.907377 ], [ 101.069568, 15.907611 ], [ 101.069381, 15.907953 ], [ 101.069449, 15.908179 ], [ 101.069867, 15.908428 ], [ 101.070289, 15.908476 ], [ 101.070494, 15.908376 ], [ 101.070696, 15.908125 ], [ 101.070919, 15.906975 ], [ 101.071222, 15.906743 ], [ 101.071486, 15.906766 ], [ 101.071904, 15.907042 ], [ 101.072001, 15.907303 ], [ 101.071907, 15.908008 ], [ 101.071389, 15.908603 ], [ 101.07133, 15.908894 ], [ 101.071864, 15.909251 ], [ 101.072237, 15.909356 ], [ 101.072977, 15.909275 ], [ 101.073472, 15.909053 ], [ 101.073672, 15.909043 ], [ 101.073866, 15.909122 ], [ 101.073997, 15.909286 ], [ 101.074029, 15.909513 ], [ 101.073963, 15.90977 ], [ 101.073823, 15.909938 ], [ 101.073333, 15.910083 ], [ 101.073208, 15.910258 ], [ 101.073212, 15.910513 ], [ 101.073462, 15.911337 ], [ 101.073765, 15.911988 ], [ 101.0742, 15.912761 ], [ 101.074475, 15.913026 ], [ 101.0751, 15.913285 ], [ 101.075845, 15.913887 ], [ 101.075987, 15.913843 ], [ 101.076279, 15.912969 ], [ 101.076376, 15.912816 ], [ 101.076532, 15.912751 ], [ 101.077696, 15.912884 ], [ 101.078992, 15.913537 ], [ 101.079445, 15.91338 ], [ 101.079625, 15.913026 ], [ 101.079381, 15.912341 ], [ 101.078883, 15.91177 ], [ 101.078712, 15.911737 ], [ 101.078524, 15.912022 ], [ 101.078318, 15.912059 ], [ 101.078089, 15.911938 ], [ 101.077906, 15.911596 ], [ 101.077896, 15.91139 ], [ 101.078214, 15.910684 ], [ 101.078347, 15.909512 ], [ 101.078575, 15.909014 ], [ 101.078594, 15.908821 ], [ 101.078386, 15.908184 ], [ 101.078126, 15.907912 ], [ 101.077668, 15.907684 ], [ 101.077666, 15.907525 ], [ 101.077805, 15.907331 ], [ 101.078338, 15.907331 ], [ 101.079558, 15.907598 ], [ 101.079737, 15.907692 ], [ 101.080048, 15.908039 ], [ 101.080943, 15.908467 ], [ 101.08097, 15.908901 ], [ 101.080887, 15.909094 ], [ 101.080222, 15.909323 ], [ 101.080217, 15.909502 ], [ 101.080663, 15.909882 ], [ 101.081207, 15.910102 ], [ 101.081606, 15.910179 ], [ 101.081862, 15.910142 ], [ 101.081911, 15.909563 ], [ 101.082942, 15.908531 ], [ 101.083544, 15.908372 ], [ 101.083902, 15.908051 ], [ 101.084165, 15.907993 ], [ 101.084372, 15.908052 ], [ 101.084581, 15.908276 ], [ 101.0849, 15.90821 ], [ 101.085205, 15.907621 ], [ 101.085574, 15.907198 ], [ 101.0857, 15.907085 ], [ 101.086133, 15.907007 ], [ 101.086322, 15.906837 ], [ 101.086438, 15.906593 ], [ 101.08651, 15.905983 ], [ 101.086011, 15.905365 ], [ 101.085584, 15.905091 ], [ 101.085537, 15.904899 ], [ 101.085617, 15.904683 ], [ 101.085765, 15.90459 ], [ 101.086093, 15.904563 ], [ 101.086444, 15.904631 ], [ 101.087078, 15.904908 ], [ 101.087246, 15.905077 ], [ 101.087281, 15.905339 ], [ 101.087301, 15.905615 ], [ 101.087204, 15.906045 ], [ 101.087313, 15.906153 ], [ 101.087593, 15.906202 ], [ 101.087977, 15.906068 ], [ 101.088532, 15.905451 ], [ 101.08857, 15.904925 ], [ 101.088665, 15.904709 ], [ 101.089249, 15.903978 ], [ 101.089273, 15.903784 ], [ 101.088629, 15.903397 ], [ 101.088747, 15.902946 ], [ 101.088947, 15.902631 ], [ 101.089085, 15.902435 ], [ 101.08936, 15.902284 ], [ 101.08998, 15.902215 ], [ 101.090258, 15.90223 ], [ 101.090503, 15.902336 ], [ 101.090591, 15.902431 ], [ 101.090377, 15.902739 ], [ 101.089898, 15.903011 ], [ 101.089794, 15.903145 ], [ 101.089785, 15.903387 ], [ 101.08992, 15.903709 ], [ 101.090495, 15.904201 ], [ 101.091212, 15.904669 ], [ 101.091826, 15.904642 ], [ 101.092006, 15.904721 ], [ 101.092244, 15.905145 ], [ 101.092227, 15.905373 ], [ 101.092054, 15.905584 ], [ 101.091093, 15.906329 ], [ 101.091115, 15.906695 ], [ 101.091776, 15.906867 ], [ 101.092291, 15.906621 ], [ 101.093106, 15.906363 ], [ 101.093567, 15.9056 ], [ 101.093744, 15.905548 ], [ 101.093874, 15.905607 ], [ 101.093995, 15.905909 ], [ 101.094276, 15.907277 ], [ 101.094557, 15.907837 ], [ 101.094879, 15.908047 ], [ 101.095162, 15.908456 ], [ 101.09512, 15.909014 ], [ 101.094758, 15.909548 ], [ 101.094333, 15.909671 ], [ 101.094129, 15.909811 ], [ 101.094117, 15.910004 ], [ 101.094985, 15.911053 ], [ 101.094995, 15.911252 ], [ 101.094871, 15.911536 ], [ 101.094787, 15.912177 ], [ 101.094606, 15.912475 ], [ 101.094311, 15.912706 ], [ 101.094049, 15.912785 ], [ 101.09398, 15.912951 ], [ 101.094046, 15.913095 ], [ 101.094653, 15.9133 ], [ 101.095449, 15.913269 ], [ 101.096052, 15.913661 ], [ 101.09684, 15.915096 ], [ 101.09697, 15.915803 ], [ 101.097364, 15.916534 ], [ 101.097557, 15.91658 ], [ 101.097894, 15.916266 ], [ 101.098384, 15.91617 ], [ 101.09857, 15.916285 ], [ 101.09873, 15.916517 ], [ 101.098712, 15.916771 ], [ 101.098559, 15.917069 ], [ 101.098648, 15.917288 ], [ 101.098813, 15.917396 ], [ 101.099197, 15.917398 ], [ 101.099409, 15.917292 ], [ 101.09959, 15.917035 ], [ 101.099699, 15.916146 ], [ 101.099603, 15.915872 ], [ 101.099629, 15.915707 ], [ 101.099988, 15.915434 ], [ 101.100069, 15.91513 ], [ 101.099987, 15.914883 ], [ 101.099226, 15.914342 ], [ 101.098732, 15.914115 ], [ 101.098026, 15.914 ], [ 101.097954, 15.913884 ], [ 101.09795, 15.913609 ], [ 101.098054, 15.913394 ], [ 101.098526, 15.91312 ], [ 101.099775, 15.912925 ], [ 101.100387, 15.912944 ], [ 101.100584, 15.912804 ], [ 101.100697, 15.912218 ], [ 101.101236, 15.912073 ], [ 101.101464, 15.912111 ], [ 101.102074, 15.912523 ], [ 101.102365, 15.912987 ], [ 101.102389, 15.913214 ], [ 101.102534, 15.913398 ], [ 101.102835, 15.913573 ], [ 101.103853, 15.913601 ], [ 101.104347, 15.913856 ], [ 101.104763, 15.91359 ], [ 101.104916, 15.913381 ], [ 101.105032, 15.912994 ], [ 101.104673, 15.912256 ], [ 101.104495, 15.911708 ], [ 101.104352, 15.911675 ], [ 101.104249, 15.911449 ], [ 101.104224, 15.911167 ], [ 101.104407, 15.911007 ], [ 101.105243, 15.910817 ], [ 101.105584, 15.910792 ], [ 101.105756, 15.910865 ], [ 101.10616, 15.911287 ], [ 101.106433, 15.911455 ], [ 101.10657, 15.911612 ], [ 101.106665, 15.912313 ], [ 101.106815, 15.912359 ], [ 101.10761, 15.912259 ], [ 101.108034, 15.912591 ], [ 101.108268, 15.913035 ], [ 101.108362, 15.913694 ], [ 101.108487, 15.913941 ], [ 101.108824, 15.914177 ], [ 101.109178, 15.914572 ], [ 101.109365, 15.9147 ], [ 101.109732, 15.91453 ], [ 101.109934, 15.913715 ], [ 101.110076, 15.913652 ], [ 101.11029, 15.913725 ], [ 101.110434, 15.913847 ], [ 101.11065, 15.914573 ], [ 101.110881, 15.914811 ], [ 101.111334, 15.915142 ], [ 101.11195, 15.915458 ], [ 101.112291, 15.915956 ], [ 101.112757, 15.916266 ], [ 101.112992, 15.916256 ], [ 101.113225, 15.916109 ], [ 101.113697, 15.915318 ], [ 101.114403, 15.91491 ], [ 101.114609, 15.914914 ], [ 101.114824, 15.915021 ], [ 101.114997, 15.915219 ], [ 101.115089, 15.915658 ], [ 101.115031, 15.916092 ], [ 101.114836, 15.916432 ], [ 101.114014, 15.917613 ], [ 101.113564, 15.918561 ], [ 101.113181, 15.91913 ], [ 101.113021, 15.919346 ], [ 101.112626, 15.919626 ], [ 101.111793, 15.9206 ], [ 101.111679, 15.921035 ], [ 101.111793, 15.921598 ], [ 101.111726, 15.922391 ], [ 101.111867, 15.922857 ], [ 101.111792, 15.923078 ], [ 101.11132, 15.923401 ], [ 101.111043, 15.923418 ], [ 101.110421, 15.923694 ], [ 101.110208, 15.923704 ], [ 101.109607, 15.923471 ], [ 101.109324, 15.923537 ], [ 101.10911, 15.924048 ], [ 101.109132, 15.924612 ], [ 101.109279, 15.924934 ], [ 101.109516, 15.925137 ], [ 101.109873, 15.925243 ], [ 101.110164, 15.925177 ], [ 101.110319, 15.925044 ], [ 101.1104, 15.924727 ], [ 101.110554, 15.924546 ], [ 101.110718, 15.924606 ], [ 101.110813, 15.924818 ], [ 101.110679, 15.925391 ], [ 101.110776, 15.926222 ], [ 101.11104, 15.926281 ], [ 101.111466, 15.926213 ], [ 101.112145, 15.92595 ], [ 101.112402, 15.926029 ], [ 101.112778, 15.926478 ], [ 101.112896, 15.926745 ], [ 101.112905, 15.926938 ], [ 101.112807, 15.927022 ], [ 101.112761, 15.92727 ], [ 101.112828, 15.927531 ], [ 101.113067, 15.927823 ], [ 101.113547, 15.928099 ], [ 101.113713, 15.92829 ], [ 101.113824, 15.928584 ], [ 101.113805, 15.928729 ], [ 101.113449, 15.929236 ], [ 101.113424, 15.92945 ], [ 101.113598, 15.929681 ], [ 101.113624, 15.930032 ], [ 101.113497, 15.930137 ], [ 101.113178, 15.930189 ], [ 101.112478, 15.93046 ], [ 101.112332, 15.930716 ], [ 101.112413, 15.930942 ], [ 101.112802, 15.931254 ], [ 101.113606, 15.931319 ], [ 101.113785, 15.93142 ], [ 101.114134, 15.931945 ], [ 101.114425, 15.931921 ], [ 101.11477, 15.931676 ], [ 101.115169, 15.931196 ], [ 101.115606, 15.930873 ], [ 101.116814, 15.930355 ], [ 101.116962, 15.930188 ], [ 101.117283, 15.929228 ], [ 101.117443, 15.928978 ], [ 101.117936, 15.928648 ], [ 101.118045, 15.928316 ], [ 101.118025, 15.927387 ], [ 101.117788, 15.926702 ], [ 101.117813, 15.926447 ], [ 101.118283, 15.925987 ], [ 101.118609, 15.925893 ], [ 101.119202, 15.926113 ], [ 101.119452, 15.926144 ], [ 101.11965, 15.926079 ], [ 101.119789, 15.925851 ], [ 101.119791, 15.925513 ], [ 101.119639, 15.925329 ], [ 101.119281, 15.9251 ], [ 101.119128, 15.924889 ], [ 101.119182, 15.924668 ], [ 101.119402, 15.924603 ], [ 101.119896, 15.924886 ], [ 101.120167, 15.924903 ], [ 101.120499, 15.924733 ], [ 101.120728, 15.924889 ], [ 101.121047, 15.925827 ], [ 101.121166, 15.926707 ], [ 101.121645, 15.9269 ], [ 101.121732, 15.92747 ], [ 101.121531, 15.928367 ], [ 101.121233, 15.928474 ], [ 101.120998, 15.928457 ], [ 101.120776, 15.928336 ], [ 101.120671, 15.928433 ], [ 101.120594, 15.92957 ], [ 101.120506, 15.929867 ], [ 101.120324, 15.93011 ], [ 101.120104, 15.930127 ], [ 101.119924, 15.929957 ], [ 101.11971, 15.929925 ], [ 101.118613, 15.930325 ], [ 101.118452, 15.930499 ], [ 101.118406, 15.930754 ], [ 101.119102, 15.931736 ], [ 101.120843, 15.933111 ], [ 101.12132, 15.933166 ], [ 101.121716, 15.932968 ], [ 101.121889, 15.93267 ], [ 101.122143, 15.932509 ], [ 101.122371, 15.932575 ], [ 101.123039, 15.933027 ], [ 101.123569, 15.933275 ], [ 101.123864, 15.933532 ], [ 101.124672, 15.933329 ], [ 101.12476, 15.932998 ], [ 101.124742, 15.93275 ], [ 101.125005, 15.932719 ], [ 101.125566, 15.933152 ], [ 101.126869, 15.933755 ], [ 101.127918, 15.934539 ], [ 101.128211, 15.934666 ], [ 101.128546, 15.934689 ], [ 101.128842, 15.934507 ], [ 101.129136, 15.934159 ], [ 101.129288, 15.933868 ], [ 101.12921, 15.933373 ], [ 101.129264, 15.93318 ], [ 101.129483, 15.933012 ], [ 101.129859, 15.932938 ], [ 101.130322, 15.933001 ], [ 101.13093, 15.933268 ], [ 101.131465, 15.933908 ], [ 101.131739, 15.934132 ], [ 101.13187, 15.934405 ], [ 101.131759, 15.935088 ], [ 101.131267, 15.935507 ], [ 101.13122, 15.935707 ], [ 101.131374, 15.936008 ], [ 101.131814, 15.936477 ], [ 101.131854, 15.936828 ], [ 101.131775, 15.937228 ], [ 101.13153, 15.937541 ], [ 101.131143, 15.937821 ], [ 101.130689, 15.937944 ], [ 101.129927, 15.937816 ], [ 101.12959, 15.937628 ], [ 101.129363, 15.937184 ], [ 101.128671, 15.937034 ], [ 101.128467, 15.937175 ], [ 101.128321, 15.937438 ], [ 101.128381, 15.937671 ], [ 101.128669, 15.937936 ], [ 101.129732, 15.938645 ], [ 101.129995, 15.938669 ], [ 101.130391, 15.938498 ], [ 101.130647, 15.938467 ], [ 101.131906, 15.938974 ], [ 101.132336, 15.938755 ], [ 101.13283, 15.938921 ], [ 101.133074, 15.939103 ], [ 101.133241, 15.939349 ], [ 101.133402, 15.939677 ], [ 101.133827, 15.941075 ], [ 101.133958, 15.941273 ], [ 101.134137, 15.941346 ], [ 101.134369, 15.941206 ], [ 101.134463, 15.940778 ], [ 101.134632, 15.940672 ], [ 101.135396, 15.940848 ], [ 101.135629, 15.94079 ], [ 101.135733, 15.940596 ], [ 101.135713, 15.940149 ], [ 101.135805, 15.940093 ], [ 101.136219, 15.940253 ], [ 101.136575, 15.940778 ], [ 101.136637, 15.941142 ], [ 101.136656, 15.941479 ], [ 101.13635, 15.942432 ], [ 101.136835, 15.94255 ], [ 101.137361, 15.943038 ], [ 101.137978, 15.94345 ], [ 101.138073, 15.943593 ], [ 101.138105, 15.943834 ], [ 101.138015, 15.944474 ], [ 101.137813, 15.945107 ], [ 101.13774, 15.946374 ], [ 101.137347, 15.94703 ], [ 101.137137, 15.947191 ], [ 101.136342, 15.947497 ], [ 101.136083, 15.947726 ], [ 101.135995, 15.94794 ], [ 101.135765, 15.948183 ], [ 101.135562, 15.948329 ], [ 101.135378, 15.948352 ], [ 101.135179, 15.94828 ], [ 101.134963, 15.948036 ], [ 101.134413, 15.947195 ], [ 101.13415, 15.947131 ], [ 101.133874, 15.947162 ], [ 101.133559, 15.947365 ], [ 101.13333, 15.94769 ], [ 101.133176, 15.948719 ], [ 101.13306, 15.949022 ], [ 101.132893, 15.949168 ], [ 101.132154, 15.949014 ], [ 101.132067, 15.949337 ], [ 101.132934, 15.95003 ], [ 101.134306, 15.95138 ], [ 101.135333, 15.951934 ], [ 101.13541, 15.952316 ], [ 101.135265, 15.952564 ], [ 101.134698, 15.95299 ], [ 101.134638, 15.953224 ], [ 101.134636, 15.953539 ], [ 101.134805, 15.95394 ], [ 101.135225, 15.954564 ], [ 101.135576, 15.954888 ], [ 101.135968, 15.955026 ], [ 101.1362, 15.954927 ], [ 101.136351, 15.954658 ], [ 101.136305, 15.954412 ], [ 101.136353, 15.954281 ], [ 101.136685, 15.95427 ], [ 101.137567, 15.95551 ], [ 101.137352, 15.95578 ], [ 101.137007, 15.955908 ], [ 101.135846, 15.955849 ], [ 101.135298, 15.955665 ], [ 101.134995, 15.955752 ], [ 101.134322, 15.9562 ], [ 101.134026, 15.95671 ], [ 101.134008, 15.956957 ], [ 101.134241, 15.957351 ], [ 101.134617, 15.957421 ], [ 101.13538, 15.957348 ], [ 101.13586, 15.957704 ], [ 101.135906, 15.957957 ], [ 101.135846, 15.958225 ], [ 101.135673, 15.958467 ], [ 101.135441, 15.958594 ], [ 101.135159, 15.958618 ], [ 101.134696, 15.958447 ], [ 101.134471, 15.958518 ], [ 101.134403, 15.958718 ], [ 101.134644, 15.959221 ], [ 101.134984, 15.959695 ], [ 101.135283, 15.959828 ], [ 101.135933, 15.959737 ], [ 101.136128, 15.959542 ], [ 101.136162, 15.95898 ], [ 101.136258, 15.958774 ], [ 101.13653, 15.958482 ], [ 101.136894, 15.958272 ], [ 101.137317, 15.958156 ], [ 101.137721, 15.958178 ], [ 101.138226, 15.958349 ], [ 101.138541, 15.958625 ], [ 101.138753, 15.95906 ], [ 101.138651, 15.959287 ], [ 101.138091, 15.959713 ], [ 101.137633, 15.959836 ], [ 101.137427, 15.95977 ], [ 101.137109, 15.959795 ], [ 101.136749, 15.959917 ], [ 101.136646, 15.960076 ], [ 101.136614, 15.960302 ], [ 101.136745, 15.960554 ], [ 101.136923, 15.960647 ], [ 101.137368, 15.960565 ], [ 101.137532, 15.960631 ], [ 101.137634, 15.96087 ], [ 101.137547, 15.961672 ], [ 101.137383, 15.962044 ], [ 101.137079, 15.9625 ], [ 101.136793, 15.962764 ], [ 101.136401, 15.963092 ], [ 101.135987, 15.963303 ], [ 101.135783, 15.963354 ], [ 101.135626, 15.963274 ], [ 101.135473, 15.963002 ], [ 101.135434, 15.962742 ], [ 101.135493, 15.962447 ], [ 101.136051, 15.961912 ], [ 101.136154, 15.961712 ], [ 101.136187, 15.961116 ], [ 101.136037, 15.961036 ], [ 101.135818, 15.96106 ], [ 101.135354, 15.961237 ], [ 101.13369, 15.962096 ], [ 101.133281, 15.962684 ], [ 101.133138, 15.963008 ], [ 101.132992, 15.963695 ], [ 101.132855, 15.963943 ], [ 101.132421, 15.964305 ], [ 101.132291, 15.964553 ], [ 101.132452, 15.964948 ], [ 101.132661, 15.965192 ], [ 101.133288, 15.96547 ], [ 101.133711, 15.965793 ], [ 101.133923, 15.965831 ], [ 101.134085, 15.965747 ], [ 101.134446, 15.965276 ], [ 101.134971, 15.964878 ], [ 101.135595, 15.964986 ], [ 101.135882, 15.965269 ], [ 101.135914, 15.965502 ], [ 101.135883, 15.965769 ], [ 101.135745, 15.966031 ], [ 101.135494, 15.966281 ], [ 101.135236, 15.966504 ], [ 101.134777, 15.966552 ], [ 101.134601, 15.966643 ], [ 101.134338, 15.966537 ], [ 101.133647, 15.966752 ], [ 101.132473, 15.967721 ], [ 101.132071, 15.967829 ], [ 101.131717, 15.96782 ], [ 101.131062, 15.967535 ], [ 101.130814, 15.967511 ], [ 101.129737, 15.96789 ], [ 101.12959, 15.968035 ], [ 101.129732, 15.968506 ], [ 101.130364, 15.96914 ], [ 101.130887, 15.969996 ], [ 101.131059, 15.970158 ], [ 101.131322, 15.970229 ], [ 101.131498, 15.970192 ], [ 101.131685, 15.96945 ], [ 101.131982, 15.969432 ], [ 101.132149, 15.969704 ], [ 101.132174, 15.970409 ], [ 101.132454, 15.971124 ], [ 101.132215, 15.971682 ], [ 101.131949, 15.971939 ], [ 101.1315, 15.972178 ], [ 101.130494, 15.972541 ], [ 101.130168, 15.97256 ], [ 101.129835, 15.972482 ], [ 101.129599, 15.972369 ], [ 101.129498, 15.972199 ], [ 101.129572, 15.97152 ], [ 101.129526, 15.971234 ], [ 101.129112, 15.970589 ], [ 101.128478, 15.969838 ], [ 101.128115, 15.969672 ], [ 101.127882, 15.969703 ], [ 101.127424, 15.970346 ], [ 101.127323, 15.970649 ], [ 101.127687, 15.973704 ], [ 101.127676, 15.97482 ], [ 101.127794, 15.975154 ], [ 101.128018, 15.975445 ], [ 101.128177, 15.976114 ], [ 101.128184, 15.976559 ], [ 101.128035, 15.977006 ], [ 101.127759, 15.977502 ], [ 101.127432, 15.977877 ], [ 101.126945, 15.977959 ], [ 101.125622, 15.977492 ], [ 101.125078, 15.977595 ], [ 101.124809, 15.978064 ], [ 101.124743, 15.978812 ], [ 101.124687, 15.983098 ], [ 101.124851, 15.983651 ], [ 101.125118, 15.983975 ], [ 101.126224, 15.984542 ], [ 101.126675, 15.984898 ], [ 101.126899, 15.98523 ], [ 101.127032, 15.985605 ], [ 101.127101, 15.986412 ], [ 101.126463, 15.987284 ], [ 101.126093, 15.987583 ], [ 101.125445, 15.987825 ], [ 101.124907, 15.988285 ], [ 101.124483, 15.988777 ], [ 101.124338, 15.989012 ], [ 101.124286, 15.989307 ], [ 101.12443, 15.989941 ], [ 101.124456, 15.990297 ], [ 101.12439, 15.990606 ], [ 101.124245, 15.990855 ], [ 101.123943, 15.991016 ], [ 101.123527, 15.991118 ], [ 101.12317, 15.991356 ], [ 101.122906, 15.991702 ], [ 101.12277, 15.992539 ], [ 101.122839, 15.992901 ], [ 101.123206, 15.993293 ], [ 101.123564, 15.993541 ], [ 101.124257, 15.993477 ], [ 101.124721, 15.993306 ], [ 101.125545, 15.992534 ], [ 101.126392, 15.991926 ], [ 101.126971, 15.991377 ], [ 101.127189, 15.990347 ], [ 101.127339, 15.989982 ], [ 101.127583, 15.989746 ], [ 101.128357, 15.9894 ], [ 101.128348, 15.988838 ], [ 101.128451, 15.988584 ], [ 101.128645, 15.988362 ], [ 101.12892, 15.988289 ], [ 101.130444, 15.988398 ], [ 101.130978, 15.988158 ], [ 101.131255, 15.988215 ], [ 101.132098, 15.988717 ], [ 101.132472, 15.989163 ], [ 101.13242, 15.989458 ], [ 101.132272, 15.989481 ], [ 101.132031, 15.98943 ], [ 101.131517, 15.989156 ], [ 101.131347, 15.989159 ], [ 101.131085, 15.989614 ], [ 101.13105, 15.990121 ], [ 101.131528, 15.990827 ], [ 101.131757, 15.991946 ], [ 101.132103, 15.992366 ], [ 101.131961, 15.993272 ], [ 101.13195, 15.994381 ], [ 101.132052, 15.994544 ], [ 101.132602, 15.994454 ], [ 101.132858, 15.994491 ], [ 101.133031, 15.994749 ], [ 101.133036, 15.995077 ], [ 101.132929, 15.995435 ], [ 101.132543, 15.996139 ], [ 101.132408, 15.996606 ], [ 101.132514, 15.997015 ], [ 101.1331, 15.997377 ], [ 101.133159, 15.997581 ], [ 101.133078, 15.998057 ], [ 101.132841, 15.998507 ], [ 101.132608, 15.998641 ], [ 101.132465, 15.998608 ], [ 101.132386, 15.99852 ], [ 101.132154, 15.997682 ], [ 101.131918, 15.997582 ], [ 101.131507, 15.997752 ], [ 101.130498, 15.998453 ], [ 101.130009, 15.998631 ], [ 101.129868, 15.99875 ], [ 101.129851, 15.999149 ], [ 101.130313, 15.999619 ], [ 101.130336, 15.999736 ], [ 101.130281, 15.999902 ], [ 101.12969, 16.000467 ], [ 101.128769, 16.001931 ], [ 101.128605, 16.002512 ], [ 101.1286, 16.003187 ], [ 101.128493, 16.003732 ], [ 101.128239, 16.003949 ], [ 101.128044, 16.004282 ], [ 101.128479, 16.004869 ], [ 101.128495, 16.005014 ], [ 101.12827, 16.005251 ], [ 101.128114, 16.005335 ], [ 101.127673, 16.00534 ], [ 101.127316, 16.005262 ], [ 101.127093, 16.005065 ], [ 101.127088, 16.004741 ], [ 101.127591, 16.003936 ], [ 101.127574, 16.003709 ], [ 101.127391, 16.003374 ], [ 101.127098, 16.003219 ], [ 101.126878, 16.003297 ], [ 101.126188, 16.00447 ], [ 101.125814, 16.00477 ], [ 101.125501, 16.004801 ], [ 101.124878, 16.004506 ], [ 101.12453, 16.004627 ], [ 101.124486, 16.005103 ], [ 101.124649, 16.005556 ], [ 101.124765, 16.005699 ], [ 101.125086, 16.005778 ], [ 101.12559, 16.005634 ], [ 101.125662, 16.005702 ], [ 101.125681, 16.006053 ], [ 101.125606, 16.006309 ], [ 101.125235, 16.006802 ], [ 101.124724, 16.006981 ], [ 101.124647, 16.007112 ], [ 101.124692, 16.007794 ], [ 101.124426, 16.008162 ], [ 101.124288, 16.008549 ], [ 101.123923, 16.008933 ], [ 101.123425, 16.008973 ], [ 101.122806, 16.008498 ], [ 101.121945, 16.007964 ], [ 101.121666, 16.007878 ], [ 101.121503, 16.007921 ], [ 101.120948, 16.0085 ], [ 101.120563, 16.008539 ], [ 101.120406, 16.008486 ], [ 101.12046, 16.008251 ], [ 101.120726, 16.007869 ], [ 101.120738, 16.007683 ], [ 101.11995, 16.007375 ], [ 101.119416, 16.007395 ], [ 101.119022, 16.007703 ], [ 101.118995, 16.007876 ], [ 101.119061, 16.008012 ], [ 101.119341, 16.008174 ], [ 101.119321, 16.008313 ], [ 101.119083, 16.008625 ], [ 101.11892, 16.008669 ], [ 101.118249, 16.00858 ], [ 101.118149, 16.008519 ], [ 101.118095, 16.008217 ], [ 101.117898, 16.007854 ], [ 101.117653, 16.00765 ], [ 101.117276, 16.007634 ], [ 101.117145, 16.007436 ], [ 101.117136, 16.007257 ], [ 101.117356, 16.007254 ], [ 101.117575, 16.007086 ], [ 101.117599, 16.006742 ], [ 101.117477, 16.006654 ], [ 101.117049, 16.006617 ], [ 101.116891, 16.006537 ], [ 101.116764, 16.006001 ], [ 101.116489, 16.005715 ], [ 101.116232, 16.005608 ], [ 101.116033, 16.006244 ], [ 101.116154, 16.006807 ], [ 101.116138, 16.007234 ], [ 101.115888, 16.007699 ], [ 101.11587, 16.007961 ], [ 101.116043, 16.008166 ], [ 101.117035, 16.008884 ], [ 101.117465, 16.00903 ], [ 101.117588, 16.009249 ], [ 101.117541, 16.009415 ], [ 101.117267, 16.009728 ], [ 101.116276, 16.010209 ], [ 101.115734, 16.011262 ], [ 101.11576, 16.01162 ], [ 101.115869, 16.011812 ], [ 101.116656, 16.012105 ], [ 101.116696, 16.012415 ], [ 101.115815, 16.012584 ], [ 101.115016, 16.013069 ], [ 101.114979, 16.013489 ], [ 101.115662, 16.013998 ], [ 101.115687, 16.014335 ], [ 101.115298, 16.014491 ], [ 101.114294, 16.014565 ], [ 101.114061, 16.014692 ], [ 101.113956, 16.014838 ], [ 101.113835, 16.015425 ], [ 101.113703, 16.01566 ], [ 101.113478, 16.015897 ], [ 101.113315, 16.015968 ], [ 101.113072, 16.015916 ], [ 101.112932, 16.015566 ], [ 101.112566, 16.015295 ], [ 101.112397, 16.014925 ], [ 101.112501, 16.014641 ], [ 101.113005, 16.014539 ], [ 101.113039, 16.01438 ], [ 101.112964, 16.014147 ], [ 101.112546, 16.013766 ], [ 101.112545, 16.013642 ], [ 101.112579, 16.013511 ], [ 101.11279, 16.013295 ], [ 101.113264, 16.013103 ], [ 101.113219, 16.012856 ], [ 101.112819, 16.012764 ], [ 101.111711, 16.013053 ], [ 101.11148, 16.013393 ], [ 101.111427, 16.013655 ], [ 101.111414, 16.013807 ], [ 101.11161, 16.014046 ], [ 101.1116, 16.01437 ], [ 101.111139, 16.01452 ], [ 101.110983, 16.014618 ], [ 101.110956, 16.014736 ], [ 101.110979, 16.014859 ], [ 101.112218, 16.01596 ], [ 101.112302, 16.016373 ], [ 101.112269, 16.016573 ], [ 101.112208, 16.016815 ], [ 101.112116, 16.016892 ], [ 101.111759, 16.016841 ], [ 101.111495, 16.016217 ], [ 101.111238, 16.016199 ], [ 101.110935, 16.016417 ], [ 101.11077, 16.016928 ], [ 101.110831, 16.017203 ], [ 101.111419, 16.018057 ], [ 101.112006, 16.018291 ], [ 101.113089, 16.01834 ], [ 101.113126, 16.018471 ], [ 101.112742, 16.019068 ], [ 101.112745, 16.019309 ], [ 101.112818, 16.019453 ], [ 101.11317, 16.019717 ], [ 101.113704, 16.019683 ], [ 101.114298, 16.019311 ], [ 101.114584, 16.019459 ], [ 101.114568, 16.019838 ], [ 101.114445, 16.020239 ], [ 101.115089, 16.021038 ], [ 101.115085, 16.021293 ], [ 101.114994, 16.021424 ], [ 101.114583, 16.021581 ], [ 101.114052, 16.02127 ], [ 101.113764, 16.021591 ], [ 101.113418, 16.021794 ], [ 101.113283, 16.021817 ], [ 101.112811, 16.021671 ], [ 101.112562, 16.021736 ], [ 101.112439, 16.022151 ], [ 101.112578, 16.022383 ], [ 101.112757, 16.022526 ], [ 101.113344, 16.022718 ], [ 101.113679, 16.022708 ], [ 101.114529, 16.022374 ], [ 101.1148, 16.022391 ], [ 101.115015, 16.022485 ], [ 101.115461, 16.022859 ], [ 101.116009, 16.022818 ], [ 101.116157, 16.022699 ], [ 101.116155, 16.022561 ], [ 101.115961, 16.022391 ], [ 101.115772, 16.022077 ], [ 101.115835, 16.021476 ], [ 101.115967, 16.021234 ], [ 101.116166, 16.021135 ], [ 101.116436, 16.021139 ], [ 101.116658, 16.021226 ], [ 101.116817, 16.021423 ], [ 101.116865, 16.021809 ], [ 101.116773, 16.022443 ], [ 101.116942, 16.02282 ], [ 101.117267, 16.023182 ], [ 101.117189, 16.023747 ], [ 101.117293, 16.024118 ], [ 101.117203, 16.024298 ], [ 101.116764, 16.024531 ], [ 101.116479, 16.024486 ], [ 101.115911, 16.024107 ], [ 101.114977, 16.024035 ], [ 101.114701, 16.02417 ], [ 101.114626, 16.024384 ], [ 101.114801, 16.024726 ], [ 101.114747, 16.024961 ], [ 101.1142, 16.025078 ], [ 101.114015, 16.025046 ], [ 101.113462, 16.024749 ], [ 101.113121, 16.024801 ], [ 101.112846, 16.025004 ], [ 101.11229, 16.026086 ], [ 101.112211, 16.026589 ], [ 101.111992, 16.02675 ], [ 101.111544, 16.026804 ], [ 101.111219, 16.026987 ], [ 101.111086, 16.027753 ], [ 101.111166, 16.027897 ], [ 101.111431, 16.02797 ], [ 101.111582, 16.028105 ], [ 101.111597, 16.028725 ], [ 101.112127, 16.028953 ], [ 101.112207, 16.029062 ], [ 101.112188, 16.029283 ], [ 101.111828, 16.029501 ], [ 101.110788, 16.02952 ], [ 101.110117, 16.029377 ], [ 101.110044, 16.029288 ], [ 101.109996, 16.028848 ], [ 101.110119, 16.028481 ], [ 101.110514, 16.028132 ], [ 101.110533, 16.02798 ], [ 101.110316, 16.027687 ], [ 101.109745, 16.027576 ], [ 101.109435, 16.027318 ], [ 101.109312, 16.027127 ], [ 101.109323, 16.02692 ], [ 101.109646, 16.026558 ], [ 101.109673, 16.026385 ], [ 101.109432, 16.025982 ], [ 101.10952, 16.025609 ], [ 101.109475, 16.02543 ], [ 101.109382, 16.025349 ], [ 101.109168, 16.025344 ], [ 101.108856, 16.025438 ], [ 101.108553, 16.025703 ], [ 101.1083, 16.026519 ], [ 101.108319, 16.026918 ], [ 101.108642, 16.027686 ], [ 101.108794, 16.0284 ], [ 101.108762, 16.028731 ], [ 101.108393, 16.028791 ], [ 101.108213, 16.02869 ], [ 101.107931, 16.028362 ], [ 101.107554, 16.028353 ], [ 101.106829, 16.029092 ], [ 101.10674, 16.029368 ], [ 101.10712, 16.029536 ], [ 101.107969, 16.029684 ], [ 101.108588, 16.029601 ], [ 101.108746, 16.029668 ], [ 101.108905, 16.030417 ], [ 101.108845, 16.030756 ], [ 101.108731, 16.030957 ], [ 101.108427, 16.031239 ], [ 101.107144, 16.031583 ], [ 101.106797, 16.031618 ], [ 101.106456, 16.03144 ], [ 101.106165, 16.031413 ], [ 101.106003, 16.03153 ], [ 101.106373, 16.032805 ], [ 101.106317, 16.032969 ], [ 101.106111, 16.033038 ], [ 101.105551, 16.032902 ], [ 101.105415, 16.032422 ], [ 101.105295, 16.032278 ], [ 101.104905, 16.032252 ], [ 101.104664, 16.032423 ], [ 101.10424, 16.033445 ], [ 101.10417, 16.03422 ], [ 101.104043, 16.034392 ], [ 101.103526, 16.034715 ], [ 101.103357, 16.035428 ], [ 101.103415, 16.036498 ], [ 101.103203, 16.036738 ], [ 101.102912, 16.036841 ], [ 101.102451, 16.036657 ], [ 101.102117, 16.036102 ], [ 101.102124, 16.035553 ], [ 101.102024, 16.035451 ], [ 101.10184, 16.035444 ], [ 101.101231, 16.035945 ], [ 101.101167, 16.036096 ], [ 101.101161, 16.036384 ], [ 101.101445, 16.036877 ], [ 101.102041, 16.03724 ], [ 101.102297, 16.037555 ], [ 101.102262, 16.037692 ], [ 101.101511, 16.038345 ], [ 101.101441, 16.03877 ], [ 101.10154, 16.038872 ], [ 101.101796, 16.038947 ], [ 101.103086, 16.038911 ], [ 101.103497, 16.038979 ], [ 101.10376, 16.039171 ], [ 101.103838, 16.039322 ], [ 101.103774, 16.039514 ], [ 101.103576, 16.039706 ], [ 101.103236, 16.039741 ], [ 101.102442, 16.03966 ], [ 101.101981, 16.039503 ], [ 101.101804, 16.039571 ], [ 101.101783, 16.039763 ], [ 101.101889, 16.039983 ], [ 101.102472, 16.04077 ], [ 101.102685, 16.040934 ], [ 101.103054, 16.041044 ], [ 101.103585, 16.040981 ], [ 101.103918, 16.041022 ], [ 101.104436, 16.04133 ], [ 101.105224, 16.041452 ], [ 101.105394, 16.041651 ], [ 101.105579, 16.042226 ], [ 101.105863, 16.042452 ], [ 101.10609, 16.042459 ], [ 101.106565, 16.04219 ], [ 101.106911, 16.041635 ], [ 101.107131, 16.041401 ], [ 101.107336, 16.041298 ], [ 101.107591, 16.041366 ], [ 101.107755, 16.041585 ], [ 101.107897, 16.042065 ], [ 101.107629, 16.042539 ], [ 101.107381, 16.042806 ], [ 101.107282, 16.043053 ], [ 101.10817, 16.043984 ], [ 101.108461, 16.044354 ], [ 101.108511, 16.044539 ], [ 101.108461, 16.044697 ], [ 101.108249, 16.044718 ], [ 101.107497, 16.0445 ], [ 101.107369, 16.044596 ], [ 101.107264, 16.044836 ], [ 101.107243, 16.045007 ], [ 101.107321, 16.045206 ], [ 101.107889, 16.045767 ], [ 101.107776, 16.046138 ], [ 101.107826, 16.046268 ], [ 101.108223, 16.046398 ], [ 101.108875, 16.046335 ], [ 101.109045, 16.046259 ], [ 101.109158, 16.046102 ], [ 101.109172, 16.045889 ], [ 101.109271, 16.045793 ], [ 101.109541, 16.045731 ], [ 101.110143, 16.045744 ], [ 101.111065, 16.045934 ], [ 101.111491, 16.046098 ], [ 101.11133, 16.047408 ], [ 101.111054, 16.047895 ], [ 101.111147, 16.048149 ], [ 101.111324, 16.048361 ], [ 101.111466, 16.048463 ], [ 101.111636, 16.048477 ], [ 101.112069, 16.048243 ], [ 101.112351, 16.04766 ], [ 101.112634, 16.04731 ], [ 101.112591, 16.04681 ], [ 101.112235, 16.046104 ], [ 101.112249, 16.045823 ], [ 101.112447, 16.045631 ], [ 101.112618, 16.045665 ], [ 101.113363, 16.046027 ], [ 101.113533, 16.046273 ], [ 101.113612, 16.046959 ], [ 101.113726, 16.047206 ], [ 101.114024, 16.047555 ], [ 101.114429, 16.047609 ], [ 101.115009, 16.047019 ], [ 101.115214, 16.046888 ], [ 101.115399, 16.046888 ], [ 101.115661, 16.047168 ], [ 101.115861, 16.047847 ], [ 101.116663, 16.048017 ], [ 101.11679, 16.04812 ], [ 101.116975, 16.048462 ], [ 101.117482, 16.050457 ], [ 101.117617, 16.05082 ], [ 101.117937, 16.051285 ], [ 101.117966, 16.051957 ], [ 101.117804, 16.052643 ], [ 101.117819, 16.052876 ], [ 101.118181, 16.05328 ], [ 101.118699, 16.053705 ], [ 101.11926, 16.053916 ], [ 101.119409, 16.054211 ], [ 101.119467, 16.054958 ], [ 101.11929, 16.055383 ], [ 101.11888, 16.055734 ], [ 101.118596, 16.055864 ], [ 101.118284, 16.055872 ], [ 101.117724, 16.055749 ], [ 101.117547, 16.055873 ], [ 101.117427, 16.056223 ], [ 101.11762, 16.056963 ], [ 101.117656, 16.057806 ], [ 101.11797, 16.058519 ], [ 101.11797, 16.05893 ], [ 101.117674, 16.059712 ], [ 101.117703, 16.060171 ], [ 101.118095, 16.061405 ], [ 101.118691, 16.062055 ], [ 101.118614, 16.062405 ], [ 101.118416, 16.062734 ], [ 101.117969, 16.062886 ], [ 101.117729, 16.063112 ], [ 101.117744, 16.063654 ], [ 101.117418, 16.064114 ], [ 101.11717, 16.064196 ], [ 101.117035, 16.063868 ], [ 101.116773, 16.064115 ], [ 101.116688, 16.064307 ], [ 101.116703, 16.064602 ], [ 101.116859, 16.064759 ], [ 101.117583, 16.064977 ], [ 101.117668, 16.06508 ], [ 101.117725, 16.06545 ], [ 101.117655, 16.065581 ], [ 101.117166, 16.06591 ], [ 101.116415, 16.066158 ], [ 101.116139, 16.066323 ], [ 101.11599, 16.066598 ], [ 101.11548, 16.067037 ], [ 101.115253, 16.067106 ], [ 101.114927, 16.066853 ], [ 101.114764, 16.06686 ], [ 101.114261, 16.067149 ], [ 101.113871, 16.067204 ], [ 101.113545, 16.067136 ], [ 101.113254, 16.067164 ], [ 101.113134, 16.067288 ], [ 101.113219, 16.067671 ], [ 101.113503, 16.067945 ], [ 101.113659, 16.068 ], [ 101.114113, 16.067924 ], [ 101.114347, 16.068088 ], [ 101.114929, 16.068217 ], [ 101.114972, 16.068361 ], [ 101.114646, 16.068897 ], [ 101.114462, 16.069 ], [ 101.113902, 16.068877 ], [ 101.11337, 16.069029 ], [ 101.113151, 16.069235 ], [ 101.112939, 16.070003 ], [ 101.112812, 16.070126 ], [ 101.112621, 16.070127 ], [ 101.112223, 16.069881 ], [ 101.112116, 16.069702 ], [ 101.11184, 16.069675 ], [ 101.111762, 16.069854 ], [ 101.111919, 16.070539 ], [ 101.111602, 16.071561 ], [ 101.111283, 16.071808 ], [ 101.110766, 16.071891 ], [ 101.110666, 16.071994 ], [ 101.110837, 16.072406 ], [ 101.111345, 16.072676 ], [ 101.111371, 16.072949 ], [ 101.110848, 16.072992 ], [ 101.109725, 16.072743 ], [ 101.109389, 16.072187 ], [ 101.108936, 16.071874 ], [ 101.108858, 16.071647 ], [ 101.108964, 16.071476 ], [ 101.109254, 16.07129 ], [ 101.10924, 16.071181 ], [ 101.108686, 16.070441 ], [ 101.108501, 16.070359 ], [ 101.108261, 16.070593 ], [ 101.108063, 16.071121 ], [ 101.108035, 16.071422 ], [ 101.107752, 16.07191 ], [ 101.107752, 16.072095 ], [ 101.107933, 16.072341 ], [ 101.108408, 16.072764 ], [ 101.109186, 16.073121 ], [ 101.109309, 16.073256 ], [ 101.109446, 16.073802 ], [ 101.110025, 16.074115 ], [ 101.11011, 16.074558 ], [ 101.11022, 16.074734 ], [ 101.11111, 16.075035 ], [ 101.111395, 16.07475 ], [ 101.111356, 16.074538 ], [ 101.110897, 16.074169 ], [ 101.110965, 16.074038 ], [ 101.111515, 16.073871 ], [ 101.112011, 16.073904 ], [ 101.112342, 16.074632 ], [ 101.112229, 16.075839 ], [ 101.112289, 16.076023 ], [ 101.112447, 16.076164 ], [ 101.112407, 16.076343 ], [ 101.112116, 16.076669 ], [ 101.111653, 16.076951 ], [ 101.111376, 16.077701 ], [ 101.111208, 16.077834 ], [ 101.11101, 16.077844 ], [ 101.110895, 16.07775 ], [ 101.110902, 16.077367 ], [ 101.110836, 16.077217 ], [ 101.11063, 16.077172 ], [ 101.110504, 16.077264 ], [ 101.110154, 16.078317 ], [ 101.109651, 16.078715 ], [ 101.10954, 16.078881 ], [ 101.10955, 16.079011 ], [ 101.109912, 16.079074 ], [ 101.110529, 16.078687 ], [ 101.110649, 16.078713 ], [ 101.110583, 16.079816 ], [ 101.110707, 16.079972 ], [ 101.111093, 16.080212 ], [ 101.111399, 16.080303 ], [ 101.111888, 16.080323 ], [ 101.112092, 16.080627 ], [ 101.112095, 16.08084 ], [ 101.111963, 16.080951 ], [ 101.111287, 16.080791 ], [ 101.111219, 16.080936 ], [ 101.111231, 16.08121 ], [ 101.111499, 16.081561 ], [ 101.112202, 16.082105 ], [ 101.112232, 16.082207 ], [ 101.112113, 16.082277 ], [ 101.11166, 16.082305 ], [ 101.110754, 16.0831 ], [ 101.110831, 16.083476 ], [ 101.111003, 16.083596 ], [ 101.111437, 16.083719 ], [ 101.11151, 16.083869 ], [ 101.111485, 16.08404 ], [ 101.111359, 16.084125 ], [ 101.110384, 16.08425 ], [ 101.110241, 16.08417 ], [ 101.109895, 16.083436 ], [ 101.109725, 16.083432 ], [ 101.109578, 16.083523 ], [ 101.109376, 16.084102 ], [ 101.109595, 16.085303 ], [ 101.109697, 16.0855 ], [ 101.109882, 16.085566 ], [ 101.110002, 16.085509 ], [ 101.110159, 16.085157 ], [ 101.110326, 16.085031 ], [ 101.110837, 16.085071 ], [ 101.111272, 16.084845 ], [ 101.111471, 16.08489 ], [ 101.111933, 16.085779 ], [ 101.111987, 16.086066 ], [ 101.111986, 16.086395 ], [ 101.111794, 16.086761 ], [ 101.112357, 16.08695 ], [ 101.112723, 16.087218 ], [ 101.113303, 16.087996 ], [ 101.113292, 16.088216 ], [ 101.113161, 16.08843 ], [ 101.112516, 16.08881 ], [ 101.112238, 16.089061 ], [ 101.112226, 16.089226 ], [ 101.112399, 16.089778 ], [ 101.112279, 16.090252 ], [ 101.112124, 16.090296 ], [ 101.11196, 16.090243 ], [ 101.111606, 16.089838 ], [ 101.1114, 16.089807 ], [ 101.111232, 16.089872 ], [ 101.11115, 16.090037 ], [ 101.111226, 16.090385 ], [ 101.111522, 16.090702 ], [ 101.111449, 16.090998 ], [ 101.110952, 16.091711 ], [ 101.111025, 16.091854 ], [ 101.111291, 16.092062 ], [ 101.112235, 16.092197 ], [ 101.112571, 16.092349 ], [ 101.112658, 16.092492 ], [ 101.112632, 16.092616 ], [ 101.111873, 16.092984 ], [ 101.111219, 16.092857 ], [ 101.110944, 16.092876 ], [ 101.110663, 16.093031 ], [ 101.109908, 16.093173 ], [ 101.109827, 16.093414 ], [ 101.109999, 16.093966 ], [ 101.109715, 16.094354 ], [ 101.109169, 16.094705 ], [ 101.108962, 16.095037 ], [ 101.108784, 16.095759 ], [ 101.108658, 16.095871 ], [ 101.108424, 16.095847 ], [ 101.108074, 16.095688 ], [ 101.107698, 16.095674 ], [ 101.107217, 16.095688 ], [ 101.106977, 16.095754 ], [ 101.106852, 16.095865 ], [ 101.10682, 16.096058 ], [ 101.107042, 16.096239 ], [ 101.108424, 16.096682 ], [ 101.108847, 16.096977 ], [ 101.108696, 16.097226 ], [ 101.108463, 16.097312 ], [ 101.107939, 16.097293 ], [ 101.107461, 16.097088 ], [ 101.107335, 16.097166 ], [ 101.107407, 16.097698 ], [ 101.107958, 16.098381 ], [ 101.108122, 16.098906 ], [ 101.108512, 16.099297 ], [ 101.108592, 16.099446 ], [ 101.108574, 16.099645 ], [ 101.108485, 16.099804 ], [ 101.108266, 16.099855 ], [ 101.107811, 16.099753 ], [ 101.107564, 16.099784 ], [ 101.107073, 16.100059 ], [ 101.106774, 16.100372 ], [ 101.106757, 16.101078 ], [ 101.107094, 16.101696 ], [ 101.10742, 16.102094 ], [ 101.107408, 16.102266 ], [ 101.106855, 16.103021 ], [ 101.106714, 16.103051 ], [ 101.106167, 16.102573 ], [ 101.106018, 16.102548 ], [ 101.105906, 16.102626 ], [ 101.105828, 16.103038 ], [ 101.10587, 16.103441 ], [ 101.106312, 16.103605 ], [ 101.106486, 16.103842 ], [ 101.105986, 16.103994 ], [ 101.10572, 16.104162 ], [ 101.104997, 16.105359 ], [ 101.105026, 16.105837 ], [ 101.105248, 16.106341 ], [ 101.104793, 16.107478 ], [ 101.104625, 16.107631 ], [ 101.104188, 16.107741 ], [ 101.104006, 16.107888 ], [ 101.103786, 16.10824 ], [ 101.102839, 16.10918 ], [ 101.102599, 16.109232 ], [ 101.102148, 16.108993 ], [ 101.101986, 16.109023 ], [ 101.101288, 16.11004 ], [ 101.1011, 16.110632 ], [ 101.101132, 16.110824 ], [ 101.101403, 16.111381 ], [ 101.101521, 16.11207 ], [ 101.101702, 16.112246 ], [ 101.101754, 16.112402 ], [ 101.101226, 16.11263 ], [ 101.101015, 16.113106 ], [ 101.100889, 16.113204 ], [ 101.100712, 16.113206 ], [ 101.100506, 16.113182 ], [ 101.100384, 16.113061 ], [ 101.100302, 16.112836 ], [ 101.100394, 16.112424 ], [ 101.100294, 16.112337 ], [ 101.09983, 16.112173 ], [ 101.099321, 16.112215 ], [ 101.09829, 16.113663 ], [ 101.098476, 16.114633 ], [ 101.098414, 16.114826 ], [ 101.098245, 16.114979 ], [ 101.098025, 16.115064 ], [ 101.096984, 16.115019 ], [ 101.096344, 16.115156 ], [ 101.096059, 16.115124 ], [ 101.095717, 16.115182 ], [ 101.095228, 16.115442 ], [ 101.095268, 16.115848 ], [ 101.095498, 16.116094 ], [ 101.095742, 16.116181 ], [ 101.095948, 16.116151 ], [ 101.096369, 16.115534 ], [ 101.096631, 16.116055 ], [ 101.096641, 16.116317 ], [ 101.096495, 16.117462 ], [ 101.096376, 16.117649 ], [ 101.09617, 16.117713 ], [ 101.095507, 16.117678 ], [ 101.095273, 16.117818 ], [ 101.095279, 16.11841 ], [ 101.095666, 16.11862 ], [ 101.096339, 16.118221 ], [ 101.096724, 16.118183 ], [ 101.096974, 16.118277 ], [ 101.097284, 16.118625 ], [ 101.097443, 16.118858 ], [ 101.097889, 16.120011 ], [ 101.098206, 16.120291 ], [ 101.098567, 16.120783 ], [ 101.09845, 16.121204 ], [ 101.098532, 16.121589 ], [ 101.099052, 16.122218 ], [ 101.099361, 16.123221 ], [ 101.099399, 16.123434 ], [ 101.099236, 16.123587 ], [ 101.099072, 16.123568 ], [ 101.098785, 16.123357 ], [ 101.098607, 16.123325 ], [ 101.098307, 16.123334 ], [ 101.098017, 16.123461 ], [ 101.097925, 16.123593 ], [ 101.098108, 16.124004 ], [ 101.098324, 16.12425 ], [ 101.099077, 16.124774 ], [ 101.099396, 16.12526 ], [ 101.099078, 16.125524 ], [ 101.098798, 16.126037 ], [ 101.09833, 16.126261 ], [ 101.098346, 16.126482 ], [ 101.098676, 16.126699 ], [ 101.09912, 16.126846 ], [ 101.099575, 16.126808 ], [ 101.099844, 16.126654 ], [ 101.100051, 16.126665 ], [ 101.100318, 16.126932 ], [ 101.100451, 16.127495 ], [ 101.101074, 16.127744 ], [ 101.102216, 16.127968 ], [ 101.102394, 16.127918 ], [ 101.10274, 16.127584 ], [ 101.102996, 16.127574 ], [ 101.103076, 16.127739 ], [ 101.102856, 16.129208 ], [ 101.103303, 16.129679 ], [ 101.103261, 16.129804 ], [ 101.103069, 16.129854 ], [ 101.102491, 16.130493 ], [ 101.102525, 16.130989 ], [ 101.102242, 16.13126 ], [ 101.101959, 16.131407 ], [ 101.10191, 16.131518 ], [ 101.102336, 16.132092 ], [ 101.103102, 16.132381 ], [ 101.103457, 16.132247 ], [ 101.103787, 16.131824 ], [ 101.103951, 16.131802 ], [ 101.104087, 16.131904 ], [ 101.10419, 16.132144 ], [ 101.104253, 16.133521 ], [ 101.104454, 16.134304 ], [ 101.104892, 16.135326 ], [ 101.104773, 16.13561 ], [ 101.103484, 16.135643 ], [ 101.103096, 16.136011 ], [ 101.10286, 16.135986 ], [ 101.102388, 16.13577 ], [ 101.10226, 16.13582 ], [ 101.10227, 16.136129 ], [ 101.102465, 16.136376 ], [ 101.102815, 16.13713 ], [ 101.102821, 16.137764 ], [ 101.102901, 16.137914 ], [ 101.103137, 16.137995 ], [ 101.103379, 16.137951 ], [ 101.103627, 16.137859 ], [ 101.103825, 16.137637 ], [ 101.103899, 16.137209 ], [ 101.103761, 16.13697 ], [ 101.103844, 16.1367 ], [ 101.104142, 16.136649 ], [ 101.104684, 16.136685 ], [ 101.105779, 16.137068 ], [ 101.105636, 16.138453 ], [ 101.105709, 16.138597 ], [ 101.106087, 16.138697 ], [ 101.106493, 16.138645 ], [ 101.10708, 16.138206 ], [ 101.107431, 16.137713 ], [ 101.107602, 16.137691 ], [ 101.107889, 16.137854 ], [ 101.1083, 16.138359 ], [ 101.108424, 16.138647 ], [ 101.108386, 16.139089 ], [ 101.108287, 16.139193 ], [ 101.107803, 16.139266 ], [ 101.107345, 16.139071 ], [ 101.107147, 16.139155 ], [ 101.106935, 16.139405 ], [ 101.106739, 16.139704 ], [ 101.106657, 16.140062 ], [ 101.106744, 16.140234 ], [ 101.106972, 16.140204 ], [ 101.107194, 16.140285 ], [ 101.107245, 16.140422 ], [ 101.107106, 16.140802 ], [ 101.106795, 16.141081 ], [ 101.106389, 16.14105 ], [ 101.106338, 16.140947 ], [ 101.106561, 16.140422 ], [ 101.10653, 16.140201 ], [ 101.1064, 16.139989 ], [ 101.106014, 16.139951 ], [ 101.105859, 16.140091 ], [ 101.105065, 16.140477 ], [ 101.10422, 16.140802 ], [ 101.103422, 16.141553 ], [ 101.103053, 16.141674 ], [ 101.102856, 16.141896 ], [ 101.102765, 16.142104 ], [ 101.102796, 16.142338 ], [ 101.102961, 16.142419 ], [ 101.104613, 16.142348 ], [ 101.105063, 16.142426 ], [ 101.105231, 16.14279 ], [ 101.105205, 16.1431 ], [ 101.104988, 16.143502 ], [ 101.105011, 16.143625 ], [ 101.105233, 16.14372 ], [ 101.105625, 16.143709 ], [ 101.106136, 16.143518 ], [ 101.106655, 16.143445 ], [ 101.106941, 16.14349 ], [ 101.107135, 16.143633 ], [ 101.107252, 16.143949 ], [ 101.106962, 16.144833 ], [ 101.10693, 16.145191 ], [ 101.10681, 16.145372 ], [ 101.10664, 16.145435 ], [ 101.106469, 16.14543 ], [ 101.106038, 16.145152 ], [ 101.105383, 16.145172 ], [ 101.105156, 16.14527 ], [ 101.105004, 16.145733 ], [ 101.10505, 16.146112 ], [ 101.105431, 16.146397 ], [ 101.105483, 16.146576 ], [ 101.105456, 16.146735 ], [ 101.105082, 16.14711 ], [ 101.104855, 16.147188 ], [ 101.104627, 16.147183 ], [ 101.104354, 16.147055 ], [ 101.104267, 16.146897 ], [ 101.104279, 16.146677 ], [ 101.104596, 16.146261 ], [ 101.104573, 16.146109 ], [ 101.104422, 16.146014 ], [ 101.102647, 16.145907 ], [ 101.102149, 16.146022 ], [ 101.10171, 16.146274 ], [ 101.101449, 16.146621 ], [ 101.101411, 16.147076 ], [ 101.101505, 16.14722 ], [ 101.101692, 16.147342 ], [ 101.102433, 16.147335 ], [ 101.103341, 16.148325 ], [ 101.103323, 16.148649 ], [ 101.102903, 16.148715 ], [ 101.102468, 16.148636 ], [ 101.101906, 16.148042 ], [ 101.101475, 16.147764 ], [ 101.100891, 16.147776 ], [ 101.100598, 16.147648 ], [ 101.100551, 16.147249 ], [ 101.100428, 16.147113 ], [ 101.1002, 16.147115 ], [ 101.099393, 16.147653 ], [ 101.099239, 16.147944 ], [ 101.099199, 16.148199 ], [ 101.099404, 16.148762 ], [ 101.099491, 16.149567 ], [ 101.099311, 16.150078 ], [ 101.099066, 16.151293 ], [ 101.09889, 16.151467 ], [ 101.098563, 16.151594 ], [ 101.098501, 16.151746 ], [ 101.098567, 16.151931 ], [ 101.098775, 16.152115 ], [ 101.099391, 16.152419 ], [ 101.099535, 16.15257 ], [ 101.099594, 16.152714 ], [ 101.09956, 16.152927 ], [ 101.099259, 16.153399 ], [ 101.098374, 16.154054 ], [ 101.098164, 16.15438 ], [ 101.098251, 16.154503 ], [ 101.098472, 16.154584 ], [ 101.099099, 16.154557 ], [ 101.099732, 16.154372 ], [ 101.100256, 16.15403 ], [ 101.100809, 16.153777 ], [ 101.101017, 16.153864 ], [ 101.10106, 16.153967 ], [ 101.101016, 16.154519 ], [ 101.101196, 16.154703 ], [ 101.1019, 16.154497 ], [ 101.102542, 16.154614 ], [ 101.102734, 16.154564 ], [ 101.103036, 16.154128 ], [ 101.102996, 16.15366 ], [ 101.103165, 16.15352 ], [ 101.103772, 16.15357 ], [ 101.104159, 16.153855 ], [ 101.104648, 16.154967 ], [ 101.10498, 16.155404 ], [ 101.105253, 16.155539 ], [ 101.105838, 16.155623 ], [ 101.106313, 16.156136 ], [ 101.10698, 16.15646 ], [ 101.107066, 16.156576 ], [ 101.106998, 16.156825 ], [ 101.106871, 16.156957 ], [ 101.105602, 16.157671 ], [ 101.10515, 16.158034 ], [ 101.104974, 16.158242 ], [ 101.10478, 16.15883 ], [ 101.104393, 16.15935 ], [ 101.103785, 16.159476 ], [ 101.103742, 16.160602 ], [ 101.10382, 16.160747 ], [ 101.10402, 16.16079 ], [ 101.10422, 16.160722 ], [ 101.104709, 16.160234 ], [ 101.105049, 16.159663 ], [ 101.105023, 16.159137 ], [ 101.10516, 16.159021 ], [ 101.105488, 16.159209 ], [ 101.105672, 16.159486 ], [ 101.105685, 16.159639 ], [ 101.105529, 16.160653 ], [ 101.105768, 16.161214 ], [ 101.106314, 16.161908 ], [ 101.107126, 16.162458 ], [ 101.107196, 16.162638 ], [ 101.107042, 16.163308 ], [ 101.106459, 16.164009 ], [ 101.106393, 16.164209 ], [ 101.106428, 16.16443 ], [ 101.106812, 16.164757 ], [ 101.108089, 16.165145 ], [ 101.108523, 16.165458 ], [ 101.108586, 16.1657 ], [ 101.108377, 16.166038 ], [ 101.10819, 16.166113 ], [ 101.107104, 16.165975 ], [ 101.106231, 16.166184 ], [ 101.106145, 16.166156 ], [ 101.106167, 16.166066 ], [ 101.106348, 16.165798 ], [ 101.106429, 16.165418 ], [ 101.106373, 16.165169 ], [ 101.106202, 16.165058 ], [ 101.104535, 16.165352 ], [ 101.103913, 16.165266 ], [ 101.103661, 16.165534 ], [ 101.103823, 16.165998 ], [ 101.104044, 16.166144 ], [ 101.104486, 16.166222 ], [ 101.105538, 16.16609 ], [ 101.10583, 16.16623 ], [ 101.105915, 16.166369 ], [ 101.105784, 16.166721 ], [ 101.105648, 16.166803 ], [ 101.105219, 16.166779 ], [ 101.10466, 16.167011 ], [ 101.103942, 16.167629 ], [ 101.103796, 16.167987 ], [ 101.103756, 16.168733 ], [ 101.103933, 16.169045 ], [ 101.104514, 16.169884 ], [ 101.104782, 16.170528 ], [ 101.104973, 16.170723 ], [ 101.105473, 16.170926 ], [ 101.105306, 16.171257 ], [ 101.104701, 16.171938 ], [ 101.104319, 16.172536 ], [ 101.103434, 16.174494 ], [ 101.103045, 16.174961 ], [ 101.10273, 16.175104 ], [ 101.102607, 16.175325 ], [ 101.102584, 16.175518 ], [ 101.103031, 16.176129 ], [ 101.103216, 16.176219 ], [ 101.103417, 16.176221 ], [ 101.104105, 16.175914 ], [ 101.104516, 16.175391 ], [ 101.104929, 16.174385 ], [ 101.105102, 16.174227 ], [ 101.105724, 16.174258 ], [ 101.106651, 16.17456 ], [ 101.107198, 16.175096 ], [ 101.108044, 16.177104 ], [ 101.108267, 16.178073 ], [ 101.108751, 16.178324 ], [ 101.109123, 16.178437 ], [ 101.10998, 16.17849 ], [ 101.110689, 16.178377 ], [ 101.111484, 16.178119 ], [ 101.112134, 16.178261 ], [ 101.113758, 16.17912 ], [ 101.114293, 16.179302 ], [ 101.114665, 16.179367 ], [ 101.116273, 16.179369 ], [ 101.117374, 16.17952 ], [ 101.11906, 16.17962 ], [ 101.119404, 16.179553 ], [ 101.119936, 16.17903 ], [ 101.120097, 16.178479 ], [ 101.119906, 16.178098 ], [ 101.119883, 16.177192 ], [ 101.120057, 16.17682 ], [ 101.120372, 16.176767 ], [ 101.123349, 16.178532 ], [ 101.123854, 16.179011 ], [ 101.124407, 16.179795 ], [ 101.124642, 16.179886 ], [ 101.125164, 16.17991 ], [ 101.125766, 16.179754 ], [ 101.126168, 16.179508 ], [ 101.126682, 16.179608 ], [ 101.127138, 16.179845 ], [ 101.127414, 16.180213 ], [ 101.127403, 16.18098 ], [ 101.126835, 16.181377 ], [ 101.126625, 16.18186 ], [ 101.126659, 16.182254 ], [ 101.126972, 16.182497 ], [ 101.127378, 16.18261 ], [ 101.127572, 16.182507 ], [ 101.12809, 16.181909 ], [ 101.128448, 16.181828 ], [ 101.128748, 16.181989 ], [ 101.129053, 16.182315 ], [ 101.129201, 16.182669 ], [ 101.12922, 16.183083 ], [ 101.129424, 16.183603 ], [ 101.129679, 16.183984 ], [ 101.130781, 16.185089 ], [ 101.131206, 16.185678 ], [ 101.131354, 16.186108 ], [ 101.131715, 16.187899 ], [ 101.131978, 16.188205 ], [ 101.13217, 16.18824 ], [ 101.132385, 16.188172 ], [ 101.132544, 16.188021 ], [ 101.133597, 16.186528 ], [ 101.134265, 16.185972 ], [ 101.134501, 16.185966 ], [ 101.13465, 16.186043 ], [ 101.134891, 16.186431 ], [ 101.135053, 16.186895 ], [ 101.135074, 16.188111 ], [ 101.13476, 16.189194 ], [ 101.133411, 16.191218 ], [ 101.13297, 16.192052 ], [ 101.132939, 16.192493 ], [ 101.133009, 16.192736 ], [ 101.1333, 16.193083 ], [ 101.134214, 16.193178 ], [ 101.134414, 16.193227 ], [ 101.134592, 16.193373 ], [ 101.134815, 16.194287 ], [ 101.134784, 16.194784 ], [ 101.13425, 16.195534 ], [ 101.133676, 16.195869 ], [ 101.133082, 16.195907 ], [ 101.132804, 16.195837 ], [ 101.132241, 16.195543 ], [ 101.131948, 16.195507 ], [ 101.131662, 16.195533 ], [ 101.131425, 16.19567 ], [ 101.131143, 16.196194 ], [ 101.131252, 16.197113 ], [ 101.13154, 16.197992 ], [ 101.131488, 16.198303 ], [ 101.131336, 16.198544 ], [ 101.130769, 16.198948 ], [ 101.130517, 16.19932 ], [ 101.130446, 16.200207 ], [ 101.130548, 16.200716 ], [ 101.130805, 16.200991 ], [ 101.131154, 16.200853 ], [ 101.131687, 16.200465 ], [ 101.132086, 16.200395 ], [ 101.13225, 16.200464 ], [ 101.132564, 16.200787 ], [ 101.132773, 16.201247 ], [ 101.132853, 16.201922 ], [ 101.133155, 16.20283 ], [ 101.133121, 16.203512 ], [ 101.133499, 16.203594 ], [ 101.134433, 16.203591 ], [ 101.134597, 16.203653 ], [ 101.134661, 16.203783 ], [ 101.134676, 16.204052 ], [ 101.134591, 16.204355 ], [ 101.134615, 16.205119 ], [ 101.134488, 16.205457 ], [ 101.134332, 16.205719 ], [ 101.133314, 16.206314 ], [ 101.133201, 16.206452 ], [ 101.133223, 16.206796 ], [ 101.13378, 16.206974 ], [ 101.135112, 16.207004 ], [ 101.136332, 16.207407 ], [ 101.136439, 16.207559 ], [ 101.136527, 16.208385 ], [ 101.136649, 16.208632 ], [ 101.136849, 16.208742 ], [ 101.137291, 16.208747 ], [ 101.137881, 16.208422 ], [ 101.138038, 16.208422 ], [ 101.138153, 16.208539 ], [ 101.138147, 16.2092 ], [ 101.137936, 16.209992 ], [ 101.137041, 16.211034 ], [ 101.136736, 16.211524 ], [ 101.136366, 16.211676 ], [ 101.136273, 16.211787 ], [ 101.136317, 16.212069 ], [ 101.13651, 16.212323 ], [ 101.137359, 16.212452 ], [ 101.13741, 16.21281 ], [ 101.136849, 16.21361 ], [ 101.136458, 16.213907 ], [ 101.13557, 16.214818 ], [ 101.135215, 16.215487 ], [ 101.134775, 16.215963 ], [ 101.134376, 16.215978 ], [ 101.133933, 16.21578 ], [ 101.133755, 16.215588 ], [ 101.133539, 16.214851 ], [ 101.133403, 16.214762 ], [ 101.132954, 16.214867 ], [ 101.132705, 16.214854 ], [ 101.132512, 16.214799 ], [ 101.132198, 16.214511 ], [ 101.13197, 16.214401 ], [ 101.131627, 16.21434 ], [ 101.131485, 16.214416 ], [ 101.131414, 16.214616 ], [ 101.13145, 16.214726 ], [ 101.131929, 16.21509 ], [ 101.131951, 16.215462 ], [ 101.131788, 16.215586 ], [ 101.131168, 16.21576 ], [ 101.130692, 16.216319 ], [ 101.13035, 16.216299 ], [ 101.130257, 16.216058 ], [ 101.130198, 16.215294 ], [ 101.129927, 16.215219 ], [ 101.129222, 16.215538 ], [ 101.128482, 16.216015 ], [ 101.127451, 16.21672 ], [ 101.127394, 16.216892 ], [ 101.127482, 16.217526 ], [ 101.127397, 16.21767 ], [ 101.12714, 16.217816 ], [ 101.12727, 16.218187 ], [ 101.127555, 16.218365 ], [ 101.128019, 16.218426 ], [ 101.128446, 16.218356 ], [ 101.128695, 16.218218 ], [ 101.129121, 16.217707 ], [ 101.129264, 16.2177 ], [ 101.129435, 16.217885 ], [ 101.129515, 16.218284 ], [ 101.129281, 16.218781 ], [ 101.128613, 16.219382 ], [ 101.128614, 16.219685 ], [ 101.128728, 16.219781 ], [ 101.129177, 16.219883 ], [ 101.129612, 16.219833 ], [ 101.130979, 16.219451 ], [ 101.131605, 16.218988 ], [ 101.131919, 16.219139 ], [ 101.132206, 16.219585 ], [ 101.132249, 16.219943 ], [ 101.13216, 16.221031 ], [ 101.132489, 16.221602 ], [ 101.132547, 16.221857 ], [ 101.132498, 16.222167 ], [ 101.132149, 16.22236 ], [ 101.131501, 16.222314 ], [ 101.131102, 16.222446 ], [ 101.130284, 16.223102 ], [ 101.13003, 16.223764 ], [ 101.12984, 16.22479 ], [ 101.129522, 16.225645 ], [ 101.12949, 16.226864 ], [ 101.129685, 16.227958 ], [ 101.129981, 16.22897 ], [ 101.130077, 16.230367 ], [ 101.130279, 16.230972 ], [ 101.130808, 16.231797 ], [ 101.131502, 16.232532 ], [ 101.131895, 16.232882 ], [ 101.13303, 16.233671 ], [ 101.133274, 16.234228 ], [ 101.133268, 16.234593 ], [ 101.132992, 16.235296 ], [ 101.132654, 16.236736 ], [ 101.132558, 16.237866 ], [ 101.132584, 16.239559 ], [ 101.132152, 16.240304 ], [ 101.131768, 16.240691 ], [ 101.131427, 16.241201 ], [ 101.131229, 16.241732 ], [ 101.131026, 16.243089 ], [ 101.131044, 16.244205 ], [ 101.130433, 16.244847 ], [ 101.130448, 16.245205 ], [ 101.13105, 16.24616 ], [ 101.130979, 16.246305 ], [ 101.130566, 16.246464 ], [ 101.130388, 16.246678 ], [ 101.130405, 16.247518 ], [ 101.130334, 16.247794 ], [ 101.130128, 16.247967 ], [ 101.129879, 16.248015 ], [ 101.129009, 16.24788 ], [ 101.128005, 16.248103 ], [ 101.12777, 16.248365 ], [ 101.127607, 16.248724 ], [ 101.127132, 16.250161 ], [ 101.126869, 16.250725 ], [ 101.125964, 16.251462 ], [ 101.125535, 16.25142 ], [ 101.125336, 16.251502 ], [ 101.124959, 16.252346 ], [ 101.124703, 16.252569 ], [ 101.124476, 16.252644 ], [ 101.124066, 16.252634 ], [ 101.123836, 16.252489 ], [ 101.123608, 16.252448 ], [ 101.12341, 16.252464 ], [ 101.123109, 16.252702 ], [ 101.122932, 16.253262 ], [ 101.122935, 16.253526 ], [ 101.123219, 16.254478 ], [ 101.123222, 16.254743 ], [ 101.122927, 16.255553 ], [ 101.12299, 16.255817 ], [ 101.123113, 16.255904 ], [ 101.123797, 16.255926 ], [ 101.123859, 16.255999 ], [ 101.123862, 16.256308 ], [ 101.123397, 16.256914 ], [ 101.123225, 16.257827 ], [ 101.123778, 16.258409 ], [ 101.12398, 16.258818 ], [ 101.124224, 16.258889 ], [ 101.124374, 16.258726 ], [ 101.124388, 16.258549 ], [ 101.124262, 16.258198 ], [ 101.124274, 16.257875 ], [ 101.124782, 16.257018 ], [ 101.125024, 16.256905 ], [ 101.125229, 16.256918 ], [ 101.125679, 16.257082 ], [ 101.125849, 16.257367 ], [ 101.12596, 16.257762 ], [ 101.126175, 16.257995 ], [ 101.126434, 16.258037 ], [ 101.126586, 16.257984 ], [ 101.126735, 16.257711 ], [ 101.126678, 16.257388 ], [ 101.126469, 16.256994 ], [ 101.12709, 16.256855 ], [ 101.127722, 16.256944 ], [ 101.128464, 16.257436 ], [ 101.129296, 16.258427 ], [ 101.129893, 16.258817 ], [ 101.129991, 16.25944 ], [ 101.129908, 16.260197 ], [ 101.130063, 16.260453 ], [ 101.130322, 16.260516 ], [ 101.130526, 16.260441 ], [ 101.13056, 16.260029 ], [ 101.130673, 16.25994 ], [ 101.131237, 16.260111 ], [ 101.131459, 16.26027 ], [ 101.131598, 16.260504 ], [ 101.131541, 16.260827 ], [ 101.131043, 16.261155 ], [ 101.130856, 16.261422 ], [ 101.130906, 16.261832 ], [ 101.131254, 16.262387 ], [ 101.130946, 16.263484 ], [ 101.130757, 16.263501 ], [ 101.130479, 16.263158 ], [ 101.129146, 16.262849 ], [ 101.12869, 16.262897 ], [ 101.12826, 16.263159 ], [ 101.128111, 16.26341 ], [ 101.128263, 16.264098 ], [ 101.128668, 16.264337 ], [ 101.130331, 16.264929 ], [ 101.130918, 16.265048 ], [ 101.131631, 16.264953 ], [ 101.132399, 16.264982 ], [ 101.132522, 16.265084 ], [ 101.132441, 16.265334 ], [ 101.131994, 16.265456 ], [ 101.131724, 16.265775 ], [ 101.131582, 16.266018 ], [ 101.131535, 16.26657 ], [ 101.131635, 16.266745 ], [ 101.13181, 16.266758 ], [ 101.132299, 16.266283 ], [ 101.132512, 16.266325 ], [ 101.132522, 16.266479 ], [ 101.132228, 16.267392 ], [ 101.132488, 16.267603 ], [ 101.132694, 16.267637 ], [ 101.132982, 16.267576 ], [ 101.133074, 16.267663 ], [ 101.133047, 16.268008 ], [ 101.132656, 16.268394 ], [ 101.132608, 16.26882 ], [ 101.132702, 16.26915 ], [ 101.132939, 16.269206 ], [ 101.133303, 16.269144 ], [ 101.133734, 16.269661 ], [ 101.134283, 16.269788 ], [ 101.134453, 16.270072 ], [ 101.134629, 16.270173 ], [ 101.134932, 16.270111 ], [ 101.135068, 16.27 ], [ 101.135135, 16.269867 ], [ 101.135116, 16.269581 ], [ 101.135214, 16.269477 ], [ 101.135725, 16.269611 ], [ 101.136005, 16.270174 ], [ 101.136003, 16.270695 ], [ 101.13644, 16.271043 ], [ 101.136864, 16.270922 ], [ 101.137755, 16.271104 ], [ 101.138252, 16.270702 ], [ 101.138519, 16.270743 ], [ 101.139042, 16.27134 ], [ 101.13909, 16.271531 ], [ 101.138896, 16.271914 ], [ 101.138038, 16.272672 ], [ 101.138086, 16.272885 ], [ 101.138378, 16.273139 ], [ 101.138607, 16.273232 ], [ 101.138985, 16.273037 ], [ 101.139322, 16.272659 ], [ 101.139702, 16.272575 ], [ 101.13987, 16.27272 ], [ 101.139895, 16.272881 ], [ 101.139772, 16.273477 ], [ 101.139858, 16.273667 ], [ 101.140352, 16.273662 ], [ 101.140699, 16.273482 ], [ 101.141086, 16.273412 ], [ 101.141377, 16.273549 ], [ 101.141513, 16.274252 ], [ 101.14159, 16.274332 ], [ 101.141727, 16.27436 ], [ 101.141932, 16.274285 ], [ 101.142381, 16.27362 ], [ 101.142477, 16.27342 ], [ 101.142456, 16.272862 ], [ 101.142553, 16.272737 ], [ 101.142872, 16.272638 ], [ 101.142968, 16.272453 ], [ 101.14309, 16.272408 ], [ 101.143402, 16.27253 ], [ 101.143596, 16.27288 ], [ 101.143723, 16.273342 ], [ 101.143715, 16.274032 ], [ 101.143409, 16.27521 ], [ 101.143403, 16.276032 ], [ 101.143275, 16.2769 ], [ 101.143433, 16.277464 ], [ 101.143783, 16.27818 ], [ 101.143679, 16.278431 ], [ 101.143461, 16.278646 ], [ 101.142985, 16.278886 ], [ 101.142933, 16.279033 ], [ 101.143155, 16.279141 ], [ 101.143496, 16.279035 ], [ 101.143808, 16.279032 ], [ 101.143984, 16.279177 ], [ 101.144019, 16.279646 ], [ 101.14392, 16.280249 ], [ 101.144017, 16.280784 ], [ 101.144327, 16.281347 ], [ 101.145085, 16.281919 ], [ 101.14517, 16.28205 ], [ 101.145188, 16.282234 ], [ 101.145099, 16.282433 ], [ 101.144698, 16.28265 ], [ 101.144451, 16.282954 ], [ 101.144242, 16.283337 ], [ 101.144223, 16.283675 ], [ 101.144438, 16.283923 ], [ 101.144973, 16.284189 ], [ 101.145556, 16.283934 ], [ 101.145739, 16.28399 ], [ 101.146001, 16.284318 ], [ 101.146214, 16.285006 ], [ 101.146507, 16.285429 ], [ 101.147037, 16.285953 ], [ 101.147047, 16.286165 ], [ 101.14698, 16.286262 ], [ 101.146714, 16.286294 ], [ 101.146317, 16.286151 ], [ 101.14582, 16.286552 ], [ 101.145498, 16.28704 ], [ 101.145497, 16.28762 ], [ 101.14537, 16.287835 ], [ 101.144608, 16.28861 ], [ 101.144, 16.289045 ], [ 101.143664, 16.289578 ], [ 101.142874, 16.28963 ], [ 101.142637, 16.289507 ], [ 101.142537, 16.289376 ], [ 101.14249, 16.288613 ], [ 101.142412, 16.28843 ], [ 101.142222, 16.288454 ], [ 101.141863, 16.288913 ], [ 101.141876, 16.289419 ], [ 101.14215, 16.290217 ], [ 101.142504, 16.290566 ], [ 101.143062, 16.290847 ], [ 101.143531, 16.291349 ], [ 101.143532, 16.291473 ], [ 101.143308, 16.291784 ], [ 101.142822, 16.291899 ], [ 101.142424, 16.292329 ], [ 101.142458, 16.292652 ], [ 101.142881, 16.293342 ], [ 101.142877, 16.293739 ], [ 101.142692, 16.294166 ], [ 101.142353, 16.294471 ], [ 101.14196, 16.294629 ], [ 101.141789, 16.294969 ], [ 101.141853, 16.295298 ], [ 101.142176, 16.29567 ], [ 101.142649, 16.296517 ], [ 101.142722, 16.296927 ], [ 101.142542, 16.29712 ], [ 101.142382, 16.297099 ], [ 101.142266, 16.296961 ], [ 101.142247, 16.296594 ], [ 101.141859, 16.296525 ], [ 101.141548, 16.296645 ], [ 101.141127, 16.297083 ], [ 101.140571, 16.297931 ], [ 101.140551, 16.298068 ], [ 101.140696, 16.298352 ], [ 101.141016, 16.29865 ], [ 101.141064, 16.299003 ], [ 101.140926, 16.299369 ], [ 101.140677, 16.299652 ], [ 101.14033, 16.299872 ], [ 101.140049, 16.300255 ], [ 101.139778, 16.300416 ], [ 101.138267, 16.301752 ], [ 101.138231, 16.301953 ], [ 101.138308, 16.302068 ], [ 101.138828, 16.302549 ], [ 101.138786, 16.302761 ], [ 101.138381, 16.302754 ], [ 101.137706, 16.302455 ], [ 101.137285, 16.302464 ], [ 101.137155, 16.302608 ], [ 101.137206, 16.302798 ], [ 101.137444, 16.303028 ], [ 101.137456, 16.303144 ], [ 101.137342, 16.303256 ], [ 101.137064, 16.303317 ], [ 101.137078, 16.303602 ], [ 101.137222, 16.303759 ], [ 101.137715, 16.303844 ], [ 101.13776, 16.303986 ], [ 101.137612, 16.3044 ], [ 101.137704, 16.3048 ], [ 101.137836, 16.304899 ], [ 101.138219, 16.304869 ], [ 101.138373, 16.305005 ], [ 101.138353, 16.305153 ], [ 101.138103, 16.305345 ], [ 101.138117, 16.305557 ], [ 101.138355, 16.305903 ], [ 101.139004, 16.306181 ], [ 101.139076, 16.306297 ], [ 101.138697, 16.306665 ], [ 101.138267, 16.306828 ], [ 101.138223, 16.307267 ], [ 101.138416, 16.307439 ], [ 101.138969, 16.307555 ], [ 101.139054, 16.307776 ], [ 101.138957, 16.307957 ], [ 101.138481, 16.308363 ], [ 101.138126, 16.308446 ], [ 101.1377, 16.309026 ], [ 101.137664, 16.309169 ], [ 101.137877, 16.309679 ], [ 101.137896, 16.309911 ], [ 101.137075, 16.311335 ], [ 101.137028, 16.311563 ], [ 101.137215, 16.311672 ], [ 101.1374, 16.311612 ], [ 101.137627, 16.311345 ], [ 101.137695, 16.311091 ], [ 101.137919, 16.311004 ], [ 101.138051, 16.311103 ], [ 101.138076, 16.311415 ], [ 101.138166, 16.311588 ], [ 101.138452, 16.311765 ], [ 101.139357, 16.311481 ], [ 101.139564, 16.311474 ], [ 101.139658, 16.311573 ], [ 101.13975, 16.311942 ], [ 101.139832, 16.311999 ], [ 101.141704, 16.312118 ], [ 101.142095, 16.312415 ], [ 101.14254, 16.313049 ], [ 101.143892, 16.313654 ], [ 101.144535, 16.31445 ], [ 101.144793, 16.314622 ], [ 101.145142, 16.315019 ], [ 101.145792, 16.315398 ], [ 101.146241, 16.315991 ], [ 101.146323, 16.31702 ], [ 101.146162, 16.31728 ], [ 101.145821, 16.317548 ], [ 101.145752, 16.317765 ], [ 101.145907, 16.317922 ], [ 101.146065, 16.317931 ], [ 101.146457, 16.317684 ], [ 101.146555, 16.317699 ], [ 101.146698, 16.317814 ], [ 101.146733, 16.317998 ], [ 101.14666, 16.318263 ], [ 101.146395, 16.31854 ], [ 101.146315, 16.31927 ], [ 101.146096, 16.319711 ], [ 101.146109, 16.319943 ], [ 101.146308, 16.320142 ], [ 101.146746, 16.320169 ], [ 101.146878, 16.320242 ], [ 101.147522, 16.321091 ], [ 101.147546, 16.321334 ], [ 101.147073, 16.321544 ], [ 101.146995, 16.321936 ], [ 101.147604, 16.322579 ], [ 101.147613, 16.322907 ], [ 101.1475, 16.323103 ], [ 101.146469, 16.323346 ], [ 101.146258, 16.323576 ], [ 101.146251, 16.323914 ], [ 101.146539, 16.324281 ], [ 101.146585, 16.324454 ], [ 101.146429, 16.325206 ], [ 101.146505, 16.32567 ], [ 101.146367, 16.32602 ], [ 101.145761, 16.326581 ], [ 101.145675, 16.326798 ], [ 101.145706, 16.327052 ], [ 101.145794, 16.327146 ], [ 101.145954, 16.327229 ], [ 101.146534, 16.32727 ], [ 101.146651, 16.327464 ], [ 101.146642, 16.327676 ], [ 101.146463, 16.32782 ], [ 101.145856, 16.327805 ], [ 101.145689, 16.328018 ], [ 101.145663, 16.328846 ], [ 101.14575, 16.329858 ], [ 101.145373, 16.330112 ], [ 101.145073, 16.330482 ], [ 101.145046, 16.330776 ], [ 101.145215, 16.330921 ], [ 101.145458, 16.330919 ], [ 101.146047, 16.330516 ], [ 101.146229, 16.330514 ], [ 101.146995, 16.331079 ], [ 101.147031, 16.331519 ], [ 101.146909, 16.331535 ], [ 101.146789, 16.331669 ], [ 101.146715, 16.331875 ], [ 101.146827, 16.332373 ], [ 101.146771, 16.332785 ], [ 101.147048, 16.333091 ], [ 101.148004, 16.332963 ], [ 101.148082, 16.333124 ], [ 101.147949, 16.333493 ], [ 101.147969, 16.333904 ], [ 101.14817, 16.33421 ], [ 101.1484, 16.334355 ], [ 101.148416, 16.334472 ], [ 101.148176, 16.334739 ], [ 101.148103, 16.335033 ], [ 101.14826, 16.335516 ], [ 101.148615, 16.335939 ], [ 101.148727, 16.336466 ], [ 101.148706, 16.337333 ], [ 101.148631, 16.337451 ], [ 101.148208, 16.337646 ], [ 101.148119, 16.337911 ], [ 101.148221, 16.33888 ], [ 101.148071, 16.339072 ], [ 101.14789, 16.339192 ], [ 101.147283, 16.339286 ], [ 101.147132, 16.33939 ], [ 101.146786, 16.339776 ], [ 101.146513, 16.339837 ], [ 101.146317, 16.339986 ], [ 101.146276, 16.340368 ], [ 101.146877, 16.341448 ], [ 101.147068, 16.342268 ], [ 101.147285, 16.342619 ], [ 101.14753, 16.342822 ], [ 101.147973, 16.342935 ], [ 101.148034, 16.343022 ], [ 101.148022, 16.343243 ], [ 101.147692, 16.343731 ], [ 101.147636, 16.344084 ], [ 101.148281, 16.344753 ], [ 101.148361, 16.345104 ], [ 101.148531, 16.345352 ], [ 101.14925, 16.345712 ], [ 101.149692, 16.345796 ], [ 101.149785, 16.345986 ], [ 101.149789, 16.346323 ], [ 101.14958, 16.346649 ], [ 101.149397, 16.346665 ], [ 101.148878, 16.34648 ], [ 101.148479, 16.346102 ], [ 101.147654, 16.345787 ], [ 101.14738, 16.345775 ], [ 101.147109, 16.345998 ], [ 101.147055, 16.346601 ], [ 101.1474, 16.347567 ], [ 101.148144, 16.348852 ], [ 101.148773, 16.349388 ], [ 101.148867, 16.349667 ], [ 101.147814, 16.350705 ], [ 101.147239, 16.350932 ], [ 101.146998, 16.351125 ], [ 101.146987, 16.351566 ], [ 101.147097, 16.351814 ], [ 101.147496, 16.352221 ], [ 101.148594, 16.352504 ], [ 101.149191, 16.352865 ], [ 101.150163, 16.352723 ], [ 101.150561, 16.352939 ], [ 101.150746, 16.353216 ], [ 101.151076, 16.354138 ], [ 101.151816, 16.35507 ], [ 101.151834, 16.355364 ], [ 101.151643, 16.355909 ], [ 101.151617, 16.35635 ], [ 101.152083, 16.357256 ], [ 101.152303, 16.357914 ], [ 101.15241, 16.359294 ], [ 101.152723, 16.360098 ], [ 101.152994, 16.3613 ], [ 101.153332, 16.361605 ], [ 101.153636, 16.361602 ], [ 101.15408, 16.360466 ], [ 101.154398, 16.360346 ], [ 101.154749, 16.360401 ], [ 101.154933, 16.360531 ], [ 101.155534, 16.361303 ], [ 101.155799, 16.361873 ], [ 101.15582, 16.362372 ], [ 101.155688, 16.362844 ], [ 101.155574, 16.363564 ], [ 101.15558, 16.364122 ], [ 101.155349, 16.365197 ], [ 101.155646, 16.365958 ], [ 101.155727, 16.366412 ], [ 101.155624, 16.366707 ], [ 101.15543, 16.367032 ], [ 101.154992, 16.367301 ], [ 101.154716, 16.367127 ], [ 101.154669, 16.366996 ], [ 101.154875, 16.366406 ], [ 101.154828, 16.366201 ], [ 101.154477, 16.366116 ], [ 101.15428, 16.366192 ], [ 101.153859, 16.366622 ], [ 101.153725, 16.366873 ], [ 101.15364, 16.367476 ], [ 101.153493, 16.367889 ], [ 101.15353, 16.36852 ], [ 101.1537, 16.368812 ], [ 101.153764, 16.369105 ], [ 101.153224, 16.369757 ], [ 101.152938, 16.371448 ], [ 101.152791, 16.371861 ], [ 101.152236, 16.372587 ], [ 101.152046, 16.373235 ], [ 101.151068, 16.374273 ], [ 101.150906, 16.374686 ], [ 101.151046, 16.374978 ], [ 101.151404, 16.375106 ], [ 101.151825, 16.375101 ], [ 101.152362, 16.375219 ], [ 101.152256, 16.375925 ], [ 101.152641, 16.376391 ], [ 101.152999, 16.376483 ], [ 101.153201, 16.376833 ], [ 101.152911, 16.377438 ], [ 101.152944, 16.377665 ], [ 101.153036, 16.37773 ], [ 101.15337, 16.377727 ], [ 101.153486, 16.377843 ], [ 101.153483, 16.378291 ], [ 101.153328, 16.378682 ], [ 101.153003, 16.378898 ], [ 101.151988, 16.379254 ], [ 101.151882, 16.379328 ], [ 101.151824, 16.379593 ], [ 101.15218, 16.38014 ], [ 101.15223, 16.380551 ], [ 101.152355, 16.380822 ], [ 101.152957, 16.380925 ], [ 101.153036, 16.381167 ], [ 101.153052, 16.38196 ], [ 101.153184, 16.382223 ], [ 101.153496, 16.382271 ], [ 101.154557, 16.381937 ], [ 101.155513, 16.382383 ], [ 101.155688, 16.382388 ], [ 101.1559, 16.382305 ], [ 101.156185, 16.38195 ], [ 101.156526, 16.381814 ], [ 101.156724, 16.381841 ], [ 101.156939, 16.38203 ], [ 101.157058, 16.382477 ], [ 101.157166, 16.382674 ], [ 101.157273, 16.382724 ], [ 101.157539, 16.382722 ], [ 101.158045, 16.382408 ], [ 101.158424, 16.382294 ], [ 101.15889, 16.382407 ], [ 101.15957, 16.382745 ], [ 101.160202, 16.382775 ], [ 101.160332, 16.382855 ], [ 101.160433, 16.383074 ], [ 101.160348, 16.383589 ], [ 101.160374, 16.383897 ], [ 101.160451, 16.384021 ], [ 101.160977, 16.384126 ], [ 101.161128, 16.384733 ], [ 101.16185, 16.385409 ], [ 101.161916, 16.385856 ], [ 101.161846, 16.386386 ], [ 101.161947, 16.38659 ], [ 101.162231, 16.386793 ], [ 101.162399, 16.386872 ], [ 101.162999, 16.386829 ], [ 101.163648, 16.386367 ], [ 101.163952, 16.386313 ], [ 101.165028, 16.386625 ], [ 101.165909, 16.386586 ], [ 101.166666, 16.386953 ], [ 101.166776, 16.387958 ], [ 101.166885, 16.388192 ], [ 101.167223, 16.388496 ], [ 101.167317, 16.388686 ], [ 101.16735, 16.38895 ], [ 101.167205, 16.389642 ], [ 101.167224, 16.389965 ], [ 101.167646, 16.390959 ], [ 101.16783, 16.391104 ], [ 101.168074, 16.391131 ], [ 101.168255, 16.39107 ], [ 101.168557, 16.390832 ], [ 101.169007, 16.39024 ], [ 101.169402, 16.390178 ], [ 101.16957, 16.390249 ], [ 101.169803, 16.390702 ], [ 101.169848, 16.392082 ], [ 101.170012, 16.393123 ], [ 101.170197, 16.393356 ], [ 101.17035, 16.393413 ], [ 101.171291, 16.393213 ], [ 101.171473, 16.393225 ], [ 101.171643, 16.3934 ], [ 101.171646, 16.393738 ], [ 101.171557, 16.39393 ], [ 101.170925, 16.394553 ], [ 101.170901, 16.395111 ], [ 101.170742, 16.395891 ], [ 101.170426, 16.396173 ], [ 101.16951, 16.396112 ], [ 101.169303, 16.396403 ], [ 101.169332, 16.397033 ], [ 101.169714, 16.397553 ], [ 101.169737, 16.397681 ], [ 101.169499, 16.399104 ], [ 101.169156, 16.400134 ], [ 101.169184, 16.400695 ], [ 101.169431, 16.401002 ], [ 101.169559, 16.401524 ], [ 101.169441, 16.401889 ], [ 101.169046, 16.402171 ], [ 101.168948, 16.402353 ], [ 101.169052, 16.402726 ], [ 101.16922, 16.402895 ], [ 101.169497, 16.402978 ], [ 101.170183, 16.402928 ], [ 101.17035, 16.40298 ], [ 101.170788, 16.403563 ], [ 101.171197, 16.40451 ], [ 101.171292, 16.405081 ], [ 101.171517, 16.405442 ], [ 101.171919, 16.405769 ], [ 101.171947, 16.406313 ], [ 101.172072, 16.406558 ], [ 101.172418, 16.406821 ], [ 101.172463, 16.406928 ], [ 101.172403, 16.407463 ], [ 101.171986, 16.407852 ], [ 101.171878, 16.408066 ], [ 101.17097, 16.408055 ], [ 101.170375, 16.408232 ], [ 101.169967, 16.40845 ], [ 101.169587, 16.409079 ], [ 101.169483, 16.40971 ], [ 101.168797, 16.410743 ], [ 101.168748, 16.411267 ], [ 101.16891, 16.411885 ], [ 101.169438, 16.412639 ], [ 101.169819, 16.413035 ], [ 101.170083, 16.413855 ], [ 101.169943, 16.414252 ], [ 101.170048, 16.414753 ], [ 101.169958, 16.415566 ], [ 101.169541, 16.416874 ], [ 101.16904, 16.417665 ], [ 101.169223, 16.418197 ], [ 101.169215, 16.418422 ], [ 101.168809, 16.418757 ], [ 101.168325, 16.419029 ], [ 101.167948, 16.41898 ], [ 101.166813, 16.418425 ], [ 101.166647, 16.418438 ], [ 101.166449, 16.418568 ], [ 101.16653, 16.418866 ], [ 101.167159, 16.419693 ], [ 101.167205, 16.419874 ], [ 101.167097, 16.420111 ], [ 101.167057, 16.420464 ], [ 101.16709, 16.421452 ], [ 101.166983, 16.421838 ], [ 101.165718, 16.422556 ], [ 101.165057, 16.422798 ], [ 101.164846, 16.422779 ], [ 101.16411, 16.422295 ], [ 101.163811, 16.422298 ], [ 101.162525, 16.423086 ], [ 101.160549, 16.423565 ], [ 101.160396, 16.423738 ], [ 101.160418, 16.424742 ], [ 101.160585, 16.424869 ], [ 101.161405, 16.424924 ], [ 101.161773, 16.425166 ], [ 101.161841, 16.425315 ], [ 101.161878, 16.425603 ], [ 101.161657, 16.427684 ], [ 101.161685, 16.428207 ], [ 101.16147, 16.428765 ], [ 101.161484, 16.429032 ], [ 101.161541, 16.429181 ], [ 101.161697, 16.429297 ], [ 101.161919, 16.429316 ], [ 101.162084, 16.429272 ], [ 101.162534, 16.428915 ], [ 101.1628, 16.42888 ], [ 101.163155, 16.429036 ], [ 101.163163, 16.429742 ], [ 101.163058, 16.430256 ], [ 101.1631, 16.430992 ], [ 101.163227, 16.431509 ], [ 101.164047, 16.432538 ], [ 101.164292, 16.432706 ], [ 101.164492, 16.432747 ], [ 101.165033, 16.432666 ], [ 101.165133, 16.432687 ], [ 101.165268, 16.432878 ], [ 101.165224, 16.433882 ], [ 101.164841, 16.434292 ], [ 101.165024, 16.434825 ], [ 101.165393, 16.435163 ], [ 101.166071, 16.435364 ], [ 101.16658, 16.43537 ], [ 101.16717, 16.435716 ], [ 101.168058, 16.435857 ], [ 101.16826, 16.436175 ], [ 101.168638, 16.437315 ], [ 101.168737, 16.43819 ], [ 101.168988, 16.438925 ], [ 101.168963, 16.439651 ], [ 101.169267, 16.441096 ], [ 101.169643, 16.442086 ], [ 101.169617, 16.442663 ], [ 101.169744, 16.443132 ], [ 101.170056, 16.443364 ], [ 101.170501, 16.443541 ], [ 101.170569, 16.443722 ], [ 101.170666, 16.445436 ], [ 101.170144, 16.447269 ], [ 101.170116, 16.44775 ], [ 101.170244, 16.448278 ], [ 101.171652, 16.45149 ], [ 101.172076, 16.452731 ], [ 101.172587, 16.45389 ], [ 101.173175, 16.455006 ], [ 101.174065, 16.456391 ], [ 101.174312, 16.456677 ], [ 101.174643, 16.456588 ], [ 101.174824, 16.456971 ], [ 101.174775, 16.457559 ], [ 101.174615, 16.45802 ], [ 101.174653, 16.458479 ], [ 101.174085, 16.459148 ], [ 101.173588, 16.459292 ], [ 101.173425, 16.459571 ], [ 101.173183, 16.459745 ], [ 101.172951, 16.459801 ], [ 101.172496, 16.459699 ], [ 101.17232, 16.459732 ], [ 101.172326, 16.460304 ], [ 101.172171, 16.460338 ], [ 101.171846, 16.459988 ], [ 101.171626, 16.460044 ], [ 101.171539, 16.460216 ], [ 101.172119, 16.461631 ], [ 101.172089, 16.46192 ], [ 101.172394, 16.462398 ], [ 101.172736, 16.463345 ], [ 101.173144, 16.464121 ], [ 101.173158, 16.464447 ], [ 101.173481, 16.46455 ], [ 101.173768, 16.464483 ], [ 101.174218, 16.464158 ], [ 101.174472, 16.464123 ], [ 101.175272, 16.464382 ], [ 101.175685, 16.464666 ], [ 101.175929, 16.464696 ], [ 101.176219, 16.464864 ], [ 101.176785, 16.465029 ], [ 101.1771, 16.465485 ], [ 101.177092, 16.465688 ], [ 101.177597, 16.466372 ], [ 101.177624, 16.466724 ], [ 101.17738, 16.466759 ], [ 101.177001, 16.466453 ], [ 101.176723, 16.466371 ], [ 101.176579, 16.466426 ], [ 101.176515, 16.466619 ], [ 101.176606, 16.466863 ], [ 101.177492, 16.467848 ], [ 101.177714, 16.46791 ], [ 101.179021, 16.467907 ], [ 101.179322, 16.468064 ], [ 101.179717, 16.467825 ], [ 101.180349, 16.467861 ], [ 101.180481, 16.467806 ], [ 101.1807, 16.467537 ], [ 101.180959, 16.466978 ], [ 101.18173, 16.46658 ], [ 101.182123, 16.466127 ], [ 101.182421, 16.466028 ], [ 101.18321, 16.466266 ], [ 101.183646, 16.466699 ], [ 101.184123, 16.466737 ], [ 101.184658, 16.467095 ], [ 101.184738, 16.467233 ], [ 101.184754, 16.467703 ], [ 101.184552, 16.468431 ], [ 101.184765, 16.468686 ], [ 101.184976, 16.468769 ], [ 101.18512, 16.468746 ], [ 101.185491, 16.468245 ], [ 101.185779, 16.468296 ], [ 101.185813, 16.468381 ], [ 101.185599, 16.468992 ], [ 101.185516, 16.469517 ], [ 101.185584, 16.469666 ], [ 101.185963, 16.469843 ], [ 101.186147, 16.470482 ], [ 101.185933, 16.471126 ], [ 101.185808, 16.471843 ], [ 101.185654, 16.471909 ], [ 101.185453, 16.471836 ], [ 101.18523, 16.471635 ], [ 101.185094, 16.47138 ], [ 101.184972, 16.471382 ], [ 101.184798, 16.471651 ], [ 101.18478, 16.471982 ], [ 101.184476, 16.472546 ], [ 101.184645, 16.472801 ], [ 101.184834, 16.472842 ], [ 101.185011, 16.47284 ], [ 101.185285, 16.472602 ], [ 101.185485, 16.472643 ], [ 101.185477, 16.472985 ], [ 101.185359, 16.473285 ], [ 101.185783, 16.473537 ], [ 101.18562, 16.473881 ], [ 101.185846, 16.474274 ], [ 101.185992, 16.474432 ], [ 101.186181, 16.474505 ], [ 101.186535, 16.474502 ], [ 101.186669, 16.474575 ], [ 101.18681, 16.475332 ], [ 101.186392, 16.475518 ], [ 101.185931, 16.475897 ], [ 101.185822, 16.476058 ], [ 101.185847, 16.476304 ], [ 101.186069, 16.476366 ], [ 101.186333, 16.476235 ], [ 101.186789, 16.47638 ], [ 101.186762, 16.476919 ], [ 101.186853, 16.477164 ], [ 101.187009, 16.477227 ], [ 101.187351, 16.477138 ], [ 101.187606, 16.477178 ], [ 101.188055, 16.477739 ], [ 101.187772, 16.478159 ], [ 101.187206, 16.478037 ], [ 101.186853, 16.478126 ], [ 101.186479, 16.478397 ], [ 101.186131, 16.478935 ], [ 101.185977, 16.479054 ], [ 101.185568, 16.479112 ], [ 101.185191, 16.479062 ], [ 101.185113, 16.478967 ], [ 101.185142, 16.478582 ], [ 101.185074, 16.478465 ], [ 101.184851, 16.478361 ], [ 101.184386, 16.478344 ], [ 101.184035, 16.478604 ], [ 101.184116, 16.478945 ], [ 101.184239, 16.479094 ], [ 101.184906, 16.4793 ], [ 101.18494, 16.479364 ], [ 101.184854, 16.479634 ], [ 101.184538, 16.479945 ], [ 101.18455, 16.48021 ], [ 101.184817, 16.480285 ], [ 101.185443, 16.47997 ], [ 101.185949, 16.480008 ], [ 101.186182, 16.480236 ], [ 101.186152, 16.480716 ], [ 101.186218, 16.481024 ], [ 101.186502, 16.481046 ], [ 101.186723, 16.480941 ], [ 101.187074, 16.480612 ], [ 101.187344, 16.480216 ], [ 101.187548, 16.480154 ], [ 101.187636, 16.480178 ], [ 101.187682, 16.480306 ], [ 101.187373, 16.4812 ], [ 101.187162, 16.481373 ], [ 101.18711, 16.481511 ], [ 101.187212, 16.481852 ], [ 101.187391, 16.482021 ], [ 101.187464, 16.482226 ], [ 101.187442, 16.482569 ], [ 101.187235, 16.48317 ], [ 101.18734, 16.483768 ], [ 101.187288, 16.48394 ], [ 101.18706, 16.484097 ], [ 101.186731, 16.484083 ], [ 101.186333, 16.48419 ], [ 101.186007, 16.484399 ], [ 101.185956, 16.484596 ], [ 101.186055, 16.484706 ], [ 101.186589, 16.484838 ], [ 101.187021, 16.485407 ], [ 101.187518, 16.485453 ], [ 101.18754, 16.485838 ], [ 101.187304, 16.486072 ], [ 101.186291, 16.48598 ], [ 101.186053, 16.486042 ], [ 101.185807, 16.486284 ], [ 101.185764, 16.486422 ], [ 101.186646, 16.486729 ], [ 101.187077, 16.487187 ], [ 101.187294, 16.487579 ], [ 101.187135, 16.487691 ], [ 101.186762, 16.48761 ], [ 101.186153, 16.487077 ], [ 101.185912, 16.487002 ], [ 101.185587, 16.487271 ], [ 101.185449, 16.487615 ], [ 101.185626, 16.488324 ], [ 101.185668, 16.488931 ], [ 101.186248, 16.489267 ], [ 101.186321, 16.489421 ], [ 101.18627, 16.489644 ], [ 101.185808, 16.490334 ], [ 101.186021, 16.491093 ], [ 101.186148, 16.491417 ], [ 101.186491, 16.491893 ], [ 101.187101, 16.492495 ], [ 101.186979, 16.492727 ], [ 101.186438, 16.49275 ], [ 101.185793, 16.492988 ], [ 101.18533, 16.493549 ], [ 101.185367, 16.493737 ], [ 101.185662, 16.493914 ], [ 101.185735, 16.49411 ], [ 101.18558, 16.494505 ], [ 101.185257, 16.494971 ], [ 101.185262, 16.495442 ], [ 101.185387, 16.495534 ], [ 101.1856, 16.495515 ], [ 101.185862, 16.495161 ], [ 101.185921, 16.494878 ], [ 101.18607, 16.494705 ], [ 101.186194, 16.494704 ], [ 101.186303, 16.494883 ], [ 101.186213, 16.495594 ], [ 101.186691, 16.496257 ], [ 101.186606, 16.49666 ], [ 101.186219, 16.496896 ], [ 101.186088, 16.49706 ], [ 101.185989, 16.497746 ], [ 101.185608, 16.498588 ], [ 101.185796, 16.498741 ], [ 101.186212, 16.498625 ], [ 101.186532, 16.498699 ], [ 101.186982, 16.499293 ], [ 101.187387, 16.498989 ], [ 101.187626, 16.499013 ], [ 101.187948, 16.49918 ], [ 101.188173, 16.499486 ], [ 101.188225, 16.5 ], [ 101.188998, 16.5007 ], [ 101.18934, 16.501341 ], [ 101.189437, 16.501797 ], [ 101.189443, 16.502378 ], [ 101.190039, 16.502431 ], [ 101.191483, 16.503875 ], [ 101.191689, 16.504558 ], [ 101.191861, 16.504843 ], [ 101.192831, 16.505584 ], [ 101.192935, 16.506029 ], [ 101.193082, 16.506189 ], [ 101.193281, 16.506202 ], [ 101.193858, 16.505982 ], [ 101.194072, 16.506002 ], [ 101.194303, 16.506184 ], [ 101.194852, 16.507467 ], [ 101.194685, 16.508213 ], [ 101.194735, 16.508559 ], [ 101.195244, 16.509647 ], [ 101.195337, 16.510501 ], [ 101.195484, 16.510691 ], [ 101.196656, 16.511025 ], [ 101.196811, 16.511229 ], [ 101.196884, 16.511575 ], [ 101.196826, 16.511874 ], [ 101.197076, 16.51305 ], [ 101.197238, 16.513218 ], [ 101.197682, 16.513294 ], [ 101.197791, 16.51347 ], [ 101.197803, 16.513904 ], [ 101.198395, 16.514229 ], [ 101.198428, 16.514421 ], [ 101.198272, 16.514835 ], [ 101.197925, 16.515188 ], [ 101.197755, 16.515662 ], [ 101.197293, 16.516057 ], [ 101.197257, 16.516204 ], [ 101.19736, 16.51652 ], [ 101.197966, 16.517494 ], [ 101.198252, 16.517748 ], [ 101.19865, 16.517847 ], [ 101.199214, 16.517823 ], [ 101.199707, 16.517472 ], [ 101.199829, 16.51747 ], [ 101.199915, 16.51769 ], [ 101.199619, 16.518474 ], [ 101.199339, 16.518698 ], [ 101.198952, 16.518879 ], [ 101.198495, 16.51898 ], [ 101.198298, 16.519114 ], [ 101.197191, 16.520548 ], [ 101.196909, 16.520565 ], [ 101.196793, 16.520419 ], [ 101.196668, 16.519485 ], [ 101.196529, 16.519369 ], [ 101.196224, 16.519365 ], [ 101.196087, 16.519462 ], [ 101.196044, 16.519668 ], [ 101.196311, 16.520336 ], [ 101.196291, 16.521902 ], [ 101.19609, 16.522412 ], [ 101.195355, 16.523547 ], [ 101.19563, 16.524236 ], [ 101.196207, 16.525302 ], [ 101.196911, 16.52612 ], [ 101.196968, 16.526407 ], [ 101.196908, 16.526577 ], [ 101.196742, 16.526711 ], [ 101.196107, 16.526629 ], [ 101.195978, 16.52669 ], [ 101.195941, 16.526823 ], [ 101.195967, 16.527021 ], [ 101.196402, 16.527698 ], [ 101.19648, 16.5285 ], [ 101.196367, 16.5287 ], [ 101.19617, 16.528769 ], [ 101.195497, 16.528672 ], [ 101.195162, 16.528801 ], [ 101.195011, 16.528943 ], [ 101.194983, 16.529201 ], [ 101.195162, 16.529479 ], [ 101.196042, 16.530339 ], [ 101.196261, 16.530746 ], [ 101.196263, 16.530937 ], [ 101.196142, 16.531071 ], [ 101.195654, 16.531098 ], [ 101.195502, 16.531195 ], [ 101.195435, 16.531351 ], [ 101.195848, 16.532017 ], [ 101.1964, 16.532284 ], [ 101.196698, 16.532244 ], [ 101.197229, 16.53198 ], [ 101.197534, 16.53197 ], [ 101.197657, 16.532042 ], [ 101.197669, 16.532381 ], [ 101.19755, 16.533362 ], [ 101.197308, 16.533567 ], [ 101.196354, 16.533584 ], [ 101.196187, 16.533682 ], [ 101.196151, 16.533859 ], [ 101.196435, 16.535359 ], [ 101.196558, 16.535388 ], [ 101.196741, 16.534686 ], [ 101.197006, 16.534492 ], [ 101.197167, 16.534523 ], [ 101.197755, 16.535195 ], [ 101.197954, 16.535274 ], [ 101.198572, 16.535186 ], [ 101.199126, 16.53496 ], [ 101.199492, 16.534911 ], [ 101.199844, 16.534937 ], [ 101.200549, 16.535155 ], [ 101.201121, 16.53509 ], [ 101.201463, 16.53499 ], [ 101.201721, 16.534796 ], [ 101.20198, 16.534086 ], [ 101.202185, 16.533951 ], [ 101.202475, 16.533933 ], [ 101.202799, 16.534232 ], [ 101.20309, 16.535025 ], [ 101.203917, 16.535918 ], [ 101.204094, 16.536653 ], [ 101.204226, 16.536902 ], [ 101.206247, 16.538652 ], [ 101.207264, 16.538833 ], [ 101.207732, 16.53902 ], [ 101.210566, 16.539723 ], [ 101.211096, 16.539997 ], [ 101.211608, 16.540087 ], [ 101.211877, 16.540217 ], [ 101.212047, 16.540407 ], [ 101.212313, 16.540964 ], [ 101.212224, 16.541819 ], [ 101.212295, 16.542014 ], [ 101.212858, 16.542553 ], [ 101.212883, 16.542737 ], [ 101.212795, 16.543069 ], [ 101.212495, 16.543536 ], [ 101.212385, 16.543921 ], [ 101.212412, 16.544289 ], [ 101.212531, 16.544626 ], [ 101.212865, 16.545142 ], [ 101.213262, 16.546471 ], [ 101.213282, 16.546876 ], [ 101.213193, 16.547105 ], [ 101.212869, 16.547521 ], [ 101.212933, 16.547749 ], [ 101.213636, 16.548475 ], [ 101.213685, 16.548791 ], [ 101.213613, 16.549138 ], [ 101.2132, 16.549783 ], [ 101.213033, 16.550507 ], [ 101.213058, 16.550713 ], [ 101.213244, 16.550902 ], [ 101.213842, 16.551154 ], [ 101.214066, 16.551336 ], [ 101.214137, 16.551611 ], [ 101.214113, 16.552156 ], [ 101.213815, 16.552771 ], [ 101.213817, 16.552948 ], [ 101.214415, 16.553848 ], [ 101.214483, 16.555088 ], [ 101.215567, 16.55638 ], [ 101.21588, 16.557114 ], [ 101.215978, 16.557628 ], [ 101.216061, 16.559576 ], [ 101.21631, 16.559919 ], [ 101.216901, 16.560237 ], [ 101.217377, 16.561138 ], [ 101.217473, 16.56152 ], [ 101.217453, 16.56176 ], [ 101.217134, 16.562559 ], [ 101.217282, 16.563478 ], [ 101.217501, 16.563955 ], [ 101.21754, 16.564647 ], [ 101.217711, 16.564895 ], [ 101.218508, 16.565167 ], [ 101.219218, 16.565815 ], [ 101.219351, 16.566108 ], [ 101.219361, 16.566321 ], [ 101.219018, 16.567018 ], [ 101.219074, 16.567231 ], [ 101.219915, 16.567974 ], [ 101.220057, 16.568293 ], [ 101.220116, 16.568726 ], [ 101.220032, 16.568912 ], [ 101.219133, 16.569983 ], [ 101.218978, 16.57027 ], [ 101.218684, 16.571708 ], [ 101.21879, 16.572532 ], [ 101.218667, 16.573029 ], [ 101.218445, 16.573217 ], [ 101.217785, 16.573492 ], [ 101.217488, 16.573795 ], [ 101.217222, 16.57388 ], [ 101.216687, 16.573896 ], [ 101.216316, 16.57421 ], [ 101.215883, 16.575077 ], [ 101.215692, 16.575765 ], [ 101.21573, 16.576228 ], [ 101.215984, 16.576845 ], [ 101.215995, 16.577102 ], [ 101.215732, 16.577488 ], [ 101.215259, 16.577574 ], [ 101.214569, 16.577302 ], [ 101.214201, 16.577232 ], [ 101.213791, 16.577391 ], [ 101.213105, 16.577501 ], [ 101.212897, 16.577349 ], [ 101.211998, 16.576239 ], [ 101.211561, 16.576115 ], [ 101.21098, 16.576069 ], [ 101.210394, 16.576201 ], [ 101.209728, 16.57679 ], [ 101.208983, 16.577055 ], [ 101.207914, 16.577085 ], [ 101.207564, 16.577236 ], [ 101.207421, 16.577429 ], [ 101.207415, 16.577753 ], [ 101.207496, 16.577922 ], [ 101.207975, 16.578396 ], [ 101.208097, 16.579094 ], [ 101.208033, 16.579463 ], [ 101.207624, 16.579748 ], [ 101.206961, 16.579946 ], [ 101.206229, 16.580665 ], [ 101.205805, 16.580971 ], [ 101.205295, 16.581146 ], [ 101.205185, 16.581567 ], [ 101.20521, 16.581766 ], [ 101.205442, 16.582021 ], [ 101.205825, 16.582076 ], [ 101.206404, 16.581952 ], [ 101.206725, 16.581971 ], [ 101.207031, 16.582056 ], [ 101.207638, 16.582388 ], [ 101.207839, 16.582607 ], [ 101.207927, 16.582879 ], [ 101.207956, 16.584739 ], [ 101.207829, 16.585035 ], [ 101.207571, 16.58517 ], [ 101.205779, 16.585395 ], [ 101.204688, 16.584851 ], [ 101.204252, 16.584826 ], [ 101.203879, 16.584918 ], [ 101.203705, 16.585052 ], [ 101.203615, 16.585245 ], [ 101.203474, 16.586256 ], [ 101.20316, 16.586834 ], [ 101.203244, 16.587518 ], [ 101.202623, 16.588007 ], [ 101.202825, 16.588299 ], [ 101.204387, 16.589277 ], [ 101.204712, 16.589635 ], [ 101.205057, 16.590397 ], [ 101.205067, 16.590618 ], [ 101.20488, 16.590974 ], [ 101.204716, 16.59467 ], [ 101.204758, 16.594997 ], [ 101.205305, 16.596141 ], [ 101.205334, 16.596671 ], [ 101.205179, 16.597158 ], [ 101.204651, 16.597716 ], [ 101.204494, 16.597987 ], [ 101.204452, 16.598348 ], [ 101.204885, 16.599508 ], [ 101.205274, 16.600093 ], [ 101.205365, 16.600718 ], [ 101.205308, 16.601032 ], [ 101.205105, 16.601314 ], [ 101.204877, 16.601464 ], [ 101.204097, 16.601384 ], [ 101.203499, 16.601198 ], [ 101.203209, 16.601238 ], [ 101.202823, 16.6015 ], [ 101.202627, 16.601723 ], [ 101.2025, 16.60196 ], [ 101.202492, 16.602594 ], [ 101.202586, 16.602858 ], [ 101.203083, 16.603531 ], [ 101.203193, 16.603824 ], [ 101.203272, 16.604755 ], [ 101.203124, 16.605118 ], [ 101.202822, 16.605408 ], [ 101.201503, 16.605665 ], [ 101.201016, 16.605854 ], [ 101.200433, 16.606288 ], [ 101.200369, 16.606716 ], [ 101.200456, 16.606929 ], [ 101.200633, 16.607063 ], [ 101.201508, 16.607451 ], [ 101.201709, 16.607633 ], [ 101.201775, 16.608067 ], [ 101.201648, 16.608363 ], [ 101.200935, 16.608791 ], [ 101.200717, 16.609051 ], [ 101.200919, 16.609417 ], [ 101.202114, 16.610344 ], [ 101.202364, 16.610857 ], [ 101.202344, 16.611711 ], [ 101.202438, 16.611917 ], [ 101.202662, 16.612194 ], [ 101.202916, 16.612361 ], [ 101.204174, 16.612834 ], [ 101.204376, 16.613097 ], [ 101.204204, 16.613463 ], [ 101.203744, 16.613977 ], [ 101.203193, 16.615205 ], [ 101.203151, 16.615522 ], [ 101.203293, 16.61597 ], [ 101.203456, 16.616109 ], [ 101.203708, 16.616183 ], [ 101.204533, 16.616182 ], [ 101.2052, 16.616344 ], [ 101.205708, 16.616729 ], [ 101.206216, 16.617004 ], [ 101.20647, 16.617237 ], [ 101.206619, 16.617541 ], [ 101.206533, 16.61805 ], [ 101.205943, 16.61855 ], [ 101.205865, 16.619037 ], [ 101.206809, 16.620095 ], [ 101.206879, 16.620256 ], [ 101.206851, 16.620422 ], [ 101.206527, 16.620846 ], [ 101.20644, 16.621208 ], [ 101.206428, 16.621554 ], [ 101.206532, 16.621995 ], [ 101.206687, 16.622133 ], [ 101.206932, 16.622204 ], [ 101.207473, 16.622103 ], [ 101.207635, 16.622182 ], [ 101.208045, 16.622627 ], [ 101.208131, 16.622825 ], [ 101.208103, 16.623076 ], [ 101.207799, 16.623834 ], [ 101.207543, 16.624212 ], [ 101.207211, 16.624518 ], [ 101.206574, 16.624915 ], [ 101.206476, 16.625056 ], [ 101.206483, 16.625638 ], [ 101.206569, 16.625873 ], [ 101.206786, 16.626092 ], [ 101.207802, 16.62614 ], [ 101.208067, 16.625916 ], [ 101.208333, 16.625832 ], [ 101.208533, 16.625911 ], [ 101.208834, 16.62621 ], [ 101.209129, 16.626627 ], [ 101.209155, 16.626873 ], [ 101.208923, 16.627266 ], [ 101.208447, 16.627772 ], [ 101.208314, 16.628127 ], [ 101.208318, 16.628451 ], [ 101.20842, 16.628752 ], [ 101.208791, 16.629072 ], [ 101.209804, 16.629481 ], [ 101.210028, 16.6297 ], [ 101.210115, 16.629997 ], [ 101.210143, 16.630424 ], [ 101.210033, 16.630779 ], [ 101.209655, 16.631136 ], [ 101.208904, 16.631645 ], [ 101.208694, 16.631964 ], [ 101.208561, 16.632356 ], [ 101.208572, 16.633325 ], [ 101.208713, 16.633596 ], [ 101.20889, 16.633749 ], [ 101.209044, 16.633843 ], [ 101.20922, 16.633834 ], [ 101.209379, 16.633714 ], [ 101.209529, 16.632858 ], [ 101.209634, 16.63271 ], [ 101.209863, 16.632619 ], [ 101.210831, 16.632483 ], [ 101.21219, 16.632354 ], [ 101.213293, 16.632659 ], [ 101.213679, 16.632979 ], [ 101.213865, 16.63325 ], [ 101.213899, 16.633515 ], [ 101.213808, 16.633604 ], [ 101.212728, 16.633955 ], [ 101.212341, 16.634217 ], [ 101.211527, 16.635161 ], [ 101.211415, 16.63542 ], [ 101.211404, 16.635671 ], [ 101.211468, 16.63579 ], [ 101.212066, 16.635754 ], [ 101.212274, 16.635662 ], [ 101.212597, 16.635348 ], [ 101.213626, 16.634909 ], [ 101.21446, 16.635103 ], [ 101.214864, 16.635091 ], [ 101.214973, 16.635157 ], [ 101.214799, 16.63556 ], [ 101.214305, 16.635873 ], [ 101.213898, 16.636244 ], [ 101.213781, 16.63692 ], [ 101.213862, 16.637189 ], [ 101.214265, 16.637754 ], [ 101.214437, 16.637902 ], [ 101.215163, 16.638127 ], [ 101.215313, 16.638365 ], [ 101.215458, 16.639461 ], [ 101.215956, 16.640835 ], [ 101.215928, 16.641813 ], [ 101.2165, 16.643546 ], [ 101.216824, 16.644037 ], [ 101.217, 16.644492 ], [ 101.216951, 16.644931 ], [ 101.216821, 16.645127 ], [ 101.216689, 16.645166 ], [ 101.216111, 16.64488 ], [ 101.215121, 16.643939 ], [ 101.214821, 16.643545 ], [ 101.21466, 16.643044 ], [ 101.214442, 16.643024 ], [ 101.214157, 16.64323 ], [ 101.213725, 16.64422 ], [ 101.213638, 16.64545 ], [ 101.213508, 16.645653 ], [ 101.211796, 16.646792 ], [ 101.211374, 16.647299 ], [ 101.211395, 16.647756 ], [ 101.2116, 16.647978 ], [ 101.211998, 16.648116 ], [ 101.212813, 16.64804 ], [ 101.21294, 16.648241 ], [ 101.213093, 16.648787 ], [ 101.213222, 16.649838 ], [ 101.213519, 16.650652 ], [ 101.213828, 16.651173 ], [ 101.213977, 16.651261 ], [ 101.214017, 16.651388 ], [ 101.213956, 16.651494 ], [ 101.213611, 16.65188 ], [ 101.21323, 16.653192 ], [ 101.213446, 16.653744 ], [ 101.213673, 16.653921 ], [ 101.214382, 16.654079 ], [ 101.214886, 16.653953 ], [ 101.215893, 16.65428 ], [ 101.215941, 16.654429 ], [ 101.215771, 16.655195 ], [ 101.215611, 16.655504 ], [ 101.214822, 16.655783 ], [ 101.213817, 16.656303 ], [ 101.213615, 16.656294 ], [ 101.213127, 16.656456 ], [ 101.212434, 16.657026 ], [ 101.21182, 16.657692 ], [ 101.211745, 16.65791 ], [ 101.211842, 16.658224 ], [ 101.212291, 16.658744 ], [ 101.213417, 16.659365 ], [ 101.214642, 16.660468 ], [ 101.214905, 16.661028 ], [ 101.214965, 16.661469 ], [ 101.214906, 16.661777 ], [ 101.214365, 16.662727 ], [ 101.214351, 16.662885 ], [ 101.21454, 16.663081 ], [ 101.214907, 16.66319 ], [ 101.2158, 16.663158 ], [ 101.216553, 16.663045 ], [ 101.217899, 16.66312 ], [ 101.218398, 16.663302 ], [ 101.218634, 16.663494 ], [ 101.218722, 16.663718 ], [ 101.218477, 16.664695 ], [ 101.218117, 16.665231 ], [ 101.217079, 16.666138 ], [ 101.216372, 16.666872 ], [ 101.215637, 16.667847 ], [ 101.215587, 16.66823 ], [ 101.21567, 16.66875 ], [ 101.216021, 16.669465 ], [ 101.215933, 16.669908 ], [ 101.215611, 16.670301 ], [ 101.215489, 16.670587 ], [ 101.215485, 16.670872 ], [ 101.215542, 16.671082 ], [ 101.215715, 16.671304 ], [ 101.215927, 16.67143 ], [ 101.216589, 16.672221 ], [ 101.216711, 16.672736 ], [ 101.21664, 16.673292 ], [ 101.216414, 16.673909 ], [ 101.215603, 16.675735 ], [ 101.215296, 16.676075 ], [ 101.214987, 16.676191 ], [ 101.214271, 16.676154 ], [ 101.214023, 16.676261 ], [ 101.213725, 16.676677 ], [ 101.213387, 16.677677 ], [ 101.213315, 16.67885 ], [ 101.21364, 16.679454 ], [ 101.21432, 16.680436 ], [ 101.21534, 16.681219 ], [ 101.215671, 16.681602 ], [ 101.215824, 16.682072 ], [ 101.21587, 16.682716 ], [ 101.215749, 16.682972 ], [ 101.215897, 16.683698 ], [ 101.215725, 16.684322 ], [ 101.215488, 16.684639 ], [ 101.214737, 16.684902 ], [ 101.214332, 16.685513 ], [ 101.214273, 16.685783 ], [ 101.214314, 16.685963 ], [ 101.214619, 16.686139 ], [ 101.214926, 16.686194 ], [ 101.215272, 16.686118 ], [ 101.215612, 16.685941 ], [ 101.215814, 16.685924 ], [ 101.216103, 16.686026 ], [ 101.216973, 16.686646 ], [ 101.217237, 16.686931 ], [ 101.217141, 16.687374 ], [ 101.216269, 16.688538 ], [ 101.216127, 16.689049 ], [ 101.216138, 16.689341 ], [ 101.216867, 16.691233 ], [ 101.217114, 16.691725 ], [ 101.217926, 16.692728 ], [ 101.218137, 16.693479 ], [ 101.218097, 16.694056 ], [ 101.217984, 16.694327 ], [ 101.217661, 16.694683 ], [ 101.217068, 16.695147 ], [ 101.217031, 16.695282 ], [ 101.217038, 16.695904 ], [ 101.217442, 16.697252 ], [ 101.217607, 16.697393 ], [ 101.217895, 16.697465 ], [ 101.218432, 16.697511 ], [ 101.218587, 16.697465 ], [ 101.21871, 16.697313 ], [ 101.218807, 16.696983 ], [ 101.219004, 16.695834 ], [ 101.219127, 16.695713 ], [ 101.219593, 16.695685 ], [ 101.220765, 16.696179 ], [ 101.221287, 16.696315 ], [ 101.221437, 16.696479 ], [ 101.221893, 16.69762 ], [ 101.221921, 16.69804 ], [ 101.221687, 16.698597 ], [ 101.221557, 16.69877 ], [ 101.220593, 16.699459 ], [ 101.220387, 16.699806 ], [ 101.220437, 16.700075 ], [ 101.22064, 16.700208 ], [ 101.221503, 16.700214 ], [ 101.222378, 16.699837 ], [ 101.223424, 16.699556 ], [ 101.224356, 16.699449 ], [ 101.224971, 16.699528 ], [ 101.22512, 16.699616 ], [ 101.225192, 16.69984 ], [ 101.225156, 16.700066 ], [ 101.224797, 16.700654 ], [ 101.224777, 16.700887 ], [ 101.225102, 16.701453 ], [ 101.225028, 16.701821 ], [ 101.224828, 16.70195 ], [ 101.224541, 16.701991 ], [ 101.223999, 16.702206 ], [ 101.223267, 16.702773 ], [ 101.223026, 16.702775 ], [ 101.222056, 16.702299 ], [ 101.221319, 16.701699 ], [ 101.220876, 16.701734 ], [ 101.220406, 16.702106 ], [ 101.219594, 16.703161 ], [ 101.219299, 16.703846 ], [ 101.219294, 16.704153 ], [ 101.21943, 16.704481 ], [ 101.219816, 16.704927 ], [ 101.221318, 16.706331 ], [ 101.222069, 16.707439 ], [ 101.223232, 16.708528 ], [ 101.223622, 16.708629 ], [ 101.223908, 16.70848 ], [ 101.223914, 16.708255 ], [ 101.223656, 16.707508 ], [ 101.223702, 16.70741 ], [ 101.223911, 16.707348 ], [ 101.22423, 16.70736 ], [ 101.226304, 16.707856 ], [ 101.227153, 16.708605 ], [ 101.227545, 16.708767 ], [ 101.228332, 16.708758 ], [ 101.229093, 16.709133 ], [ 101.230036, 16.710014 ], [ 101.230768, 16.711262 ], [ 101.231169, 16.712805 ], [ 101.231341, 16.713834 ], [ 101.231528, 16.714134 ], [ 101.231728, 16.714287 ], [ 101.232211, 16.714377 ], [ 101.232531, 16.714297 ], [ 101.233499, 16.713454 ], [ 101.233896, 16.713368 ], [ 101.234462, 16.713436 ], [ 101.235071, 16.713827 ], [ 101.235445, 16.714434 ], [ 101.235597, 16.715037 ], [ 101.235609, 16.715442 ], [ 101.235263, 16.717858 ], [ 101.23549, 16.718327 ], [ 101.236047, 16.718914 ], [ 101.236422, 16.719588 ], [ 101.236503, 16.72064 ], [ 101.236447, 16.721083 ], [ 101.23632, 16.721379 ], [ 101.236003, 16.721662 ], [ 101.235759, 16.72176 ], [ 101.23485, 16.721763 ], [ 101.234614, 16.721854 ], [ 101.234478, 16.721995 ], [ 101.234367, 16.722317 ], [ 101.234355, 16.722641 ], [ 101.234473, 16.722861 ], [ 101.23472, 16.723072 ], [ 101.235265, 16.723294 ], [ 101.235854, 16.723347 ], [ 101.236587, 16.723287 ], [ 101.23681, 16.723351 ], [ 101.236926, 16.723483 ], [ 101.236938, 16.723917 ], [ 101.236162, 16.725513 ], [ 101.236107, 16.726014 ], [ 101.236163, 16.72622 ], [ 101.236264, 16.726352 ], [ 101.236448, 16.726408 ], [ 101.238194, 16.726743 ], [ 101.238479, 16.726865 ], [ 101.238649, 16.727062 ], [ 101.238616, 16.727527 ], [ 101.238474, 16.727757 ], [ 101.237782, 16.728081 ], [ 101.237102, 16.72877 ], [ 101.237035, 16.728903 ], [ 101.237123, 16.729292 ], [ 101.237463, 16.729598 ], [ 101.237724, 16.729706 ], [ 101.239225, 16.72991 ], [ 101.239417, 16.729967 ], [ 101.239748, 16.730222 ], [ 101.23988, 16.730412 ], [ 101.239996, 16.731792 ], [ 101.240362, 16.732392 ], [ 101.24054, 16.732522 ], [ 101.240799, 16.732512 ], [ 101.241035, 16.732406 ], [ 101.241321, 16.732006 ], [ 101.241484, 16.731621 ], [ 101.241584, 16.730993 ], [ 101.241786, 16.730601 ], [ 101.242119, 16.730369 ], [ 101.242253, 16.730373 ], [ 101.242514, 16.730473 ], [ 101.242899, 16.730764 ], [ 101.243207, 16.731364 ], [ 101.243026, 16.73306 ], [ 101.243114, 16.733428 ], [ 101.24344, 16.733866 ], [ 101.244054, 16.734084 ], [ 101.244278, 16.734266 ], [ 101.244481, 16.734632 ], [ 101.244525, 16.735759 ], [ 101.243942, 16.737507 ], [ 101.244061, 16.737933 ], [ 101.244202, 16.738204 ], [ 101.244441, 16.738378 ], [ 101.244685, 16.738368 ], [ 101.245283, 16.737868 ], [ 101.245659, 16.737945 ], [ 101.24578, 16.738489 ], [ 101.245769, 16.738828 ], [ 101.245218, 16.739504 ], [ 101.24527, 16.739975 ], [ 101.24544, 16.740143 ], [ 101.245709, 16.740291 ], [ 101.2459, 16.740274 ], [ 101.24712, 16.738684 ], [ 101.247401, 16.738504 ], [ 101.247713, 16.738413 ], [ 101.248058, 16.738475 ], [ 101.248374, 16.738752 ], [ 101.248717, 16.740623 ], [ 101.248906, 16.741099 ], [ 101.249185, 16.741369 ], [ 101.249469, 16.741528 ], [ 101.250909, 16.741686 ], [ 101.251525, 16.741536 ], [ 101.252826, 16.741591 ], [ 101.252926, 16.741778 ], [ 101.252933, 16.742343 ], [ 101.252371, 16.743544 ], [ 101.252388, 16.744163 ], [ 101.252517, 16.744818 ], [ 101.252388, 16.745196 ], [ 101.252267, 16.745455 ], [ 101.252014, 16.74573 ], [ 101.251891, 16.745791 ], [ 101.251638, 16.745715 ], [ 101.251325, 16.745758 ], [ 101.251151, 16.745859 ], [ 101.250969, 16.746128 ], [ 101.250998, 16.746361 ], [ 101.251413, 16.746889 ], [ 101.252513, 16.747719 ], [ 101.252521, 16.748002 ], [ 101.252159, 16.748273 ], [ 101.251876, 16.748247 ], [ 101.251509, 16.748062 ], [ 101.251242, 16.748085 ], [ 101.25113, 16.748181 ], [ 101.250525, 16.749907 ], [ 101.25019, 16.750558 ], [ 101.250193, 16.750799 ], [ 101.250234, 16.751022 ], [ 101.250634, 16.751426 ], [ 101.251658, 16.751647 ], [ 101.252259, 16.751919 ], [ 101.253087, 16.7527 ], [ 101.253158, 16.753024 ], [ 101.252862, 16.75325 ], [ 101.252362, 16.753321 ], [ 101.252172, 16.753601 ], [ 101.251951, 16.75365 ], [ 101.251777, 16.753587 ], [ 101.25158, 16.753199 ], [ 101.251385, 16.753006 ], [ 101.251104, 16.752861 ], [ 101.250796, 16.75291 ], [ 101.25053, 16.75322 ], [ 101.250324, 16.753807 ], [ 101.250142, 16.755509 ], [ 101.249807, 16.756525 ], [ 101.249927, 16.756849 ], [ 101.250172, 16.757199 ], [ 101.250744, 16.757518 ], [ 101.250981, 16.75798 ], [ 101.250751, 16.758934 ], [ 101.250554, 16.759392 ], [ 101.250223, 16.759925 ], [ 101.249999, 16.760025 ], [ 101.249621, 16.760392 ], [ 101.249558, 16.760722 ], [ 101.249623, 16.761172 ], [ 101.249783, 16.761528 ], [ 101.249999, 16.761714 ], [ 101.250091, 16.761924 ], [ 101.25008, 16.762511 ], [ 101.249849, 16.762768 ], [ 101.249422, 16.763016 ], [ 101.249115, 16.763477 ], [ 101.248899, 16.764081 ], [ 101.248986, 16.764488 ], [ 101.24921, 16.76465 ], [ 101.249686, 16.764709 ], [ 101.250825, 16.764428 ], [ 101.25163, 16.764809 ], [ 101.251844, 16.765021 ], [ 101.251752, 16.765365 ], [ 101.251599, 16.765469 ], [ 101.250809, 16.765478 ], [ 101.250617, 16.765563 ], [ 101.250446, 16.765816 ], [ 101.250411, 16.766095 ], [ 101.250511, 16.766401 ], [ 101.251356, 16.76693 ], [ 101.25163, 16.767299 ], [ 101.251703, 16.767762 ], [ 101.251657, 16.767986 ], [ 101.251173, 16.768562 ], [ 101.251228, 16.769138 ], [ 101.250733, 16.769654 ], [ 101.250687, 16.769887 ], [ 101.250757, 16.770062 ], [ 101.250998, 16.770088 ], [ 101.252162, 16.769889 ], [ 101.252664, 16.769967 ], [ 101.253149, 16.770278 ], [ 101.253278, 16.770555 ], [ 101.253204, 16.771624 ], [ 101.253111, 16.771913 ], [ 101.252882, 16.772138 ], [ 101.252527, 16.772235 ], [ 101.252082, 16.772161 ], [ 101.251502, 16.771935 ], [ 101.25101, 16.771968 ], [ 101.25079, 16.772082 ], [ 101.250689, 16.772492 ], [ 101.250699, 16.773384 ], [ 101.25054, 16.773738 ], [ 101.25033, 16.773908 ], [ 101.249652, 16.773965 ], [ 101.249398, 16.773822 ], [ 101.249076, 16.773751 ], [ 101.24877, 16.773511 ], [ 101.248366, 16.773435 ], [ 101.248, 16.773274 ], [ 101.247741, 16.7735 ], [ 101.247734, 16.773782 ], [ 101.248202, 16.774942 ], [ 101.248219, 16.775544 ], [ 101.248082, 16.775905 ], [ 101.247812, 16.776083 ], [ 101.246644, 16.776163 ], [ 101.246314, 16.776429 ], [ 101.246218, 16.776858 ], [ 101.246264, 16.777343 ], [ 101.246419, 16.777662 ], [ 101.246426, 16.778273 ], [ 101.246187, 16.778451 ], [ 101.24534, 16.778499 ], [ 101.244989, 16.778648 ], [ 101.244887, 16.780252 ], [ 101.245112, 16.780507 ], [ 101.246136, 16.78104 ], [ 101.246563, 16.781346 ], [ 101.246646, 16.781559 ], [ 101.246599, 16.781773 ], [ 101.24637, 16.782008 ], [ 101.245347, 16.782496 ], [ 101.245108, 16.782702 ], [ 101.24504, 16.782936 ], [ 101.245123, 16.783178 ], [ 101.245306, 16.783273 ], [ 101.245729, 16.783259 ], [ 101.246113, 16.783342 ], [ 101.247246, 16.784563 ], [ 101.247433, 16.785042 ], [ 101.247433, 16.785838 ], [ 101.247507, 16.786129 ], [ 101.247643, 16.786574 ], [ 101.248054, 16.787249 ], [ 101.248055, 16.788201 ], [ 101.247919, 16.788601 ], [ 101.247279, 16.789026 ], [ 101.246867, 16.789166 ], [ 101.246574, 16.78998 ], [ 101.246503, 16.790807 ], [ 101.246648, 16.791096 ], [ 101.246972, 16.791277 ], [ 101.247689, 16.791357 ], [ 101.248713, 16.791851 ], [ 101.248846, 16.792014 ], [ 101.248901, 16.792412 ], [ 101.248803, 16.792617 ], [ 101.247815, 16.792618 ], [ 101.247614, 16.792679 ], [ 101.247417, 16.793098 ], [ 101.247424, 16.793691 ], [ 101.247551, 16.79417 ], [ 101.247224, 16.794659 ], [ 101.246772, 16.79481 ], [ 101.24546, 16.794659 ], [ 101.244895, 16.794665 ], [ 101.244273, 16.794866 ], [ 101.244024, 16.795112 ], [ 101.2438, 16.795853 ], [ 101.243957, 16.796268 ], [ 101.244354, 16.796604 ], [ 101.244919, 16.796685 ], [ 101.245406, 16.796932 ], [ 101.245582, 16.7973 ], [ 101.245545, 16.797601 ], [ 101.245356, 16.797865 ], [ 101.245096, 16.798033 ], [ 101.244442, 16.798079 ], [ 101.244202, 16.798257 ], [ 101.243778, 16.799082 ], [ 101.243891, 16.799275 ], [ 101.244348, 16.799542 ], [ 101.244611, 16.799607 ], [ 101.244913, 16.799614 ], [ 101.245736, 16.799294 ], [ 101.246189, 16.79925 ], [ 101.247017, 16.799367 ], [ 101.248114, 16.799151 ], [ 101.248668, 16.799126 ], [ 101.249586, 16.799247 ], [ 101.250072, 16.799141 ], [ 101.250825, 16.799263 ], [ 101.251343, 16.799025 ], [ 101.251704, 16.798585 ], [ 101.251886, 16.798536 ], [ 101.252274, 16.798723 ], [ 101.252655, 16.799164 ], [ 101.252773, 16.799386 ], [ 101.25275, 16.799841 ], [ 101.252425, 16.800086 ], [ 101.252089, 16.800183 ], [ 101.251405, 16.8002 ], [ 101.25077, 16.800327 ], [ 101.25058, 16.800543 ], [ 101.250477, 16.800823 ], [ 101.250738, 16.801693 ], [ 101.251734, 16.802769 ], [ 101.252093, 16.803007 ], [ 101.25242, 16.802938 ], [ 101.253368, 16.80237 ], [ 101.254183, 16.802064 ], [ 101.254616, 16.802004 ], [ 101.255274, 16.802145 ], [ 101.256006, 16.802128 ], [ 101.256596, 16.802326 ], [ 101.256619, 16.802623 ], [ 101.256385, 16.803182 ], [ 101.25573, 16.804067 ], [ 101.254911, 16.804922 ], [ 101.254585, 16.805027 ], [ 101.254003, 16.804737 ], [ 101.252798, 16.804713 ], [ 101.252539, 16.804827 ], [ 101.252168, 16.805249 ], [ 101.252093, 16.805463 ], [ 101.252222, 16.805722 ], [ 101.253218, 16.806844 ], [ 101.253842, 16.807469 ], [ 101.254533, 16.807972 ], [ 101.254511, 16.808614 ], [ 101.254054, 16.809046 ], [ 101.254047, 16.809315 ], [ 101.254156, 16.809556 ], [ 101.254351, 16.809721 ], [ 101.254622, 16.809829 ], [ 101.255095, 16.809824 ], [ 101.2557, 16.809687 ], [ 101.256064, 16.809442 ], [ 101.25693, 16.808522 ], [ 101.257093, 16.808427 ], [ 101.257266, 16.808439 ], [ 101.257734, 16.808899 ], [ 101.258284, 16.809738 ], [ 101.258562, 16.810385 ], [ 101.258664, 16.810848 ], [ 101.258624, 16.811564 ], [ 101.258457, 16.812123 ], [ 101.258086, 16.812545 ], [ 101.257974, 16.812881 ], [ 101.258219, 16.813157 ], [ 101.258691, 16.813152 ], [ 101.259008, 16.813018 ], [ 101.259399, 16.812735 ], [ 101.259685, 16.812416 ], [ 101.259819, 16.812378 ], [ 101.260545, 16.812639 ], [ 101.261439, 16.813214 ], [ 101.262382, 16.813074 ], [ 101.263153, 16.813056 ], [ 101.263298, 16.813092 ], [ 101.263377, 16.813253 ], [ 101.263391, 16.813625 ], [ 101.263308, 16.813895 ], [ 101.263174, 16.814045 ], [ 101.262359, 16.814416 ], [ 101.261773, 16.814516 ], [ 101.259728, 16.814464 ], [ 101.259537, 16.814605 ], [ 101.259539, 16.814791 ], [ 101.259775, 16.81516 ], [ 101.260273, 16.815656 ], [ 101.261565, 16.816552 ], [ 101.262039, 16.816631 ], [ 101.26239, 16.816952 ], [ 101.262751, 16.817384 ], [ 101.262853, 16.817792 ], [ 101.262825, 16.817922 ], [ 101.262492, 16.818242 ], [ 101.26186, 16.818639 ], [ 101.261042, 16.81954 ], [ 101.26091, 16.81982 ], [ 101.260905, 16.820219 ], [ 101.261102, 16.821263 ], [ 101.260954, 16.821459 ], [ 101.259802, 16.822013 ], [ 101.259395, 16.822373 ], [ 101.25916, 16.822998 ], [ 101.259373, 16.823335 ], [ 101.26075, 16.823361 ], [ 101.262374, 16.823796 ], [ 101.263499, 16.82384 ], [ 101.263869, 16.823965 ], [ 101.264066, 16.824278 ], [ 101.264094, 16.824488 ], [ 101.263338, 16.825151 ], [ 101.263374, 16.825328 ], [ 101.264202, 16.825877 ], [ 101.264274, 16.826224 ], [ 101.263829, 16.826888 ], [ 101.26332, 16.827176 ], [ 101.262576, 16.827362 ], [ 101.262184, 16.827561 ], [ 101.261903, 16.82796 ], [ 101.261855, 16.82817 ], [ 101.262001, 16.828411 ], [ 101.2627, 16.828679 ], [ 101.263606, 16.829372 ], [ 101.264002, 16.829489 ], [ 101.264663, 16.829344 ], [ 101.265255, 16.828998 ], [ 101.265866, 16.828207 ], [ 101.266179, 16.827031 ], [ 101.266344, 16.826763 ], [ 101.266804, 16.826645 ], [ 101.267572, 16.827016 ], [ 101.26879, 16.827803 ], [ 101.269983, 16.827959 ], [ 101.270186, 16.828107 ], [ 101.270283, 16.82847 ], [ 101.270166, 16.829255 ], [ 101.270213, 16.829642 ], [ 101.27152, 16.830897 ], [ 101.271891, 16.831119 ], [ 101.272386, 16.831106 ], [ 101.273298, 16.830877 ], [ 101.273756, 16.830614 ], [ 101.27425, 16.829121 ], [ 101.274569, 16.828438 ], [ 101.274818, 16.828201 ], [ 101.27538, 16.828146 ], [ 101.275742, 16.828256 ], [ 101.276156, 16.82851 ], [ 101.276632, 16.82901 ], [ 101.276627, 16.829301 ], [ 101.27598, 16.830346 ], [ 101.276008, 16.830612 ], [ 101.276153, 16.830756 ], [ 101.276598, 16.830783 ], [ 101.277416, 16.829848 ], [ 101.278039, 16.829548 ], [ 101.278492, 16.829551 ], [ 101.278755, 16.829734 ], [ 101.279072, 16.830345 ], [ 101.279274, 16.831054 ], [ 101.279085, 16.831363 ], [ 101.278709, 16.831545 ], [ 101.278502, 16.831741 ], [ 101.27842, 16.831888 ], [ 101.278431, 16.83209 ], [ 101.27861, 16.832346 ], [ 101.279193, 16.832671 ], [ 101.27968, 16.83341 ], [ 101.280069, 16.833729 ], [ 101.280499, 16.833885 ], [ 101.281026, 16.834409 ], [ 101.281107, 16.834885 ], [ 101.280376, 16.836235 ], [ 101.280438, 16.836509 ], [ 101.280667, 16.836693 ], [ 101.281046, 16.836826 ], [ 101.281399, 16.836846 ], [ 101.281717, 16.836746 ], [ 101.282327, 16.835858 ], [ 101.282497, 16.835322 ], [ 101.283038, 16.834249 ], [ 101.283174, 16.833763 ], [ 101.283128, 16.833367 ], [ 101.282751, 16.832725 ], [ 101.282754, 16.831625 ], [ 101.282915, 16.831033 ], [ 101.283145, 16.830651 ], [ 101.283646, 16.830403 ], [ 101.284392, 16.830346 ], [ 101.285165, 16.830443 ], [ 101.285958, 16.830773 ], [ 101.286107, 16.831337 ], [ 101.285986, 16.831735 ], [ 101.285576, 16.831877 ], [ 101.285023, 16.831891 ], [ 101.28448, 16.832091 ], [ 101.284265, 16.832393 ], [ 101.284186, 16.832757 ], [ 101.284436, 16.833328 ], [ 101.284733, 16.833616 ], [ 101.285298, 16.833828 ], [ 101.285602, 16.834027 ], [ 101.28606, 16.835121 ], [ 101.286205, 16.835281 ], [ 101.286626, 16.835422 ], [ 101.286845, 16.835468 ], [ 101.287235, 16.835368 ], [ 101.287348, 16.835202 ], [ 101.287389, 16.834755 ], [ 101.287508, 16.834539 ], [ 101.287688, 16.834332 ], [ 101.287958, 16.834294 ], [ 101.288116, 16.834448 ], [ 101.288254, 16.834757 ], [ 101.288274, 16.835148 ], [ 101.287955, 16.835714 ], [ 101.287929, 16.835888 ], [ 101.288071, 16.836058 ], [ 101.288762, 16.836202 ], [ 101.289286, 16.836486 ], [ 101.290493, 16.838093 ], [ 101.290861, 16.838305 ], [ 101.291249, 16.838335 ], [ 101.291606, 16.838264 ], [ 101.291887, 16.838089 ], [ 101.292075, 16.837843 ], [ 101.292059, 16.837638 ], [ 101.291866, 16.837366 ], [ 101.291456, 16.837 ], [ 101.291198, 16.836643 ], [ 101.291203, 16.835828 ], [ 101.291331, 16.835455 ], [ 101.291458, 16.83538 ], [ 101.292347, 16.835347 ], [ 101.292782, 16.835142 ], [ 101.293084, 16.834868 ], [ 101.293189, 16.834564 ], [ 101.293163, 16.834233 ], [ 101.293301, 16.833999 ], [ 101.294003, 16.833317 ], [ 101.294756, 16.832829 ], [ 101.29506, 16.832743 ], [ 101.295362, 16.832813 ], [ 101.295914, 16.832227 ], [ 101.296237, 16.832062 ], [ 101.297041, 16.831825 ], [ 101.298164, 16.831253 ], [ 101.298742, 16.831088 ], [ 101.301114, 16.831132 ], [ 101.30239, 16.831083 ], [ 101.302776, 16.831122 ], [ 101.302988, 16.831239 ], [ 101.303188, 16.831862 ], [ 101.30327, 16.832728 ], [ 101.303718, 16.833475 ], [ 101.303833, 16.833572 ], [ 101.30416, 16.833595 ], [ 101.304495, 16.833412 ], [ 101.304765, 16.833041 ], [ 101.305785, 16.830641 ], [ 101.305987, 16.830418 ], [ 101.306859, 16.830148 ], [ 101.307873, 16.830476 ], [ 101.308033, 16.830713 ], [ 101.309365, 16.831421 ], [ 101.309344, 16.832169 ], [ 101.309044, 16.833664 ], [ 101.308957, 16.834857 ], [ 101.309137, 16.835673 ], [ 101.309504, 16.836104 ], [ 101.309841, 16.836225 ], [ 101.310365, 16.836087 ], [ 101.310886, 16.835717 ], [ 101.311565, 16.834998 ], [ 101.312278, 16.834419 ], [ 101.312535, 16.834354 ], [ 101.312821, 16.83438 ], [ 101.313114, 16.834801 ], [ 101.313569, 16.836511 ], [ 101.31418, 16.837537 ], [ 101.314697, 16.838031 ], [ 101.315826, 16.83808 ], [ 101.31613, 16.838163 ], [ 101.317025, 16.838819 ], [ 101.317716, 16.839111 ], [ 101.318, 16.839131 ], [ 101.318774, 16.83866 ], [ 101.319131, 16.838535 ], [ 101.319491, 16.838539 ], [ 101.32046, 16.838808 ], [ 101.321204, 16.839223 ], [ 101.32221, 16.839455 ], [ 101.322392, 16.839611 ], [ 101.322471, 16.839816 ], [ 101.322296, 16.840929 ], [ 101.322329, 16.841218 ], [ 101.322456, 16.841412 ], [ 101.324021, 16.842028 ], [ 101.324629, 16.842382 ], [ 101.325085, 16.842817 ], [ 101.325366, 16.843722 ], [ 101.325724, 16.844038 ], [ 101.326032, 16.844074 ], [ 101.326741, 16.843986 ], [ 101.327209, 16.844128 ], [ 101.327692, 16.844416 ], [ 101.328651, 16.845235 ], [ 101.32949, 16.846399 ], [ 101.32973, 16.847685 ], [ 101.329588, 16.848589 ], [ 101.329788, 16.850175 ], [ 101.329168, 16.852125 ], [ 101.329183, 16.852334 ], [ 101.329377, 16.852465 ], [ 101.33025, 16.852485 ], [ 101.33054, 16.852587 ], [ 101.330903, 16.853211 ], [ 101.331007, 16.853922 ], [ 101.330727, 16.85456 ], [ 101.330219, 16.855095 ], [ 101.329475, 16.855555 ], [ 101.328224, 16.856041 ], [ 101.327571, 16.856486 ], [ 101.327226, 16.856625 ], [ 101.326947, 16.856973 ], [ 101.326922, 16.857128 ], [ 101.327027, 16.85741 ], [ 101.328358, 16.859467 ], [ 101.328656, 16.860777 ], [ 101.328599, 16.861226 ], [ 101.328479, 16.861473 ], [ 101.326861, 16.863043 ], [ 101.326584, 16.863472 ], [ 101.326469, 16.863846 ], [ 101.326548, 16.864153 ], [ 101.327691, 16.865188 ], [ 101.327837, 16.865445 ], [ 101.328012, 16.865589 ], [ 101.328252, 16.865649 ], [ 101.328525, 16.865598 ], [ 101.329987, 16.86485 ], [ 101.331072, 16.864631 ], [ 101.33144, 16.864689 ], [ 101.331939, 16.864937 ], [ 101.332284, 16.865283 ], [ 101.332447, 16.865671 ], [ 101.33241, 16.865875 ], [ 101.332249, 16.866087 ], [ 101.331741, 16.866444 ], [ 101.33099, 16.866825 ], [ 101.330514, 16.867196 ], [ 101.33031, 16.867233 ], [ 101.330001, 16.867161 ], [ 101.32924, 16.866533 ], [ 101.328944, 16.866587 ], [ 101.328079, 16.866962 ], [ 101.327035, 16.867795 ], [ 101.326933, 16.868031 ], [ 101.327061, 16.868301 ], [ 101.327352, 16.868532 ], [ 101.327467, 16.868766 ], [ 101.327343, 16.869671 ], [ 101.328105, 16.871586 ], [ 101.328343, 16.871939 ], [ 101.328598, 16.872807 ], [ 101.328718, 16.872963 ], [ 101.328978, 16.872966 ], [ 101.329335, 16.872828 ], [ 101.329466, 16.872835 ], [ 101.329574, 16.872943 ], [ 101.329729, 16.873383 ], [ 101.329751, 16.873678 ], [ 101.329622, 16.874496 ], [ 101.329681, 16.875037 ], [ 101.329907, 16.875776 ], [ 101.329897, 16.876376 ], [ 101.32933, 16.878201 ], [ 101.329295, 16.878624 ], [ 101.329382, 16.879206 ], [ 101.329144, 16.880458 ], [ 101.328851, 16.881316 ], [ 101.328447, 16.881798 ], [ 101.327286, 16.882785 ], [ 101.32692, 16.883285 ], [ 101.326624, 16.884157 ], [ 101.326342, 16.885349 ], [ 101.326265, 16.886178 ], [ 101.326483, 16.888761 ], [ 101.326989, 16.88976 ], [ 101.327295, 16.889931 ], [ 101.328139, 16.889958 ], [ 101.328824, 16.889579 ], [ 101.329307, 16.889389 ], [ 101.329844, 16.889277 ], [ 101.331051, 16.889255 ], [ 101.33147, 16.88939 ], [ 101.33155, 16.889472 ], [ 101.331657, 16.889951 ], [ 101.331601, 16.890564 ], [ 101.331196, 16.89228 ], [ 101.331259, 16.892476 ], [ 101.33142, 16.892748 ], [ 101.331652, 16.892945 ], [ 101.332513, 16.893239 ], [ 101.333612, 16.89396 ], [ 101.334553, 16.894046 ], [ 101.335349, 16.893769 ], [ 101.335986, 16.893647 ], [ 101.336951, 16.89361 ], [ 101.337841, 16.893912 ], [ 101.337963, 16.894173 ], [ 101.337516, 16.89468 ], [ 101.337045, 16.895694 ], [ 101.336528, 16.896326 ], [ 101.336, 16.896856 ], [ 101.33555, 16.897134 ], [ 101.334984, 16.897291 ], [ 101.333664, 16.896992 ], [ 101.332995, 16.896923 ], [ 101.332456, 16.897018 ], [ 101.331824, 16.897408 ], [ 101.331439, 16.897464 ], [ 101.331011, 16.897363 ], [ 101.330632, 16.897162 ], [ 101.330363, 16.896976 ], [ 101.330301, 16.896834 ], [ 101.330156, 16.895499 ], [ 101.329809, 16.894481 ], [ 101.329486, 16.894212 ], [ 101.328859, 16.893907 ], [ 101.328525, 16.893968 ], [ 101.328066, 16.894325 ], [ 101.327534, 16.894593 ], [ 101.327335, 16.894809 ], [ 101.326859, 16.895704 ], [ 101.326195, 16.896226 ], [ 101.325781, 16.896362 ], [ 101.324848, 16.896322 ], [ 101.323694, 16.896452 ], [ 101.322801, 16.896864 ], [ 101.3224, 16.896962 ], [ 101.322212, 16.896957 ], [ 101.321864, 16.896735 ], [ 101.320678, 16.896696 ], [ 101.320549, 16.896729 ], [ 101.320163, 16.897081 ], [ 101.320037, 16.897878 ], [ 101.320145, 16.899085 ], [ 101.320115, 16.899493 ], [ 101.319459, 16.900966 ], [ 101.318964, 16.901788 ], [ 101.318629, 16.903618 ], [ 101.3187, 16.903907 ], [ 101.318899, 16.90417 ], [ 101.31939, 16.904441 ], [ 101.319738, 16.904371 ], [ 101.319967, 16.904423 ], [ 101.320581, 16.905025 ], [ 101.320764, 16.905303 ], [ 101.321049, 16.906021 ], [ 101.321173, 16.906787 ], [ 101.320811, 16.907805 ], [ 101.320274, 16.908224 ], [ 101.320156, 16.908403 ], [ 101.320024, 16.908477 ], [ 101.319558, 16.908441 ], [ 101.319159, 16.908523 ], [ 101.318473, 16.908997 ], [ 101.318293, 16.909401 ], [ 101.318251, 16.909909 ], [ 101.318453, 16.910252 ], [ 101.31894, 16.910657 ], [ 101.319555, 16.910579 ], [ 101.321156, 16.910776 ], [ 101.322022, 16.910694 ], [ 101.323226, 16.910933 ], [ 101.324426, 16.911065 ], [ 101.324812, 16.911272 ], [ 101.324951, 16.911278 ], [ 101.325, 16.911652 ], [ 101.324883, 16.911924 ], [ 101.3243, 16.912547 ], [ 101.323605, 16.91298 ], [ 101.323113, 16.913899 ], [ 101.322556, 16.914275 ], [ 101.321627, 16.914699 ], [ 101.321081, 16.915089 ], [ 101.320704, 16.91551 ], [ 101.320653, 16.916914 ], [ 101.320389, 16.917841 ], [ 101.320082, 16.918349 ], [ 101.31947, 16.918202 ], [ 101.319206, 16.918443 ], [ 101.319099, 16.918848 ], [ 101.319306, 16.919415 ], [ 101.319273, 16.919637 ], [ 101.318855, 16.919929 ], [ 101.31872, 16.920146 ], [ 101.318463, 16.920358 ], [ 101.318275, 16.92028 ], [ 101.318, 16.919937 ], [ 101.31778, 16.919879 ], [ 101.31685, 16.920077 ], [ 101.315793, 16.920676 ], [ 101.314631, 16.921908 ], [ 101.314889, 16.922726 ], [ 101.315259, 16.923137 ], [ 101.315867, 16.923334 ], [ 101.316264, 16.924076 ], [ 101.316262, 16.924727 ], [ 101.316087, 16.925454 ], [ 101.316073, 16.926074 ], [ 101.316135, 16.92626 ], [ 101.316312, 16.926445 ], [ 101.316763, 16.926556 ], [ 101.317009, 16.926821 ], [ 101.317185, 16.927206 ], [ 101.317592, 16.92748 ], [ 101.318359, 16.927832 ], [ 101.319226, 16.92858 ], [ 101.319321, 16.929006 ], [ 101.319174, 16.929506 ], [ 101.31747, 16.930055 ], [ 101.317094, 16.930259 ], [ 101.316653, 16.930985 ], [ 101.31626, 16.931347 ], [ 101.315619, 16.931674 ], [ 101.314269, 16.932591 ], [ 101.313569, 16.932932 ], [ 101.313186, 16.933042 ], [ 101.313138, 16.933286 ], [ 101.312747, 16.933586 ], [ 101.312763, 16.933754 ], [ 101.313245, 16.934474 ], [ 101.313344, 16.934787 ], [ 101.313636, 16.935062 ], [ 101.313847, 16.935194 ], [ 101.314068, 16.935148 ], [ 101.314403, 16.93493 ], [ 101.314759, 16.934864 ], [ 101.315218, 16.935103 ], [ 101.315318, 16.935327 ], [ 101.315326, 16.935923 ], [ 101.314822, 16.936699 ], [ 101.314255, 16.937263 ], [ 101.313974, 16.937336 ], [ 101.313676, 16.937232 ], [ 101.313462, 16.937346 ], [ 101.313263, 16.937686 ], [ 101.311823, 16.938148 ], [ 101.310879, 16.937953 ], [ 101.310322, 16.937984 ], [ 101.309942, 16.937625 ], [ 101.309813, 16.936953 ], [ 101.309704, 16.936803 ], [ 101.309366, 16.936567 ], [ 101.309082, 16.936244 ], [ 101.308748, 16.936083 ], [ 101.308535, 16.935637 ], [ 101.308305, 16.935477 ], [ 101.307543, 16.935225 ], [ 101.307006, 16.935696 ], [ 101.30682, 16.935781 ], [ 101.306336, 16.936345 ], [ 101.306128, 16.936473 ], [ 101.305976, 16.936471 ], [ 101.305688, 16.93613 ], [ 101.305459, 16.936084 ], [ 101.305127, 16.936131 ], [ 101.304318, 16.936457 ], [ 101.303605, 16.936635 ], [ 101.303094, 16.936969 ], [ 101.302795, 16.936945 ], [ 101.300812, 16.9378 ], [ 101.300486, 16.937794 ], [ 101.3004, 16.937866 ], [ 101.300031, 16.938427 ], [ 101.299704, 16.939194 ], [ 101.299862, 16.939577 ], [ 101.300114, 16.939635 ], [ 101.300249, 16.939925 ], [ 101.299927, 16.939917 ], [ 101.299924, 16.940116 ], [ 101.300082, 16.940304 ], [ 101.300271, 16.940351 ], [ 101.300818, 16.940261 ], [ 101.300986, 16.940058 ], [ 101.301605, 16.940281 ], [ 101.303699, 16.940815 ], [ 101.304063, 16.941008 ], [ 101.304326, 16.941301 ], [ 101.304391, 16.941546 ], [ 101.30451, 16.941589 ], [ 101.304762, 16.941926 ], [ 101.304816, 16.942116 ], [ 101.305132, 16.942318 ], [ 101.305438, 16.942774 ], [ 101.305884, 16.944239 ], [ 101.305882, 16.944761 ], [ 101.305805, 16.944833 ], [ 101.305563, 16.944885 ], [ 101.305099, 16.94482 ], [ 101.304316, 16.944983 ], [ 101.303936, 16.944829 ], [ 101.302993, 16.944905 ], [ 101.302227, 16.944817 ], [ 101.301041, 16.945225 ], [ 101.30062, 16.945244 ], [ 101.300131, 16.945094 ], [ 101.299608, 16.944645 ], [ 101.298171, 16.94394 ], [ 101.297541, 16.943456 ], [ 101.295739, 16.943071 ], [ 101.294459, 16.943054 ], [ 101.293653, 16.942944 ], [ 101.293385, 16.942986 ], [ 101.292997, 16.943268 ], [ 101.292653, 16.944003 ], [ 101.292616, 16.944242 ], [ 101.292854, 16.94512 ], [ 101.292845, 16.94541 ], [ 101.293027, 16.9459 ], [ 101.293297, 16.946336 ], [ 101.293733, 16.946791 ], [ 101.293875, 16.947415 ], [ 101.294465, 16.948401 ], [ 101.294539, 16.948653 ], [ 101.294546, 16.950184 ], [ 101.294334, 16.950531 ], [ 101.294041, 16.950803 ], [ 101.293648, 16.952019 ], [ 101.293701, 16.952278 ], [ 101.294065, 16.952595 ], [ 101.294228, 16.953149 ], [ 101.294182, 16.953551 ], [ 101.294008, 16.954099 ], [ 101.293202, 16.955706 ], [ 101.292778, 16.956786 ], [ 101.292709, 16.957164 ], [ 101.29274, 16.957578 ], [ 101.293092, 16.95795 ], [ 101.293953, 16.958244 ], [ 101.294949, 16.958009 ], [ 101.29731, 16.958212 ], [ 101.297921, 16.958747 ], [ 101.297917, 16.959597 ], [ 101.297495, 16.960054 ], [ 101.297385, 16.960305 ], [ 101.297457, 16.960422 ], [ 101.297634, 16.960403 ], [ 101.29775, 16.960488 ], [ 101.297858, 16.961016 ], [ 101.297725, 16.961279 ], [ 101.297549, 16.961426 ], [ 101.297213, 16.961204 ], [ 101.296943, 16.961304 ], [ 101.296527, 16.961923 ], [ 101.296049, 16.96242 ], [ 101.295967, 16.962883 ], [ 101.295767, 16.962996 ], [ 101.295312, 16.963077 ], [ 101.294785, 16.963611 ], [ 101.293956, 16.963946 ], [ 101.293648, 16.963892 ], [ 101.293185, 16.96368 ], [ 101.292704, 16.963768 ], [ 101.292308, 16.964034 ], [ 101.292154, 16.964412 ], [ 101.291703, 16.964417 ], [ 101.291452, 16.964513 ], [ 101.29121, 16.964857 ], [ 101.291094, 16.965232 ], [ 101.290966, 16.966265 ], [ 101.291281, 16.966445 ], [ 101.291745, 16.966397 ], [ 101.291973, 16.966951 ], [ 101.292155, 16.967011 ], [ 101.292326, 16.96724 ], [ 101.292381, 16.9677 ], [ 101.292578, 16.968369 ], [ 101.292543, 16.968895 ], [ 101.29293, 16.96952 ], [ 101.292826, 16.970214 ], [ 101.292889, 16.970692 ], [ 101.293311, 16.971521 ], [ 101.293916, 16.972073 ], [ 101.294947, 16.972811 ], [ 101.2951, 16.972828 ], [ 101.295436, 16.972518 ], [ 101.295926, 16.972515 ], [ 101.296271, 16.9726 ], [ 101.296459, 16.972733 ], [ 101.296652, 16.97319 ], [ 101.296767, 16.973291 ], [ 101.297319, 16.973673 ], [ 101.297705, 16.973736 ], [ 101.2981, 16.973976 ], [ 101.298691, 16.973978 ], [ 101.299163, 16.974109 ], [ 101.29942, 16.973952 ], [ 101.299658, 16.973625 ], [ 101.299567, 16.97346 ], [ 101.298808, 16.972907 ], [ 101.2981, 16.971843 ], [ 101.29784, 16.97161 ], [ 101.297639, 16.971055 ], [ 101.29765, 16.970691 ], [ 101.298051, 16.97045 ], [ 101.298251, 16.970214 ], [ 101.298381, 16.969802 ], [ 101.298421, 16.968906 ], [ 101.298794, 16.968324 ], [ 101.299219, 16.968065 ], [ 101.299755, 16.968104 ], [ 101.300536, 16.967622 ], [ 101.301244, 16.967545 ], [ 101.301583, 16.967742 ], [ 101.301651, 16.967932 ], [ 101.301252, 16.968833 ], [ 101.301427, 16.969099 ], [ 101.30176, 16.969235 ], [ 101.302296, 16.969228 ], [ 101.302454, 16.969431 ], [ 101.302837, 16.969622 ], [ 101.303256, 16.969607 ], [ 101.303528, 16.969459 ], [ 101.303986, 16.969415 ], [ 101.304434, 16.970108 ], [ 101.304306, 16.971056 ], [ 101.304397, 16.972385 ], [ 101.304481, 16.972633 ], [ 101.30472, 16.972954 ], [ 101.305246, 16.973349 ], [ 101.30532, 16.973834 ], [ 101.305543, 16.97415 ], [ 101.305548, 16.974503 ], [ 101.305364, 16.975149 ], [ 101.30554, 16.975985 ], [ 101.306578, 16.97683 ], [ 101.307022, 16.976932 ], [ 101.307215, 16.977145 ], [ 101.307299, 16.977455 ], [ 101.307133, 16.977866 ], [ 101.307112, 16.978264 ], [ 101.307238, 16.978672 ], [ 101.307537, 16.978901 ], [ 101.308272, 16.979224 ], [ 101.308874, 16.979587 ], [ 101.309081, 16.979844 ], [ 101.309444, 16.980838 ], [ 101.30972, 16.981218 ], [ 101.311053, 16.982278 ], [ 101.311707, 16.983272 ], [ 101.311739, 16.983648 ], [ 101.311625, 16.9843 ], [ 101.311365, 16.98477 ], [ 101.310852, 16.985249 ], [ 101.31088, 16.985452 ], [ 101.311075, 16.98578 ], [ 101.311592, 16.986252 ], [ 101.312809, 16.98645 ], [ 101.313852, 16.986747 ], [ 101.314415, 16.986797 ], [ 101.314598, 16.98673 ], [ 101.314783, 16.986149 ], [ 101.315034, 16.985709 ], [ 101.316961, 16.984016 ], [ 101.316866, 16.983525 ], [ 101.316484, 16.982994 ], [ 101.316614, 16.982679 ], [ 101.316966, 16.982204 ], [ 101.317147, 16.982087 ], [ 101.317431, 16.98203 ], [ 101.317977, 16.982098 ], [ 101.318551, 16.982473 ], [ 101.319674, 16.983482 ], [ 101.319729, 16.983707 ], [ 101.3197, 16.9843 ], [ 101.319816, 16.984536 ], [ 101.320674, 16.984846 ], [ 101.321801, 16.985607 ], [ 101.32205, 16.985545 ], [ 101.322282, 16.985388 ], [ 101.322785, 16.98482 ], [ 101.322851, 16.984592 ], [ 101.322668, 16.984016 ], [ 101.322698, 16.983164 ], [ 101.322829, 16.982838 ], [ 101.323151, 16.982411 ], [ 101.323622, 16.982318 ], [ 101.324424, 16.982328 ], [ 101.325359, 16.982041 ], [ 101.326544, 16.982119 ], [ 101.327589, 16.982454 ], [ 101.327853, 16.982711 ], [ 101.328138, 16.983288 ], [ 101.328099, 16.985101 ], [ 101.327993, 16.985643 ], [ 101.327712, 16.986022 ], [ 101.327811, 16.987156 ], [ 101.327785, 16.987844 ], [ 101.327932, 16.988289 ], [ 101.328531, 16.989099 ], [ 101.328966, 16.989409 ], [ 101.329168, 16.9895 ], [ 101.329773, 16.989575 ], [ 101.330537, 16.989302 ], [ 101.330854, 16.988938 ], [ 101.331112, 16.988275 ], [ 101.331256, 16.98667 ], [ 101.331271, 16.984881 ], [ 101.331358, 16.984662 ], [ 101.331729, 16.984329 ], [ 101.332067, 16.984244 ], [ 101.332732, 16.983902 ], [ 101.334078, 16.982814 ], [ 101.3347, 16.982495 ], [ 101.335995, 16.98218 ], [ 101.336716, 16.982178 ], [ 101.336881, 16.982345 ], [ 101.337014, 16.982817 ], [ 101.336923, 16.983707 ], [ 101.337036, 16.984833 ], [ 101.337135, 16.985182 ], [ 101.337387, 16.985508 ], [ 101.338032, 16.985796 ], [ 101.338919, 16.985953 ], [ 101.339379, 16.985902 ], [ 101.340125, 16.985632 ], [ 101.341145, 16.985084 ], [ 101.341464, 16.984711 ], [ 101.341711, 16.984625 ], [ 101.341859, 16.984479 ], [ 101.342095, 16.983957 ], [ 101.342695, 16.983349 ], [ 101.343, 16.983206 ], [ 101.343712, 16.983109 ], [ 101.344209, 16.983318 ], [ 101.344798, 16.985543 ], [ 101.344896, 16.986354 ], [ 101.344877, 16.987046 ], [ 101.345039, 16.987563 ], [ 101.344778, 16.988435 ], [ 101.344736, 16.988915 ], [ 101.344838, 16.98937 ], [ 101.345093, 16.989774 ], [ 101.345177, 16.990054 ], [ 101.344931, 16.991331 ], [ 101.344794, 16.991698 ], [ 101.344047, 16.992818 ], [ 101.343797, 16.993495 ], [ 101.343787, 16.994667 ], [ 101.343879, 16.995927 ], [ 101.344132, 16.997477 ], [ 101.344246, 16.997769 ], [ 101.344791, 16.998283 ], [ 101.345537, 16.998471 ], [ 101.346057, 16.998396 ], [ 101.346939, 16.998077 ], [ 101.348144, 16.997783 ], [ 101.348843, 16.997766 ], [ 101.349448, 16.997959 ], [ 101.349726, 16.998312 ], [ 101.349693, 16.998679 ], [ 101.349268, 16.999447 ], [ 101.348534, 17.000361 ], [ 101.348526, 17.000662 ], [ 101.348626, 17.000803 ], [ 101.349373, 17.001046 ], [ 101.349408, 17.001198 ], [ 101.349512, 17.001241 ], [ 101.350145, 17.00142 ], [ 101.350521, 17.001411 ], [ 101.350953, 17.001606 ], [ 101.352449, 17.002795 ], [ 101.352786, 17.00321 ], [ 101.352812, 17.003928 ], [ 101.352515, 17.005255 ], [ 101.352602, 17.006491 ], [ 101.352487, 17.006993 ], [ 101.352233, 17.007515 ], [ 101.351772, 17.009002 ], [ 101.351669, 17.009461 ], [ 101.35172, 17.009831 ], [ 101.351974, 17.010059 ], [ 101.352604, 17.010358 ], [ 101.353234, 17.010903 ], [ 101.354542, 17.011695 ], [ 101.354655, 17.012225 ], [ 101.354493, 17.013036 ], [ 101.354348, 17.013282 ], [ 101.354253, 17.013708 ], [ 101.354289, 17.013979 ], [ 101.354544, 17.014253 ], [ 101.355389, 17.014483 ], [ 101.356207, 17.014403 ], [ 101.357055, 17.014454 ], [ 101.358287, 17.014242 ], [ 101.358917, 17.01425 ], [ 101.359693, 17.01457 ], [ 101.360086, 17.014918 ], [ 101.36107, 17.015297 ], [ 101.361748, 17.015415 ], [ 101.362492, 17.01566 ], [ 101.362725, 17.015482 ], [ 101.363139, 17.015513 ], [ 101.363364, 17.015577 ], [ 101.363612, 17.015797 ], [ 101.3645, 17.016158 ], [ 101.365203, 17.016218 ], [ 101.365417, 17.016393 ], [ 101.365604, 17.017085 ], [ 101.365411, 17.017741 ], [ 101.365127, 17.018146 ], [ 101.365136, 17.018371 ], [ 101.364988, 17.018581 ], [ 101.364991, 17.018821 ], [ 101.365449, 17.019144 ], [ 101.366209, 17.019145 ], [ 101.367012, 17.019805 ], [ 101.368056, 17.020208 ], [ 101.368406, 17.02023 ], [ 101.368511, 17.020109 ], [ 101.369473, 17.019793 ], [ 101.37119, 17.019368 ], [ 101.371752, 17.019272 ], [ 101.372599, 17.019291 ], [ 101.373499, 17.020033 ], [ 101.373569, 17.020119 ], [ 101.373546, 17.020278 ], [ 101.373307, 17.020507 ], [ 101.372001, 17.021032 ], [ 101.371858, 17.021279 ], [ 101.371737, 17.021732 ], [ 101.371242, 17.022502 ], [ 101.371257, 17.022651 ], [ 101.371536, 17.022963 ], [ 101.372067, 17.023022 ], [ 101.37232, 17.02298 ], [ 101.372633, 17.023102 ], [ 101.373992, 17.02337 ], [ 101.374457, 17.024116 ], [ 101.37474, 17.025085 ], [ 101.374747, 17.025379 ], [ 101.37459, 17.025902 ], [ 101.374491, 17.025976 ], [ 101.374316, 17.026026 ], [ 101.373897, 17.025829 ], [ 101.373222, 17.026158 ], [ 101.372984, 17.026908 ], [ 101.37299, 17.02711 ], [ 101.373085, 17.027372 ], [ 101.373272, 17.027534 ], [ 101.373776, 17.027534 ], [ 101.374149, 17.027635 ], [ 101.374311, 17.02777 ], [ 101.374216, 17.028967 ], [ 101.374416, 17.029195 ], [ 101.374653, 17.029296 ], [ 101.375068, 17.029676 ], [ 101.375155, 17.03002 ], [ 101.375771, 17.030455 ], [ 101.375992, 17.030695 ], [ 101.376304, 17.03218 ], [ 101.375447, 17.032461 ], [ 101.375128, 17.032346 ], [ 101.374847, 17.032391 ], [ 101.374593, 17.032839 ], [ 101.373969, 17.033247 ], [ 101.373454, 17.033321 ], [ 101.372804, 17.034081 ], [ 101.372572, 17.03447 ], [ 101.372497, 17.034885 ], [ 101.37275, 17.035628 ], [ 101.373513, 17.035981 ], [ 101.373983, 17.035748 ], [ 101.374792, 17.035683 ], [ 101.374996, 17.035895 ], [ 101.375208, 17.036537 ], [ 101.375067, 17.036925 ], [ 101.374572, 17.037565 ], [ 101.374494, 17.03759 ], [ 101.37429, 17.037372 ], [ 101.374077, 17.037309 ], [ 101.373685, 17.037375 ], [ 101.373352, 17.037534 ], [ 101.373, 17.038084 ], [ 101.37221, 17.038493 ], [ 101.371643, 17.039054 ], [ 101.371398, 17.039188 ], [ 101.371093, 17.03985 ], [ 101.371256, 17.040057 ], [ 101.371864, 17.040192 ], [ 101.371928, 17.040329 ], [ 101.372098, 17.040395 ], [ 101.37245, 17.040428 ], [ 101.373115, 17.040269 ], [ 101.373385, 17.039906 ], [ 101.374122, 17.039904 ], [ 101.374678, 17.040497 ], [ 101.374942, 17.040649 ], [ 101.374988, 17.040806 ], [ 101.375582, 17.041604 ], [ 101.375636, 17.042243 ], [ 101.375165, 17.042785 ], [ 101.374775, 17.042748 ], [ 101.374332, 17.042926 ], [ 101.373722, 17.042943 ], [ 101.373226, 17.043225 ], [ 101.372741, 17.044114 ], [ 101.372622, 17.044689 ], [ 101.372654, 17.044939 ], [ 101.372851, 17.045084 ], [ 101.372961, 17.045411 ], [ 101.373191, 17.045535 ], [ 101.373246, 17.045671 ], [ 101.373383, 17.045715 ], [ 101.373556, 17.045942 ], [ 101.373553, 17.046215 ], [ 101.37369, 17.046423 ], [ 101.373889, 17.046559 ], [ 101.374438, 17.046617 ], [ 101.374677, 17.046718 ], [ 101.375521, 17.047288 ], [ 101.375714, 17.047565 ], [ 101.375728, 17.047674 ], [ 101.375607, 17.047842 ], [ 101.375193, 17.048176 ], [ 101.37454, 17.048307 ], [ 101.374034, 17.048523 ], [ 101.373712, 17.048765 ], [ 101.373044, 17.049595 ], [ 101.373233, 17.049889 ], [ 101.373481, 17.050053 ], [ 101.374087, 17.050111 ], [ 101.374309, 17.050435 ], [ 101.37483, 17.050635 ], [ 101.375079, 17.050923 ], [ 101.375317, 17.051413 ], [ 101.375634, 17.051734 ], [ 101.375708, 17.051971 ], [ 101.375627, 17.052221 ], [ 101.375118, 17.052956 ], [ 101.374506, 17.053389 ], [ 101.374366, 17.053635 ], [ 101.373516, 17.054038 ], [ 101.37221, 17.054265 ], [ 101.371756, 17.054234 ], [ 101.37103, 17.054065 ], [ 101.37049, 17.054033 ], [ 101.369923, 17.054093 ], [ 101.36973, 17.053784 ], [ 101.369332, 17.053661 ], [ 101.368746, 17.053837 ], [ 101.368686, 17.053894 ], [ 101.368696, 17.054127 ], [ 101.368424, 17.054264 ], [ 101.367355, 17.054151 ], [ 101.367001, 17.054412 ], [ 101.36635, 17.054647 ], [ 101.365092, 17.055483 ], [ 101.364551, 17.056234 ], [ 101.364985, 17.057516 ], [ 101.365587, 17.058437 ], [ 101.365627, 17.058622 ], [ 101.365557, 17.05922 ], [ 101.365242, 17.059774 ], [ 101.364768, 17.059834 ], [ 101.364229, 17.059377 ], [ 101.364127, 17.059065 ], [ 101.363985, 17.057931 ], [ 101.363893, 17.057775 ], [ 101.36359, 17.057722 ], [ 101.363335, 17.057781 ], [ 101.362908, 17.058188 ], [ 101.362522, 17.058258 ], [ 101.362284, 17.058399 ], [ 101.362239, 17.058974 ], [ 101.362006, 17.05929 ], [ 101.36191, 17.059572 ], [ 101.361689, 17.059757 ], [ 101.360714, 17.060005 ], [ 101.360512, 17.059945 ], [ 101.360343, 17.059977 ], [ 101.359779, 17.060665 ], [ 101.359808, 17.060813 ], [ 101.359986, 17.060946 ], [ 101.360017, 17.061159 ], [ 101.36041, 17.061206 ], [ 101.361575, 17.061659 ], [ 101.361648, 17.061786 ], [ 101.361427, 17.061994 ], [ 101.361848, 17.062288 ], [ 101.36216, 17.062311 ], [ 101.362834, 17.062723 ], [ 101.363163, 17.062742 ], [ 101.363586, 17.062896 ], [ 101.363784, 17.06278 ], [ 101.363852, 17.062635 ], [ 101.364398, 17.062769 ], [ 101.365344, 17.0632 ], [ 101.36571, 17.063532 ], [ 101.365694, 17.063894 ], [ 101.365771, 17.064105 ], [ 101.366185, 17.064336 ], [ 101.366337, 17.064671 ], [ 101.366255, 17.065461 ], [ 101.365789, 17.066024 ], [ 101.365379, 17.066285 ], [ 101.365022, 17.06633 ], [ 101.364507, 17.066255 ], [ 101.364351, 17.066318 ], [ 101.363472, 17.067156 ], [ 101.36334, 17.067408 ], [ 101.363415, 17.067918 ], [ 101.363546, 17.068229 ], [ 101.364651, 17.068662 ], [ 101.365327, 17.068698 ], [ 101.365477, 17.068459 ], [ 101.365825, 17.068384 ], [ 101.366086, 17.068441 ], [ 101.366473, 17.068369 ], [ 101.366912, 17.06851 ], [ 101.367301, 17.068892 ], [ 101.36737, 17.069094 ], [ 101.367227, 17.069355 ], [ 101.367176, 17.069679 ], [ 101.367554, 17.070129 ], [ 101.367534, 17.070431 ], [ 101.367691, 17.070674 ], [ 101.367736, 17.071029 ], [ 101.367652, 17.07124 ], [ 101.367766, 17.07144 ], [ 101.368428, 17.071584 ], [ 101.368493, 17.071753 ], [ 101.368687, 17.071869 ], [ 101.369438, 17.07183 ], [ 101.370233, 17.071536 ], [ 101.370379, 17.071389 ], [ 101.370629, 17.071306 ], [ 101.370801, 17.071164 ], [ 101.370988, 17.070649 ], [ 101.37175, 17.070257 ], [ 101.372485, 17.070965 ], [ 101.372822, 17.071147 ], [ 101.373181, 17.071531 ], [ 101.373448, 17.071701 ], [ 101.374076, 17.071829 ], [ 101.374488, 17.071698 ], [ 101.374679, 17.071782 ], [ 101.3751, 17.072232 ], [ 101.375197, 17.072745 ], [ 101.375038, 17.073012 ], [ 101.374357, 17.073153 ], [ 101.373969, 17.073366 ], [ 101.373745, 17.0736 ], [ 101.373477, 17.074399 ], [ 101.373549, 17.074816 ], [ 101.374186, 17.075322 ], [ 101.374459, 17.075436 ], [ 101.374579, 17.075613 ], [ 101.374724, 17.076213 ], [ 101.374651, 17.076909 ], [ 101.374344, 17.077241 ], [ 101.373811, 17.0772 ], [ 101.373288, 17.077277 ], [ 101.372988, 17.077184 ], [ 101.372554, 17.077314 ], [ 101.37202, 17.07765 ], [ 101.371721, 17.078134 ], [ 101.371844, 17.078262 ], [ 101.371799, 17.078645 ], [ 101.372096, 17.079396 ], [ 101.372699, 17.08015 ], [ 101.373051, 17.080302 ], [ 101.373654, 17.080373 ], [ 101.373796, 17.08035 ], [ 101.373944, 17.080148 ], [ 101.3741, 17.080133 ], [ 101.374644, 17.080403 ], [ 101.374824, 17.080641 ], [ 101.374999, 17.080742 ], [ 101.375098, 17.081009 ], [ 101.374955, 17.081686 ], [ 101.374517, 17.082474 ], [ 101.373747, 17.082797 ], [ 101.373609, 17.082704 ], [ 101.373365, 17.082255 ], [ 101.373101, 17.08208 ], [ 101.372564, 17.081986 ], [ 101.371747, 17.082022 ], [ 101.371601, 17.082128 ], [ 101.370913, 17.083152 ], [ 101.370699, 17.083871 ], [ 101.370784, 17.084132 ], [ 101.371184, 17.08455 ], [ 101.372183, 17.084474 ], [ 101.373149, 17.084836 ], [ 101.373831, 17.084947 ], [ 101.374238, 17.085115 ], [ 101.374651, 17.085078 ], [ 101.374917, 17.085187 ], [ 101.374986, 17.085351 ], [ 101.374968, 17.086189 ], [ 101.374643, 17.087091 ], [ 101.374555, 17.087894 ], [ 101.374455, 17.088054 ], [ 101.374205, 17.088167 ], [ 101.373957, 17.08857 ], [ 101.372978, 17.089437 ], [ 101.372705, 17.08952 ], [ 101.372222, 17.089478 ], [ 101.371888, 17.088822 ], [ 101.371596, 17.08874 ], [ 101.371427, 17.088758 ], [ 101.370688, 17.08912 ], [ 101.370391, 17.089321 ], [ 101.370368, 17.089482 ], [ 101.370468, 17.089641 ], [ 101.371004, 17.09001 ], [ 101.371505, 17.090763 ], [ 101.372226, 17.091311 ], [ 101.372475, 17.09131 ], [ 101.373022, 17.091115 ], [ 101.373347, 17.090837 ], [ 101.373642, 17.090769 ], [ 101.374694, 17.090844 ], [ 101.374865, 17.091114 ], [ 101.375284, 17.091339 ], [ 101.37567, 17.091352 ], [ 101.376987, 17.09174 ], [ 101.377325, 17.091679 ], [ 101.377747, 17.091441 ], [ 101.378345, 17.091548 ], [ 101.378494, 17.09162 ], [ 101.379787, 17.092957 ], [ 101.379872, 17.09313 ], [ 101.379758, 17.093386 ], [ 101.379569, 17.09343 ], [ 101.378034, 17.093264 ], [ 101.37784, 17.0933 ], [ 101.377567, 17.093525 ], [ 101.377102, 17.09337 ], [ 101.376881, 17.0935 ], [ 101.377114, 17.094847 ], [ 101.377701, 17.095623 ], [ 101.377912, 17.095756 ], [ 101.378085, 17.096061 ], [ 101.377996, 17.09729 ], [ 101.377874, 17.097756 ], [ 101.377651, 17.098014 ], [ 101.376768, 17.098165 ], [ 101.376631, 17.098277 ], [ 101.376506, 17.099013 ], [ 101.376336, 17.09943 ], [ 101.376407, 17.099929 ], [ 101.375893, 17.100605 ], [ 101.375545, 17.100765 ], [ 101.374952, 17.100271 ], [ 101.374819, 17.100112 ], [ 101.374548, 17.098917 ], [ 101.373991, 17.098812 ], [ 101.372461, 17.099247 ], [ 101.371, 17.101057 ], [ 101.370976, 17.101321 ], [ 101.37139, 17.101641 ], [ 101.371505, 17.102057 ], [ 101.371472, 17.102451 ], [ 101.371787, 17.102991 ], [ 101.372039, 17.103174 ], [ 101.372528, 17.103074 ], [ 101.372645, 17.103176 ], [ 101.372839, 17.104006 ], [ 101.372613, 17.104425 ], [ 101.372145, 17.10456 ], [ 101.371658, 17.104404 ], [ 101.37119, 17.104546 ], [ 101.371107, 17.104496 ], [ 101.3711, 17.104279 ], [ 101.37089, 17.104202 ], [ 101.370325, 17.104504 ], [ 101.370132, 17.104447 ], [ 101.369491, 17.103974 ], [ 101.369335, 17.10367 ], [ 101.368915, 17.103249 ], [ 101.368791, 17.10302 ], [ 101.368819, 17.102313 ], [ 101.368371, 17.10206 ], [ 101.368029, 17.102138 ], [ 101.367845, 17.102288 ], [ 101.367956, 17.103101 ], [ 101.367697, 17.103958 ], [ 101.36737, 17.104478 ], [ 101.366907, 17.104741 ], [ 101.366818, 17.104778 ], [ 101.366664, 17.104705 ], [ 101.36639, 17.104053 ], [ 101.36607, 17.103725 ], [ 101.365424, 17.103641 ], [ 101.365247, 17.103683 ], [ 101.365143, 17.103796 ], [ 101.365033, 17.103753 ], [ 101.364808, 17.103035 ], [ 101.364661, 17.103 ], [ 101.363979, 17.10325 ], [ 101.363535, 17.103762 ], [ 101.36308, 17.10414 ], [ 101.362782, 17.104543 ], [ 101.36276, 17.104711 ], [ 101.363052, 17.105133 ], [ 101.363003, 17.105715 ], [ 101.362607, 17.106381 ], [ 101.362159, 17.106482 ], [ 101.361994, 17.106679 ], [ 101.362328, 17.107638 ], [ 101.363062, 17.108098 ], [ 101.363485, 17.108249 ], [ 101.363917, 17.107823 ], [ 101.364323, 17.107752 ], [ 101.364778, 17.108444 ], [ 101.365072, 17.109099 ], [ 101.366045, 17.110434 ], [ 101.366457, 17.111466 ], [ 101.366797, 17.111709 ], [ 101.366991, 17.111944 ], [ 101.367212, 17.112756 ], [ 101.367063, 17.113376 ], [ 101.367078, 17.113577 ], [ 101.366305, 17.113909 ], [ 101.366038, 17.113914 ], [ 101.365855, 17.114476 ], [ 101.365534, 17.114844 ], [ 101.365349, 17.115234 ], [ 101.365099, 17.115465 ], [ 101.364601, 17.115593 ], [ 101.364006, 17.115278 ], [ 101.363744, 17.115241 ], [ 101.36315, 17.115342 ], [ 101.362969, 17.115505 ], [ 101.362915, 17.115807 ], [ 101.362708, 17.116125 ], [ 101.362437, 17.116339 ], [ 101.362256, 17.116711 ], [ 101.3622, 17.117284 ], [ 101.36238, 17.117605 ], [ 101.36247, 17.118619 ], [ 101.362204, 17.11895 ], [ 101.362166, 17.119208 ], [ 101.362048, 17.119367 ], [ 101.361737, 17.119526 ], [ 101.36062, 17.119425 ], [ 101.36009, 17.119266 ], [ 101.359754, 17.119268 ], [ 101.359288, 17.118794 ], [ 101.359014, 17.118688 ], [ 101.358823, 17.118634 ], [ 101.358383, 17.118868 ], [ 101.358082, 17.118927 ], [ 101.357666, 17.118735 ], [ 101.357493, 17.118543 ], [ 101.357121, 17.118596 ], [ 101.356694, 17.118766 ], [ 101.35637, 17.119167 ], [ 101.355948, 17.119302 ], [ 101.35578, 17.119305 ], [ 101.355441, 17.11898 ], [ 101.355259, 17.1189 ], [ 101.354636, 17.119063 ], [ 101.354523, 17.119165 ], [ 101.354526, 17.119276 ], [ 101.35471, 17.119694 ], [ 101.355628, 17.119991 ], [ 101.356136, 17.120648 ], [ 101.356439, 17.121357 ], [ 101.356578, 17.122635 ], [ 101.356394, 17.123388 ], [ 101.356252, 17.123621 ], [ 101.356127, 17.123749 ], [ 101.355738, 17.123904 ], [ 101.35541, 17.123943 ], [ 101.355203, 17.124399 ], [ 101.355021, 17.124569 ], [ 101.354494, 17.124618 ], [ 101.354027, 17.124556 ], [ 101.35344, 17.12434 ], [ 101.353104, 17.124037 ], [ 101.353004, 17.12349 ], [ 101.352636, 17.123299 ], [ 101.35238, 17.123053 ], [ 101.352104, 17.123086 ], [ 101.351611, 17.123308 ], [ 101.351343, 17.1237 ], [ 101.351539, 17.124149 ], [ 101.351652, 17.125135 ], [ 101.351846, 17.125873 ], [ 101.351233, 17.126365 ], [ 101.351114, 17.12661 ], [ 101.350933, 17.127307 ], [ 101.350851, 17.1288 ], [ 101.351193, 17.129406 ], [ 101.351434, 17.130052 ], [ 101.351551, 17.130772 ], [ 101.351842, 17.131257 ], [ 101.35182, 17.131588 ], [ 101.35195, 17.132473 ], [ 101.351876, 17.133044 ], [ 101.351777, 17.133185 ], [ 101.351107, 17.133323 ], [ 101.35093, 17.13352 ], [ 101.350741, 17.1339 ], [ 101.350725, 17.134711 ], [ 101.350832, 17.134867 ], [ 101.351149, 17.134946 ], [ 101.351555, 17.135181 ], [ 101.352468, 17.135927 ], [ 101.353316, 17.13707 ], [ 101.354117, 17.137771 ], [ 101.354278, 17.137827 ], [ 101.35443, 17.138038 ], [ 101.354745, 17.138211 ], [ 101.354953, 17.138588 ], [ 101.354981, 17.138762 ], [ 101.354891, 17.139009 ], [ 101.354433, 17.139316 ], [ 101.353518, 17.140107 ], [ 101.353264, 17.140506 ], [ 101.353411, 17.14088 ], [ 101.353908, 17.14133 ], [ 101.35402, 17.141515 ], [ 101.354111, 17.141959 ], [ 101.354011, 17.142513 ], [ 101.353867, 17.142824 ], [ 101.353924, 17.14311 ], [ 101.354636, 17.144132 ], [ 101.354995, 17.145105 ], [ 101.355049, 17.145379 ], [ 101.355005, 17.145676 ], [ 101.355136, 17.146044 ], [ 101.355703, 17.14687 ], [ 101.355603, 17.14706 ], [ 101.355346, 17.147262 ], [ 101.354934, 17.147365 ], [ 101.35462, 17.14728 ], [ 101.354426, 17.147325 ], [ 101.354171, 17.147521 ], [ 101.353981, 17.147908 ], [ 101.353677, 17.148192 ], [ 101.35349, 17.148246 ], [ 101.353238, 17.14816 ], [ 101.353105, 17.148187 ], [ 101.352825, 17.148303 ], [ 101.352755, 17.148453 ], [ 101.353018, 17.148867 ], [ 101.353278, 17.148949 ], [ 101.353383, 17.149151 ], [ 101.353535, 17.149206 ], [ 101.35428, 17.149841 ], [ 101.354701, 17.14973 ], [ 101.355062, 17.149801 ], [ 101.355748, 17.149653 ], [ 101.355809, 17.149801 ], [ 101.355732, 17.150111 ], [ 101.355806, 17.150487 ], [ 101.356032, 17.150691 ], [ 101.356183, 17.150716 ], [ 101.356258, 17.150917 ], [ 101.355844, 17.151424 ], [ 101.355559, 17.151563 ], [ 101.355143, 17.151184 ], [ 101.355028, 17.15074 ], [ 101.354925, 17.150684 ], [ 101.354722, 17.150689 ], [ 101.354211, 17.150998 ], [ 101.354057, 17.151113 ], [ 101.353618, 17.151773 ], [ 101.353612, 17.152273 ], [ 101.353393, 17.152536 ], [ 101.353389, 17.152918 ], [ 101.353444, 17.153104 ], [ 101.353596, 17.153133 ], [ 101.35371, 17.153499 ], [ 101.354089, 17.153584 ], [ 101.354165, 17.153874 ], [ 101.354484, 17.153999 ], [ 101.354747, 17.153942 ], [ 101.354945, 17.153708 ], [ 101.355032, 17.153436 ], [ 101.355024, 17.152885 ], [ 101.355276, 17.152823 ], [ 101.356043, 17.153085 ], [ 101.35624, 17.152991 ], [ 101.356394, 17.153025 ], [ 101.35667, 17.153221 ], [ 101.357012, 17.153709 ], [ 101.357658, 17.154117 ], [ 101.358048, 17.154581 ], [ 101.358251, 17.154716 ], [ 101.35841, 17.154971 ], [ 101.358429, 17.155268 ], [ 101.358189, 17.155352 ], [ 101.358002, 17.155235 ], [ 101.357746, 17.155208 ], [ 101.357406, 17.154966 ], [ 101.357226, 17.154921 ], [ 101.356991, 17.15505 ], [ 101.356728, 17.155087 ], [ 101.356645, 17.155237 ], [ 101.356728, 17.155279 ], [ 101.356213, 17.15562 ], [ 101.355815, 17.155704 ], [ 101.355458, 17.155444 ], [ 101.354946, 17.15534 ], [ 101.35484, 17.155845 ], [ 101.355378, 17.156257 ], [ 101.356141, 17.15647 ], [ 101.356569, 17.156673 ], [ 101.356928, 17.156621 ], [ 101.357578, 17.156299 ], [ 101.357919, 17.156223 ], [ 101.358594, 17.156225 ], [ 101.358993, 17.156382 ], [ 101.359055, 17.156467 ], [ 101.359035, 17.156701 ], [ 101.358817, 17.157174 ], [ 101.358894, 17.158048 ], [ 101.358773, 17.158316 ], [ 101.358644, 17.158377 ], [ 101.358259, 17.15836 ], [ 101.3575, 17.157836 ], [ 101.357024, 17.157682 ], [ 101.356397, 17.157755 ], [ 101.356098, 17.157872 ], [ 101.355868, 17.158065 ], [ 101.355686, 17.158421 ], [ 101.355813, 17.158959 ], [ 101.356101, 17.159142 ], [ 101.356311, 17.159672 ], [ 101.356404, 17.159729 ], [ 101.356612, 17.159805 ], [ 101.356948, 17.159762 ], [ 101.357335, 17.159834 ], [ 101.357863, 17.159738 ], [ 101.358115, 17.159778 ], [ 101.35847, 17.159651 ], [ 101.359306, 17.160012 ], [ 101.359383, 17.160286 ], [ 101.359471, 17.160321 ], [ 101.359455, 17.160617 ], [ 101.359027, 17.161119 ], [ 101.358874, 17.162736 ], [ 101.35871, 17.163008 ], [ 101.358386, 17.163307 ], [ 101.357729, 17.16428 ], [ 101.357498, 17.164427 ], [ 101.356691, 17.164437 ], [ 101.356211, 17.164706 ], [ 101.356072, 17.165007 ], [ 101.356028, 17.165331 ], [ 101.356092, 17.166211 ], [ 101.355962, 17.166735 ], [ 101.356094, 17.167157 ], [ 101.356016, 17.167347 ], [ 101.35576, 17.167592 ], [ 101.355238, 17.16788 ], [ 101.35495, 17.167861 ], [ 101.354779, 17.167923 ], [ 101.354592, 17.168251 ], [ 101.354363, 17.16845 ], [ 101.354362, 17.168748 ], [ 101.354059, 17.169026 ], [ 101.353737, 17.16949 ], [ 101.353696, 17.169843 ], [ 101.353507, 17.170312 ], [ 101.353536, 17.171003 ], [ 101.353472, 17.171156 ], [ 101.353052, 17.171543 ], [ 101.352349, 17.171884 ], [ 101.352176, 17.172632 ], [ 101.351701, 17.1727 ], [ 101.35135, 17.172597 ], [ 101.350719, 17.17223 ], [ 101.35038, 17.171691 ], [ 101.35018, 17.171635 ], [ 101.349835, 17.171734 ], [ 101.34956, 17.171977 ], [ 101.349497, 17.172262 ], [ 101.349256, 17.172611 ], [ 101.349185, 17.172934 ], [ 101.348988, 17.173184 ], [ 101.348857, 17.173213 ], [ 101.348755, 17.173334 ], [ 101.348617, 17.173746 ], [ 101.348552, 17.173782 ], [ 101.348005, 17.173586 ], [ 101.347668, 17.173558 ], [ 101.347211, 17.173881 ], [ 101.34649, 17.174209 ], [ 101.346334, 17.174457 ], [ 101.346296, 17.174762 ], [ 101.346046, 17.175119 ], [ 101.345882, 17.175227 ], [ 101.34549, 17.175309 ], [ 101.345341, 17.175452 ], [ 101.345114, 17.175939 ], [ 101.345173, 17.176801 ], [ 101.345387, 17.176921 ], [ 101.345948, 17.177 ], [ 101.346603, 17.177497 ], [ 101.347119, 17.178118 ], [ 101.347651, 17.179181 ], [ 101.347615, 17.179384 ], [ 101.347442, 17.179591 ], [ 101.347031, 17.180489 ], [ 101.346336, 17.180868 ], [ 101.346077, 17.180889 ], [ 101.345597, 17.181097 ], [ 101.344742, 17.181701 ], [ 101.344532, 17.181754 ], [ 101.344184, 17.181613 ], [ 101.34331, 17.180944 ], [ 101.343084, 17.180514 ], [ 101.342935, 17.180396 ], [ 101.342603, 17.180318 ], [ 101.341307, 17.180652 ], [ 101.340874, 17.180429 ], [ 101.340853, 17.180191 ], [ 101.341059, 17.179808 ], [ 101.341221, 17.179731 ], [ 101.341338, 17.179568 ], [ 101.34151, 17.179509 ], [ 101.341775, 17.17912 ], [ 101.341794, 17.178942 ], [ 101.341654, 17.178804 ], [ 101.340435, 17.179047 ], [ 101.340175, 17.179194 ], [ 101.339848, 17.179602 ], [ 101.339572, 17.179806 ], [ 101.339349, 17.179847 ], [ 101.338811, 17.179741 ], [ 101.338577, 17.179493 ], [ 101.338512, 17.179233 ], [ 101.338573, 17.179053 ], [ 101.338543, 17.178804 ], [ 101.33838, 17.178483 ], [ 101.338371, 17.178063 ], [ 101.338483, 17.177879 ], [ 101.338512, 17.177451 ], [ 101.337923, 17.176535 ], [ 101.337483, 17.176216 ], [ 101.337376, 17.175815 ], [ 101.336994, 17.17564 ], [ 101.336427, 17.175804 ], [ 101.336312, 17.176183 ], [ 101.335958, 17.176712 ], [ 101.335659, 17.176992 ], [ 101.335364, 17.177146 ], [ 101.334822, 17.176986 ], [ 101.334389, 17.176137 ], [ 101.334183, 17.176053 ], [ 101.333922, 17.176114 ], [ 101.333194, 17.177346 ], [ 101.332082, 17.178558 ], [ 101.331669, 17.17887 ], [ 101.331403, 17.178722 ], [ 101.33079, 17.178731 ], [ 101.33059, 17.178618 ], [ 101.330365, 17.178149 ], [ 101.330346, 17.177916 ], [ 101.329902, 17.177465 ], [ 101.328934, 17.177382 ], [ 101.328769, 17.177443 ], [ 101.328453, 17.177726 ], [ 101.327993, 17.177922 ], [ 101.327838, 17.178391 ], [ 101.327392, 17.178736 ], [ 101.326522, 17.178529 ], [ 101.325927, 17.178667 ], [ 101.325633, 17.178646 ], [ 101.325272, 17.178464 ], [ 101.324179, 17.179076 ], [ 101.323745, 17.1795 ], [ 101.323445, 17.179567 ], [ 101.323307, 17.179381 ], [ 101.323413, 17.178986 ], [ 101.323305, 17.178462 ], [ 101.323371, 17.178275 ], [ 101.323328, 17.178035 ], [ 101.322863, 17.177268 ], [ 101.322459, 17.176919 ], [ 101.321983, 17.176748 ], [ 101.32185, 17.176407 ], [ 101.321592, 17.176312 ], [ 101.321086, 17.17644 ], [ 101.320585, 17.176725 ], [ 101.319843, 17.177405 ], [ 101.319652, 17.177231 ], [ 101.319455, 17.177218 ], [ 101.319335, 17.176988 ], [ 101.319542, 17.176553 ], [ 101.319515, 17.176316 ], [ 101.3197, 17.175738 ], [ 101.319594, 17.1753 ], [ 101.319906, 17.174676 ], [ 101.319996, 17.173813 ], [ 101.320181, 17.172976 ], [ 101.3203, 17.172697 ], [ 101.320512, 17.172596 ], [ 101.32084, 17.171964 ], [ 101.320998, 17.171503 ], [ 101.320978, 17.171321 ], [ 101.320726, 17.171207 ], [ 101.319653, 17.171533 ], [ 101.318335, 17.172249 ], [ 101.317885, 17.172352 ], [ 101.317695, 17.17232 ], [ 101.317402, 17.172084 ], [ 101.317309, 17.171706 ], [ 101.317165, 17.171537 ], [ 101.316998, 17.171031 ], [ 101.316833, 17.170897 ], [ 101.316717, 17.170903 ], [ 101.316663, 17.170997 ], [ 101.316284, 17.171194 ], [ 101.316095, 17.1711 ], [ 101.315889, 17.171152 ], [ 101.315543, 17.171473 ], [ 101.315431, 17.171721 ], [ 101.315446, 17.171888 ], [ 101.315968, 17.172623 ], [ 101.315976, 17.17331 ], [ 101.316065, 17.173612 ], [ 101.31587, 17.173963 ], [ 101.315797, 17.174051 ], [ 101.315303, 17.174128 ], [ 101.314499, 17.173831 ], [ 101.314336, 17.173889 ], [ 101.313758, 17.173582 ], [ 101.313567, 17.173616 ], [ 101.312973, 17.174458 ], [ 101.313098, 17.175377 ], [ 101.313021, 17.175684 ], [ 101.313049, 17.176029 ], [ 101.312843, 17.17628 ], [ 101.312787, 17.176479 ], [ 101.312618, 17.176584 ], [ 101.312166, 17.176697 ], [ 101.311997, 17.176827 ], [ 101.311823, 17.176786 ], [ 101.311689, 17.176618 ], [ 101.31137, 17.176565 ], [ 101.311187, 17.176408 ], [ 101.311002, 17.175837 ], [ 101.311296, 17.174916 ], [ 101.311167, 17.174781 ], [ 101.310883, 17.174803 ], [ 101.310717, 17.17471 ], [ 101.310667, 17.173944 ], [ 101.310371, 17.173663 ], [ 101.310203, 17.173672 ], [ 101.309232, 17.174329 ], [ 101.309176, 17.174517 ], [ 101.309219, 17.174605 ], [ 101.309598, 17.174869 ], [ 101.309722, 17.175498 ], [ 101.309663, 17.175702 ], [ 101.309737, 17.176757 ], [ 101.309657, 17.177256 ], [ 101.309558, 17.177424 ], [ 101.309591, 17.177618 ], [ 101.309738, 17.177764 ], [ 101.309857, 17.178045 ], [ 101.309804, 17.178318 ], [ 101.309232, 17.178533 ], [ 101.308088, 17.178503 ], [ 101.307329, 17.178886 ], [ 101.306988, 17.179498 ], [ 101.307502, 17.179979 ], [ 101.307472, 17.180364 ], [ 101.307204, 17.180693 ], [ 101.306861, 17.18096 ], [ 101.305861, 17.181184 ], [ 101.305683, 17.181121 ], [ 101.305568, 17.181241 ], [ 101.305767, 17.181823 ], [ 101.305714, 17.182712 ], [ 101.305438, 17.18371 ], [ 101.305362, 17.183777 ], [ 101.305364, 17.183966 ], [ 101.30523, 17.184074 ], [ 101.305109, 17.184077 ], [ 101.30471, 17.183844 ], [ 101.30381, 17.183623 ], [ 101.303588, 17.18345 ], [ 101.303328, 17.183494 ], [ 101.303145, 17.18388 ], [ 101.30323, 17.184155 ], [ 101.30314, 17.184463 ], [ 101.301867, 17.185583 ], [ 101.301901, 17.185754 ], [ 101.302024, 17.185866 ], [ 101.302314, 17.185896 ], [ 101.302842, 17.185808 ], [ 101.303151, 17.185906 ], [ 101.3037, 17.18647 ], [ 101.303664, 17.186738 ], [ 101.303995, 17.186813 ], [ 101.304075, 17.186899 ], [ 101.304235, 17.18733 ], [ 101.304102, 17.187698 ], [ 101.304142, 17.187912 ], [ 101.304983, 17.188625 ], [ 101.305913, 17.189672 ], [ 101.306159, 17.190466 ], [ 101.306112, 17.19066 ], [ 101.306167, 17.190839 ], [ 101.306596, 17.191303 ], [ 101.306802, 17.191399 ], [ 101.307076, 17.191396 ], [ 101.307353, 17.191561 ], [ 101.307781, 17.191532 ], [ 101.308245, 17.191636 ], [ 101.308492, 17.191506 ], [ 101.308653, 17.191516 ], [ 101.309494, 17.192347 ], [ 101.310055, 17.192631 ], [ 101.310179, 17.192856 ], [ 101.310364, 17.193005 ], [ 101.310438, 17.193281 ], [ 101.310852, 17.193546 ], [ 101.311325, 17.193692 ], [ 101.311981, 17.193462 ], [ 101.312274, 17.193514 ], [ 101.312597, 17.193646 ], [ 101.312886, 17.193911 ], [ 101.313186, 17.193881 ], [ 101.313493, 17.19396 ], [ 101.313609, 17.194039 ], [ 101.313619, 17.194302 ], [ 101.314414, 17.194704 ], [ 101.315019, 17.194692 ], [ 101.315117, 17.194562 ], [ 101.31543, 17.194475 ], [ 101.315865, 17.194553 ], [ 101.316149, 17.194479 ], [ 101.316793, 17.195053 ], [ 101.317517, 17.195208 ], [ 101.318026, 17.195456 ], [ 101.318614, 17.195601 ], [ 101.318774, 17.195722 ], [ 101.318996, 17.196116 ], [ 101.319414, 17.196272 ], [ 101.319691, 17.196282 ], [ 101.32018, 17.196008 ], [ 101.320613, 17.196223 ], [ 101.320879, 17.196481 ], [ 101.320945, 17.196661 ], [ 101.320858, 17.197234 ], [ 101.320963, 17.197391 ], [ 101.321222, 17.197532 ], [ 101.321419, 17.197908 ], [ 101.321363, 17.198336 ], [ 101.321612, 17.198871 ], [ 101.321582, 17.199141 ], [ 101.321709, 17.199538 ], [ 101.322261, 17.200065 ], [ 101.322581, 17.20087 ], [ 101.322983, 17.20133 ], [ 101.323544, 17.201745 ], [ 101.323903, 17.202953 ], [ 101.324224, 17.203236 ], [ 101.324752, 17.203312 ], [ 101.325261, 17.203591 ], [ 101.325582, 17.203606 ], [ 101.326304, 17.204407 ], [ 101.326382, 17.204585 ], [ 101.326086, 17.20493 ], [ 101.326043, 17.205093 ], [ 101.326254, 17.205615 ], [ 101.326793, 17.206234 ], [ 101.327095, 17.206944 ], [ 101.327812, 17.208 ], [ 101.328026, 17.208834 ], [ 101.328218, 17.209039 ], [ 101.32854, 17.209208 ], [ 101.328726, 17.209508 ], [ 101.328781, 17.210097 ], [ 101.328889, 17.210225 ], [ 101.328803, 17.210433 ], [ 101.328545, 17.210581 ], [ 101.328299, 17.210499 ], [ 101.327738, 17.210676 ], [ 101.327595, 17.211009 ], [ 101.326934, 17.211538 ], [ 101.326575, 17.211636 ], [ 101.326297, 17.21149 ], [ 101.326157, 17.211282 ], [ 101.325927, 17.211246 ], [ 101.325518, 17.21136 ], [ 101.325212, 17.21158 ], [ 101.325224, 17.211708 ], [ 101.325586, 17.211992 ], [ 101.325851, 17.212047 ], [ 101.325997, 17.212175 ], [ 101.326222, 17.212164 ], [ 101.326439, 17.21239 ], [ 101.326403, 17.212705 ], [ 101.326067, 17.213178 ], [ 101.325831, 17.21331 ], [ 101.325534, 17.213316 ], [ 101.325313, 17.213064 ], [ 101.325407, 17.212803 ], [ 101.325227, 17.212756 ], [ 101.325053, 17.212791 ], [ 101.324922, 17.212935 ], [ 101.324322, 17.213205 ], [ 101.323986, 17.213125 ], [ 101.32372, 17.21321 ], [ 101.323433, 17.213426 ], [ 101.323462, 17.213628 ], [ 101.323735, 17.213865 ], [ 101.323736, 17.214159 ], [ 101.323538, 17.21436 ], [ 101.323005, 17.214159 ], [ 101.322713, 17.213845 ], [ 101.322541, 17.213797 ], [ 101.32221, 17.213929 ], [ 101.322076, 17.214193 ], [ 101.322028, 17.214551 ], [ 101.321784, 17.21465 ], [ 101.321468, 17.214414 ], [ 101.321271, 17.21384 ], [ 101.320904, 17.213667 ], [ 101.31993, 17.214098 ], [ 101.318988, 17.214313 ], [ 101.318829, 17.214446 ], [ 101.318528, 17.215054 ], [ 101.318081, 17.215471 ], [ 101.318087, 17.215846 ], [ 101.317909, 17.216412 ], [ 101.318168, 17.216697 ], [ 101.318318, 17.217053 ], [ 101.318335, 17.217337 ], [ 101.318182, 17.217651 ], [ 101.318498, 17.21784 ], [ 101.318708, 17.218139 ], [ 101.318668, 17.218335 ], [ 101.318439, 17.21847 ], [ 101.318371, 17.218887 ], [ 101.318519, 17.219163 ], [ 101.318501, 17.219506 ], [ 101.318625, 17.219728 ], [ 101.318461, 17.220371 ], [ 101.318581, 17.220509 ], [ 101.31885, 17.220543 ], [ 101.320161, 17.222807 ], [ 101.320323, 17.222931 ], [ 101.320541, 17.223674 ], [ 101.320933, 17.224122 ], [ 101.320913, 17.224371 ], [ 101.320755, 17.224659 ], [ 101.320798, 17.224746 ], [ 101.320952, 17.224814 ], [ 101.321358, 17.224713 ], [ 101.321432, 17.224774 ], [ 101.321473, 17.22495 ], [ 101.321338, 17.225386 ], [ 101.321385, 17.225558 ], [ 101.321642, 17.225695 ], [ 101.32173, 17.226076 ], [ 101.321683, 17.226441 ], [ 101.321999, 17.226562 ], [ 101.32232, 17.226795 ], [ 101.322548, 17.227316 ], [ 101.322394, 17.227565 ], [ 101.322075, 17.227698 ], [ 101.321106, 17.22766 ], [ 101.320618, 17.227827 ], [ 101.32057, 17.227899 ], [ 101.320623, 17.228352 ], [ 101.320387, 17.228842 ], [ 101.32034, 17.22917 ], [ 101.320392, 17.229369 ], [ 101.320627, 17.22962 ], [ 101.321578, 17.229981 ], [ 101.322052, 17.230669 ], [ 101.322047, 17.230753 ], [ 101.32176, 17.23112 ], [ 101.321649, 17.231459 ], [ 101.321821, 17.231922 ], [ 101.321829, 17.232177 ], [ 101.32174, 17.232288 ], [ 101.321291, 17.232434 ], [ 101.320644, 17.232855 ], [ 101.3204, 17.233203 ], [ 101.320398, 17.233718 ], [ 101.320331, 17.233911 ], [ 101.319833, 17.234178 ], [ 101.319896, 17.234721 ], [ 101.320045, 17.235002 ], [ 101.320023, 17.23532 ], [ 101.32036, 17.235447 ], [ 101.320415, 17.235587 ], [ 101.320346, 17.235763 ], [ 101.320241, 17.235898 ], [ 101.320082, 17.235949 ], [ 101.31951, 17.235869 ], [ 101.319474, 17.235959 ], [ 101.319554, 17.236045 ], [ 101.319579, 17.23653 ], [ 101.320225, 17.236737 ], [ 101.320503, 17.236905 ], [ 101.320575, 17.237053 ], [ 101.320461, 17.237354 ], [ 101.320513, 17.237633 ], [ 101.320793, 17.237655 ], [ 101.321412, 17.237495 ], [ 101.321712, 17.237624 ], [ 101.321822, 17.237942 ], [ 101.321803, 17.238142 ], [ 101.321687, 17.238233 ], [ 101.321052, 17.238101 ], [ 101.320938, 17.238195 ], [ 101.320927, 17.238351 ], [ 101.321023, 17.238435 ], [ 101.321302, 17.23848 ], [ 101.321486, 17.238744 ], [ 101.320847, 17.23891 ], [ 101.320852, 17.239007 ], [ 101.321394, 17.239421 ], [ 101.321734, 17.239825 ], [ 101.321763, 17.239996 ], [ 101.32165, 17.240309 ], [ 101.321712, 17.24065 ], [ 101.321823, 17.240756 ], [ 101.3221, 17.240754 ], [ 101.322267, 17.240535 ], [ 101.322428, 17.23991 ], [ 101.322576, 17.239656 ], [ 101.322686, 17.239555 ], [ 101.323039, 17.239528 ], [ 101.323469, 17.239938 ], [ 101.323892, 17.240192 ], [ 101.324098, 17.240578 ], [ 101.324576, 17.240841 ], [ 101.324949, 17.241224 ], [ 101.32635, 17.241745 ], [ 101.32697, 17.241767 ], [ 101.328206, 17.242492 ], [ 101.328908, 17.243173 ], [ 101.329838, 17.243578 ], [ 101.330181, 17.243887 ], [ 101.33066, 17.243906 ], [ 101.331245, 17.24377 ], [ 101.332144, 17.243961 ], [ 101.333068, 17.244628 ], [ 101.333505, 17.245499 ], [ 101.33377, 17.245773 ], [ 101.334382, 17.246114 ], [ 101.334803, 17.246103 ], [ 101.334983, 17.246266 ], [ 101.335145, 17.246302 ], [ 101.335779, 17.246097 ], [ 101.336127, 17.246161 ], [ 101.336327, 17.246026 ], [ 101.33671, 17.245969 ], [ 101.337074, 17.246042 ], [ 101.337774, 17.245672 ], [ 101.338748, 17.24538 ], [ 101.339148, 17.245286 ], [ 101.339798, 17.245296 ], [ 101.340852, 17.245596 ], [ 101.341883, 17.246246 ], [ 101.343103, 17.246292 ], [ 101.343414, 17.246442 ], [ 101.343815, 17.246794 ], [ 101.344461, 17.246962 ], [ 101.344695, 17.246866 ], [ 101.345006, 17.246393 ], [ 101.345154, 17.246305 ], [ 101.345426, 17.246443 ], [ 101.345772, 17.247111 ], [ 101.346073, 17.247369 ], [ 101.346854, 17.247421 ], [ 101.348018, 17.248123 ], [ 101.348456, 17.248872 ], [ 101.348828, 17.249216 ], [ 101.348917, 17.249959 ], [ 101.349188, 17.250435 ], [ 101.349168, 17.25102 ], [ 101.348961, 17.251399 ], [ 101.348918, 17.251733 ], [ 101.349288, 17.251981 ], [ 101.349517, 17.252468 ], [ 101.349905, 17.252572 ], [ 101.351884, 17.252542 ], [ 101.353367, 17.25341 ], [ 101.354769, 17.253832 ], [ 101.355149, 17.254168 ], [ 101.355213, 17.254313 ], [ 101.355049, 17.254631 ], [ 101.355386, 17.25487 ], [ 101.355557, 17.255411 ], [ 101.355585, 17.256472 ], [ 101.3554, 17.256815 ], [ 101.355067, 17.257094 ], [ 101.354775, 17.257664 ], [ 101.354562, 17.257875 ], [ 101.354036, 17.258067 ], [ 101.353656, 17.258527 ], [ 101.353148, 17.259371 ], [ 101.352493, 17.259622 ] ] } },
{ "type": "Feature", "properties": { "STREAM_ID": "11_86", "STREAM_NAM": "แม่น้ำสะแกกรัง", "LOCAL_NAME": null, "Hy_use_des": "คูน้ำ ตลอดปี (เส้นเดี่ยว)", "STRCLAS_DE": "ลำน้ำหลัก", "SHAPE_Leng": 28.14 }, "geometry": { "type": "LineString", "coordinates": [ [ 100.081739, 15.303669 ], [ 100.080276, 15.304292 ], [ 100.079759, 15.304644 ], [ 100.079032, 15.306921 ], [ 100.077923, 15.309222 ], [ 100.077079, 15.310542 ], [ 100.076332, 15.311454 ], [ 100.07584, 15.311576 ], [ 100.073512, 15.311587 ], [ 100.072982, 15.311733 ], [ 100.072504, 15.312106 ], [ 100.071954, 15.31303 ], [ 100.071008, 15.315928 ], [ 100.070557, 15.316983 ], [ 100.070605, 15.319183 ], [ 100.071006, 15.320497 ], [ 100.071855, 15.322693 ], [ 100.072073, 15.324366 ], [ 100.072437, 15.325572 ], [ 100.0737, 15.32681 ], [ 100.076201, 15.329034 ], [ 100.077853, 15.331705 ], [ 100.078417, 15.333604 ], [ 100.07856, 15.33505 ], [ 100.078124, 15.336523 ], [ 100.07712, 15.337795 ], [ 100.07582, 15.338974 ], [ 100.074173, 15.339878 ], [ 100.072267, 15.340605 ], [ 100.070839, 15.340971 ], [ 100.067237, 15.342662 ], [ 100.065985, 15.343589 ], [ 100.064599, 15.344911 ], [ 100.062785, 15.346773 ], [ 100.059442, 15.351058 ], [ 100.058774, 15.352951 ], [ 100.058484, 15.354065 ], [ 100.056316, 15.359265 ], [ 100.055769, 15.360786 ], [ 100.055418, 15.362056 ], [ 100.054881, 15.363099 ], [ 100.054184, 15.364118 ], [ 100.053092, 15.365164 ], [ 100.049472, 15.36835 ], [ 100.048538, 15.368773 ], [ 100.047996, 15.36883 ], [ 100.046507, 15.369416 ], [ 100.043362, 15.3715 ], [ 100.040944, 15.373496 ], [ 100.038856, 15.374905 ], [ 100.038169, 15.375542 ], [ 100.037567, 15.375904 ], [ 100.03633, 15.377536 ], [ 100.035192, 15.379251 ], [ 100.034064, 15.380536 ], [ 100.032211, 15.382028 ], [ 100.030699, 15.382896 ], [ 100.029889, 15.383701 ], [ 100.02961, 15.384563 ], [ 100.029825, 15.38565 ], [ 100.030422, 15.38676 ], [ 100.031375, 15.387569 ], [ 100.032486, 15.387862 ], [ 100.0364, 15.389148 ], [ 100.039053, 15.390329 ], [ 100.041355, 15.39116 ], [ 100.042382, 15.391471 ], [ 100.043428, 15.391657 ], [ 100.045086, 15.391812 ], [ 100.048804, 15.391919 ], [ 100.050253, 15.391912 ], [ 100.051061, 15.391813 ], [ 100.0526, 15.391834 ], [ 100.053163, 15.392109 ], [ 100.053652, 15.39225 ], [ 100.054515, 15.392346 ], [ 100.055107, 15.392262 ], [ 100.05586, 15.391957 ], [ 100.056218, 15.391678 ], [ 100.058034, 15.389957 ], [ 100.059165, 15.389402 ], [ 100.061051, 15.388986 ], [ 100.061755, 15.388734 ], [ 100.062606, 15.388309 ], [ 100.063411, 15.387745 ], [ 100.064427, 15.386836 ], [ 100.064969, 15.386652 ], [ 100.065911, 15.386672 ], [ 100.066454, 15.386965 ], [ 100.066939, 15.387331 ], [ 100.067154, 15.387842 ], [ 100.067123, 15.388436 ], [ 100.066851, 15.389367 ], [ 100.065943, 15.390113 ], [ 100.063722, 15.390871 ], [ 100.062685, 15.391773 ], [ 100.062085, 15.392577 ], [ 100.061566, 15.393458 ], [ 100.061359, 15.393956 ], [ 100.061335, 15.395397 ], [ 100.061147, 15.395948 ], [ 100.060884, 15.39641 ], [ 100.060424, 15.396878 ], [ 100.06015, 15.397394 ], [ 100.060004, 15.397867 ], [ 100.059983, 15.39853 ], [ 100.060356, 15.40049 ], [ 100.060379, 15.401417 ], [ 100.060048, 15.402961 ], [ 100.060268, 15.403713 ], [ 100.06051, 15.404125 ], [ 100.060733, 15.404309 ], [ 100.061382, 15.404587 ], [ 100.062239, 15.404702 ], [ 100.062436, 15.404606 ], [ 100.063047, 15.40358 ], [ 100.063525, 15.40307 ], [ 100.064172, 15.402965 ], [ 100.064462, 15.403017 ], [ 100.064715, 15.403184 ], [ 100.064914, 15.403482 ], [ 100.064953, 15.403888 ], [ 100.065191, 15.404587 ], [ 100.065771, 15.405923 ], [ 100.065639, 15.406719 ], [ 100.065126, 15.407547 ], [ 100.064634, 15.407896 ], [ 100.064265, 15.408029 ], [ 100.063957, 15.408072 ], [ 100.06371, 15.408008 ], [ 100.062796, 15.407588 ], [ 100.062537, 15.407571 ], [ 100.062082, 15.407854 ], [ 100.06128, 15.408815 ], [ 100.061022, 15.409007 ], [ 100.060665, 15.409075 ], [ 100.05932, 15.408932 ], [ 100.058181, 15.409015 ], [ 100.057854, 15.40913 ], [ 100.057677, 15.40934 ], [ 100.05766, 15.409687 ], [ 100.057337, 15.410454 ], [ 100.057013, 15.410958 ], [ 100.056639, 15.411366 ], [ 100.055834, 15.412936 ], [ 100.055111, 15.413813 ], [ 100.054367, 15.414313 ], [ 100.054001, 15.414996 ], [ 100.053908, 15.416145 ], [ 100.053888, 15.418219 ], [ 100.053573, 15.419285 ], [ 100.053261, 15.421027 ], [ 100.053325, 15.4216 ], [ 100.053488, 15.422072 ], [ 100.053979, 15.422943 ], [ 100.054544, 15.42364 ], [ 100.055226, 15.425615 ], [ 100.055643, 15.426481 ], [ 100.055775, 15.427 ], [ 100.056464, 15.4279 ], [ 100.056837, 15.428556 ], [ 100.057432, 15.429187 ], [ 100.057594, 15.429533 ], [ 100.057412, 15.430054 ], [ 100.056989, 15.43054 ], [ 100.056941, 15.430923 ], [ 100.056999, 15.431305 ], [ 100.057334, 15.431686 ], [ 100.057878, 15.432049 ], [ 100.058746, 15.432989 ], [ 100.059147, 15.433125 ], [ 100.060035, 15.433186 ], [ 100.06032, 15.433484 ], [ 100.06031, 15.433825 ], [ 100.060073, 15.434615 ], [ 100.06013, 15.434902 ], [ 100.060515, 15.435384 ], [ 100.061746, 15.436228 ], [ 100.062037, 15.436531 ], [ 100.063062, 15.439277 ], [ 100.063313, 15.440184 ], [ 100.063531, 15.440518 ], [ 100.063827, 15.440666 ], [ 100.064032, 15.44094 ], [ 100.064249, 15.44235 ], [ 100.064196, 15.442793 ], [ 100.064068, 15.443057 ], [ 100.064114, 15.443654 ], [ 100.06471, 15.444584 ], [ 100.065163, 15.445066 ], [ 100.06534, 15.445921 ], [ 100.065621, 15.446685 ], [ 100.066031, 15.447245 ], [ 100.065927, 15.448722 ], [ 100.065586, 15.449435 ], [ 100.065084, 15.450203 ], [ 100.065049, 15.450526 ], [ 100.065253, 15.450669 ], [ 100.065548, 15.45056 ], [ 100.065665, 15.450392 ], [ 100.06604, 15.450228 ], [ 100.066336, 15.450263 ], [ 100.066442, 15.450412 ], [ 100.066449, 15.450699 ], [ 100.066352, 15.450909 ], [ 100.065916, 15.451389 ], [ 100.065831, 15.451575 ], [ 100.06582, 15.451886 ], [ 100.066193, 15.452506 ], [ 100.066158, 15.452799 ], [ 100.065944, 15.453147 ], [ 100.065619, 15.453459 ], [ 100.065522, 15.453753 ], [ 100.065532, 15.454578 ], [ 100.065289, 15.455249 ], [ 100.065352, 15.455577 ], [ 100.065445, 15.455738 ], [ 100.065575, 15.455732 ], [ 100.065827, 15.455569 ], [ 100.066185, 15.455609 ], [ 100.06733, 15.456614 ], [ 100.067424, 15.456895 ], [ 100.06737, 15.457104 ], [ 100.067234, 15.457165 ], [ 100.066617, 15.45703 ], [ 100.066563, 15.45718 ], [ 100.06662, 15.457478 ], [ 100.06675, 15.457711 ], [ 100.066992, 15.457967 ], [ 100.067431, 15.458246 ], [ 100.067475, 15.458389 ], [ 100.067383, 15.458509 ], [ 100.066729, 15.458363 ], [ 100.066378, 15.458442 ], [ 100.066405, 15.458861 ], [ 100.066579, 15.459105 ], [ 100.066953, 15.459395 ], [ 100.066997, 15.459679 ], [ 100.06667, 15.460028 ], [ 100.066106, 15.460143 ] ] } },
{ "type": "Feature", "properties": { "STREAM_ID": "10_13391", "STREAM_NAM": "แม่น้ำเจ้าพระยา", "LOCAL_NAME": null, "Hy_use_des": "แม่น้ำ/ทางน้ำ ตลอดปี กว้าง 25 เมตร หรื", "STRCLAS_DE": "ลำน้ำหลัก", "SHAPE_Leng": 379.55 }, "geometry": { "type": "LineString", "coordinates": [ [ 100.587756, 13.546045 ], [ 100.584565, 13.548504 ], [ 100.583089, 13.549773 ], [ 100.579231, 13.554199 ], [ 100.578278, 13.555487 ], [ 100.577415, 13.557052 ], [ 100.576899, 13.558294 ], [ 100.576176, 13.561183 ], [ 100.575973, 13.563449 ], [ 100.576105, 13.567016 ], [ 100.576493, 13.569535 ], [ 100.576806, 13.570665 ], [ 100.577317, 13.571922 ], [ 100.577586, 13.572967 ], [ 100.578522, 13.574875 ], [ 100.582965, 13.581161 ], [ 100.586217, 13.585014 ], [ 100.589612, 13.58815 ], [ 100.591692, 13.592011 ], [ 100.592647, 13.595628 ], [ 100.592991, 13.597736 ], [ 100.593112, 13.599242 ], [ 100.59315, 13.601696 ], [ 100.593005, 13.603031 ], [ 100.592617, 13.604218 ], [ 100.590943, 13.607285 ], [ 100.589148, 13.608868 ], [ 100.587986, 13.609543 ], [ 100.586274, 13.6102 ], [ 100.584933, 13.610466 ], [ 100.583504, 13.610648 ], [ 100.580599, 13.610623 ], [ 100.575098, 13.610809 ], [ 100.572084, 13.611 ], [ 100.566124, 13.611662 ], [ 100.563618, 13.612087 ], [ 100.56006, 13.61325 ], [ 100.55747, 13.614342 ], [ 100.552912, 13.61732 ], [ 100.549738, 13.620031 ], [ 100.547241, 13.621876 ], [ 100.545054, 13.624021 ], [ 100.542344, 13.626922 ], [ 100.541143, 13.628437 ], [ 100.540206, 13.629863 ], [ 100.538116, 13.633557 ], [ 100.53677, 13.636407 ], [ 100.535818, 13.638996 ], [ 100.535023, 13.64195 ], [ 100.534469, 13.644795 ], [ 100.534184, 13.648327 ], [ 100.53417, 13.649576 ], [ 100.534275, 13.652202 ], [ 100.534548, 13.653578 ], [ 100.535491, 13.656392 ], [ 100.536807, 13.659139 ], [ 100.537451, 13.660018 ], [ 100.538092, 13.660358 ], [ 100.538952, 13.660654 ], [ 100.539878, 13.660821 ], [ 100.542014, 13.660937 ], [ 100.54307, 13.660779 ], [ 100.544059, 13.660515 ], [ 100.545223, 13.660142 ], [ 100.553453, 13.656345 ], [ 100.55532, 13.655752 ], [ 100.556662, 13.655593 ], [ 100.559898, 13.65568 ], [ 100.561198, 13.655866 ], [ 100.562653, 13.656201 ], [ 100.563756, 13.656538 ], [ 100.56718, 13.65826 ], [ 100.569014, 13.65939 ], [ 100.570607, 13.660585 ], [ 100.57373, 13.663514 ], [ 100.576545, 13.66636 ], [ 100.581425, 13.671861 ], [ 100.583736, 13.675118 ], [ 100.586156, 13.678224 ], [ 100.587024, 13.679596 ], [ 100.588539, 13.682299 ], [ 100.589038, 13.684491 ], [ 100.589203, 13.686083 ], [ 100.589127, 13.687913 ], [ 100.588872, 13.689185 ], [ 100.588264, 13.690545 ], [ 100.586456, 13.693441 ], [ 100.583943, 13.696234 ], [ 100.5816, 13.698122 ], [ 100.579978, 13.699209 ], [ 100.577543, 13.700451 ], [ 100.575874, 13.701129 ], [ 100.57247, 13.702507 ], [ 100.565025, 13.705266 ], [ 100.563619, 13.705727 ], [ 100.561201, 13.706302 ], [ 100.559902, 13.706418 ], [ 100.557743, 13.706217 ], [ 100.555759, 13.705777 ], [ 100.553904, 13.704928 ], [ 100.552553, 13.703752 ], [ 100.55193, 13.702766 ], [ 100.551616, 13.701885 ], [ 100.551478, 13.700982 ], [ 100.551464, 13.698872 ], [ 100.552367, 13.692107 ], [ 100.552507, 13.689954 ], [ 100.552405, 13.684594 ], [ 100.55224, 13.682959 ], [ 100.552012, 13.681626 ], [ 100.550773, 13.677436 ], [ 100.550258, 13.676062 ], [ 100.549657, 13.674989 ], [ 100.548968, 13.674003 ], [ 100.547747, 13.672525 ], [ 100.546994, 13.671777 ], [ 100.544541, 13.670414 ], [ 100.541893, 13.669354 ], [ 100.540966, 13.66908 ], [ 100.539359, 13.669047 ], [ 100.538259, 13.669076 ], [ 100.536346, 13.669453 ], [ 100.534852, 13.669872 ], [ 100.5336, 13.67031 ], [ 100.532831, 13.670681 ], [ 100.530332, 13.672311 ], [ 100.528953, 13.67346 ], [ 100.524352, 13.67689 ], [ 100.521769, 13.679187 ], [ 100.519206, 13.681162 ], [ 100.516925, 13.682532 ], [ 100.514423, 13.683775 ], [ 100.512908, 13.684408 ], [ 100.510467, 13.68499 ], [ 100.505695, 13.685679 ], [ 100.50213, 13.686045 ], [ 100.500372, 13.686443 ], [ 100.495848, 13.688322 ], [ 100.494071, 13.689366 ], [ 100.492888, 13.690277 ], [ 100.491904, 13.691231 ], [ 100.490552, 13.693327 ], [ 100.490139, 13.694255 ], [ 100.489989, 13.694837 ], [ 100.489949, 13.695548 ], [ 100.490046, 13.69699 ], [ 100.490183, 13.697742 ], [ 100.49043, 13.698537 ], [ 100.49081, 13.699396 ], [ 100.492097, 13.701003 ], [ 100.493447, 13.702114 ], [ 100.494266, 13.702669 ], [ 100.497956, 13.704799 ], [ 100.502087, 13.707013 ], [ 100.505452, 13.709748 ], [ 100.509464, 13.713986 ], [ 100.510688, 13.716045 ], [ 100.511223, 13.717097 ], [ 100.511975, 13.719309 ], [ 100.51219, 13.720255 ], [ 100.512512, 13.722363 ], [ 100.512614, 13.72445 ], [ 100.512563, 13.72684 ], [ 100.512526, 13.727917 ], [ 100.512399, 13.7288 ], [ 100.511884, 13.730805 ], [ 100.511472, 13.731884 ], [ 100.510604, 13.733891 ], [ 100.510168, 13.734497 ], [ 100.508941, 13.735538 ], [ 100.507933, 13.736211 ], [ 100.506923, 13.736777 ], [ 100.504704, 13.737565 ], [ 100.49991, 13.738606 ], [ 100.496854, 13.739422 ], [ 100.495316, 13.739926 ], [ 100.494262, 13.740449 ], [ 100.49332, 13.741079 ], [ 100.492465, 13.741752 ], [ 100.491546, 13.742661 ], [ 100.489166, 13.745862 ], [ 100.48821, 13.74802 ], [ 100.488017, 13.748732 ], [ 100.487473, 13.751471 ], [ 100.487488, 13.753826 ], [ 100.487786, 13.75618 ], [ 100.488108, 13.757785 ], [ 100.488884, 13.759388 ], [ 100.489542, 13.760437 ], [ 100.490571, 13.761788 ], [ 100.493593, 13.76443 ], [ 100.494678, 13.765671 ], [ 100.495736, 13.766994 ], [ 100.497827, 13.770362 ], [ 100.500298, 13.775474 ], [ 100.503036, 13.782496 ], [ 100.503695, 13.783628 ], [ 100.505241, 13.785918 ], [ 100.506612, 13.787545 ], [ 100.510607, 13.791538 ], [ 100.511493, 13.792531 ], [ 100.514121, 13.795673 ], [ 100.514981, 13.797109 ], [ 100.516275, 13.799817 ], [ 100.516852, 13.80142 ], [ 100.517433, 13.803523 ], [ 100.517677, 13.806237 ], [ 100.517604, 13.808011 ], [ 100.516911, 13.810481 ], [ 100.516436, 13.811593 ], [ 100.514917, 13.813459 ], [ 100.513533, 13.814299 ], [ 100.510958, 13.815173 ], [ 100.50609, 13.816617 ], [ 100.505326, 13.816898 ], [ 100.503998, 13.817627 ], [ 100.502954, 13.818492 ], [ 100.502167, 13.819423 ], [ 100.501549, 13.820385 ], [ 100.499429, 13.825968 ], [ 100.498674, 13.827635 ], [ 100.497299, 13.829861 ], [ 100.494879, 13.832757 ], [ 100.493557, 13.834483 ], [ 100.492405, 13.836125 ], [ 100.491506, 13.837572 ], [ 100.490947, 13.83885 ], [ 100.490446, 13.840266 ], [ 100.48982, 13.844371 ], [ 100.489544, 13.84562 ], [ 100.488565, 13.847704 ], [ 100.487946, 13.848539 ], [ 100.487213, 13.849181 ], [ 100.486309, 13.849741 ], [ 100.482888, 13.851452 ], [ 100.48108, 13.852571 ], [ 100.479447, 13.854465 ], [ 100.478914, 13.8553 ], [ 100.478136, 13.85791 ], [ 100.47718, 13.863624 ], [ 100.47661, 13.867728 ], [ 100.476288, 13.87064 ], [ 100.47624, 13.872053 ], [ 100.47642, 13.873549 ], [ 100.476769, 13.874877 ], [ 100.477633, 13.876922 ], [ 100.478579, 13.878579 ], [ 100.481353, 13.882165 ], [ 100.484607, 13.885304 ], [ 100.486292, 13.887178 ], [ 100.487579, 13.888805 ], [ 100.489127, 13.891317 ], [ 100.489874, 13.892892 ], [ 100.490251, 13.894109 ], [ 100.490485, 13.895216 ], [ 100.490438, 13.896713 ], [ 100.490084, 13.897571 ], [ 100.489625, 13.898297 ], [ 100.488526, 13.89944 ], [ 100.487791, 13.899805 ], [ 100.486941, 13.900032 ], [ 100.483427, 13.90058 ], [ 100.47943, 13.900881 ], [ 100.476936, 13.901312 ], [ 100.474332, 13.902131 ], [ 100.47337, 13.90258 ], [ 100.472551, 13.903112 ], [ 100.471337, 13.904089 ], [ 100.470237, 13.905121 ], [ 100.469139, 13.906375 ], [ 100.468267, 13.907516 ], [ 100.467649, 13.908517 ], [ 100.467145, 13.909573 ], [ 100.466589, 13.911461 ], [ 100.466426, 13.91257 ], [ 100.466466, 13.914399 ], [ 100.467074, 13.91628 ], [ 100.467673, 13.916914 ], [ 100.468586, 13.917601 ], [ 100.469809, 13.918203 ], [ 100.470776, 13.918474 ], [ 100.47194, 13.918661 ], [ 100.474039, 13.918649 ], [ 100.475143, 13.918282 ], [ 100.482557, 13.915355 ], [ 100.486268, 13.914556 ], [ 100.490239, 13.914477 ], [ 100.491716, 13.914745 ], [ 100.492967, 13.915208 ], [ 100.494135, 13.915866 ], [ 100.495161, 13.916663 ], [ 100.495989, 13.91749 ], [ 100.496961, 13.91862 ], [ 100.497763, 13.919779 ], [ 100.498916, 13.922626 ], [ 100.499475, 13.925301 ], [ 100.500108, 13.931541 ], [ 100.500344, 13.932953 ], [ 100.50078, 13.934558 ], [ 100.501414, 13.936022 ], [ 100.502618, 13.938038 ], [ 100.50385, 13.939859 ], [ 100.504479, 13.940603 ], [ 100.505193, 13.941264 ], [ 100.506532, 13.942226 ], [ 100.508411, 13.943156 ], [ 100.510457, 13.943698 ], [ 100.512247, 13.944047 ], [ 100.51429, 13.944145 ], [ 100.516758, 13.944019 ], [ 100.522655, 13.943483 ], [ 100.52467, 13.94347 ], [ 100.527168, 13.943676 ], [ 100.528503, 13.943973 ], [ 100.529811, 13.94438 ], [ 100.531148, 13.944926 ], [ 100.532827, 13.945775 ], [ 100.534566, 13.947038 ], [ 100.535823, 13.948305 ], [ 100.537512, 13.950511 ], [ 100.53823, 13.951837 ], [ 100.538693, 13.953164 ], [ 100.5389, 13.954465 ], [ 100.538886, 13.956626 ], [ 100.538581, 13.957737 ], [ 100.537634, 13.960431 ], [ 100.536483, 13.962322 ], [ 100.534743, 13.965104 ], [ 100.530637, 13.9707 ], [ 100.528782, 13.973344 ], [ 100.527886, 13.975123 ], [ 100.527075, 13.976985 ], [ 100.526519, 13.978762 ], [ 100.526312, 13.981755 ], [ 100.526435, 13.983196 ], [ 100.526727, 13.984524 ], [ 100.528056, 13.988062 ], [ 100.528804, 13.989526 ], [ 100.530233, 13.991208 ], [ 100.531813, 13.992456 ], [ 100.535565, 13.994942 ], [ 100.536578, 13.995733 ], [ 100.537792, 13.996951 ], [ 100.538449, 13.997667 ], [ 100.539424, 13.999158 ], [ 100.540049, 14.001003 ], [ 100.540151, 14.00174 ], [ 100.539626, 14.004333 ], [ 100.53879, 14.006834 ], [ 100.537456, 14.009962 ], [ 100.537251, 14.011136 ], [ 100.537108, 14.012933 ], [ 100.537218, 14.014974 ], [ 100.537149, 14.016185 ], [ 100.536981, 14.017131 ], [ 100.536411, 14.01878 ], [ 100.536075, 14.020748 ], [ 100.536284, 14.022978 ], [ 100.5365, 14.023525 ], [ 100.536833, 14.024033 ], [ 100.538159, 14.025405 ], [ 100.540925, 14.027864 ], [ 100.544321, 14.031718 ], [ 100.545709, 14.033713 ], [ 100.54723, 14.035311 ], [ 100.54799, 14.036043 ], [ 100.549935, 14.037222 ], [ 100.551238, 14.038102 ], [ 100.552854, 14.039358 ], [ 100.553772, 14.040487 ], [ 100.554498, 14.041786 ], [ 100.554774, 14.042674 ], [ 100.55502, 14.044638 ], [ 100.555046, 14.045678 ], [ 100.554938, 14.046832 ], [ 100.554565, 14.048971 ], [ 100.55355, 14.05066 ], [ 100.552876, 14.051194 ], [ 100.551622, 14.051939 ], [ 100.547724, 14.054101 ], [ 100.545392, 14.055817 ], [ 100.540967, 14.060232 ], [ 100.538812, 14.06225 ], [ 100.537483, 14.063355 ], [ 100.530116, 14.068128 ], [ 100.528612, 14.069196 ], [ 100.527149, 14.070529 ], [ 100.526341, 14.071404 ], [ 100.525516, 14.072581 ], [ 100.524808, 14.073909 ], [ 100.524125, 14.076031 ], [ 100.523899, 14.076959 ], [ 100.523731, 14.077943 ], [ 100.523737, 14.07887 ], [ 100.52384, 14.079795 ], [ 100.524494, 14.082022 ], [ 100.525747, 14.083962 ], [ 100.526431, 14.084922 ], [ 100.527192, 14.085787 ], [ 100.52803, 14.086462 ], [ 100.529197, 14.087268 ], [ 100.531939, 14.088838 ], [ 100.536175, 14.090854 ], [ 100.538316, 14.091988 ], [ 100.541251, 14.093846 ], [ 100.542224, 14.094539 ], [ 100.544544, 14.096718 ], [ 100.545617, 14.097883 ], [ 100.546017, 14.09848 ], [ 100.548692, 14.10293 ], [ 100.549282, 14.104174 ], [ 100.549579, 14.105212 ], [ 100.549703, 14.106289 ], [ 100.549662, 14.108804 ], [ 100.549173, 14.110943 ], [ 100.548715, 14.111986 ], [ 100.548235, 14.112651 ], [ 100.54708, 14.113812 ], [ 100.545286, 14.114958 ], [ 100.541674, 14.116493 ], [ 100.531101, 14.119964 ], [ 100.529787, 14.120502 ], [ 100.527183, 14.122258 ], [ 100.525701, 14.123761 ], [ 100.525241, 14.124444 ], [ 100.522234, 14.129682 ], [ 100.519223, 14.134238 ], [ 100.517365, 14.136697 ], [ 100.516493, 14.138233 ], [ 100.515094, 14.141733 ], [ 100.51471, 14.142884 ], [ 100.514473, 14.144129 ], [ 100.514721, 14.147354 ], [ 100.514708, 14.148555 ], [ 100.514396, 14.15004 ], [ 100.513399, 14.153049 ], [ 100.512273, 14.155628 ], [ 100.506185, 14.166783 ], [ 100.505747, 14.167845 ], [ 100.504895, 14.170932 ], [ 100.504222, 14.174604 ], [ 100.503778, 14.177802 ], [ 100.503443, 14.185877 ], [ 100.503727, 14.190659 ], [ 100.504465, 14.193944 ], [ 100.50563, 14.19717 ], [ 100.50675, 14.199469 ], [ 100.507433, 14.200259 ], [ 100.508271, 14.200934 ], [ 100.509632, 14.20155 ], [ 100.510777, 14.201845 ], [ 100.51231, 14.202062 ], [ 100.513725, 14.202205 ], [ 100.515528, 14.202193 ], [ 100.516554, 14.202111 ], [ 100.518122, 14.201742 ], [ 100.519475, 14.201242 ], [ 100.528364, 14.197442 ], [ 100.537931, 14.193542 ], [ 100.540542, 14.192883 ], [ 100.542982, 14.192546 ], [ 100.545714, 14.192452 ], [ 100.546916, 14.192558 ], [ 100.548064, 14.19281 ], [ 100.55243, 14.194054 ], [ 100.5561, 14.19524 ], [ 100.558218, 14.19602 ], [ 100.559191, 14.1966 ], [ 100.560967, 14.198441 ], [ 100.563253, 14.201187 ], [ 100.567074, 14.207212 ], [ 100.568033, 14.208604 ], [ 100.569586, 14.211865 ], [ 100.57295, 14.224605 ], [ 100.573714, 14.228608 ], [ 100.574333, 14.231307 ], [ 100.575704, 14.236138 ], [ 100.576494, 14.238156 ], [ 100.578792, 14.24264 ], [ 100.579623, 14.24496 ], [ 100.580344, 14.248377 ], [ 100.58125, 14.253211 ], [ 100.58267, 14.259602 ], [ 100.581583, 14.262172 ], [ 100.580944, 14.263172 ], [ 100.580104, 14.264211 ], [ 100.579523, 14.265098 ], [ 100.578809, 14.266427 ], [ 100.577631, 14.268699 ], [ 100.576815, 14.270508 ], [ 100.576541, 14.271299 ], [ 100.576478, 14.271901 ], [ 100.576615, 14.274934 ], [ 100.576568, 14.27655 ], [ 100.576749, 14.277564 ], [ 100.577199, 14.279159 ], [ 100.571098, 14.283177 ], [ 100.568302, 14.284835 ], [ 100.566462, 14.286191 ], [ 100.564793, 14.288023 ], [ 100.56441, 14.288632 ], [ 100.5639, 14.290259 ], [ 100.563738, 14.291145 ], [ 100.563709, 14.292533 ], [ 100.563896, 14.294424 ], [ 100.564781, 14.298452 ], [ 100.565809, 14.303659 ], [ 100.567126, 14.311702 ], [ 100.56761, 14.313535 ], [ 100.568123, 14.314811 ], [ 100.56984, 14.317423 ], [ 100.5718, 14.321165 ], [ 100.574567, 14.327345 ], [ 100.57551, 14.329832 ], [ 100.576047, 14.332075 ], [ 100.576595, 14.335924 ], [ 100.576693, 14.337875 ], [ 100.57653, 14.341074 ], [ 100.576128, 14.343733 ], [ 100.576057, 14.345603 ], [ 100.575942, 14.34598 ], [ 100.575658, 14.346327 ], [ 100.574755, 14.347054 ], [ 100.572844, 14.347887 ], [ 100.571464, 14.347847 ], [ 100.570824, 14.347687 ], [ 100.569778, 14.347235 ], [ 100.567651, 14.346085 ], [ 100.566435, 14.345355 ], [ 100.563899, 14.343469 ], [ 100.562413, 14.342626 ], [ 100.559274, 14.341024 ], [ 100.556762, 14.340171 ], [ 100.554353, 14.33958 ], [ 100.552939, 14.33954 ], [ 100.550636, 14.339637 ], [ 100.54845, 14.339635 ], [ 100.547357, 14.339724 ], [ 100.546584, 14.339877 ], [ 100.545896, 14.340111 ], [ 100.544676, 14.341152 ], [ 100.544142, 14.341828 ], [ 100.543793, 14.34247 ], [ 100.543428, 14.343226 ], [ 100.543032, 14.344344 ], [ 100.543039, 14.345246 ], [ 100.543146, 14.346229 ], [ 100.543472, 14.347063 ], [ 100.545955, 14.351163 ], [ 100.546859, 14.352977 ], [ 100.547646, 14.354874 ], [ 100.547617, 14.355514 ], [ 100.547451, 14.355892 ], [ 100.546967, 14.356453 ], [ 100.544157, 14.35875 ], [ 100.542015, 14.360289 ], [ 100.540993, 14.360952 ], [ 100.539736, 14.361583 ], [ 100.538494, 14.36205 ], [ 100.537187, 14.362731 ], [ 100.535914, 14.363461 ], [ 100.534826, 14.364239 ], [ 100.532903, 14.365924 ], [ 100.531133, 14.367936 ], [ 100.530648, 14.368283 ], [ 100.530179, 14.368598 ], [ 100.526908, 14.369865 ], [ 100.526288, 14.370214 ], [ 100.52552, 14.371055 ], [ 100.525354, 14.371417 ], [ 100.525229, 14.375336 ], [ 100.525001, 14.376437 ], [ 100.524138, 14.378115 ], [ 100.521506, 14.382051 ], [ 100.521043, 14.383234 ], [ 100.52057, 14.38532 ], [ 100.520222, 14.386224 ], [ 100.519456, 14.387279 ], [ 100.51862, 14.388087 ], [ 100.517733, 14.388782 ], [ 100.517584, 14.389078 ], [ 100.517553, 14.389521 ], [ 100.517623, 14.389963 ], [ 100.517844, 14.39029 ], [ 100.517913, 14.390535 ], [ 100.517901, 14.391191 ], [ 100.517651, 14.391586 ], [ 100.517099, 14.392016 ], [ 100.515002, 14.39285 ], [ 100.514029, 14.393315 ], [ 100.512621, 14.394095 ], [ 100.512136, 14.394459 ], [ 100.511501, 14.395184 ], [ 100.509753, 14.397819 ], [ 100.509318, 14.398215 ], [ 100.507727, 14.399291 ], [ 100.507028, 14.400395 ], [ 100.506813, 14.401003 ], [ 100.506751, 14.401725 ], [ 100.50657, 14.4023 ], [ 100.506235, 14.402581 ], [ 100.505379, 14.402865 ], [ 100.505094, 14.403047 ], [ 100.504359, 14.403888 ], [ 100.503173, 14.40506 ], [ 100.502756, 14.405587 ], [ 100.502423, 14.40613 ], [ 100.501728, 14.407873 ], [ 100.501464, 14.408727 ], [ 100.50037, 14.411046 ], [ 100.499886, 14.411771 ], [ 100.498952, 14.412908 ], [ 100.498386, 14.413896 ], [ 100.497853, 14.414621 ], [ 100.49705, 14.415249 ], [ 100.496933, 14.415479 ], [ 100.496885, 14.41584 ], [ 100.496858, 14.416775 ], [ 100.496709, 14.417153 ], [ 100.496459, 14.417516 ], [ 100.495722, 14.418062 ], [ 100.495302, 14.418163 ], [ 100.494163, 14.418875 ], [ 100.493695, 14.41937 ], [ 100.492127, 14.421348 ], [ 100.491589, 14.421482 ], [ 100.490781, 14.421422 ], [ 100.490344, 14.421474 ], [ 100.490042, 14.421623 ], [ 100.488942, 14.423204 ], [ 100.488191, 14.424062 ], [ 100.487307, 14.425232 ], [ 100.486603, 14.42558 ], [ 100.48519, 14.42577 ], [ 100.484586, 14.426019 ], [ 100.484101, 14.426383 ], [ 100.483283, 14.427339 ], [ 100.482884, 14.428162 ], [ 100.482351, 14.429001 ], [ 100.481917, 14.429463 ], [ 100.481364, 14.429762 ], [ 100.480709, 14.429963 ], [ 100.479464, 14.430004 ], [ 100.47847, 14.429829 ], [ 100.47724, 14.429509 ], [ 100.476396, 14.429137 ], [ 100.475974, 14.428861 ], [ 100.474567, 14.427328 ], [ 100.474009, 14.426988 ], [ 100.473368, 14.426729 ], [ 100.471852, 14.42646 ], [ 100.470709, 14.426565 ], [ 100.469113, 14.427051 ], [ 100.467773, 14.427863 ], [ 100.467271, 14.428259 ], [ 100.466954, 14.428721 ], [ 100.466658, 14.429723 ], [ 100.466561, 14.430461 ], [ 100.466638, 14.431904 ], [ 100.466999, 14.433082 ], [ 100.467649, 14.434587 ], [ 100.469791, 14.437919 ], [ 100.469945, 14.438426 ], [ 100.469965, 14.438918 ], [ 100.469921, 14.439853 ], [ 100.469806, 14.440214 ], [ 100.469389, 14.440857 ], [ 100.468988, 14.441302 ], [ 100.46795, 14.442112 ], [ 100.466524, 14.442793 ], [ 100.463738, 14.443909 ], [ 100.462581, 14.444457 ], [ 100.461827, 14.444987 ], [ 100.461024, 14.445713 ], [ 100.460607, 14.446191 ], [ 100.459846, 14.448262 ], [ 100.459436, 14.449888 ], [ 100.459209, 14.451169 ], [ 100.459069, 14.458057 ], [ 100.45877, 14.461256 ], [ 100.458333, 14.463916 ], [ 100.458269, 14.466999 ], [ 100.458146, 14.468853 ], [ 100.457394, 14.472235 ], [ 100.456765, 14.473846 ], [ 100.455968, 14.475475 ], [ 100.453537, 14.479556 ], [ 100.452436, 14.481006 ], [ 100.450128, 14.483251 ], [ 100.448152, 14.484722 ], [ 100.447351, 14.485793 ], [ 100.447003, 14.486632 ], [ 100.446841, 14.487649 ], [ 100.446864, 14.488551 ], [ 100.446987, 14.489354 ], [ 100.447604, 14.491105 ], [ 100.448168, 14.492397 ], [ 100.448695, 14.493263 ], [ 100.449159, 14.494719 ], [ 100.449629, 14.497127 ], [ 100.449731, 14.499914 ], [ 100.449871, 14.500724 ], [ 100.450196, 14.501231 ], [ 100.45064, 14.501678 ], [ 100.451306, 14.502085 ], [ 100.452091, 14.502354 ], [ 100.453738, 14.502403 ], [ 100.456007, 14.502311 ], [ 100.45657, 14.502405 ], [ 100.457216, 14.502792 ], [ 100.457721, 14.503259 ], [ 100.458369, 14.504057 ], [ 100.458654, 14.504642 ], [ 100.458821, 14.505698 ], [ 100.458847, 14.506539 ], [ 100.458853, 14.5074 ], [ 100.458291, 14.510632 ], [ 100.45836, 14.511962 ], [ 100.458485, 14.512627 ], [ 100.459014, 14.51368 ], [ 100.459904, 14.514536 ], [ 100.460529, 14.515021 ], [ 100.461823, 14.516324 ], [ 100.463084, 14.518586 ], [ 100.463574, 14.519816 ], [ 100.463729, 14.521987 ], [ 100.463598, 14.523514 ], [ 100.463142, 14.524378 ], [ 100.462645, 14.525124 ], [ 100.461926, 14.525814 ], [ 100.461366, 14.526228 ], [ 100.460305, 14.526665 ], [ 100.458801, 14.527183 ], [ 100.457358, 14.527584 ], [ 100.456334, 14.527668 ], [ 100.455349, 14.527616 ], [ 100.45368, 14.527352 ], [ 100.453058, 14.527356 ], [ 100.452336, 14.527556 ], [ 100.451637, 14.528265 ], [ 100.451061, 14.529267 ], [ 100.450826, 14.530129 ], [ 100.45083, 14.530794 ], [ 100.450875, 14.531498 ], [ 100.451186, 14.533023 ], [ 100.4517, 14.5348 ], [ 100.451692, 14.536679 ], [ 100.451557, 14.537541 ], [ 100.450711, 14.540207 ], [ 100.450276, 14.541306 ], [ 100.44972, 14.542287 ], [ 100.447429, 14.545237 ], [ 100.446832, 14.54618 ], [ 100.446539, 14.547395 ], [ 100.446427, 14.548707 ], [ 100.446718, 14.550231 ], [ 100.447393, 14.552008 ], [ 100.447403, 14.553514 ], [ 100.447166, 14.55422 ], [ 100.444902, 14.558206 ], [ 100.444526, 14.559148 ], [ 100.444552, 14.55995 ], [ 100.444656, 14.560556 ], [ 100.445327, 14.561863 ], [ 100.446707, 14.563968 ], [ 100.451277, 14.568381 ], [ 100.451622, 14.568927 ], [ 100.451766, 14.569513 ], [ 100.451735, 14.570824 ], [ 100.451578, 14.571452 ], [ 100.450943, 14.57263 ], [ 100.449212, 14.575321 ], [ 100.448537, 14.576519 ], [ 100.448081, 14.577481 ], [ 100.447331, 14.579481 ], [ 100.447142, 14.581243 ], [ 100.447145, 14.58183 ], [ 100.447311, 14.582651 ], [ 100.447864, 14.584135 ], [ 100.448797, 14.585479 ], [ 100.449565, 14.586257 ], [ 100.451128, 14.588635 ], [ 100.451635, 14.589297 ], [ 100.452181, 14.5899 ], [ 100.452625, 14.59025 ], [ 100.453654, 14.590752 ], [ 100.455204, 14.591271 ], [ 100.456953, 14.591338 ], [ 100.457373, 14.591159 ], [ 100.457753, 14.590805 ], [ 100.459168, 14.589094 ], [ 100.459568, 14.588798 ], [ 100.459929, 14.588639 ], [ 100.460793, 14.588653 ], [ 100.461296, 14.588806 ], [ 100.461722, 14.58941 ], [ 100.462027, 14.589995 ], [ 100.462155, 14.591071 ], [ 100.46204, 14.591913 ], [ 100.461744, 14.592776 ], [ 100.461149, 14.593973 ], [ 100.460022, 14.59668 ], [ 100.459887, 14.597503 ], [ 100.459915, 14.598814 ], [ 100.460242, 14.599614 ], [ 100.460871, 14.600471 ], [ 100.461419, 14.601388 ], [ 100.463161, 14.60349 ], [ 100.46365, 14.604426 ], [ 100.463835, 14.605071 ], [ 100.463839, 14.605756 ], [ 100.463684, 14.606539 ], [ 100.463449, 14.607421 ], [ 100.462853, 14.608599 ], [ 100.461581, 14.610681 ], [ 100.460983, 14.61137 ], [ 100.459303, 14.612554 ], [ 100.458725, 14.61336 ], [ 100.454613, 14.620567 ], [ 100.454337, 14.621313 ], [ 100.4543, 14.621861 ], [ 100.454447, 14.62274 ], [ 100.454693, 14.623502 ], [ 100.455323, 14.624594 ], [ 100.455728, 14.62508 ], [ 100.456456, 14.625722 ], [ 100.458715, 14.627038 ], [ 100.459809, 14.628323 ], [ 100.460237, 14.629181 ], [ 100.460483, 14.63006 ], [ 100.460759, 14.63225 ], [ 100.461005, 14.635927 ], [ 100.460858, 14.641035 ], [ 100.460449, 14.643053 ], [ 100.45992, 14.645072 ], [ 100.459426, 14.646366 ], [ 100.459151, 14.647347 ], [ 100.459019, 14.648658 ], [ 100.45929, 14.650105 ], [ 100.459698, 14.651022 ], [ 100.461665, 14.653749 ], [ 100.462373, 14.654351 ], [ 100.46322, 14.654815 ], [ 100.464368, 14.65518 ], [ 100.46465, 14.655335 ], [ 100.465602, 14.656385 ], [ 100.465988, 14.657029 ], [ 100.466197, 14.65826 ], [ 100.465929, 14.660179 ], [ 100.465672, 14.660905 ], [ 100.465238, 14.662043 ], [ 100.463668, 14.664733 ], [ 100.462798, 14.66697 ], [ 100.462582, 14.667734 ], [ 100.462265, 14.671434 ], [ 100.4622, 14.673744 ], [ 100.462008, 14.675115 ], [ 100.461478, 14.677055 ], [ 100.460883, 14.678155 ], [ 100.460086, 14.679255 ], [ 100.459148, 14.680279 ], [ 100.458249, 14.681087 ], [ 100.457229, 14.681856 ], [ 100.454506, 14.683556 ], [ 100.453786, 14.684128 ], [ 100.453168, 14.684856 ], [ 100.452691, 14.685661 ], [ 100.451918, 14.687427 ], [ 100.451633, 14.689836 ], [ 100.451531, 14.692752 ], [ 100.45123, 14.695806 ], [ 100.45028, 14.698024 ], [ 100.449826, 14.699416 ], [ 100.44969, 14.700043 ], [ 100.449522, 14.702001 ], [ 100.449348, 14.703 ], [ 100.449153, 14.703979 ], [ 100.448797, 14.704842 ], [ 100.447962, 14.706315 ], [ 100.447284, 14.707063 ], [ 100.446524, 14.707674 ], [ 100.445623, 14.708247 ], [ 100.444724, 14.709075 ], [ 100.444025, 14.709823 ], [ 100.443327, 14.710747 ], [ 100.442871, 14.71163 ], [ 100.442198, 14.713239 ], [ 100.441164, 14.715065 ], [ 100.43967, 14.717129 ], [ 100.439012, 14.717916 ], [ 100.436216, 14.72079 ], [ 100.434163, 14.723562 ], [ 100.433705, 14.724249 ], [ 100.433469, 14.725034 ], [ 100.433392, 14.725621 ], [ 100.433441, 14.726854 ], [ 100.433711, 14.728202 ], [ 100.433936, 14.728749 ], [ 100.434301, 14.729333 ], [ 100.434686, 14.729801 ], [ 100.435152, 14.730209 ], [ 100.436626, 14.731295 ], [ 100.437396, 14.732112 ], [ 100.438166, 14.733125 ], [ 100.438492, 14.733671 ], [ 100.438921, 14.734725 ], [ 100.439553, 14.735993 ], [ 100.439901, 14.737008 ], [ 100.440419, 14.739294 ], [ 100.44138, 14.741813 ], [ 100.441828, 14.742612 ], [ 100.442761, 14.743839 ], [ 100.44357, 14.744578 ], [ 100.444783, 14.745588 ], [ 100.447511, 14.747606 ], [ 100.4482, 14.748462 ], [ 100.448388, 14.749537 ], [ 100.448276, 14.750559 ], [ 100.447931, 14.751159 ], [ 100.44726, 14.751941 ], [ 100.446281, 14.752646 ], [ 100.444972, 14.753192 ], [ 100.443459, 14.753701 ], [ 100.442519, 14.754245 ], [ 100.441991, 14.754986 ], [ 100.44192, 14.756543 ], [ 100.44213, 14.757419 ], [ 100.442486, 14.758434 ], [ 100.443273, 14.759726 ], [ 100.444244, 14.760937 ], [ 100.444946, 14.761591 ], [ 100.445382, 14.762446 ], [ 100.445454, 14.764121 ], [ 100.445217, 14.765359 ], [ 100.444855, 14.766518 ], [ 100.443518, 14.76892 ], [ 100.43994, 14.773391 ], [ 100.438153, 14.776015 ], [ 100.437285, 14.778135 ], [ 100.437127, 14.779014 ], [ 100.437172, 14.779672 ], [ 100.437383, 14.780528 ], [ 100.43782, 14.781503 ], [ 100.438439, 14.782177 ], [ 100.439408, 14.782929 ], [ 100.440334, 14.783522 ], [ 100.444097, 14.785174 ], [ 100.44673, 14.786454 ], [ 100.448439, 14.787521 ], [ 100.449964, 14.788848 ], [ 100.45232, 14.791546 ], [ 100.453149, 14.792977 ], [ 100.45334, 14.793913 ], [ 100.453471, 14.795149 ], [ 100.453541, 14.796365 ], [ 100.453322, 14.797364 ], [ 100.452673, 14.798465 ], [ 100.451919, 14.799068 ], [ 100.450467, 14.799716 ], [ 100.449321, 14.800042 ], [ 100.448461, 14.800227 ], [ 100.44717, 14.800315 ], [ 100.443915, 14.800974 ], [ 100.439198, 14.803956 ], [ 100.43871, 14.804537 ], [ 100.438245, 14.805498 ], [ 100.438067, 14.806536 ], [ 100.438053, 14.807613 ], [ 100.43827, 14.809427 ], [ 100.438583, 14.810223 ], [ 100.43904, 14.811098 ], [ 100.44103, 14.814337 ], [ 100.441487, 14.815292 ], [ 100.441719, 14.816208 ], [ 100.441691, 14.818123 ], [ 100.44147, 14.818902 ], [ 100.440923, 14.819843 ], [ 100.440496, 14.820404 ], [ 100.439577, 14.821029 ], [ 100.438637, 14.821433 ], [ 100.438188, 14.821715 ], [ 100.43674, 14.823001 ], [ 100.436192, 14.823802 ], [ 100.435951, 14.824562 ], [ 100.435895, 14.82544 ], [ 100.43594, 14.826058 ], [ 100.43615, 14.826735 ], [ 100.437458, 14.82924 ], [ 100.437792, 14.830136 ], [ 100.438319, 14.832307 ], [ 100.439258, 14.834715 ], [ 100.441686, 14.839128 ], [ 100.442345, 14.842575 ], [ 100.442435, 14.843811 ], [ 100.442359, 14.844789 ], [ 100.441956, 14.845749 ], [ 100.441325, 14.846531 ], [ 100.440508, 14.847035 ], [ 100.439567, 14.84736 ], [ 100.437249, 14.847314 ], [ 100.433351, 14.847019 ], [ 100.431607, 14.84697 ], [ 100.430439, 14.847077 ], [ 100.429149, 14.847365 ], [ 100.425076, 14.848567 ], [ 100.42213, 14.849623 ], [ 100.41841, 14.851541 ], [ 100.416348, 14.85295 ], [ 100.415472, 14.853833 ], [ 100.414515, 14.855035 ], [ 100.412255, 14.857543 ], [ 100.408996, 14.861014 ], [ 100.40853, 14.861755 ], [ 100.408249, 14.862834 ], [ 100.408091, 14.863653 ], [ 100.408016, 14.86483 ], [ 100.408208, 14.865906 ], [ 100.408512, 14.868577 ], [ 100.409295, 14.872203 ], [ 100.410169, 14.877344 ], [ 100.410221, 14.878979 ], [ 100.410144, 14.879798 ], [ 100.409744, 14.881436 ], [ 100.409381, 14.882356 ], [ 100.408458, 14.885513 ], [ 100.408115, 14.886373 ], [ 100.407079, 14.887915 ], [ 100.406529, 14.888457 ], [ 100.404902, 14.890602 ], [ 100.403516, 14.892007 ], [ 100.402804, 14.892889 ], [ 100.402298, 14.893949 ], [ 100.401735, 14.895708 ], [ 100.401619, 14.896846 ], [ 100.401688, 14.898002 ], [ 100.401857, 14.898759 ], [ 100.402192, 14.899874 ], [ 100.403189, 14.901723 ], [ 100.40344, 14.90252 ], [ 100.403451, 14.904175 ], [ 100.403375, 14.905093 ], [ 100.403092, 14.905813 ], [ 100.402463, 14.906854 ], [ 100.401445, 14.907918 ], [ 100.400259, 14.908623 ], [ 100.399318, 14.908928 ], [ 100.398272, 14.908954 ], [ 100.397491, 14.90882 ], [ 100.396545, 14.908446 ], [ 100.395722, 14.907993 ], [ 100.394217, 14.906945 ], [ 100.392279, 14.905301 ], [ 100.39098, 14.904351 ], [ 100.389581, 14.903721 ], [ 100.38841, 14.903489 ], [ 100.387569, 14.903494 ], [ 100.387016, 14.903597 ], [ 100.386465, 14.904039 ], [ 100.386141, 14.904719 ], [ 100.385981, 14.905299 ], [ 100.385971, 14.906915 ], [ 100.385719, 14.90931 ], [ 100.385416, 14.91005 ], [ 100.385051, 14.910651 ], [ 100.38354, 14.911697 ], [ 100.382087, 14.912304 ], [ 100.38045, 14.912893 ], [ 100.378914, 14.913281 ], [ 100.377276, 14.913889 ], [ 100.374619, 14.915381 ], [ 100.373803, 14.916045 ], [ 100.373294, 14.916686 ], [ 100.372949, 14.917386 ], [ 100.372728, 14.918106 ], [ 100.371548, 14.9228 ], [ 100.371185, 14.92386 ], [ 100.36841, 14.929482 ], [ 100.367583, 14.931721 ], [ 100.367044, 14.933978 ], [ 100.366772, 14.936434 ], [ 100.366805, 14.938448 ], [ 100.367208, 14.9405 ], [ 100.367523, 14.941676 ], [ 100.367804, 14.943948 ], [ 100.367809, 14.944666 ], [ 100.36732, 14.948459 ], [ 100.367081, 14.949598 ], [ 100.366452, 14.950778 ], [ 100.365762, 14.95188 ], [ 100.3646, 14.953083 ], [ 100.363333, 14.953949 ], [ 100.36274, 14.954212 ], [ 100.361734, 14.954158 ], [ 100.36087, 14.953884 ], [ 100.357558, 14.952387 ], [ 100.356201, 14.952016 ], [ 100.35462, 14.951906 ], [ 100.353164, 14.952014 ], [ 100.351669, 14.952482 ], [ 100.350811, 14.953006 ], [ 100.350261, 14.953707 ], [ 100.349937, 14.954387 ], [ 100.349659, 14.955805 ], [ 100.34956, 14.959596 ], [ 100.34972, 14.965619 ], [ 100.349164, 14.968495 ], [ 100.348412, 14.969736 ], [ 100.34538, 14.973684 ], [ 100.342325, 14.977532 ], [ 100.340285, 14.979779 ], [ 100.339026, 14.981461 ], [ 100.337746, 14.983544 ], [ 100.337361, 14.984384 ], [ 100.337104, 14.986001 ], [ 100.336778, 14.990328 ], [ 100.336784, 14.993412 ], [ 100.336469, 14.997377 ], [ 100.336398, 14.998051 ], [ 100.33598, 14.99968 ], [ 100.335645, 15.000514 ], [ 100.335222, 15.001288 ], [ 100.334573, 15.002087 ], [ 100.331648, 15.005395 ], [ 100.331134, 15.005802 ], [ 100.330682, 15.006049 ], [ 100.328841, 15.007504 ], [ 100.328292, 15.008216 ], [ 100.327746, 15.009516 ], [ 100.327766, 15.010752 ], [ 100.327998, 15.011546 ], [ 100.328278, 15.012132 ], [ 100.329382, 15.013483 ], [ 100.330104, 15.014237 ], [ 100.330854, 15.015444 ], [ 100.332009, 15.016906 ], [ 100.332597, 15.018468 ], [ 100.332753, 15.019177 ], [ 100.332858, 15.019923 ], [ 100.332703, 15.02138 ], [ 100.33228, 15.022189 ], [ 100.331756, 15.022902 ], [ 100.33048, 15.024096 ], [ 100.32825, 15.02592 ], [ 100.327612, 15.02656 ], [ 100.326651, 15.027912 ], [ 100.326081, 15.02931 ], [ 100.325847, 15.030143 ], [ 100.325751, 15.030988 ], [ 100.325714, 15.035111 ], [ 100.325347, 15.036936 ], [ 100.325101, 15.037794 ], [ 100.324741, 15.038665 ], [ 100.323507, 15.04074 ], [ 100.322385, 15.04241 ], [ 100.320348, 15.044991 ], [ 100.318809, 15.046468 ], [ 100.316943, 15.048021 ], [ 100.315926, 15.048614 ], [ 100.314081, 15.04942 ], [ 100.312196, 15.049981 ], [ 100.309807, 15.050558 ], [ 100.306599, 15.051017 ], [ 100.305921, 15.051265 ], [ 100.305319, 15.051734 ], [ 100.304895, 15.052311 ], [ 100.304662, 15.053291 ], [ 100.30474, 15.053744 ], [ 100.304957, 15.054305 ], [ 100.305364, 15.054939 ], [ 100.305948, 15.055657 ], [ 100.308116, 15.058104 ], [ 100.308687, 15.058884 ], [ 100.30912, 15.059652 ], [ 100.309835, 15.0613 ], [ 100.310003, 15.062045 ], [ 100.309872, 15.063233 ], [ 100.309474, 15.064091 ], [ 100.308823, 15.064756 ], [ 100.307808, 15.065398 ], [ 100.306262, 15.065921 ], [ 100.305331, 15.066097 ], [ 100.303959, 15.066093 ], [ 100.303164, 15.065902 ], [ 100.302369, 15.065551 ], [ 100.300535, 15.064179 ], [ 100.296853, 15.061191 ], [ 100.296222, 15.061011 ], [ 100.295454, 15.06104 ], [ 100.294637, 15.061277 ], [ 100.293934, 15.061623 ], [ 100.293609, 15.061968 ], [ 100.29346, 15.062324 ], [ 100.293388, 15.062936 ], [ 100.293457, 15.063926 ], [ 100.294729, 15.068018 ], [ 100.294753, 15.07 ], [ 100.29456, 15.071298 ], [ 100.294239, 15.072413 ], [ 100.293941, 15.073051 ], [ 100.292616, 15.074783 ], [ 100.289536, 15.077688 ], [ 100.287548, 15.079988 ], [ 100.287111, 15.080638 ], [ 100.286327, 15.082123 ], [ 100.285288, 15.085188 ], [ 100.285095, 15.086694 ], [ 100.284815, 15.096593 ], [ 100.28513, 15.098745 ], [ 100.285294, 15.100873 ], [ 100.285285, 15.101583 ], [ 100.285, 15.10222 ], [ 100.284749, 15.102491 ], [ 100.283432, 15.103245 ], [ 100.282728, 15.103579 ], [ 100.282099, 15.103693 ], [ 100.277086, 15.103501 ], [ 100.276331, 15.10353 ], [ 100.274695, 15.103869 ], [ 100.273138, 15.10449 ], [ 100.271945, 15.105145 ], [ 100.270854, 15.105922 ], [ 100.269313, 15.107325 ], [ 100.268538, 15.108223 ], [ 100.267938, 15.109009 ], [ 100.267676, 15.1095 ], [ 100.265341, 15.114982 ], [ 100.263147, 15.118775 ], [ 100.261778, 15.121548 ], [ 100.258714, 15.127327 ], [ 100.256209, 15.131844 ], [ 100.254574, 15.134312 ], [ 100.253773, 15.135271 ], [ 100.25148, 15.137241 ], [ 100.249949, 15.138326 ], [ 100.24892, 15.138931 ], [ 100.248218, 15.139437 ], [ 100.247417, 15.140273 ], [ 100.246817, 15.141121 ], [ 100.246259, 15.142555 ], [ 100.245989, 15.143817 ], [ 100.245912, 15.145824 ], [ 100.245968, 15.148907 ], [ 100.24573, 15.151282 ], [ 100.245545, 15.15187 ], [ 100.244612, 15.153894 ], [ 100.244088, 15.154753 ], [ 100.242561, 15.156548 ], [ 100.240169, 15.158837 ], [ 100.238578, 15.160338 ], [ 100.236058, 15.16242 ], [ 100.234291, 15.164081 ], [ 100.232727, 15.165913 ], [ 100.232366, 15.166563 ], [ 100.232204, 15.167004 ], [ 100.23217, 15.167506 ], [ 100.231994, 15.167854 ], [ 100.228672, 15.172553 ], [ 100.227584, 15.173622 ], [ 100.225162, 15.174465 ], [ 100.219729, 15.174893 ], [ 100.218535, 15.175331 ], [ 100.218026, 15.175865 ], [ 100.216977, 15.177862 ], [ 100.216169, 15.179925 ], [ 100.214244, 15.184151 ], [ 100.213497, 15.184919 ], [ 100.212134, 15.185789 ], [ 100.210906, 15.186161 ], [ 100.209812, 15.186167 ], [ 100.208101, 15.185778 ], [ 100.207244, 15.185484 ], [ 100.205974, 15.184528 ], [ 100.205147, 15.183403 ], [ 100.204518, 15.18095 ], [ 100.204092, 15.178097 ], [ 100.204087, 15.177301 ], [ 100.204486, 15.175373 ], [ 100.204277, 15.174577 ], [ 100.203757, 15.173352 ], [ 100.202896, 15.172261 ], [ 100.201523, 15.171272 ], [ 100.199399, 15.170454 ], [ 100.194676, 15.169283 ], [ 100.192243, 15.168234 ], [ 100.190528, 15.167148 ], [ 100.189258, 15.166191 ], [ 100.186716, 15.163981 ], [ 100.184209, 15.161969 ], [ 100.180228, 15.159101 ], [ 100.175395, 15.156504 ], [ 100.173303, 15.155253 ], [ 100.170528, 15.154172 ], [ 100.167929, 15.153853 ], [ 100.165809, 15.153765 ], [ 100.163862, 15.154074 ], [ 100.161783, 15.15508 ], [ 100.159331, 15.156786 ], [ 100.157937, 15.158088 ], [ 100.156442, 15.159656 ], [ 100.153107, 15.162528 ], [ 100.149597, 15.164472 ], [ 100.146835, 15.165648 ], [ 100.144512, 15.165991 ], [ 100.141402, 15.166107 ], [ 100.138393, 15.165823 ], [ 100.136169, 15.165502 ], [ 100.132953, 15.164855 ], [ 100.130146, 15.164105 ], [ 100.128711, 15.164245 ], [ 100.127517, 15.164749 ], [ 100.126701, 15.165517 ], [ 100.126024, 15.166749 ], [ 100.125793, 15.168376 ], [ 100.125709, 15.171896 ], [ 100.124981, 15.176348 ], [ 100.124477, 15.178011 ], [ 100.123565, 15.180206 ], [ 100.122515, 15.182104 ], [ 100.119261, 15.187233 ], [ 100.116758, 15.192358 ], [ 100.116356, 15.193954 ], [ 100.116327, 15.194916 ], [ 100.116539, 15.196277 ], [ 100.117025, 15.197702 ], [ 100.117786, 15.199358 ], [ 100.1181, 15.200485 ], [ 100.118037, 15.201481 ], [ 100.117324, 15.202448 ], [ 100.116198, 15.202951 ], [ 100.114866, 15.203124 ], [ 100.113224, 15.203066 ], [ 100.110657, 15.202447 ], [ 100.108092, 15.202228 ], [ 100.106317, 15.202701 ], [ 100.105022, 15.203604 ], [ 100.104172, 15.204571 ], [ 100.103257, 15.20597 ], [ 100.102648, 15.207301 ], [ 100.101223, 15.209366 ], [ 100.098003, 15.21476 ], [ 100.0943, 15.219426 ], [ 100.092428, 15.220996 ], [ 100.089393, 15.22267 ], [ 100.082738, 15.224993 ], [ 100.080589, 15.226066 ], [ 100.079193, 15.227268 ], [ 100.078072, 15.228601 ], [ 100.077022, 15.230565 ], [ 100.076349, 15.232792 ], [ 100.075915, 15.234853 ], [ 100.075922, 15.236181 ], [ 100.076066, 15.237741 ], [ 100.07638, 15.238801 ], [ 100.076899, 15.240061 ], [ 100.079868, 15.245557 ], [ 100.081144, 15.247643 ], [ 100.08266, 15.249926 ], [ 100.084235, 15.251984 ], [ 100.084535, 15.253126 ], [ 100.084509, 15.255234 ], [ 100.083887, 15.255916 ], [ 100.082749, 15.256458 ], [ 100.081572, 15.256642 ], [ 100.080688, 15.256646 ], [ 100.078699, 15.25637 ], [ 100.075639, 15.255384 ], [ 100.07361, 15.254608 ], [ 100.071327, 15.25444 ], [ 100.069524, 15.25452 ], [ 100.067833, 15.254921 ], [ 100.065262, 15.256077 ], [ 100.063355, 15.257444 ], [ 100.061632, 15.258917 ], [ 100.056769, 15.265373 ], [ 100.05608, 15.267484 ], [ 100.055904, 15.269165 ], [ 100.05595, 15.270915 ], [ 100.056104, 15.27238 ], [ 100.056591, 15.274093 ], [ 100.058149, 15.276337 ], [ 100.060663, 15.278505 ], [ 100.062511, 15.279961 ], [ 100.064284, 15.281239 ], [ 100.066984, 15.283728 ], [ 100.069389, 15.286075 ], [ 100.070945, 15.28789 ], [ 100.077534, 15.294898 ], [ 100.079313, 15.297248 ], [ 100.08039, 15.299101 ], [ 100.081247, 15.301063 ], [ 100.081739, 15.303669 ], [ 100.081644, 15.306743 ], [ 100.081208, 15.307853 ], [ 100.079203, 15.311722 ], [ 100.078183, 15.313906 ], [ 100.077784, 15.315016 ], [ 100.077569, 15.316196 ], [ 100.077944, 15.317553 ], [ 100.078391, 15.318515 ], [ 100.079131, 15.319298 ], [ 100.081348, 15.320681 ], [ 100.093457, 15.326733 ], [ 100.095636, 15.327973 ], [ 100.097676, 15.330821 ], [ 100.099572, 15.33435 ], [ 100.100356, 15.336311 ], [ 100.100994, 15.338703 ], [ 100.101164, 15.343026 ], [ 100.101101, 15.345063 ], [ 100.100704, 15.34653 ], [ 100.099718, 15.348143 ], [ 100.099216, 15.348744 ], [ 100.098755, 15.350862 ], [ 100.098349, 15.351928 ], [ 100.097875, 15.352877 ], [ 100.097212, 15.353811 ], [ 100.095967, 15.354831 ], [ 100.094789, 15.355435 ], [ 100.093524, 15.35589 ], [ 100.090501, 15.356501 ], [ 100.086848, 15.358998 ], [ 100.080608, 15.362923 ], [ 100.077012, 15.365514 ], [ 100.074741, 15.367919 ], [ 100.073718, 15.369639 ], [ 100.073469, 15.371356 ], [ 100.073742, 15.374356 ], [ 100.074122, 15.376498 ], [ 100.075273, 15.37828 ], [ 100.077489, 15.379484 ], [ 100.080144, 15.380114 ], [ 100.083053, 15.3801 ], [ 100.087793, 15.377897 ], [ 100.097939, 15.374095 ], [ 100.100586, 15.37326 ], [ 100.102427, 15.373072 ], [ 100.103716, 15.373138 ], [ 100.104934, 15.373703 ], [ 100.105786, 15.374628 ], [ 100.106309, 15.376019 ], [ 100.106574, 15.37734 ], [ 100.106581, 15.378734 ], [ 100.106294, 15.380022 ], [ 100.105601, 15.381454 ], [ 100.104393, 15.382818 ], [ 100.10212, 15.384759 ], [ 100.095699, 15.389544 ], [ 100.093645, 15.391233 ], [ 100.091556, 15.393245 ], [ 100.090423, 15.394858 ], [ 100.088926, 15.397439 ], [ 100.088017, 15.399766 ], [ 100.087585, 15.401698 ], [ 100.087303, 15.404093 ], [ 100.08732, 15.407416 ], [ 100.087514, 15.409202 ], [ 100.088, 15.410558 ], [ 100.089374, 15.412731 ], [ 100.091557, 15.414543 ], [ 100.095142, 15.416741 ], [ 100.098094, 15.417727 ], [ 100.100342, 15.417823 ], [ 100.102698, 15.417632 ], [ 100.104722, 15.417158 ], [ 100.107111, 15.416145 ], [ 100.113323, 15.41372 ], [ 100.118142, 15.412481 ], [ 100.121162, 15.412251 ], [ 100.123965, 15.412532 ], [ 100.126471, 15.413046 ], [ 100.128576, 15.414108 ], [ 100.130646, 15.415491 ], [ 100.132684, 15.417553 ], [ 100.134241, 15.41951 ], [ 100.135246, 15.421363 ], [ 100.13555, 15.423006 ], [ 100.135556, 15.424113 ], [ 100.13433, 15.429051 ], [ 100.132338, 15.435422 ], [ 100.131762, 15.437855 ], [ 100.131549, 15.439392 ], [ 100.131567, 15.442573 ], [ 100.131686, 15.44418 ], [ 100.132337, 15.448644 ], [ 100.132828, 15.451 ], [ 100.133429, 15.453069 ], [ 100.133658, 15.454604 ], [ 100.133665, 15.455784 ], [ 100.133524, 15.456964 ], [ 100.132473, 15.460185 ], [ 100.131448, 15.46137 ], [ 100.130418, 15.461696 ], [ 100.129128, 15.461703 ], [ 100.128058, 15.461351 ], [ 100.127244, 15.460748 ], [ 100.126093, 15.45911 ], [ 100.124414, 15.45533 ], [ 100.123259, 15.452942 ], [ 100.122148, 15.451733 ], [ 100.121038, 15.451024 ], [ 100.119746, 15.450494 ], [ 100.118123, 15.450217 ], [ 100.116614, 15.450439 ], [ 100.115106, 15.450911 ], [ 100.112937, 15.451886 ], [ 100.111028, 15.453004 ], [ 100.109597, 15.454154 ], [ 100.108646, 15.455589 ], [ 100.107258, 15.4583 ], [ 100.106638, 15.460362 ], [ 100.106418, 15.462311 ], [ 100.106425, 15.463647 ], [ 100.106605, 15.465094 ], [ 100.107774, 15.46904 ], [ 100.108419, 15.471597 ], [ 100.11221, 15.482988 ], [ 100.116722, 15.500053 ], [ 100.117278, 15.501887 ], [ 100.117937, 15.503534 ], [ 100.118752, 15.505267 ], [ 100.119407, 15.506349 ], [ 100.119994, 15.507106 ], [ 100.120894, 15.507949 ], [ 100.121367, 15.508532 ], [ 100.12164, 15.509226 ], [ 100.121626, 15.510746 ], [ 100.121318, 15.511811 ], [ 100.121008, 15.512399 ], [ 100.120495, 15.512771 ], [ 100.119757, 15.513122 ], [ 100.118212, 15.513152 ], [ 100.115498, 15.512253 ], [ 100.112085, 15.510599 ], [ 100.110515, 15.510172 ], [ 100.107424, 15.510036 ], [ 100.10606, 15.510281 ], [ 100.102683, 15.511145 ], [ 100.097655, 15.513124 ], [ 100.096517, 15.51389 ], [ 100.09538, 15.514894 ], [ 100.094802, 15.515657 ], [ 100.094092, 15.517072 ], [ 100.093674, 15.518464 ], [ 100.093458, 15.519876 ], [ 100.09331, 15.521614 ], [ 100.093432, 15.523437 ], [ 100.093866, 15.525129 ], [ 100.09475, 15.527035 ], [ 100.097186, 15.53028 ], [ 100.098423, 15.531381 ], [ 100.102131, 15.533686 ], [ 100.106763, 15.537224 ], [ 100.109484, 15.539208 ], [ 100.110992, 15.54059 ], [ 100.112637, 15.542449 ], [ 100.113315, 15.543705 ], [ 100.1142, 15.545763 ], [ 100.114704, 15.547801 ], [ 100.114778, 15.549212 ], [ 100.11465, 15.550277 ], [ 100.114275, 15.551451 ], [ 100.113431, 15.552693 ], [ 100.112895, 15.553087 ], [ 100.111331, 15.553681 ], [ 100.109832, 15.554014 ], [ 100.106363, 15.554488 ], [ 100.102914, 15.5547 ], [ 100.100028, 15.555258 ], [ 100.099378, 15.555261 ], [ 100.098326, 15.555244 ], [ 100.093909, 15.55442 ], [ 100.091957, 15.553778 ], [ 100.089243, 15.553031 ], [ 100.085427, 15.551487 ], [ 100.084148, 15.551167 ], [ 100.082827, 15.551152 ], [ 100.081531, 15.551832 ], [ 100.080954, 15.552725 ], [ 100.080512, 15.553921 ], [ 100.080409, 15.555615 ], [ 100.080556, 15.55809 ], [ 100.083616, 15.565066 ], [ 100.084998, 15.567969 ], [ 100.087157, 15.573908 ], [ 100.088585, 15.577071 ], [ 100.089286, 15.57824 ], [ 100.090232, 15.579191 ], [ 100.091828, 15.580247 ], [ 100.094095, 15.581126 ], [ 100.095285, 15.581706 ], [ 100.096293, 15.58237 ], [ 100.097939, 15.583604 ], [ 100.101023, 15.586541 ], [ 100.102713, 15.588356 ], [ 100.103685, 15.590023 ], [ 100.104342, 15.591345 ], [ 100.10473, 15.592646 ], [ 100.104984, 15.594077 ], [ 100.105106, 15.595987 ], [ 100.104957, 15.597378 ], [ 100.10423, 15.599705 ], [ 100.10354, 15.600642 ], [ 100.101889, 15.601953 ], [ 100.100192, 15.60296 ], [ 100.096062, 15.605652 ], [ 100.094902, 15.606548 ], [ 100.093743, 15.607791 ], [ 100.091772, 15.608645 ], [ 100.089381, 15.609985 ], [ 100.086841, 15.611842 ], [ 100.085591, 15.613028 ], [ 100.084949, 15.614028 ], [ 100.084651, 15.615283 ], [ 100.084619, 15.616427 ], [ 100.084703, 15.617791 ], [ 100.084899, 15.61897 ], [ 100.085364, 15.620554 ], [ 100.087054, 15.623497 ], [ 100.087899, 15.624784 ], [ 100.089237, 15.626031 ], [ 100.090574, 15.626873 ], [ 100.0921, 15.627603 ], [ 100.093473, 15.627965 ], [ 100.09551, 15.628257 ], [ 100.100693, 15.633833 ], [ 100.10286, 15.63671 ], [ 100.103312, 15.637598 ], [ 100.103608, 15.638487 ], [ 100.103907, 15.63981 ], [ 100.103921, 15.642481 ], [ 100.103795, 15.643958 ], [ 100.103445, 15.645697 ], [ 100.103159, 15.646523 ], [ 100.101698, 15.649874 ], [ 100.100506, 15.653419 ], [ 100.100133, 15.654811 ], [ 100.099982, 15.655854 ], [ 100.099989, 15.657243 ], [ 100.100134, 15.659219 ], [ 100.100545, 15.660541 ], [ 100.101113, 15.662015 ], [ 100.102695, 15.66446 ], [ 100.104477, 15.666688 ], [ 100.107407, 15.669843 ], [ 100.108265, 15.671033 ], [ 100.108831, 15.67205 ], [ 100.10956, 15.674196 ], [ 100.10995, 15.675953 ], [ 100.110091, 15.67706 ], [ 100.110053, 15.678297 ], [ 100.109772, 15.680231 ], [ 100.109738, 15.682272 ], [ 100.109944, 15.683075 ], [ 100.110555, 15.684114 ], [ 100.111501, 15.685064 ], [ 100.113885, 15.686572 ], [ 100.116019, 15.68743 ], [ 100.117971, 15.687789 ], [ 100.121582, 15.688248 ], [ 100.124833, 15.688514 ], [ 100.126292, 15.688919 ], [ 100.129077, 15.689925 ], [ 100.130809, 15.691045 ], [ 100.133149, 15.69277 ], [ 100.135919, 15.695035 ], [ 100.137519, 15.696634 ], [ 100.140497, 15.70028 ] ] } },
{ "type": "Feature", "properties": { "STREAM_ID": "16_146237", "STREAM_NAM": "แม่น้ำบางปะกง", "LOCAL_NAME": "แม่น้ำบางปะกง", "Hy_use_des": "เส้นสมมุติของแหล่งน้ำ(ARTIFICIALPATH)", "STRCLAS_DE": "ลำน้ำหลัก", "SHAPE_Leng": 242.82 }, "geometry": { "type": "MultiLineString", "coordinates": [ [ [ 100.977879, 13.474873 ], [ 100.980905, 13.478382 ], [ 100.98198, 13.480669 ], [ 100.982177, 13.48325 ], [ 100.981093, 13.486874 ], [ 100.979594, 13.489985 ], [ 100.977457, 13.494019 ], [ 100.976777, 13.496893 ], [ 100.977024, 13.498463 ], [ 100.977953, 13.5 ], [ 100.978875, 13.500636 ], [ 100.980197, 13.500948 ], [ 100.981956, 13.500934 ], [ 100.984042, 13.500452 ], [ 100.986122, 13.499431 ], [ 100.98882, 13.497688 ], [ 100.992119, 13.495114 ], [ 100.993903, 13.493378 ], [ 100.99789, 13.488622 ], [ 100.998996, 13.487599 ], [ 101.0, 13.487114 ], [ 101.003969, 13.486398 ], [ 101.006253, 13.48615 ], [ 101.009189, 13.486529 ], [ 101.012667, 13.488681 ], [ 101.015679, 13.491297 ], [ 101.017878, 13.494723 ], [ 101.020023, 13.49878 ], [ 101.02051, 13.500842 ], [ 101.020597, 13.504227 ], [ 101.019679, 13.506645 ], [ 101.018579, 13.508375 ], [ 101.017008, 13.50988 ], [ 101.014729, 13.510816 ], [ 101.012091, 13.51101 ], [ 101.009449, 13.510572 ], [ 101.005333, 13.509342 ], [ 101.001631, 13.508511 ], [ 100.999999, 13.508522 ], [ 100.998703, 13.509051 ], [ 100.997714, 13.50992 ], [ 100.996847, 13.511476 ], [ 100.99651, 13.513315 ], [ 100.996525, 13.515037 ], [ 100.997295, 13.51769 ], [ 100.99875, 13.52004 ], [ 101.000491, 13.523642 ], [ 101.001148, 13.52549 ], [ 101.001162, 13.527164 ], [ 101.000593, 13.528603 ], [ 100.996584, 13.535061 ], [ 100.995445, 13.537701 ], [ 100.995001, 13.539408 ], [ 100.995016, 13.541141 ], [ 100.995486, 13.542602 ], [ 100.996263, 13.54421 ], [ 100.998114, 13.546288 ], [ 100.999997, 13.547794 ], [ 101.004321, 13.550542 ], [ 101.006529, 13.55157 ], [ 101.00812, 13.551916 ], [ 101.009954, 13.551961 ], [ 101.011935, 13.551437 ], [ 101.013946, 13.550793 ], [ 101.0162, 13.549968 ], [ 101.01839, 13.548874 ], [ 101.020278, 13.548082 ], [ 101.021527, 13.547713 ], [ 101.022995, 13.547941 ], [ 101.024012, 13.548949 ], [ 101.024602, 13.55005 ], [ 101.024705, 13.551364 ], [ 101.023182, 13.555531 ], [ 101.022267, 13.559394 ], [ 101.02201, 13.561428 ], [ 101.022453, 13.563278 ], [ 101.023227, 13.564437 ], [ 101.023935, 13.565149 ], [ 101.025008, 13.565589 ], [ 101.025773, 13.565642 ], [ 101.027025, 13.565602 ], [ 101.033615, 13.564502 ], [ 101.036426, 13.564569 ], [ 101.038294, 13.565002 ], [ 101.039707, 13.565917 ], [ 101.040755, 13.567044 ], [ 101.041256, 13.568475 ], [ 101.04133, 13.569939 ], [ 101.041034, 13.571047 ], [ 101.039794, 13.572552 ], [ 101.037611, 13.574482 ], [ 101.034758, 13.576807 ], [ 101.033064, 13.578734 ], [ 101.031677, 13.580957 ], [ 101.030813, 13.583534 ], [ 101.030737, 13.585388 ], [ 101.030996, 13.58709 ], [ 101.032331, 13.589589 ], [ 101.033692, 13.591431 ], [ 101.036526, 13.594188 ], [ 101.037849, 13.595283 ], [ 101.039384, 13.596077 ], [ 101.040671, 13.596515 ], [ 101.042385, 13.59683 ], [ 101.043943, 13.596787 ], [ 101.044947, 13.596331 ], [ 101.045645, 13.595757 ], [ 101.046367, 13.594436 ], [ 101.046845, 13.593117 ], [ 101.046891, 13.591353 ], [ 101.046582, 13.589809 ], [ 101.045738, 13.587176 ], [ 101.045484, 13.58494 ], [ 101.045473, 13.58362 ], [ 101.046222, 13.582065 ], [ 101.048032, 13.581074 ], [ 101.050786, 13.580765 ], [ 101.053607, 13.581258 ], [ 101.05755, 13.582717 ], [ 101.061254, 13.583662 ], [ 101.063369, 13.584047 ], [ 101.069295, 13.584227 ], [ 101.071647, 13.584839 ], [ 101.073535, 13.586085 ], [ 101.074781, 13.587682 ], [ 101.075616, 13.589282 ], [ 101.076163, 13.5914 ], [ 101.076363, 13.594211 ], [ 101.076446, 13.59556 ], [ 101.076502, 13.602015 ], [ 101.0763, 13.603421 ], [ 101.075792, 13.604681 ], [ 101.075158, 13.605553 ], [ 101.073819, 13.606222 ], [ 101.07269, 13.60641 ], [ 101.071252, 13.606183 ], [ 101.069809, 13.605388 ], [ 101.068363, 13.604235 ], [ 101.066484, 13.602487 ], [ 101.064855, 13.601424 ], [ 101.063325, 13.601168 ], [ 101.061921, 13.601389 ], [ 101.061041, 13.602054 ], [ 101.060436, 13.602746 ], [ 101.059864, 13.603737 ], [ 101.056648, 13.613507 ], [ 101.056416, 13.614884 ], [ 101.056579, 13.616168 ], [ 101.057324, 13.617507 ], [ 101.059116, 13.619764 ], [ 101.064387, 13.62492 ], [ 101.067473, 13.628392 ], [ 101.068457, 13.629131 ], [ 101.069559, 13.62939 ], [ 101.070476, 13.629323 ], [ 101.071451, 13.629046 ], [ 101.072547, 13.628588 ], [ 101.076492, 13.625328 ], [ 101.079016, 13.623932 ], [ 101.080477, 13.623352 ], [ 101.082218, 13.623188 ], [ 101.083778, 13.623414 ], [ 101.085497, 13.624206 ], [ 101.087065, 13.625389 ], [ 101.088702, 13.627317 ], [ 101.090037, 13.629667 ], [ 101.090722, 13.631096 ], [ 101.091701, 13.634794 ], [ 101.091935, 13.637034 ], [ 101.091919, 13.638737 ], [ 101.091388, 13.640804 ], [ 101.090731, 13.642543 ], [ 101.089461, 13.644108 ], [ 101.088247, 13.645075 ], [ 101.086784, 13.645535 ], [ 101.085287, 13.645608 ], [ 101.083571, 13.645084 ], [ 101.082005, 13.64423 ], [ 101.080189, 13.642781 ], [ 101.078591, 13.641778 ], [ 101.076724, 13.641435 ], [ 101.075502, 13.641475 ], [ 101.07465, 13.641931 ], [ 101.073925, 13.642834 ], [ 101.073903, 13.64391 ], [ 101.074432, 13.644951 ], [ 101.075542, 13.646078 ], [ 101.078897, 13.64877 ], [ 101.079979, 13.650135 ], [ 101.080355, 13.651208 ], [ 101.080241, 13.652225 ], [ 101.079729, 13.653007 ], [ 101.078908, 13.653581 ], [ 101.077719, 13.65386 ], [ 101.075672, 13.653907 ], [ 101.072644, 13.653694 ], [ 101.069404, 13.653601 ], [ 101.067542, 13.653915 ], [ 101.066051, 13.654675 ], [ 101.064626, 13.656002 ], [ 101.063811, 13.657204 ], [ 101.063454, 13.658283 ], [ 101.06334, 13.659271 ], [ 101.063688, 13.664109 ], [ 101.064736, 13.668644 ], [ 101.065639, 13.670549 ], [ 101.066566, 13.671647 ], [ 101.067579, 13.672147 ], [ 101.068526, 13.672139 ], [ 101.069685, 13.67186 ], [ 101.073885, 13.669733 ], [ 101.075134, 13.669274 ], [ 101.076204, 13.669325 ], [ 101.077125, 13.669795 ], [ 101.077528, 13.67048 ], [ 101.077625, 13.671017 ], [ 101.077358, 13.671945 ], [ 101.074626, 13.677647 ], [ 101.074034, 13.679804 ], [ 101.074055, 13.682225 ], [ 101.074467, 13.683925 ], [ 101.075122, 13.685354 ], [ 101.076113, 13.68678 ], [ 101.077008, 13.687759 ], [ 101.078207, 13.688646 ], [ 101.079649, 13.689201 ], [ 101.08127, 13.689337 ], [ 101.082277, 13.689149 ], [ 101.083038, 13.688784 ], [ 101.084677, 13.687426 ], [ 101.086074, 13.686428 ], [ 101.086927, 13.686092 ], [ 101.087814, 13.686204 ], [ 101.088673, 13.686525 ], [ 101.089229, 13.687148 ], [ 101.08933, 13.688163 ], [ 101.089085, 13.691632 ], [ 101.089127, 13.692887 ], [ 101.089474, 13.69417 ], [ 101.09025, 13.695448 ], [ 101.091698, 13.696751 ], [ 101.094804, 13.698907 ], [ 101.096799, 13.699756 ], [ 101.098576, 13.700219 ], [ 101.100289, 13.700354 ], [ 101.101938, 13.700131 ], [ 101.104559, 13.699302 ], [ 101.106631, 13.698537 ], [ 101.107577, 13.69832 ], [ 101.108619, 13.69867 ], [ 101.109391, 13.69956 ], [ 101.109798, 13.700632 ], [ 101.110288, 13.704095 ], [ 101.110914, 13.705823 ], [ 101.112583, 13.707811 ], [ 101.115351, 13.7097 ], [ 101.118203, 13.710752 ], [ 101.120378, 13.711241 ], [ 101.122731, 13.711191 ], [ 101.125018, 13.710544 ], [ 101.126265, 13.709786 ], [ 101.127019, 13.708614 ], [ 101.12722, 13.707237 ], [ 101.126963, 13.705895 ], [ 101.126338, 13.704376 ], [ 101.124878, 13.701788 ], [ 101.123423, 13.699738 ], [ 101.122676, 13.698191 ], [ 101.122572, 13.696787 ], [ 101.122684, 13.69568 ], [ 101.123103, 13.69469 ], [ 101.123829, 13.693847 ], [ 101.125168, 13.693208 ], [ 101.126939, 13.692954 ], [ 101.129994, 13.692838 ], [ 101.13608, 13.693144 ], [ 101.139278, 13.693636 ], [ 101.140872, 13.694161 ], [ 101.142013, 13.695286 ], [ 101.142698, 13.696685 ], [ 101.143078, 13.698087 ], [ 101.142219, 13.70446 ], [ 101.142325, 13.706013 ], [ 101.1432, 13.708157 ], [ 101.144253, 13.709642 ], [ 101.145546, 13.710707 ], [ 101.146865, 13.711174 ], [ 101.148424, 13.71116 ], [ 101.149523, 13.710971 ], [ 101.1508, 13.710213 ], [ 101.15195, 13.708948 ], [ 101.152574, 13.70706 ], [ 101.152677, 13.704907 ], [ 101.152621, 13.702128 ], [ 101.153083, 13.699165 ], [ 101.15365, 13.697606 ], [ 101.154314, 13.696674 ], [ 101.155344, 13.695679 ], [ 101.156867, 13.695098 ], [ 101.159005, 13.694959 ], [ 101.160933, 13.695122 ], [ 101.1636, 13.696025 ], [ 101.164951, 13.69673 ], [ 101.165663, 13.69771 ], [ 101.166225, 13.698991 ], [ 101.166363, 13.700663 ], [ 101.165988, 13.703147 ], [ 101.165716, 13.706795 ], [ 101.16604, 13.708825 ], [ 101.166634, 13.710194 ], [ 101.167655, 13.71153 ], [ 101.168917, 13.712535 ], [ 101.170943, 13.713414 ], [ 101.172504, 13.713669 ], [ 101.178532, 13.71367 ], [ 101.179895, 13.714232 ], [ 101.180966, 13.715083 ], [ 101.181822, 13.716367 ], [ 101.182281, 13.718407 ], [ 101.18279, 13.721881 ], [ 101.183324, 13.723732 ], [ 101.184388, 13.72511 ], [ 101.185422, 13.725818 ], [ 101.186501, 13.726143 ], [ 101.18804, 13.725938 ], [ 101.189503, 13.725447 ] ], [ [ 101.189503, 13.725447 ], [ 101.191447, 13.724115 ], [ 101.193515, 13.722973 ], [ 101.195171, 13.722241 ], [ 101.197076, 13.721937 ], [ 101.198568, 13.721971 ], [ 101.200359, 13.722577 ], [ 101.201491, 13.72338 ], [ 101.203815, 13.725686 ], [ 101.20857, 13.731045 ], [ 101.209759, 13.732772 ], [ 101.210209, 13.733624 ], [ 101.210435, 13.734244 ], [ 101.210639, 13.735211 ], [ 101.210827, 13.73693 ], [ 101.210726, 13.737959 ], [ 101.210585, 13.738534 ], [ 101.210045, 13.739692 ], [ 101.209623, 13.740269 ], [ 101.208713, 13.741042 ], [ 101.207957, 13.741264 ], [ 101.207161, 13.741212 ], [ 101.2065, 13.74105 ], [ 101.206004, 13.740804 ], [ 101.201789, 13.737973 ], [ 101.199702, 13.737065 ], [ 101.197833, 13.736633 ], [ 101.193582, 13.736402 ], [ 101.189915, 13.735941 ] ], [ [ 101.189503, 13.725447 ], [ 101.189923, 13.726881 ], [ 101.189929, 13.727608 ], [ 101.18982, 13.728489 ], [ 101.189856, 13.730286 ], [ 101.190001, 13.731069 ], [ 101.190302, 13.731927 ], [ 101.190547, 13.733015 ], [ 101.190497, 13.733915 ], [ 101.189915, 13.735941 ] ], [ [ 101.189915, 13.735941 ], [ 101.186633, 13.735388 ], [ 101.183601, 13.734787 ], [ 101.18146, 13.734776 ], [ 101.179204, 13.735364 ], [ 101.177682, 13.736154 ], [ 101.176467, 13.736972 ], [ 101.17541, 13.738386 ], [ 101.174119, 13.740968 ], [ 101.172384, 13.745047 ], [ 101.170422, 13.751132 ], [ 101.169893, 13.753497 ], [ 101.170063, 13.755319 ], [ 101.170876, 13.757254 ], [ 101.172112, 13.758648 ], [ 101.173379, 13.759781 ], [ 101.175194, 13.760798 ], [ 101.176503, 13.761159 ], [ 101.177448, 13.761218 ], [ 101.178386, 13.761095 ], [ 101.179224, 13.760705 ], [ 101.179941, 13.759971 ], [ 101.180266, 13.759089 ], [ 101.180391, 13.757863 ], [ 101.180449, 13.755625 ], [ 101.180651, 13.754189 ], [ 101.181143, 13.752444 ], [ 101.181556, 13.751596 ], [ 101.182935, 13.750025 ], [ 101.184101, 13.749099 ], [ 101.188599, 13.747553 ], [ 101.190394, 13.74725 ], [ 101.191753, 13.747345 ], [ 101.193116, 13.747979 ], [ 101.194078, 13.748903 ], [ 101.194785, 13.750022 ], [ 101.195202, 13.751331 ], [ 101.195306, 13.753037 ], [ 101.195239, 13.753798 ], [ 101.194896, 13.754777 ], [ 101.193872, 13.756722 ], [ 101.193418, 13.757826 ], [ 101.19325, 13.758669 ], [ 101.193317, 13.759587 ], [ 101.193598, 13.760369 ], [ 101.194134, 13.761167 ], [ 101.195295, 13.761826 ], [ 101.196748, 13.762349 ], [ 101.201393, 13.763149 ], [ 101.202632, 13.763826 ], [ 101.203285, 13.764605 ], [ 101.203825, 13.765862 ], [ 101.203992, 13.767027 ], [ 101.203807, 13.768138 ], [ 101.203331, 13.769132 ], [ 101.202357, 13.770862 ], [ 101.201926, 13.771834 ], [ 101.201607, 13.773021 ], [ 101.201619, 13.774312 ], [ 101.201887, 13.776169 ], [ 101.202294, 13.777772 ], [ 101.202245, 13.778806 ], [ 101.201842, 13.779651 ], [ 101.201046, 13.780366 ], [ 101.199994, 13.780872 ], [ 101.198528, 13.781019 ], [ 101.195925, 13.781062 ], [ 101.194265, 13.781382 ], [ 101.193134, 13.781852 ], [ 101.192183, 13.782644 ], [ 101.191585, 13.783549 ], [ 101.191222, 13.784546 ], [ 101.191057, 13.785753 ], [ 101.191143, 13.786536 ], [ 101.191661, 13.787545 ], [ 101.192609, 13.788474 ], [ 101.193652, 13.789134 ], [ 101.194931, 13.789792 ], [ 101.196232, 13.790813 ], [ 101.197083, 13.791858 ], [ 101.197543, 13.792906 ], [ 101.197572, 13.793957 ], [ 101.197327, 13.794897 ], [ 101.196746, 13.795591 ], [ 101.196144, 13.796055 ], [ 101.195304, 13.796273 ], [ 101.194345, 13.796186 ], [ 101.191068, 13.795259 ], [ 101.188989, 13.794799 ], [ 101.187148, 13.794701 ], [ 101.185564, 13.794753 ], [ 101.183278, 13.795252 ], [ 101.182129, 13.795759 ], [ 101.181218, 13.796743 ], [ 101.180699, 13.797799 ], [ 101.180473, 13.798738 ], [ 101.180461, 13.799504 ], [ 101.181008, 13.801488 ], [ 101.18166, 13.802209 ], [ 101.182781, 13.80283 ], [ 101.184314, 13.803448 ], [ 101.186673, 13.804593 ], [ 101.187559, 13.805121 ], [ 101.188113, 13.805805 ], [ 101.188374, 13.806548 ], [ 101.188383, 13.807466 ], [ 101.188078, 13.808349 ], [ 101.187246, 13.809408 ], [ 101.185771, 13.810703 ], [ 101.180018, 13.815077 ], [ 101.177124, 13.817436 ], [ 101.174464, 13.819736 ], [ 101.173241, 13.820818 ], [ 101.170373, 13.823999 ], [ 101.169325, 13.824926 ], [ 101.16837, 13.825394 ], [ 101.167453, 13.825631 ], [ 101.166612, 13.825715 ], [ 101.165337, 13.82544 ], [ 101.162275, 13.824549 ], [ 101.160863, 13.824236 ], [ 101.159864, 13.824187 ], [ 101.158986, 13.824405 ], [ 101.158246, 13.824852 ], [ 101.157702, 13.825335 ], [ 101.157395, 13.826007 ], [ 101.157285, 13.826811 ], [ 101.157389, 13.827423 ], [ 101.157747, 13.82807 ], [ 101.158458, 13.828771 ], [ 101.159937, 13.829925 ], [ 101.161316, 13.83085 ], [ 101.162284, 13.831874 ], [ 101.162605, 13.832732 ], [ 101.162577, 13.833899 ], [ 101.162139, 13.835223 ], [ 101.161404, 13.836224 ], [ 101.160064, 13.837364 ], [ 101.159288, 13.838136 ], [ 101.15842, 13.839444 ], [ 101.158037, 13.840442 ], [ 101.158007, 13.84138 ], [ 101.15831, 13.842372 ], [ 101.159065, 13.843666 ], [ 101.161164, 13.84621 ], [ 101.161841, 13.847428 ], [ 101.162404, 13.849107 ], [ 101.162736, 13.851131 ], [ 101.162591, 13.852337 ], [ 101.161914, 13.853262 ], [ 101.16096, 13.853806 ], [ 101.159884, 13.853911 ], [ 101.158768, 13.853825 ], [ 101.157433, 13.853416 ], [ 101.153877, 13.852032 ], [ 101.152817, 13.851697 ], [ 101.151719, 13.851534 ], [ 101.150309, 13.851508 ], [ 101.148963, 13.851941 ], [ 101.148302, 13.852521 ], [ 101.14782, 13.853309 ], [ 101.147807, 13.853998 ], [ 101.148088, 13.854741 ], [ 101.148738, 13.855214 ], [ 101.149269, 13.855496 ], [ 101.15233, 13.856215 ], [ 101.154762, 13.856691 ], [ 101.157234, 13.857377 ], [ 101.158315, 13.857788 ], [ 101.159102, 13.858221 ], [ 101.16003, 13.859112 ], [ 101.160528, 13.860006 ], [ 101.16083, 13.860865 ], [ 101.160995, 13.861781 ], [ 101.160986, 13.862948 ], [ 101.160737, 13.863562 ], [ 101.160115, 13.864046 ], [ 101.158905, 13.864439 ], [ 101.155584, 13.865253 ], [ 101.154785, 13.865623 ], [ 101.151729, 13.867467 ], [ 101.150287, 13.868245 ], [ 101.147011, 13.869613 ], [ 101.145589, 13.87039 ], [ 101.144579, 13.871317 ], [ 101.143729, 13.87251 ], [ 101.142841, 13.873934 ], [ 101.140607, 13.877913 ], [ 101.140108, 13.879026 ], [ 101.139631, 13.880388 ], [ 101.139374, 13.882208 ], [ 101.139386, 13.883566 ], [ 101.139752, 13.884997 ], [ 101.140211, 13.88593 ], [ 101.140786, 13.886767 ], [ 101.141732, 13.887428 ], [ 101.142596, 13.887688 ], [ 101.143496, 13.887623 ], [ 101.144218, 13.887368 ], [ 101.144898, 13.886788 ], [ 101.145613, 13.885787 ], [ 101.14646, 13.884231 ], [ 101.147541, 13.8825 ], [ 101.149186, 13.880477 ], [ 101.150021, 13.879781 ], [ 101.151055, 13.879294 ], [ 101.151896, 13.879286 ], [ 101.15276, 13.879527 ], [ 101.153784, 13.88013 ], [ 101.154869, 13.881058 ], [ 101.15566, 13.881931 ], [ 101.157225, 13.883925 ], [ 101.160173, 13.887208 ], [ 101.161145, 13.888596 ], [ 101.161766, 13.890063 ], [ 101.162071, 13.891304 ], [ 101.162179, 13.89245 ], [ 101.161988, 13.893955 ], [ 101.161593, 13.895054 ] ], [ [ 101.708316, 13.98593 ], [ 101.707985, 13.985874 ], [ 101.707344, 13.985934 ], [ 101.705293, 13.986528 ], [ 101.703912, 13.987236 ], [ 101.701012, 13.989052 ], [ 101.700328, 13.989143 ], [ 101.699151, 13.988977 ], [ 101.693949, 13.986698 ], [ 101.691832, 13.98567 ], [ 101.690423, 13.984892 ], [ 101.689671, 13.984365 ], [ 101.687112, 13.982309 ], [ 101.683652, 13.979181 ], [ 101.680757, 13.97602 ], [ 101.680104, 13.975396 ], [ 101.679592, 13.97521 ], [ 101.678985, 13.975179 ], [ 101.67838, 13.975358 ], [ 101.677195, 13.976116 ], [ 101.674554, 13.978077 ], [ 101.671926, 13.979368 ], [ 101.668874, 13.981237 ], [ 101.667822, 13.981726 ], [ 101.666533, 13.982001 ], [ 101.665541, 13.981964 ], [ 101.664376, 13.981762 ], [ 101.664056, 13.981586 ], [ 101.663843, 13.981352 ], [ 101.663721, 13.98098 ], [ 101.663759, 13.980421 ], [ 101.663971, 13.979701 ], [ 101.664215, 13.979268 ], [ 101.665637, 13.977747 ], [ 101.665996, 13.977083 ], [ 101.665958, 13.976338 ], [ 101.665718, 13.975896 ], [ 101.665436, 13.975598 ], [ 101.665096, 13.975415 ], [ 101.664685, 13.975406 ], [ 101.663967, 13.975528 ], [ 101.663061, 13.975925 ], [ 101.662141, 13.976366 ], [ 101.661441, 13.976832 ], [ 101.661035, 13.977224 ], [ 101.660673, 13.977701 ], [ 101.6603, 13.978479 ], [ 101.659252, 13.981847 ], [ 101.658935, 13.982338 ], [ 101.658556, 13.982614 ], [ 101.658074, 13.982806 ], [ 101.656811, 13.982849 ], [ 101.6555, 13.982519 ], [ 101.653226, 13.981411 ], [ 101.651429, 13.980957 ], [ 101.649376, 13.980958 ], [ 101.648431, 13.980717 ], [ 101.647623, 13.980206 ], [ 101.647342, 13.979925 ], [ 101.647123, 13.979573 ], [ 101.64707, 13.979258 ], [ 101.647136, 13.978961 ], [ 101.647329, 13.978777 ], [ 101.6477, 13.978668 ], [ 101.649647, 13.978571 ], [ 101.650389, 13.9784 ], [ 101.650719, 13.978119 ], [ 101.650957, 13.977552 ], [ 101.650619, 13.975376 ], [ 101.65043, 13.972937 ], [ 101.650253, 13.972479 ], [ 101.649967, 13.972112 ], [ 101.649597, 13.971853 ], [ 101.649229, 13.971737 ], [ 101.64869, 13.971731 ], [ 101.647578, 13.971887 ], [ 101.64658, 13.97234 ], [ 101.646278, 13.972666 ], [ 101.646147, 13.972966 ], [ 101.645866, 13.975132 ], [ 101.645726, 13.975779 ], [ 101.645512, 13.976343 ], [ 101.64479, 13.977414 ], [ 101.6445, 13.977681 ], [ 101.644171, 13.977828 ], [ 101.643804, 13.977879 ], [ 101.64242, 13.977751 ], [ 101.640883, 13.977134 ], [ 101.640538, 13.976911 ], [ 101.640376, 13.976626 ], [ 101.640299, 13.976328 ], [ 101.640292, 13.975743 ], [ 101.640424, 13.974403 ], [ 101.640858, 13.972749 ], [ 101.641297, 13.971537 ], [ 101.641237, 13.970605 ], [ 101.641051, 13.970333 ], [ 101.640719, 13.970205 ], [ 101.640143, 13.970175 ], [ 101.6376, 13.970382 ], [ 101.636854, 13.970378 ], [ 101.63613, 13.970267 ], [ 101.635173, 13.970014 ], [ 101.63366, 13.969361 ], [ 101.633204, 13.969008 ], [ 101.631922, 13.967472 ], [ 101.631034, 13.965773 ], [ 101.629323, 13.963819 ], [ 101.629123, 13.963475 ], [ 101.628984, 13.963094 ], [ 101.628924, 13.962127 ], [ 101.629168, 13.959913 ], [ 101.629126, 13.9594 ], [ 101.628963, 13.959055 ], [ 101.627616, 13.957922 ], [ 101.626644, 13.957455 ], [ 101.626092, 13.957305 ], [ 101.625125, 13.957268 ], [ 101.623107, 13.957373 ], [ 101.618405, 13.958225 ], [ 101.616526, 13.958711 ], [ 101.615759, 13.958982 ], [ 101.614907, 13.959446 ], [ 101.614084, 13.960231 ], [ 101.613627, 13.960965 ], [ 101.613426, 13.961613 ], [ 101.613199, 13.962033 ], [ 101.612823, 13.962396 ], [ 101.61161, 13.963317 ], [ 101.611406, 13.96363 ], [ 101.611361, 13.964049 ], [ 101.611488, 13.964466 ], [ 101.611751, 13.964941 ], [ 101.612222, 13.965486 ], [ 101.614749, 13.967108 ], [ 101.615269, 13.967676 ], [ 101.615568, 13.968163 ], [ 101.615703, 13.969225 ], [ 101.615574, 13.969704 ], [ 101.614953, 13.971061 ], [ 101.614374, 13.971856 ], [ 101.613866, 13.97234 ], [ 101.613184, 13.972658 ], [ 101.612549, 13.972796 ], [ 101.61212, 13.972729 ], [ 101.611665, 13.972555 ], [ 101.611172, 13.971979 ], [ 101.610882, 13.971428 ], [ 101.609778, 13.9699 ], [ 101.60887, 13.969308 ], [ 101.608142, 13.968962 ], [ 101.607543, 13.968787 ], [ 101.606926, 13.968755 ], [ 101.605939, 13.968899 ], [ 101.605296, 13.969231 ], [ 101.604646, 13.969745 ], [ 101.604048, 13.970507 ], [ 101.603337, 13.970868 ], [ 101.602995, 13.970929 ], [ 101.602221, 13.970851 ], [ 101.601866, 13.970664 ], [ 101.600899, 13.969948 ], [ 101.600473, 13.969522 ], [ 101.59995, 13.969184 ], [ 101.598863, 13.969109 ], [ 101.598481, 13.969142 ], [ 101.597662, 13.969399 ], [ 101.595333, 13.96951 ], [ 101.594905, 13.969744 ], [ 101.594828, 13.969888 ], [ 101.594648, 13.972128 ], [ 101.594455, 13.972416 ], [ 101.594134, 13.972592 ], [ 101.593617, 13.972731 ], [ 101.592511, 13.97281 ], [ 101.590954, 13.972741 ], [ 101.588524, 13.973436 ], [ 101.587937, 13.973452 ], [ 101.58771, 13.97333 ], [ 101.587391, 13.972798 ], [ 101.586782, 13.970032 ], [ 101.586611, 13.968657 ], [ 101.586321, 13.968191 ], [ 101.586065, 13.968022 ], [ 101.585673, 13.967997 ], [ 101.585195, 13.968155 ], [ 101.584671, 13.968524 ], [ 101.584187, 13.969055 ], [ 101.583314, 13.970222 ], [ 101.58151, 13.971675 ], [ 101.58078, 13.972128 ], [ 101.575138, 13.974453 ], [ 101.573467, 13.974815 ], [ 101.572557, 13.974825 ], [ 101.571822, 13.974747 ], [ 101.571482, 13.97455 ], [ 101.571274, 13.974294 ], [ 101.571107, 13.973865 ], [ 101.570874, 13.970705 ], [ 101.570735, 13.96988 ], [ 101.570102, 13.968395 ], [ 101.56934, 13.967198 ], [ 101.568888, 13.966228 ], [ 101.568795, 13.965784 ], [ 101.568847, 13.965124 ], [ 101.56918, 13.964719 ], [ 101.569692, 13.964513 ], [ 101.570352, 13.964506 ], [ 101.571103, 13.964627 ], [ 101.571469, 13.964522 ], [ 101.571642, 13.964291 ], [ 101.571639, 13.964004 ], [ 101.571458, 13.963605 ], [ 101.570954, 13.963108 ], [ 101.569769, 13.962246 ], [ 101.567141, 13.960983 ], [ 101.566405, 13.960775 ], [ 101.565817, 13.960782 ], [ 101.565291, 13.960959 ], [ 101.565044, 13.961191 ], [ 101.564682, 13.961654 ], [ 101.564527, 13.962229 ], [ 101.564532, 13.962703 ], [ 101.56482, 13.963517 ], [ 101.565557, 13.965116 ], [ 101.56562, 13.965473 ], [ 101.565534, 13.965689 ], [ 101.56514, 13.965923 ], [ 101.564554, 13.966015 ], [ 101.563759, 13.965837 ], [ 101.563153, 13.965499 ], [ 101.562752, 13.965131 ], [ 101.562395, 13.964647 ], [ 101.562243, 13.964233 ], [ 101.562238, 13.963759 ], [ 101.562742, 13.962822 ], [ 101.562793, 13.962147 ], [ 101.562633, 13.961002 ], [ 101.562347, 13.960345 ], [ 101.562004, 13.959904 ], [ 101.5615, 13.959436 ], [ 101.560849, 13.959041 ], [ 101.560156, 13.958776 ], [ 101.559598, 13.958739 ], [ 101.559041, 13.95886 ], [ 101.558647, 13.959022 ], [ 101.558297, 13.959312 ], [ 101.557937, 13.959961 ], [ 101.556839, 13.961593 ], [ 101.555556, 13.963145 ], [ 101.550277, 13.967861 ], [ 101.547444, 13.970644 ], [ 101.545586, 13.972686 ], [ 101.543051, 13.975839 ], [ 101.539963, 13.9795 ], [ 101.539432, 13.980595 ], [ 101.53888, 13.98248 ], [ 101.53829, 13.983605 ], [ 101.537577, 13.984258 ], [ 101.535553, 13.985813 ], [ 101.534328, 13.986572 ], [ 101.533845, 13.98672 ], [ 101.533345, 13.986726 ], [ 101.532844, 13.986544 ], [ 101.532086, 13.985692 ], [ 101.531726, 13.98505 ], [ 101.531661, 13.984492 ], [ 101.531846, 13.983887 ], [ 101.532822, 13.983217 ], [ 101.53335, 13.983083 ], [ 101.536023, 13.983127 ], [ 101.536345, 13.983023 ], [ 101.536606, 13.982762 ], [ 101.536662, 13.982446 ], [ 101.535623, 13.981438 ], [ 101.535307, 13.980825 ], [ 101.534954, 13.979395 ], [ 101.534941, 13.978233 ], [ 101.534847, 13.977703 ], [ 101.534579, 13.977376 ], [ 101.534181, 13.977208 ], [ 101.533725, 13.977141 ], [ 101.531552, 13.977207 ], [ 101.530992, 13.977041 ], [ 101.530769, 13.976742 ], [ 101.530765, 13.976369 ], [ 101.531228, 13.975719 ], [ 101.531399, 13.975316 ], [ 101.531438, 13.974856 ], [ 101.531359, 13.974341 ], [ 101.530745, 13.973228 ], [ 101.530255, 13.972717 ], [ 101.529722, 13.972379 ], [ 101.529206, 13.972126 ], [ 101.528426, 13.972019 ], [ 101.527254, 13.972304 ], [ 101.526261, 13.972759 ], [ 101.525514, 13.97301 ], [ 101.524854, 13.973089 ], [ 101.524604, 13.973006 ], [ 101.524408, 13.972549 ], [ 101.524345, 13.972119 ], [ 101.524613, 13.971155 ], [ 101.525074, 13.970347 ], [ 101.527618, 13.967983 ], [ 101.528318, 13.96746 ], [ 101.529529, 13.966744 ], [ 101.530064, 13.966022 ], [ 101.530103, 13.965548 ], [ 101.529791, 13.96525 ], [ 101.528347, 13.964806 ], [ 101.527746, 13.96487 ], [ 101.527072, 13.965049 ], [ 101.522526, 13.966917 ], [ 101.519065, 13.967384 ], [ 101.518597, 13.967561 ], [ 101.518233, 13.967866 ], [ 101.51774, 13.968401 ], [ 101.51748, 13.968849 ], [ 101.517433, 13.969925 ], [ 101.517658, 13.970396 ], [ 101.518103, 13.97075 ], [ 101.518579, 13.971304 ], [ 101.518953, 13.971931 ], [ 101.51902, 13.972676 ], [ 101.51879, 13.973138 ], [ 101.518411, 13.973414 ], [ 101.517899, 13.973577 ], [ 101.517282, 13.973555 ], [ 101.515014, 13.973033 ], [ 101.514456, 13.973025 ], [ 101.513664, 13.973148 ], [ 101.511747, 13.973756 ], [ 101.509931, 13.974233 ], [ 101.508698, 13.97426 ], [ 101.506296, 13.974166 ], [ 101.505648, 13.974232 ], [ 101.505038, 13.974442 ], [ 101.504649, 13.97472 ], [ 101.504008, 13.975372 ], [ 101.500683, 13.979184 ], [ 101.497046, 13.982316 ], [ 101.495753, 13.983883 ], [ 101.494995, 13.985098 ], [ 101.494643, 13.985401 ], [ 101.494313, 13.985452 ], [ 101.494019, 13.985383 ], [ 101.493772, 13.985159 ], [ 101.493332, 13.984076 ], [ 101.493121, 13.982703 ], [ 101.49325, 13.982152 ], [ 101.493417, 13.981816 ], [ 101.494982, 13.979326 ], [ 101.495194, 13.978619 ], [ 101.495231, 13.977459 ], [ 101.49514, 13.977006 ], [ 101.494927, 13.976506 ], [ 101.494171, 13.975629 ], [ 101.493701, 13.975228 ], [ 101.493198, 13.975042 ], [ 101.492646, 13.974952 ], [ 101.492011, 13.975078 ], [ 101.491027, 13.975781 ], [ 101.490071, 13.976759 ], [ 101.489669, 13.976918 ], [ 101.489338, 13.976922 ], [ 101.489104, 13.976757 ], [ 101.488812, 13.975792 ], [ 101.488663, 13.975602 ], [ 101.488404, 13.975413 ], [ 101.48806, 13.975297 ], [ 101.483553, 13.975009 ], [ 101.478299, 13.974417 ], [ 101.477124, 13.974467 ], [ 101.476265, 13.974715 ], [ 101.476013, 13.974899 ], [ 101.475674, 13.975304 ], [ 101.47532, 13.976025 ], [ 101.475324, 13.976378 ], [ 101.475664, 13.977943 ], [ 101.47564, 13.978498 ], [ 101.475481, 13.979226 ], [ 101.475205, 13.979898 ], [ 101.474895, 13.980265 ], [ 101.474419, 13.980633 ], [ 101.472624, 13.981225 ], [ 101.472206, 13.981516 ], [ 101.471431, 13.98226 ], [ 101.470086, 13.983794 ], [ 101.467282, 13.98802 ], [ 101.465148, 13.990851 ], [ 101.463731, 13.992916 ], [ 101.462919, 13.993914 ], [ 101.462423, 13.994278 ], [ 101.461268, 13.994749 ], [ 101.460754, 13.994782 ], [ 101.460043, 13.99468 ], [ 101.459806, 13.9945 ], [ 101.459697, 13.994291 ], [ 101.45969, 13.993698 ], [ 101.460892, 13.990684 ], [ 101.460888, 13.990321 ], [ 101.460709, 13.990016 ], [ 101.460461, 13.98978 ], [ 101.460167, 13.989726 ], [ 101.459384, 13.9898 ], [ 101.458164, 13.990186 ], [ 101.457668, 13.99043 ], [ 101.456965, 13.990628 ], [ 101.456358, 13.990701 ], [ 101.455485, 13.990717 ], [ 101.454086, 13.990445 ], [ 101.452862, 13.990433 ], [ 101.45151, 13.991044 ], [ 101.449907, 13.992184 ], [ 101.448921, 13.992756 ], [ 101.446968, 13.993265 ], [ 101.446493, 13.993473 ], [ 101.446227, 13.993751 ], [ 101.446181, 13.994098 ], [ 101.446271, 13.99448 ], [ 101.447805, 13.996018 ], [ 101.448093, 13.996601 ], [ 101.448469, 13.997457 ], [ 101.449053, 13.999376 ], [ 101.449556, 14.000685 ], [ 101.449901, 14.000921 ], [ 101.450293, 14.000941 ], [ 101.450745, 14.000829 ], [ 101.451329, 14.000512 ], [ 101.451742, 14.000185 ], [ 101.452538, 13.999078 ], [ 101.452925, 13.998655 ], [ 101.453229, 13.998485 ], [ 101.45356, 13.998506 ], [ 101.453819, 13.998706 ], [ 101.453933, 13.999004 ], [ 101.453925, 13.999422 ], [ 101.453395, 14.000276 ], [ 101.452754, 14.000988 ], [ 101.451553, 14.001968 ], [ 101.450645, 14.002933 ], [ 101.450368, 14.003331 ], [ 101.450128, 14.003859 ], [ 101.449412, 14.006687 ], [ 101.448915, 14.008329 ], [ 101.448624, 14.00904 ], [ 101.448493, 14.009185 ], [ 101.44812, 14.009317 ], [ 101.447759, 14.009235 ], [ 101.446394, 14.008632 ], [ 101.44521, 14.008522 ], [ 101.444323, 14.008646 ], [ 101.443929, 14.008872 ], [ 101.443798, 14.009024 ], [ 101.443742, 14.009283 ], [ 101.444235, 14.011436 ], [ 101.443976, 14.012615 ], [ 101.443571, 14.0136 ], [ 101.442763, 14.014744 ], [ 101.442352, 14.015178 ], [ 101.441378, 14.015726 ], [ 101.439604, 14.016348 ], [ 101.438757, 14.016834 ], [ 101.438437, 14.017124 ], [ 101.438187, 14.017528 ], [ 101.438073, 14.017883 ], [ 101.43812, 14.018667 ], [ 101.43829, 14.018962 ], [ 101.438536, 14.019103 ], [ 101.438899, 14.019137 ], [ 101.440472, 14.018835 ], [ 101.441637, 14.018804 ], [ 101.443131, 14.019238 ], [ 101.444126, 14.019849 ], [ 101.444443, 14.02021 ], [ 101.444623, 14.020562 ], [ 101.444626, 14.020858 ], [ 101.444243, 14.022573 ], [ 101.443554, 14.025019 ], [ 101.443608, 14.025515 ], [ 101.443906, 14.025866 ], [ 101.444426, 14.026004 ], [ 101.445816, 14.025875 ], [ 101.446256, 14.025881 ], [ 101.446561, 14.025973 ], [ 101.446749, 14.026172 ], [ 101.4469, 14.026543 ], [ 101.44687, 14.027404 ], [ 101.446649, 14.027827 ], [ 101.446179, 14.028346 ], [ 101.445436, 14.028927 ], [ 101.444516, 14.029496 ], [ 101.441607, 14.030845 ], [ 101.440787, 14.031111 ], [ 101.439217, 14.031256 ], [ 101.438539, 14.031048 ], [ 101.437934, 14.030767 ], [ 101.434503, 14.028636 ], [ 101.434032, 14.028583 ], [ 101.433519, 14.028689 ], [ 101.433258, 14.028964 ], [ 101.43268, 14.029916 ], [ 101.432149, 14.031055 ], [ 101.431654, 14.031504 ], [ 101.431156, 14.031639 ], [ 101.430699, 14.031528 ], [ 101.429793, 14.030548 ], [ 101.42932, 14.030323 ], [ 101.428776, 14.030286 ], [ 101.427837, 14.030381 ], [ 101.427252, 14.030588 ], [ 101.425441, 14.031624 ], [ 101.424841, 14.031845 ], [ 101.420617, 14.032461 ], [ 101.419957, 14.032626 ], [ 101.419079, 14.032893 ], [ 101.417311, 14.033828 ], [ 101.416597, 14.034423 ], [ 101.415871, 14.035191 ], [ 101.414406, 14.036984 ], [ 101.41381, 14.037607 ], [ 101.412688, 14.038507 ], [ 101.411798, 14.039061 ], [ 101.410832, 14.039458 ], [ 101.409821, 14.039712 ], [ 101.409075, 14.039992 ], [ 101.408242, 14.04043 ], [ 101.407644, 14.040881 ], [ 101.407194, 14.041359 ], [ 101.406718, 14.042195 ], [ 101.40601, 14.044799 ], [ 101.405015, 14.046558 ], [ 101.40377, 14.048364 ], [ 101.402986, 14.049246 ], [ 101.400921, 14.051289 ], [ 101.400501, 14.051853 ], [ 101.400111, 14.052516 ], [ 101.399811, 14.053351 ], [ 101.399388, 14.055048 ], [ 101.399202, 14.055494 ], [ 101.39852, 14.056347 ], [ 101.398023, 14.056582 ], [ 101.397568, 14.056615 ], [ 101.39664, 14.056366 ], [ 101.395976, 14.056086 ], [ 101.394852, 14.055351 ], [ 101.393522, 14.05469 ], [ 101.39277, 14.054425 ], [ 101.391607, 14.054193 ], [ 101.387483, 14.053674 ], [ 101.385971, 14.053326 ], [ 101.382909, 14.052782 ], [ 101.379145, 14.052456 ], [ 101.373092, 14.052477 ], [ 101.369794, 14.05184 ], [ 101.368205, 14.051622 ], [ 101.366319, 14.051556 ], [ 101.364596, 14.051908 ], [ 101.363413, 14.052386 ], [ 101.361503, 14.053564 ], [ 101.359594, 14.054885 ], [ 101.358608, 14.055433 ], [ 101.35679, 14.056012 ], [ 101.353551, 14.057825 ], [ 101.352783, 14.058095 ], [ 101.352037, 14.058258 ], [ 101.350225, 14.058276 ], [ 101.349366, 14.058033 ], [ 101.347965, 14.057509 ], [ 101.347028, 14.056956 ], [ 101.346498, 14.056567 ], [ 101.344978, 14.055171 ], [ 101.343886, 14.05445 ], [ 101.338978, 14.053034 ], [ 101.338226, 14.052726 ], [ 101.336805, 14.051693 ], [ 101.336313, 14.051023 ], [ 101.336042, 14.050366 ], [ 101.336006, 14.049649 ], [ 101.336586, 14.045639 ], [ 101.336616, 14.043846 ], [ 101.33646, 14.042915 ], [ 101.335551, 14.040223 ], [ 101.335412, 14.038538 ], [ 101.335537, 14.037568 ], [ 101.336018, 14.035523 ], [ 101.336342, 14.03464 ], [ 101.336861, 14.03366 ], [ 101.339278, 14.030576 ], [ 101.340201, 14.028884 ], [ 101.340944, 14.026831 ], [ 101.341164, 14.025356 ], [ 101.341192, 14.024247 ], [ 101.340909, 14.023312 ], [ 101.340147, 14.021598 ], [ 101.336343, 14.01392 ], [ 101.334803, 14.009393 ], [ 101.334329, 14.008489 ], [ 101.333685, 14.007706 ], [ 101.33247, 14.006707 ], [ 101.331922, 14.006296 ], [ 101.331095, 14.005888 ], [ 101.330078, 14.005539 ], [ 101.328989, 14.005292 ], [ 101.328239, 14.005242 ], [ 101.325419, 14.005254 ], [ 101.323378, 14.005417 ], [ 101.322879, 14.005393 ], [ 101.321157, 14.005066 ], [ 101.313373, 14.003093 ], [ 101.311946, 14.00282 ], [ 101.31021, 14.002622 ], [ 101.308917, 14.002591 ], [ 101.307643, 14.00299 ], [ 101.30703, 14.003398 ], [ 101.306493, 14.004005 ], [ 101.304485, 14.007453 ], [ 101.304022, 14.008117 ], [ 101.302565, 14.009335 ], [ 101.301791, 14.009773 ], [ 101.300431, 14.010389 ], [ 101.298177, 14.011271 ], [ 101.29601, 14.011994 ], [ 101.294571, 14.012311 ], [ 101.293176, 14.012372 ], [ 101.290629, 14.012301 ], [ 101.286399, 14.011623 ], [ 101.283768, 14.011768 ], [ 101.282347, 14.011709 ], [ 101.280702, 14.011259 ], [ 101.276252, 14.009626 ], [ 101.274525, 14.009317 ], [ 101.272764, 14.00943 ], [ 101.271943, 14.009629 ], [ 101.267571, 14.0112 ], [ 101.264898, 14.012296 ], [ 101.26316, 14.012847 ], [ 101.262397, 14.012969 ], [ 101.256366, 14.013179 ], [ 101.25368, 14.012859 ], [ 101.251284, 14.012212 ], [ 101.247963, 14.011134 ], [ 101.240785, 14.008293 ], [ 101.237839, 14.007421 ], [ 101.234897, 14.007009 ], [ 101.234072, 14.006825 ], [ 101.233266, 14.006488 ], [ 101.231534, 14.005643 ], [ 101.230884, 14.005248 ], [ 101.227354, 14.002794 ], [ 101.225034, 14.001878 ], [ 101.223504, 14.001643 ], [ 101.222717, 14.001364 ], [ 101.222048, 14.000987 ], [ 101.221666, 14.000661 ], [ 101.221245, 14.0 ], [ 101.220429, 13.99809 ], [ 101.219761, 13.997379 ], [ 101.219208, 13.997145 ], [ 101.218669, 13.997078 ], [ 101.217862, 13.997193 ], [ 101.215644, 13.998218 ], [ 101.214667, 13.998466 ], [ 101.214116, 13.998471 ], [ 101.210868, 13.998058 ], [ 101.209937, 13.998019 ], [ 101.207355, 13.998126 ], [ 101.206779, 13.998071 ], [ 101.206386, 13.997931 ], [ 101.205486, 13.997294 ], [ 101.205287, 13.996913 ], [ 101.205283, 13.996459 ], [ 101.205413, 13.99604 ], [ 101.205992, 13.995138 ], [ 101.207871, 13.993175 ], [ 101.20931, 13.99211 ], [ 101.210456, 13.991124 ], [ 101.211135, 13.99041 ], [ 101.211967, 13.989369 ], [ 101.21237, 13.988486 ], [ 101.212384, 13.987855 ], [ 101.212109, 13.985696 ], [ 101.21295, 13.983603 ], [ 101.213158, 13.98276 ], [ 101.212878, 13.98217 ], [ 101.212366, 13.981887 ], [ 101.211524, 13.981876 ], [ 101.208353, 13.982153 ], [ 101.206904, 13.982167 ], [ 101.205865, 13.982023 ], [ 101.203861, 13.98141 ], [ 101.20323, 13.980957 ], [ 101.202774, 13.980387 ], [ 101.202553, 13.979803 ], [ 101.202471, 13.979354 ], [ 101.202485, 13.978847 ], [ 101.20261, 13.978578 ], [ 101.202959, 13.97825 ], [ 101.203554, 13.977938 ], [ 101.205546, 13.977366 ], [ 101.206788, 13.977134 ], [ 101.209111, 13.977003 ], [ 101.209933, 13.977163 ], [ 101.211039, 13.977619 ], [ 101.214045, 13.979624 ], [ 101.215139, 13.980056 ], [ 101.216304, 13.980356 ], [ 101.217161, 13.980372 ], [ 101.217845, 13.980199 ], [ 101.218222, 13.979872 ], [ 101.218351, 13.979309 ], [ 101.218321, 13.978784 ], [ 101.218182, 13.978259 ], [ 101.217681, 13.977128 ], [ 101.217033, 13.975938 ], [ 101.215473, 13.974042 ], [ 101.213927, 13.972444 ], [ 101.21245, 13.970234 ], [ 101.211467, 13.968985 ], [ 101.211023, 13.968631 ], [ 101.210383, 13.96835 ], [ 101.20982, 13.968355 ], [ 101.206868, 13.969338 ], [ 101.206012, 13.969417 ], [ 101.204787, 13.969381 ], [ 101.203365, 13.969154 ], [ 101.202285, 13.968877 ], [ 101.201227, 13.968313 ], [ 101.200896, 13.967904 ], [ 101.20072, 13.967475 ], [ 101.200764, 13.966961 ], [ 101.200977, 13.96617 ], [ 101.201915, 13.964416 ], [ 101.202547, 13.963392 ], [ 101.203051, 13.962814 ], [ 101.203887, 13.962233 ], [ 101.204805, 13.961918 ], [ 101.205607, 13.961873 ], [ 101.206568, 13.96196 ], [ 101.207177, 13.962145 ], [ 101.208043, 13.962616 ], [ 101.210253, 13.964317 ], [ 101.212085, 13.965429 ], [ 101.213383, 13.966086 ], [ 101.214601, 13.9664 ], [ 101.21509, 13.966339 ], [ 101.215733, 13.966065 ], [ 101.216121, 13.965641 ], [ 101.216506, 13.964987 ], [ 101.216579, 13.964336 ], [ 101.216109, 13.962332 ], [ 101.215318, 13.960759 ], [ 101.214949, 13.960547 ], [ 101.209148, 13.959108 ], [ 101.208323, 13.958757 ], [ 101.207554, 13.958276 ], [ 101.206829, 13.95768 ], [ 101.206058, 13.956898 ], [ 101.203193, 13.953725 ], [ 101.199949, 13.949922 ], [ 101.19903, 13.948615 ], [ 101.198889, 13.948259 ], [ 101.198882, 13.947542 ], [ 101.199011, 13.947254 ], [ 101.199318, 13.947036 ], [ 101.203665, 13.945433 ], [ 101.205039, 13.944775 ], [ 101.205638, 13.944411 ], [ 101.205913, 13.943993 ], [ 101.205892, 13.943362 ], [ 101.205651, 13.942675 ], [ 101.205172, 13.941805 ], [ 101.204623, 13.941135 ], [ 101.203397, 13.940487 ], [ 101.20272, 13.940292 ], [ 101.201986, 13.940299 ], [ 101.201136, 13.94055 ], [ 101.200172, 13.941061 ], [ 101.199282, 13.941671 ], [ 101.198292, 13.942627 ], [ 101.197624, 13.943465 ], [ 101.197104, 13.944359 ], [ 101.196803, 13.945122 ], [ 101.196601, 13.949197 ], [ 101.196425, 13.95094 ], [ 101.196174, 13.95154 ], [ 101.195883, 13.951841 ], [ 101.195395, 13.951977 ], [ 101.194978, 13.951909 ], [ 101.194609, 13.951733 ], [ 101.193732, 13.95094 ], [ 101.192977, 13.949967 ], [ 101.192379, 13.948944 ], [ 101.192017, 13.948146 ], [ 101.191839, 13.947443 ], [ 101.191782, 13.946559 ], [ 101.191836, 13.945805 ], [ 101.191976, 13.945051 ], [ 101.192697, 13.943657 ], [ 101.19631, 13.940015 ], [ 101.19672, 13.939389 ], [ 101.196788, 13.938863 ], [ 101.19665, 13.938482 ], [ 101.196304, 13.938162 ], [ 101.195739, 13.937928 ], [ 101.195077, 13.937826 ], [ 101.194233, 13.937906 ], [ 101.19322, 13.938166 ], [ 101.192123, 13.938654 ], [ 101.189376, 13.940675 ], [ 101.188572, 13.941077 ], [ 101.187767, 13.941311 ], [ 101.187167, 13.941316 ], [ 101.185107, 13.940905 ], [ 101.184422, 13.940947 ], [ 101.183861, 13.941131 ], [ 101.18328, 13.941913 ], [ 101.183139, 13.9425 ], [ 101.182952, 13.946076 ], [ 101.182775, 13.946711 ], [ 101.182327, 13.947194 ], [ 101.181888, 13.947448 ], [ 101.180946, 13.947517 ], [ 101.180455, 13.947354 ], [ 101.178865, 13.946149 ], [ 101.178332, 13.945448 ], [ 101.177895, 13.944544 ], [ 101.177543, 13.943512 ], [ 101.177474, 13.941409 ], [ 101.177701, 13.93947 ], [ 101.177667, 13.938443 ], [ 101.177416, 13.937775 ], [ 101.176774, 13.937231 ], [ 101.174073, 13.93627 ], [ 101.171492, 13.935158 ], [ 101.168372, 13.934002 ], [ 101.167659, 13.93365 ], [ 101.167154, 13.933236 ], [ 101.166728, 13.932235 ], [ 101.16689, 13.93117 ], [ 101.167166, 13.93063 ], [ 101.168883, 13.928403 ], [ 101.171093, 13.92647 ], [ 101.17131, 13.92617 ], [ 101.171452, 13.925642 ], [ 101.171472, 13.925176 ], [ 101.171259, 13.92464 ], [ 101.170911, 13.924081 ], [ 101.165798, 13.919569 ], [ 101.165558, 13.919093 ], [ 101.165592, 13.918519 ], [ 101.165998, 13.917999 ], [ 101.166581, 13.917439 ], [ 101.167478, 13.917049 ], [ 101.1699, 13.916434 ], [ 101.17207, 13.916051 ], [ 101.17332, 13.915715 ], [ 101.174002, 13.915403 ], [ 101.174176, 13.915134 ], [ 101.174132, 13.914618 ], [ 101.172266, 13.909814 ], [ 101.170126, 13.904918 ], [ 101.169451, 13.903929 ], [ 101.168858, 13.903322 ], [ 101.168149, 13.902927 ], [ 101.167246, 13.902686 ], [ 101.166538, 13.902368 ], [ 101.166084, 13.901893 ], [ 101.16515, 13.900448 ], [ 101.161562, 13.895676 ] ] ] } },
{ "type": "Feature", "properties": { "STREAM_ID": "14_190959", "STREAM_NAM": "แม่น้ำแม่กลอง", "LOCAL_NAME": "แม่น้ำแม่กลอง", "Hy_use_des": "เส้นสมมุติของแหล่งน้ำ(ARTIFICIALPATH)", "STRCLAS_DE": "ลำน้ำหลัก", "SHAPE_Leng": 136.04 }, "geometry": { "type": "LineString", "coordinates": [ [ 99.527331, 14.019024 ], [ 99.527841, 14.018308 ], [ 99.528809, 14.017661 ], [ 99.529205, 14.017129 ], [ 99.531031, 14.012102 ], [ 99.531462, 14.00969 ], [ 99.531603, 14.00707 ], [ 99.53145, 14.004594 ], [ 99.53152, 14.003123 ], [ 99.531884, 14.001543 ], [ 99.533421, 13.998777 ], [ 99.535271, 13.996707 ], [ 99.538061, 13.995218 ], [ 99.541829, 13.993343 ], [ 99.545012, 13.992571 ], [ 99.550119, 13.991893 ], [ 99.552128, 13.991744 ], [ 99.553645, 13.991023 ], [ 99.554427, 13.99016 ], [ 99.556869, 13.986949 ], [ 99.558628, 13.985031 ], [ 99.560291, 13.983736 ], [ 99.562248, 13.982631 ], [ 99.566408, 13.980611 ], [ 99.575398, 13.975543 ], [ 99.5798, 13.972518 ], [ 99.581462, 13.9711 ], [ 99.583566, 13.97009 ], [ 99.587384, 13.968741 ], [ 99.591349, 13.967153 ], [ 99.596633, 13.964652 ], [ 99.603511, 13.962166 ], [ 99.611894, 13.959693 ], [ 99.616299, 13.958187 ], [ 99.620887, 13.956321 ], [ 99.625092, 13.954746 ], [ 99.635402, 13.950549 ], [ 99.63618, 13.950303 ], [ 99.637517, 13.950156 ], [ 99.643957, 13.950389 ], [ 99.645157, 13.95029 ], [ 99.645989, 13.949977 ], [ 99.646796, 13.9494 ], [ 99.647162, 13.948849 ], [ 99.646958, 13.946194 ], [ 99.646783, 13.944831 ], [ 99.646781, 13.944042 ], [ 99.646947, 13.942271 ], [ 99.64674, 13.937744 ], [ 99.646811, 13.936858 ], [ 99.64703, 13.936068 ], [ 99.647517, 13.935086 ], [ 99.64798, 13.934367 ], [ 99.64957, 13.933128 ], [ 99.650768, 13.932455 ], [ 99.65204, 13.931949 ], [ 99.653582, 13.931538 ], [ 99.65532, 13.931342 ], [ 99.657598, 13.931264 ], [ 99.659812, 13.931327 ], [ 99.661698, 13.931513 ], [ 99.66378, 13.931579 ], [ 99.664932, 13.931576 ], [ 99.665837, 13.93143 ], [ 99.667378, 13.930708 ], [ 99.669338, 13.92915 ], [ 99.671473, 13.926304 ], [ 99.673273, 13.924146 ], [ 99.675107, 13.923243 ], [ 99.677004, 13.92264 ], [ 99.678381, 13.922606 ], [ 99.679512, 13.922859 ], [ 99.680984, 13.923752 ], [ 99.681752, 13.924677 ], [ 99.682584, 13.926409 ], [ 99.683079, 13.928172 ], [ 99.683452, 13.929995 ], [ 99.683704, 13.932387 ], [ 99.683772, 13.934868 ], [ 99.684182, 13.936666 ], [ 99.686407, 13.943549 ], [ 99.686923, 13.944373 ], [ 99.687549, 13.94473 ], [ 99.688505, 13.944907 ], [ 99.690342, 13.944937 ], [ 99.691738, 13.944826 ], [ 99.692765, 13.944356 ], [ 99.693747, 13.94409 ], [ 99.695069, 13.94405 ], [ 99.69746, 13.94494 ], [ 99.698416, 13.945045 ], [ 99.699628, 13.945042 ], [ 99.70106, 13.944679 ], [ 99.702341, 13.94324 ], [ 99.706673, 13.937639 ], [ 99.707986, 13.936589 ], [ 99.708934, 13.936227 ], [ 99.709668, 13.936165 ], [ 99.710619, 13.936492 ], [ 99.713011, 13.938069 ], [ 99.71467, 13.939739 ], [ 99.716143, 13.940961 ], [ 99.71955, 13.943555 ], [ 99.719806, 13.943995 ], [ 99.719869, 13.945143 ], [ 99.720086, 13.945755 ], [ 99.720499, 13.946213 ], [ 99.724563, 13.948612 ], [ 99.72587, 13.949531 ], [ 99.726925, 13.950126 ], [ 99.728227, 13.951175 ], [ 99.731986, 13.954728 ], [ 99.73261, 13.955453 ], [ 99.733371, 13.956145 ], [ 99.735064, 13.957025 ], [ 99.735998, 13.957764 ], [ 99.737055, 13.95922 ], [ 99.737205, 13.9602 ], [ 99.73755, 13.960606 ], [ 99.738041, 13.961011 ], [ 99.739218, 13.96139 ], [ 99.740981, 13.961337 ], [ 99.741838, 13.961047 ], [ 99.743587, 13.95974 ], [ 99.745591, 13.958371 ], [ 99.746886, 13.95729 ], [ 99.747667, 13.956259 ], [ 99.748495, 13.954869 ], [ 99.748808, 13.953313 ], [ 99.749023, 13.951638 ], [ 99.748993, 13.949677 ], [ 99.748643, 13.947939 ], [ 99.747778, 13.94561 ], [ 99.745608, 13.936517 ], [ 99.745457, 13.935178 ], [ 99.745479, 13.934341 ], [ 99.745721, 13.933479 ], [ 99.746378, 13.932137 ], [ 99.747355, 13.931273 ], [ 99.7487, 13.930671 ], [ 99.75248, 13.929723 ], [ 99.754168, 13.929144 ], [ 99.755831, 13.928349 ], [ 99.757542, 13.927244 ], [ 99.759079, 13.92566 ], [ 99.760444, 13.923718 ], [ 99.761173, 13.921993 ], [ 99.761503, 13.92033 ], [ 99.761886, 13.917554 ], [ 99.761756, 13.91533 ], [ 99.76146, 13.913738 ], [ 99.761103, 13.91239 ], [ 99.761067, 13.910524 ], [ 99.761271, 13.909734 ], [ 99.761591, 13.909015 ], [ 99.762031, 13.908526 ], [ 99.763524, 13.907539 ], [ 99.765148, 13.90696 ], [ 99.767497, 13.906455 ], [ 99.769769, 13.906084 ], [ 99.773104, 13.905188 ], [ 99.774082, 13.904764 ], [ 99.774551, 13.904456 ], [ 99.774902, 13.90392 ], [ 99.775501, 13.901258 ], [ 99.775747, 13.898608 ], [ 99.776036, 13.897057 ], [ 99.776386, 13.896424 ], [ 99.776933, 13.895944 ], [ 99.777461, 13.89577 ], [ 99.778166, 13.895691 ], [ 99.778911, 13.895785 ], [ 99.780275, 13.896468 ], [ 99.782062, 13.897592 ], [ 99.784216, 13.898665 ], [ 99.785368, 13.898925 ], [ 99.78669, 13.89892 ], [ 99.788134, 13.898557 ], [ 99.789258, 13.897979 ], [ 99.790039, 13.897307 ], [ 99.790906, 13.896175 ], [ 99.791416, 13.895025 ], [ 99.791754, 13.893589 ], [ 99.792204, 13.889209 ], [ 99.79247, 13.888156 ], [ 99.792956, 13.887102 ], [ 99.793693, 13.885873 ], [ 99.794826, 13.884779 ], [ 99.79889, 13.881742 ], [ 99.801446, 13.879476 ], [ 99.80215, 13.878631 ], [ 99.803256, 13.875641 ], [ 99.8037, 13.874016 ], [ 99.804004, 13.873262 ], [ 99.804601, 13.872697 ], [ 99.805356, 13.871343 ], [ 99.805608, 13.869931 ], [ 99.806153, 13.86912 ], [ 99.807057, 13.868495 ], [ 99.808182, 13.868061 ], [ 99.809381, 13.867818 ], [ 99.810776, 13.867765 ], [ 99.812593, 13.868016 ], [ 99.814203, 13.868017 ], [ 99.815647, 13.867916 ], [ 99.817017, 13.867457 ], [ 99.818386, 13.866831 ], [ 99.819533, 13.865918 ], [ 99.82002, 13.864983 ], [ 99.820192, 13.863752 ], [ 99.820282, 13.861622 ], [ 99.820908, 13.858534 ], [ 99.821467, 13.857456 ], [ 99.822028, 13.85676 ], [ 99.824717, 13.855627 ], [ 99.826503, 13.855166 ], [ 99.828504, 13.854835 ], [ 99.835907, 13.854091 ], [ 99.83714, 13.853819 ], [ 99.83884, 13.852665 ], [ 99.840869, 13.850457 ], [ 99.842396, 13.848117 ], [ 99.842864, 13.847618 ], [ 99.843782, 13.847002 ], [ 99.845581, 13.846116 ], [ 99.847103, 13.84552 ], [ 99.848595, 13.84506 ], [ 99.849989, 13.844816 ], [ 99.852682, 13.844687 ], [ 99.855813, 13.84478 ], [ 99.858505, 13.84466 ], [ 99.861521, 13.84388 ], [ 99.863567, 13.843275 ], [ 99.864593, 13.842485 ], [ 99.865836, 13.840878 ], [ 99.86666, 13.838746 ], [ 99.867067, 13.836281 ], [ 99.867089, 13.83542 ], [ 99.86686, 13.83282 ], [ 99.865869, 13.829546 ], [ 99.863825, 13.824035 ], [ 99.863724, 13.82327 ], [ 99.863819, 13.822456 ], [ 99.864156, 13.8209 ], [ 99.864664, 13.819176 ], [ 99.865142, 13.817897 ], [ 99.86614, 13.816362 ], [ 99.86731, 13.815019 ], [ 99.871434, 13.811631 ], [ 99.872165, 13.810648 ], [ 99.87242, 13.809986 ], [ 99.872592, 13.808856 ], [ 99.872489, 13.807536 ], [ 99.871741, 13.806275 ], [ 99.870737, 13.804959 ], [ 99.866251, 13.800875 ], [ 99.865779, 13.800245 ], [ 99.865267, 13.799367 ], [ 99.864904, 13.798543 ], [ 99.864665, 13.797626 ], [ 99.864564, 13.796726 ], [ 99.864677, 13.79319 ], [ 99.864577, 13.792674 ], [ 99.864241, 13.791871 ], [ 99.863533, 13.790936 ], [ 99.862648, 13.789944 ], [ 99.86143, 13.788991 ], [ 99.857827, 13.787175 ], [ 99.857287, 13.786723 ], [ 99.856869, 13.78615 ], [ 99.856524, 13.785481 ], [ 99.856025, 13.782852 ], [ 99.85493, 13.77895 ], [ 99.854693, 13.778224 ], [ 99.854161, 13.777441 ], [ 99.853296, 13.776544 ], [ 99.850077, 13.774297 ], [ 99.847649, 13.772749 ], [ 99.846971, 13.77222 ], [ 99.846662, 13.771848 ], [ 99.846381, 13.771318 ], [ 99.846069, 13.770443 ], [ 99.845001, 13.766091 ], [ 99.844066, 13.76346 ], [ 99.842566, 13.760154 ], [ 99.842209, 13.758873 ], [ 99.842318, 13.756481 ], [ 99.842757, 13.754173 ], [ 99.842692, 13.752509 ], [ 99.842435, 13.751687 ], [ 99.841785, 13.750674 ], [ 99.839579, 13.748691 ], [ 99.83878, 13.747617 ], [ 99.838317, 13.746363 ], [ 99.838314, 13.745616 ], [ 99.838587, 13.744837 ], [ 99.839256, 13.743818 ], [ 99.841085, 13.741988 ], [ 99.843961, 13.739297 ], [ 99.84513, 13.737958 ], [ 99.846094, 13.736505 ], [ 99.846982, 13.734977 ], [ 99.847417, 13.733397 ], [ 99.847704, 13.731566 ], [ 99.847726, 13.727439 ], [ 99.846742, 13.720848 ], [ 99.846739, 13.720011 ], [ 99.847624, 13.714173 ], [ 99.849605, 13.707229 ], [ 99.849765, 13.70608 ], [ 99.849761, 13.704893 ], [ 99.849599, 13.703593 ], [ 99.849261, 13.702101 ], [ 99.847809, 13.696898 ], [ 99.847041, 13.695119 ], [ 99.846542, 13.694242 ], [ 99.845678, 13.693403 ], [ 99.844266, 13.692661 ], [ 99.842876, 13.692417 ], [ 99.841544, 13.692326 ], [ 99.839255, 13.692429 ], [ 99.835227, 13.692312 ], [ 99.832332, 13.692647 ], [ 99.830692, 13.692756 ], [ 99.82893, 13.692618 ], [ 99.826395, 13.691837 ], [ 99.824851, 13.691161 ], [ 99.824225, 13.690337 ], [ 99.823225, 13.687937 ], [ 99.822144, 13.685067 ], [ 99.820553, 13.68134 ], [ 99.819483, 13.679801 ], [ 99.817027, 13.676849 ], [ 99.815968, 13.674699 ], [ 99.815386, 13.672416 ], [ 99.815378, 13.670024 ], [ 99.816736, 13.666814 ], [ 99.817415, 13.664993 ], [ 99.817461, 13.664036 ], [ 99.81637, 13.659877 ], [ 99.814568, 13.654436 ], [ 99.813962, 13.652367 ], [ 99.813681, 13.650663 ], [ 99.813645, 13.649138 ], [ 99.814191, 13.647821 ], [ 99.81613, 13.645044 ], [ 99.817734, 13.642061 ], [ 99.818643, 13.639761 ], [ 99.819025, 13.637959 ], [ 99.81899, 13.636524 ], [ 99.818219, 13.634882 ], [ 99.817359, 13.633719 ], [ 99.814876, 13.631783 ], [ 99.814044, 13.631016 ], [ 99.813399, 13.63015 ], [ 99.811491, 13.626359 ], [ 99.810724, 13.625554 ], [ 99.807996, 13.623739 ], [ 99.806363, 13.622478 ], [ 99.805382, 13.621643 ], [ 99.804706, 13.620659 ], [ 99.803288, 13.617105 ], [ 99.802236, 13.61364 ], [ 99.801373, 13.6114 ], [ 99.80076, 13.610341 ], [ 99.799704, 13.608909 ], [ 99.798255, 13.607311 ], [ 99.796068, 13.604184 ], [ 99.795624, 13.602917 ], [ 99.795488, 13.601838 ], [ 99.795796, 13.600363 ], [ 99.796535, 13.599136 ], [ 99.797217, 13.598311 ], [ 99.798252, 13.597695 ], [ 99.799131, 13.597291 ], [ 99.803145, 13.596754 ], [ 99.805088, 13.596246 ], [ 99.806662, 13.595415 ], [ 99.808491, 13.593795 ], [ 99.809953, 13.592211 ], [ 99.810792, 13.590845 ], [ 99.813125, 13.586051 ], [ 99.815086, 13.581547 ], [ 99.817093, 13.577914 ], [ 99.81983, 13.573563 ], [ 99.821122, 13.571062 ], [ 99.821812, 13.56923 ], [ 99.82184, 13.566682 ], [ 99.821322, 13.565464 ], [ 99.819956, 13.562849 ], [ 99.818457, 13.560482 ], [ 99.817654, 13.558152 ], [ 99.817647, 13.556059 ], [ 99.817857, 13.554922 ], [ 99.818526, 13.553873 ], [ 99.819132, 13.552316 ], [ 99.81934, 13.550401 ], [ 99.819274, 13.549235 ], [ 99.818963, 13.547622 ], [ 99.818438, 13.54589 ], [ 99.81836, 13.544419 ], [ 99.818539, 13.543342 ], [ 99.819415, 13.541939 ], [ 99.820293, 13.541291 ], [ 99.821356, 13.541108 ], [ 99.823483, 13.541101 ], [ 99.829718, 13.54126 ], [ 99.831735, 13.541073 ], [ 99.835666, 13.539996 ], [ 99.836912, 13.539776 ], [ 99.838342, 13.539628 ], [ 99.840067, 13.539873 ], [ 99.841791, 13.539939 ], [ 99.843942, 13.539743 ], [ 99.845357, 13.539021 ], [ 99.846722, 13.537724 ], [ 99.847642, 13.535185 ], [ 99.848075, 13.533127 ], [ 99.848802, 13.531354 ], [ 99.849676, 13.529581 ], [ 99.850992, 13.528524 ], [ 99.853336, 13.527463 ], [ 99.855485, 13.526834 ], [ 99.858343, 13.525587 ], [ 99.860944, 13.524825 ], [ 99.86241, 13.524497 ], [ 99.863033, 13.524494 ], [ 99.863657, 13.524672 ], [ 99.864981, 13.525564 ], [ 99.865529, 13.527515 ], [ 99.865564, 13.528711 ], [ 99.865817, 13.531192 ], [ 99.866187, 13.531999 ], [ 99.866923, 13.532714 ], [ 99.867993, 13.532949 ], [ 99.869032, 13.532916 ], [ 99.870131, 13.532583 ], [ 99.871381, 13.531801 ], [ 99.872876, 13.531018 ], [ 99.874006, 13.530626 ], [ 99.878192, 13.53019 ], [ 99.879995, 13.530154 ], [ 99.883542, 13.530769 ], [ 99.884826, 13.530765 ], [ 99.887612, 13.530236 ], [ 99.890068, 13.530047 ], [ 99.895466, 13.530764 ], [ 99.897667, 13.530756 ], [ 99.898617, 13.530355 ], [ 99.90072, 13.528942 ], [ 99.902794, 13.527678 ], [ 99.904378, 13.526477 ], [ 99.905076, 13.525188 ], [ 99.905256, 13.524291 ], [ 99.90525, 13.522586 ], [ 99.904752, 13.520345 ], [ 99.904656, 13.51915 ], [ 99.904867, 13.518341 ], [ 99.905476, 13.517681 ], [ 99.906208, 13.51726 ], [ 99.908835, 13.517161 ], [ 99.909679, 13.51724 ], [ 99.910534, 13.517046 ], [ 99.91107, 13.516518 ], [ 99.911482, 13.515655 ], [ 99.911892, 13.514098 ], [ 99.912083, 13.51283 ], [ 99.912762, 13.511464 ], [ 99.914731, 13.508586 ], [ 99.919587, 13.5 ], [ 99.921171, 13.496346 ], [ 99.922658, 13.493679 ], [ 99.923995, 13.491671 ], [ 99.92585, 13.489332 ], [ 99.928436, 13.486392 ], [ 99.930131, 13.484231 ], [ 99.933441, 13.48062 ], [ 99.934005, 13.479776 ], [ 99.934509, 13.478607 ], [ 99.935512, 13.475394 ], [ 99.936132, 13.473976 ], [ 99.937552, 13.472057 ], [ 99.938388, 13.470791 ], [ 99.939881, 13.467354 ], [ 99.940384, 13.465936 ], [ 99.940986, 13.464919 ], [ 99.942348, 13.463192 ], [ 99.943503, 13.461509 ], [ 99.944493, 13.45963 ], [ 99.944782, 13.458481 ], [ 99.944716, 13.456701 ], [ 99.943625, 13.451843 ], [ 99.9435, 13.449987 ], [ 99.943607, 13.447937 ], [ 99.944126, 13.445696 ], [ 99.945607, 13.441114 ], [ 99.946697, 13.438599 ], [ 99.948665, 13.434757 ], [ 99.949482, 13.43284 ], [ 99.949752, 13.431523 ], [ 99.949809, 13.430476 ], [ 99.949773, 13.429161 ], [ 99.948869, 13.424529 ], [ 99.948714, 13.423215 ], [ 99.948789, 13.422354 ], [ 99.949178, 13.42174 ], [ 99.94988, 13.421316 ], [ 99.950837, 13.421198 ], [ 99.951815, 13.421328 ], [ 99.953088, 13.421706 ], [ 99.954792, 13.422561 ], [ 99.956456, 13.423262 ], [ 99.957787, 13.423506 ], [ 99.958745, 13.423502 ], [ 99.959725, 13.423185 ], [ 99.96048, 13.42268 ], [ 99.961015, 13.421936 ], [ 99.961329, 13.420954 ], [ 99.961324, 13.419902 ], [ 99.961025, 13.418348 ], [ 99.960457, 13.416771 ], [ 99.958931, 13.414194 ], [ 99.958354, 13.412789 ], [ 99.958031, 13.411451 ], [ 99.958076, 13.410494 ], [ 99.958464, 13.409631 ], [ 99.959339, 13.408647 ], [ 99.960535, 13.408212 ], [ 99.96183, 13.408087 ], [ 99.963394, 13.408225 ], [ 99.966314, 13.409137 ], [ 99.968737, 13.410109 ], [ 99.969985, 13.410535 ], [ 99.971574, 13.410744 ], [ 99.972503, 13.410716 ], [ 99.974202, 13.410383 ], [ 99.97569, 13.409755 ], [ 99.976859, 13.408865 ], [ 99.977636, 13.407595 ], [ 99.9779, 13.406302 ], [ 99.977721, 13.404341 ], [ 99.977496, 13.403074 ], [ 99.977562, 13.401184 ], [ 99.977853, 13.400632 ], [ 99.97851, 13.400151 ], [ 99.979364, 13.399861 ], [ 99.980146, 13.399691 ], [ 99.98105, 13.399851 ], [ 99.98198, 13.400183 ], [ 99.98274, 13.400658 ], [ 99.983671, 13.40142 ], [ 99.984828, 13.403353 ], [ 99.985272, 13.404571 ], [ 99.985523, 13.406054 ], [ 99.98553, 13.407728 ], [ 99.985415, 13.409618 ], [ 99.984836, 13.411367 ], [ 99.984068, 13.41293 ], [ 99.983005, 13.414309 ], [ 99.982186, 13.415748 ], [ 99.981763, 13.416916 ], [ 99.981766, 13.417663 ], [ 99.982045, 13.418559 ], [ 99.982873, 13.419393 ], [ 99.98425, 13.420076 ], [ 99.985472, 13.420011 ], [ 99.986662, 13.419707 ], [ 99.988217, 13.418954 ], [ 99.99047, 13.417151 ], [ 99.993919, 13.41394 ], [ 99.995685, 13.412558 ], [ 99.996324, 13.411838 ], [ 99.996809, 13.411148 ], [ 99.99699, 13.41043 ], [ 99.997017, 13.409682 ], [ 99.996794, 13.40738 ], [ 99.996297, 13.405439 ], [ 99.994724, 13.401737 ], [ 99.991917, 13.397089 ], [ 99.986462, 13.39008 ], [ 99.984369, 13.38635 ], [ 99.983905, 13.384827 ], [ 99.983839, 13.383631 ], [ 99.983926, 13.382465 ], [ 99.98444, 13.381147 ], [ 99.986124, 13.379739 ], [ 99.988167, 13.378834 ], [ 99.990635, 13.377479 ], [ 99.992583, 13.375737 ], [ 99.996454, 13.367141 ], [ 99.997105, 13.366338 ] ] } }
]
}
