{
"type": "FeatureCollection",
"name": "tung",
"crs": { "type": "name", "properties": { "name": "urn:ogc:def:crs:OGC:1.3:CRS84" } },
"xy_coordinate_resolution": 1e-06,
"features": [
{ "type": "Feature", "properties": { "Name_tung": "โครงการฯโพธิ์พระยา", "rai": 266338.0, "color": "#ef4444", "label_lng": 100.07041, "label_lat": 14.32656 }, "geometry": { "type": "Polygon", "coordinates": [ [ [ 100.03759, 14.47427, 0.0 ], [ 100.043665, 14.468659, 0.0 ], [ 100.047176, 14.471008, 0.0 ], [ 100.050662, 14.46629, 0.0 ], [ 100.05476, 14.462719, 0.0 ], [ 100.060763, 14.46189, 0.0 ], [ 100.069034, 14.456533, 0.0 ], [ 100.094172, 14.452232, 0.0 ], [ 100.132797, 14.445472, 0.0 ], [ 100.145618, 14.432853, 0.0 ], [ 100.152315, 14.422655, 0.0 ], [ 100.151637, 14.410101, 0.0 ], [ 100.163256, 14.402868, 0.0 ], [ 100.169562, 14.391015, 0.0 ], [ 100.16828, 14.388352, 0.0 ], [ 100.163798, 14.380098, 0.0 ], [ 100.153917, 14.371988, 0.0 ], [ 100.150473, 14.358729, 0.0 ], [ 100.153133, 14.348314, 0.0 ], [ 100.149366, 14.3426, 0.0 ], [ 100.146413, 14.331575, 0.0 ], [ 100.149522, 14.317608, 0.0 ], [ 100.149965, 14.308926, 0.0 ], [ 100.144119, 14.298266, 0.0 ], [ 100.137098, 14.29054, 0.0 ], [ 100.133272, 14.28241, 0.0 ], [ 100.137848, 14.274848, 0.0 ], [ 100.134809, 14.26562, 0.0 ], [ 100.132268, 14.24989, 0.0 ], [ 100.119834, 14.237964, 0.0 ], [ 100.122129, 14.238122, 0.0 ], [ 100.119637, 14.223129, 0.0 ], [ 100.117095, 14.210671, 0.0 ], [ 100.123942, 14.202771, 0.0 ], [ 100.133182, 14.197115, 0.0 ], [ 100.124754, 14.190125, 0.0 ], [ 100.121947, 14.175086, 0.0 ], [ 100.118253, 14.16987, 0.0 ], [ 100.113758, 14.167811, 0.0 ], [ 100.101468, 14.177555, 0.0 ], [ 100.095892, 14.190273, 0.0 ], [ 100.097889, 14.203081, 0.0 ], [ 100.083818, 14.208292, 0.0 ], [ 100.073331, 14.204524, 0.0 ], [ 100.067019, 14.206049, 0.0 ], [ 100.059194, 14.211386, 0.0 ], [ 100.050186, 14.21946, 0.0 ], [ 100.050018, 14.226888, 0.0 ], [ 100.041873, 14.231287, 0.0 ], [ 100.035936, 14.23809, 0.0 ], [ 100.043244, 14.23918, 0.0 ], [ 100.040431, 14.24503, 0.0 ], [ 100.03555, 14.248076, 0.0 ], [ 100.038716, 14.254801, 0.0 ], [ 100.044115, 14.271841, 0.0 ], [ 100.045759, 14.278654, 0.0 ], [ 100.040409, 14.28596, 0.0 ], [ 100.033582, 14.28312, 0.0 ], [ 100.022579, 14.286458, 0.0 ], [ 100.019715, 14.289879, 0.0 ], [ 100.009626, 14.290798, 0.0 ], [ 100.005624, 14.295779, 0.0 ], [ 99.997895, 14.301617, 0.0 ], [ 99.992294, 14.311189, 0.0 ], [ 99.993323, 14.32153, 0.0 ], [ 99.993032, 14.334198, 0.0 ], [ 99.987262, 14.335339, 0.0 ], [ 99.977438, 14.338073, 0.0 ], [ 99.976385, 14.345328, 0.0 ], [ 99.979203, 14.353009, 0.0 ], [ 99.973592, 14.364426, 0.0 ], [ 99.968251, 14.365419, 0.0 ], [ 99.963001, 14.372793, 0.0 ], [ 99.966979, 14.37387, 0.0 ], [ 99.969928, 14.379988, 0.0 ], [ 99.974666, 14.388234, 0.0 ], [ 99.977139, 14.394251, 0.0 ], [ 99.978476, 14.411334, 0.0 ], [ 99.981679, 14.418909, 0.0 ], [ 99.988748, 14.425058, 0.0 ], [ 99.992002, 14.433823, 0.0 ], [ 99.997279, 14.434729, 0.0 ], [ 100.002254, 14.45009, 0.0 ], [ 100.009868, 14.457395, 0.0 ], [ 100.015169, 14.463708, 0.0 ], [ 100.017322, 14.470176, 0.0 ], [ 100.022557, 14.47064, 0.0 ], [ 100.031869, 14.474952, 0.0 ], [ 100.03759, 14.47427, 0.0 ] ] ] } },
{ "type": "Feature", "properties": { "Name_tung": "โครงการณ์รังสิตใต้", "rai": 694944.0, "color": "#f97316", "label_lng": 100.87054, "label_lat": 13.96987 }, "geometry": { "type": "Polygon", "coordinates": [ [ [ 101.082137, 13.975474, 0.0 ], [ 101.084184, 13.975372, 0.0 ], [ 101.092, 13.975236, 0.0 ], [ 101.101529, 13.974736, 0.0 ], [ 101.104501, 13.974744, 0.0 ], [ 101.106238, 13.974243, 0.0 ], [ 101.109302, 13.97394, 0.0 ], [ 101.114571, 13.973281, 0.0 ], [ 101.130403, 13.971209, 0.0 ], [ 101.133144, 13.970786, 0.0 ], [ 101.133675, 13.97111, 0.0 ], [ 101.134233, 13.971109, 0.0 ], [ 101.134809, 13.970981, 0.0 ], [ 101.135271, 13.97061, 0.0 ], [ 101.135268, 13.970114, 0.0 ], [ 101.136171, 13.968261, 0.0 ], [ 101.136766, 13.967097, 0.0 ], [ 101.13758, 13.965923, 0.0 ], [ 101.140228, 13.962695, 0.0 ], [ 101.140647, 13.962278, 0.0 ], [ 101.142723, 13.960992, 0.0 ], [ 101.14273, 13.960758, 0.0 ], [ 101.142451, 13.960345, 0.0 ], [ 101.14271, 13.960066, 0.0 ], [ 101.142794, 13.959768, 0.0 ], [ 101.142858, 13.958868, 0.0 ], [ 101.143476, 13.945393, 0.0 ], [ 101.145646, 13.93867, 0.0 ], [ 101.145885, 13.937481, 0.0 ], [ 101.145592, 13.936224, 0.0 ], [ 101.145458, 13.935937, 0.0 ], [ 101.14697, 13.931884, 0.0 ], [ 101.137552, 13.910443, 0.0 ], [ 101.137774, 13.909763, 0.0 ], [ 101.137811, 13.90934, 0.0 ], [ 101.137715, 13.908671, 0.0 ], [ 101.137605, 13.908587, 0.0 ], [ 101.136881, 13.908861, 0.0 ], [ 101.136692, 13.908706, 0.0 ], [ 101.135821, 13.90666, 0.0 ], [ 101.135887, 13.906491, 0.0 ], [ 101.144297, 13.90618, 0.0 ], [ 101.144513, 13.906016, 0.0 ], [ 101.143115, 13.900923, 0.0 ], [ 101.14277, 13.894778, 0.0 ], [ 101.142258, 13.894604, 0.0 ], [ 101.142247, 13.894294, 0.0 ], [ 101.135549, 13.894721, 0.0 ], [ 101.13539, 13.894205, 0.0 ], [ 101.135038, 13.892576, 0.0 ], [ 101.13514, 13.891769, 0.0 ], [ 101.135432, 13.89139, 0.0 ], [ 101.137002, 13.89035, 0.0 ], [ 101.138434, 13.889292, 0.0 ], [ 101.138792, 13.888722, 0.0 ], [ 101.139064, 13.887954, 0.0 ], [ 101.138795, 13.886727, 0.0 ], [ 101.137757, 13.884722, 0.0 ], [ 101.137533, 13.884106, 0.0 ], [ 101.137416, 13.882855, 0.0 ], [ 101.137686, 13.88167, 0.0 ], [ 101.139052, 13.877541, 0.0 ], [ 101.140604, 13.873557, 0.0 ], [ 101.140442, 13.873212, 0.0 ], [ 101.139524, 13.87211, 0.0 ], [ 101.13796, 13.870978, 0.0 ], [ 101.135331, 13.868921, 0.0 ], [ 101.133647, 13.868217, 0.0 ], [ 101.131942, 13.867787, 0.0 ], [ 101.127044, 13.867037, 0.0 ], [ 101.126332, 13.866668, 0.0 ], [ 101.123225, 13.86406, 0.0 ], [ 101.122417, 13.863522, 0.0 ], [ 101.122062, 13.863461, 0.0 ], [ 101.121761, 13.863527, 0.0 ], [ 101.121284, 13.863653, 0.0 ], [ 101.120407, 13.864096, 0.0 ], [ 101.120119, 13.864156, 0.0 ], [ 101.119776, 13.864125, 0.0 ], [ 101.119094, 13.863784, 0.0 ], [ 101.118448, 13.862944, 0.0 ], [ 101.117854, 13.862574, 0.0 ], [ 101.116438, 13.862176, 0.0 ], [ 101.112706, 13.861603, 0.0 ], [ 101.112172, 13.861332, 0.0 ], [ 101.111105, 13.860194, 0.0 ], [ 101.110499, 13.859797, 0.0 ], [ 101.109769, 13.859427, 0.0 ], [ 101.108116, 13.858789, 0.0 ], [ 101.106363, 13.858342, 0.0 ], [ 101.102931, 13.857679, 0.0 ], [ 101.090301, 13.855018, 0.0 ], [ 101.088843, 13.854626, 0.0 ], [ 101.074142, 13.851458, 0.0 ], [ 101.072415, 13.851149, 0.0 ], [ 101.063585, 13.849177, 0.0 ], [ 101.050348, 13.84645, 0.0 ], [ 101.045892, 13.845448, 0.0 ], [ 101.038098, 13.843863, 0.0 ], [ 101.030987, 13.842298, 0.0 ], [ 101.029175, 13.841971, 0.0 ], [ 101.027236, 13.841695, 0.0 ], [ 101.023374, 13.841476, 0.0 ], [ 101.021666, 13.84128, 0.0 ], [ 101.014251, 13.840692, 0.0 ], [ 101.009226, 13.840367, 0.0 ], [ 101.006336, 13.840294, 0.0 ], [ 101.004166, 13.84012, 0.0 ], [ 101.002548, 13.840108, 0.0 ], [ 101.002157, 13.840046, 0.0 ], [ 101.001708, 13.840133, 0.0 ], [ 101.000886, 13.839921, 0.0 ], [ 100.999651, 13.839958, 0.0 ], [ 100.995343, 13.839674, 0.0 ], [ 100.991222, 13.83956, 0.0 ], [ 100.989922, 13.839417, 0.0 ], [ 100.987408, 13.83942, 0.0 ], [ 100.985978, 13.839248, 0.0 ], [ 100.98353, 13.839298, 0.0 ], [ 100.982611, 13.839182, 0.0 ], [ 100.980369, 13.839156, 0.0 ], [ 100.97945, 13.83903, 0.0 ], [ 100.978386, 13.839043, 0.0 ], [ 100.977169, 13.838934, 0.0 ], [ 100.974167, 13.838914, 0.0 ], [ 100.970857, 13.838735, 0.0 ], [ 100.969321, 13.83875, 0.0 ], [ 100.967431, 13.838934, 0.0 ], [ 100.966953, 13.838875, 0.0 ], [ 100.966467, 13.839033, 0.0 ], [ 100.963179, 13.839265, 0.0 ], [ 100.962671, 13.8394, 0.0 ], [ 100.959073, 13.839807, 0.0 ], [ 100.958238, 13.840016, 0.0 ], [ 100.956543, 13.840158, 0.0 ], [ 100.955267, 13.84037, 0.0 ], [ 100.952854, 13.840629, 0.0 ], [ 100.946416, 13.841618, 0.0 ], [ 100.939936, 13.842457, 0.0 ], [ 100.927749, 13.844312, 0.0 ], [ 100.925461, 13.844516, 0.0 ], [ 100.924408, 13.844738, 0.0 ], [ 100.920669, 13.845275, 0.0 ], [ 100.920173, 13.845443, 0.0 ], [ 100.917, 13.845985, 0.0 ], [ 100.912607, 13.846877, 0.0 ], [ 100.911703, 13.846996, 0.0 ], [ 100.906099, 13.848145, 0.0 ], [ 100.90535, 13.848202, 0.0 ], [ 100.901164, 13.849106, 0.0 ], [ 100.896147, 13.849908, 0.0 ], [ 100.891296, 13.85088, 0.0 ], [ 100.890165, 13.851205, 0.0 ], [ 100.887875, 13.851612, 0.0 ], [ 100.887271, 13.851797, 0.0 ], [ 100.885487, 13.852132, 0.0 ], [ 100.882637, 13.852469, 0.0 ], [ 100.872668, 13.85529, 0.0 ], [ 100.868615, 13.856311, 0.0 ], [ 100.8638, 13.857273, 0.0 ], [ 100.861926, 13.857496, 0.0 ], [ 100.860556, 13.857779, 0.0 ], [ 100.859142, 13.857953, 0.0 ], [ 100.854729, 13.85788, 0.0 ], [ 100.852726, 13.857752, 0.0 ], [ 100.851745, 13.857808, 0.0 ], [ 100.85021, 13.857655, 0.0 ], [ 100.847824, 13.857546, 0.0 ], [ 100.843649, 13.85703, 0.0 ], [ 100.842751, 13.856994, 0.0 ], [ 100.840556, 13.856701, 0.0 ], [ 100.838991, 13.856636, 0.0 ], [ 100.8349, 13.856182, 0.0 ], [ 100.833824, 13.855995, 0.0 ], [ 100.828981, 13.855514, 0.0 ], [ 100.824994, 13.854963, 0.0 ], [ 100.821854, 13.854646, 0.0 ], [ 100.819075, 13.854239, 0.0 ], [ 100.818055, 13.854217, 0.0 ], [ 100.812674, 13.853541, 0.0 ], [ 100.806613, 13.853378, 0.0 ], [ 100.805173, 13.852647, 0.0 ], [ 100.804601, 13.852215, 0.0 ], [ 100.800353, 13.85003, 0.0 ], [ 100.798866, 13.849164, 0.0 ], [ 100.793774, 13.846439, 0.0 ], [ 100.788279, 13.843313, 0.0 ], [ 100.77819, 13.837897, 0.0 ], [ 100.776543, 13.836941, 0.0 ], [ 100.774063, 13.835694, 0.0 ], [ 100.772547, 13.834766, 0.0 ], [ 100.761799, 13.82892, 0.0 ], [ 100.760085, 13.828051, 0.0 ], [ 100.75921, 13.827479, 0.0 ], [ 100.753639, 13.824455, 0.0 ], [ 100.753192, 13.824121, 0.0 ], [ 100.752233, 13.82375, 0.0 ], [ 100.748938, 13.821792, 0.0 ], [ 100.746833, 13.820729, 0.0 ], [ 100.743398, 13.818746, 0.0 ], [ 100.743184, 13.818769, 0.0 ], [ 100.742567, 13.819709, 0.0 ], [ 100.742026, 13.819972, 0.0 ], [ 100.74197, 13.820311, 0.0 ], [ 100.741393, 13.821878, 0.0 ], [ 100.73594, 13.83543, 0.0 ], [ 100.73324, 13.846433, 0.0 ], [ 100.732973, 13.847076, 0.0 ], [ 100.732858, 13.847815, 0.0 ], [ 100.731876, 13.851893, 0.0 ], [ 100.731724, 13.855232, 0.0 ], [ 100.731685, 13.865026, 0.0 ], [ 100.722446, 13.864015, 0.0 ], [ 100.722388, 13.870202, 0.0 ], [ 100.722307, 13.871921, 0.0 ], [ 100.722294, 13.875245, 0.0 ], [ 100.721572, 13.912055, 0.0 ], [ 100.721429, 13.913735, 0.0 ], [ 100.720956, 13.914883, 0.0 ], [ 100.720359, 13.915751, 0.0 ], [ 100.719443, 13.91655, 0.0 ], [ 100.71124, 13.92149, 0.0 ], [ 100.710212, 13.921889, 0.0 ], [ 100.708685, 13.922142, 0.0 ], [ 100.705606, 13.922097, 0.0 ], [ 100.700645, 13.9219, 0.0 ], [ 100.69671, 13.921876, 0.0 ], [ 100.68769, 13.921652, 0.0 ], [ 100.686128, 13.921553, 0.0 ], [ 100.683738, 13.921564, 0.0 ], [ 100.680506, 13.921439, 0.0 ], [ 100.678612, 13.921493, 0.0 ], [ 100.664567, 13.921181, 0.0 ], [ 100.657657, 13.921357, 0.0 ], [ 100.654413, 13.921565, 0.0 ], [ 100.650813, 13.921654, 0.0 ], [ 100.634812, 13.922339, 0.0 ], [ 100.634542, 13.922521, 0.0 ], [ 100.636488, 13.926274, 0.0 ], [ 100.639848, 13.932227, 0.0 ], [ 100.639548, 13.933034, 0.0 ], [ 100.639738, 13.937376, 0.0 ], [ 100.634608, 13.93767, 0.0 ], [ 100.630161, 13.937791, 0.0 ], [ 100.624699, 13.938082, 0.0 ], [ 100.622576, 13.95029, 0.0 ], [ 100.622331, 13.950469, 0.0 ], [ 100.617423, 13.952974, 0.0 ], [ 100.61674, 13.95324, 0.0 ], [ 100.614399, 13.95445, 0.0 ], [ 100.612575, 13.955282, 0.0 ], [ 100.609975, 13.955149, 0.0 ], [ 100.606462, 13.955223, 0.0 ], [ 100.605108, 13.967358, 0.0 ], [ 100.603419, 13.98112, 0.0 ], [ 100.60844, 13.982005, 0.0 ], [ 100.613053, 13.983035, 0.0 ], [ 100.614378, 13.983444, 0.0 ], [ 100.617585, 13.984079, 0.0 ], [ 100.620775, 13.984967, 0.0 ], [ 100.623834, 13.985602, 0.0 ], [ 100.628461, 13.9867, 0.0 ], [ 100.633365, 13.987704, 0.0 ], [ 100.646011, 13.990565, 0.0 ], [ 100.648828, 13.991346, 0.0 ], [ 100.655712, 13.993007, 0.0 ], [ 100.664123, 13.994768, 0.0 ], [ 100.667907, 13.995488, 0.0 ], [ 100.677587, 13.997583, 0.0 ], [ 100.687549, 13.999967, 0.0 ], [ 100.700158, 14.005192, 0.0 ], [ 100.719887, 14.013745, 0.0 ], [ 100.732348, 14.018929, 0.0 ], [ 100.755963, 14.028928, 0.0 ], [ 100.774245, 14.035254, 0.0 ], [ 100.778856, 14.036729, 0.0 ], [ 100.801229, 14.044546, 0.0 ], [ 100.826215, 14.053009, 0.0 ], [ 100.835517, 14.056395, 0.0 ], [ 100.869475, 14.06821, 0.0 ], [ 100.891948, 14.076194, 0.0 ], [ 100.914813, 14.084163, 0.0 ], [ 100.929867, 14.089214, 0.0 ], [ 100.944602, 14.094811, 0.0 ], [ 100.955225, 14.099156, 0.0 ], [ 100.959685, 14.101129, 0.0 ], [ 100.965261, 14.103649, 0.0 ], [ 100.974876, 14.108292, 0.0 ], [ 100.9841, 14.113145, 0.0 ], [ 100.998208, 14.120943, 0.0 ], [ 100.99881, 14.121392, 0.0 ], [ 100.999004, 14.121464, 0.0 ], [ 101.000668, 14.12024, 0.0 ], [ 101.001927, 14.119666, 0.0 ], [ 101.004075, 14.118843, 0.0 ], [ 101.012447, 14.114967, 0.0 ], [ 101.013957, 14.11417, 0.0 ], [ 101.015354, 14.113569, 0.0 ], [ 101.016125, 14.113119, 0.0 ], [ 101.01651, 14.112745, 0.0 ], [ 101.016835, 14.112206, 0.0 ], [ 101.017189, 14.111548, 0.0 ], [ 101.019057, 14.106425, 0.0 ], [ 101.020061, 14.104287, 0.0 ], [ 101.020639, 14.102384, 0.0 ], [ 101.023654, 14.09436, 0.0 ], [ 101.023839, 14.093926, 0.0 ], [ 101.024653, 14.092699, 0.0 ], [ 101.024929, 14.092026, 0.0 ], [ 101.025829, 14.088719, 0.0 ], [ 101.030086, 14.077539, 0.0 ], [ 101.030332, 14.07715, 0.0 ], [ 101.030871, 14.076789, 0.0 ], [ 101.031168, 14.076347, 0.0 ], [ 101.031633, 14.075365, 0.0 ], [ 101.031912, 14.074386, 0.0 ], [ 101.031881, 14.072924, 0.0 ], [ 101.035244, 14.064094, 0.0 ], [ 101.036184, 14.062027, 0.0 ], [ 101.054868, 14.026502, 0.0 ], [ 101.075224, 13.987539, 0.0 ], [ 101.07653, 13.98508, 0.0 ], [ 101.07677, 13.984976, 0.0 ], [ 101.077281, 13.983602, 0.0 ], [ 101.081289, 13.975951, 0.0 ], [ 101.081633, 13.975619, 0.0 ], [ 101.082137, 13.975474, 0.0 ] ] ] } },
{ "type": "Feature", "properties": { "Name_tung": "เจ้าเจ็ด", "rai": 444508.0, "color": "#f59e0b", "label_lng": 100.31068, "label_lat": 14.26903 }, "geometry": { "type": "Polygon", "coordinates": [ [ [ 100.252918, 14.332356, 0.0 ], [ 100.255339, 14.331975, 0.0 ], [ 100.256083, 14.332112, 0.0 ], [ 100.256641, 14.332473, 0.0 ], [ 100.260448, 14.336467, 0.0 ], [ 100.261998, 14.339193, 0.0 ], [ 100.263561, 14.342445, 0.0 ], [ 100.265049, 14.345156, 0.0 ], [ 100.265872, 14.346336, 0.0 ], [ 100.266332, 14.346592, 0.0 ], [ 100.273801, 14.349826, 0.0 ], [ 100.274324, 14.349991, 0.0 ], [ 100.274846, 14.349992, 0.0 ], [ 100.278905, 14.349584, 0.0 ], [ 100.280424, 14.348952, 0.0 ], [ 100.285206, 14.346064, 0.0 ], [ 100.287933, 14.34424, 0.0 ], [ 100.290976, 14.342453, 0.0 ], [ 100.293097, 14.341021, 0.0 ], [ 100.295198, 14.339722, 0.0 ], [ 100.295667, 14.339394, 0.0 ], [ 100.296224, 14.338793, 0.0 ], [ 100.297976, 14.337556, 0.0 ], [ 100.299442, 14.336776, 0.0 ], [ 100.302046, 14.335091, 0.0 ], [ 100.302486, 14.334473, 0.0 ], [ 100.303431, 14.332499, 0.0 ], [ 100.307063, 14.328503, 0.0 ], [ 100.307715, 14.327894, 0.0 ], [ 100.307878, 14.327782, 0.0 ], [ 100.309042, 14.327739, 0.0 ], [ 100.311721, 14.326457, 0.0 ], [ 100.31391, 14.325535, 0.0 ], [ 100.316193, 14.324343, 0.0 ], [ 100.316866, 14.324118, 0.0 ], [ 100.319047, 14.323626, 0.0 ], [ 100.324347, 14.322705, 0.0 ], [ 100.32596, 14.322508, 0.0 ], [ 100.330943, 14.321603, 0.0 ], [ 100.335389, 14.321564, 0.0 ], [ 100.336528, 14.321452, 0.0 ], [ 100.341001, 14.321933, 0.0 ], [ 100.346976, 14.322783, 0.0 ], [ 100.348537, 14.322717, 0.0 ], [ 100.349584, 14.322831, 0.0 ], [ 100.35517, 14.322429, 0.0 ], [ 100.358924, 14.322052, 0.0 ], [ 100.361183, 14.321951, 0.0 ], [ 100.361905, 14.321387, 0.0 ], [ 100.362418, 14.320782, 0.0 ], [ 100.365755, 14.316422, 0.0 ], [ 100.369075, 14.313924, 0.0 ], [ 100.370277, 14.314517, 0.0 ], [ 100.370667, 14.314633, 0.0 ], [ 100.372738, 14.314983, 0.0 ], [ 100.376772, 14.31509, 0.0 ], [ 100.377982, 14.315484, 0.0 ], [ 100.38004, 14.315143, 0.0 ], [ 100.380513, 14.315112, 0.0 ], [ 100.380745, 14.315208, 0.0 ], [ 100.381128, 14.315935, 0.0 ], [ 100.381378, 14.317136, 0.0 ], [ 100.38136, 14.317477, 0.0 ], [ 100.381769, 14.31923, 0.0 ], [ 100.381959, 14.3205, 0.0 ], [ 100.382068, 14.320683, 0.0 ], [ 100.383727, 14.321203, 0.0 ], [ 100.384362, 14.321329, 0.0 ], [ 100.393788, 14.322164, 0.0 ], [ 100.397708, 14.322763, 0.0 ], [ 100.401703, 14.323106, 0.0 ], [ 100.401905, 14.320756, 0.0 ], [ 100.403035, 14.320745, 0.0 ], [ 100.403326, 14.320687, 0.0 ], [ 100.403521, 14.320567, 0.0 ], [ 100.404733, 14.318785, 0.0 ], [ 100.40579, 14.316901, 0.0 ], [ 100.405922, 14.316855, 0.0 ], [ 100.407564, 14.317579, 0.0 ], [ 100.408273, 14.317653, 0.0 ], [ 100.409595, 14.317572, 0.0 ], [ 100.410111, 14.317719, 0.0 ], [ 100.423186, 14.319973, 0.0 ], [ 100.425936, 14.32197, 0.0 ], [ 100.426963, 14.324342, 0.0 ], [ 100.427606, 14.325409, 0.0 ], [ 100.428363, 14.325978, 0.0 ], [ 100.429556, 14.326767, 0.0 ], [ 100.429805, 14.326866, 0.0 ], [ 100.431075, 14.326696, 0.0 ], [ 100.440269, 14.32499, 0.0 ], [ 100.441048, 14.324925, 0.0 ], [ 100.444481, 14.324908, 0.0 ], [ 100.446317, 14.324735, 0.0 ], [ 100.446724, 14.32461, 0.0 ], [ 100.447657, 14.324033, 0.0 ], [ 100.448242, 14.323466, 0.0 ], [ 100.448776, 14.322744, 0.0 ], [ 100.449046, 14.321825, 0.0 ], [ 100.450232, 14.316291, 0.0 ], [ 100.451127, 14.311639, 0.0 ], [ 100.451353, 14.311161, 0.0 ], [ 100.451991, 14.308907, 0.0 ], [ 100.452831, 14.307089, 0.0 ], [ 100.453399, 14.305374, 0.0 ], [ 100.453706, 14.303891, 0.0 ], [ 100.453816, 14.302738, 0.0 ], [ 100.454069, 14.301237, 0.0 ], [ 100.45443, 14.30054, 0.0 ], [ 100.454863, 14.300001, 0.0 ], [ 100.456349, 14.298287, 0.0 ], [ 100.456992, 14.297756, 0.0 ], [ 100.458605, 14.296589, 0.0 ], [ 100.459814, 14.295844, 0.0 ], [ 100.460973, 14.295284, 0.0 ], [ 100.464926, 14.293873, 0.0 ], [ 100.466166, 14.293267, 0.0 ], [ 100.467843, 14.2926, 0.0 ], [ 100.469509, 14.292387, 0.0 ], [ 100.474238, 14.29158, 0.0 ], [ 100.476513, 14.291514, 0.0 ], [ 100.476938, 14.291542, 0.0 ], [ 100.477199, 14.291644, 0.0 ], [ 100.477604, 14.291945, 0.0 ], [ 100.478075, 14.292438, 0.0 ], [ 100.479056, 14.294111, 0.0 ], [ 100.480426, 14.295789, 0.0 ], [ 100.481072, 14.2964, 0.0 ], [ 100.481781, 14.296836, 0.0 ], [ 100.482587, 14.297084, 0.0 ], [ 100.483795, 14.296989, 0.0 ], [ 100.484022, 14.296834, 0.0 ], [ 100.48496, 14.295601, 0.0 ], [ 100.485382, 14.294602, 0.0 ], [ 100.485867, 14.292715, 0.0 ], [ 100.486155, 14.29046, 0.0 ], [ 100.486099, 14.289005, 0.0 ], [ 100.486144, 14.286652, 0.0 ], [ 100.485882, 14.283955, 0.0 ], [ 100.4855, 14.282421, 0.0 ], [ 100.483931, 14.278988, 0.0 ], [ 100.483619, 14.277895, 0.0 ], [ 100.483148, 14.274605, 0.0 ], [ 100.483172, 14.273906, 0.0 ], [ 100.482765, 14.272488, 0.0 ], [ 100.48243, 14.271744, 0.0 ], [ 100.481569, 14.269327, 0.0 ], [ 100.481136, 14.264908, 0.0 ], [ 100.480562, 14.260462, 0.0 ], [ 100.480396, 14.256532, 0.0 ], [ 100.479894, 14.252667, 0.0 ], [ 100.47944, 14.250712, 0.0 ], [ 100.479344, 14.249409, 0.0 ], [ 100.479082, 14.247919, 0.0 ], [ 100.479192, 14.247487, 0.0 ], [ 100.479207, 14.246645, 0.0 ], [ 100.479417, 14.24616, 0.0 ], [ 100.479496, 14.24565, 0.0 ], [ 100.479481, 14.245085, 0.0 ], [ 100.478933, 14.243895, 0.0 ], [ 100.478155, 14.241557, 0.0 ], [ 100.477866, 14.240347, 0.0 ], [ 100.477676, 14.236879, 0.0 ], [ 100.477695, 14.235852, 0.0 ], [ 100.477554, 14.233249, 0.0 ], [ 100.477594, 14.232613, 0.0 ], [ 100.477732, 14.231977, 0.0 ], [ 100.477991, 14.231534, 0.0 ], [ 100.478926, 14.230821, 0.0 ], [ 100.479505, 14.230666, 0.0 ], [ 100.482516, 14.229326, 0.0 ], [ 100.483268, 14.227942, 0.0 ], [ 100.483584, 14.227047, 0.0 ], [ 100.484457, 14.225141, 0.0 ], [ 100.486712, 14.222054, 0.0 ], [ 100.487606, 14.220953, 0.0 ], [ 100.489474, 14.218085, 0.0 ], [ 100.491059, 14.214928, 0.0 ], [ 100.492104, 14.212571, 0.0 ], [ 100.492381, 14.212241, 0.0 ], [ 100.49268, 14.212118, 0.0 ], [ 100.49315, 14.211747, 0.0 ], [ 100.493469, 14.211706, 0.0 ], [ 100.496322, 14.211851, 0.0 ], [ 100.497281, 14.211955, 0.0 ], [ 100.498293, 14.212193, 0.0 ], [ 100.499189, 14.212276, 0.0 ], [ 100.501217, 14.212234, 0.0 ], [ 100.501516, 14.211883, 0.0 ], [ 100.50158, 14.211387, 0.0 ], [ 100.50145, 14.210706, 0.0 ], [ 100.501537, 14.209776, 0.0 ], [ 100.501369, 14.207937, 0.0 ], [ 100.50109, 14.206866, 0.0 ], [ 100.50058, 14.205646, 0.0 ], [ 100.500537, 14.205192, 0.0 ], [ 100.5012, 14.204323, 0.0 ], [ 100.502772, 14.201912, 0.0 ], [ 100.504281, 14.200819, 0.0 ], [ 100.504307, 14.200407, 0.0 ], [ 100.504232, 14.199728, 0.0 ], [ 100.504032, 14.198975, 0.0 ], [ 100.503607, 14.19832, 0.0 ], [ 100.503082, 14.197738, 0.0 ], [ 100.501306, 14.19633, 0.0 ], [ 100.501156, 14.195893, 0.0 ], [ 100.501117, 14.193234, 0.0 ], [ 100.500641, 14.186799, 0.0 ], [ 100.500427, 14.179349, 0.0 ], [ 100.500471, 14.177655, 0.0 ], [ 100.50166, 14.167314, 0.0 ], [ 100.501743, 14.164896, 0.0 ], [ 100.502179, 14.160901, 0.0 ], [ 100.502619, 14.154631, 0.0 ], [ 100.502557, 14.154208, 0.0 ], [ 100.501342, 14.15395, 0.0 ], [ 100.492019, 14.152805, 0.0 ], [ 100.489636, 14.153183, 0.0 ], [ 100.489137, 14.153333, 0.0 ], [ 100.488683, 14.154344, 0.0 ], [ 100.488449, 14.15445, 0.0 ], [ 100.488199, 14.155145, 0.0 ], [ 100.488011, 14.155341, 0.0 ], [ 100.487684, 14.155175, 0.0 ], [ 100.487528, 14.155326, 0.0 ], [ 100.48711, 14.156065, 0.0 ], [ 100.486785, 14.15608, 0.0 ], [ 100.484959, 14.155605, 0.0 ], [ 100.483997, 14.155267, 0.0 ], [ 100.483264, 14.154928, 0.0 ], [ 100.482943, 14.154573, 0.0 ], [ 100.482687, 14.154403, 0.0 ], [ 100.480154, 14.153602, 0.0 ], [ 100.477726, 14.153493, 0.0 ], [ 100.476805, 14.153538, 0.0 ], [ 100.476425, 14.153661, 0.0 ], [ 100.475902, 14.153676, 0.0 ], [ 100.473826, 14.153545, 0.0 ], [ 100.460881, 14.151286, 0.0 ], [ 100.460039, 14.15119, 0.0 ], [ 100.457114, 14.151244, 0.0 ], [ 100.455307, 14.151511, 0.0 ], [ 100.450802, 14.152911, 0.0 ], [ 100.448607, 14.153352, 0.0 ], [ 100.447327, 14.153406, 0.0 ], [ 100.436469, 14.154296, 0.0 ], [ 100.426531, 14.154799, 0.0 ], [ 100.416861, 14.155409, 0.0 ], [ 100.413104, 14.155769, 0.0 ], [ 100.397501, 14.156818, 0.0 ], [ 100.394435, 14.15723, 0.0 ], [ 100.390774, 14.157521, 0.0 ], [ 100.387462, 14.157888, 0.0 ], [ 100.385104, 14.158033, 0.0 ], [ 100.384001, 14.157739, 0.0 ], [ 100.382289, 14.157831, 0.0 ], [ 100.379745, 14.158116, 0.0 ], [ 100.377384, 14.159801, 0.0 ], [ 100.376562, 14.159903, 0.0 ], [ 100.37393, 14.160043, 0.0 ], [ 100.3697, 14.15925, 0.0 ], [ 100.367542, 14.159041, 0.0 ], [ 100.36658, 14.158855, 0.0 ], [ 100.365127, 14.158771, 0.0 ], [ 100.363058, 14.158818, 0.0 ], [ 100.351472, 14.16043, 0.0 ], [ 100.347816, 14.16111, 0.0 ], [ 100.321214, 14.166519, 0.0 ], [ 100.314091, 14.168593, 0.0 ], [ 100.311041, 14.1694, 0.0 ], [ 100.308339, 14.17002, 0.0 ], [ 100.300947, 14.171439, 0.0 ], [ 100.298229, 14.171554, 0.0 ], [ 100.297618, 14.17169, 0.0 ], [ 100.296201, 14.172427, 0.0 ], [ 100.295607, 14.172593, 0.0 ], [ 100.284435, 14.17505, 0.0 ], [ 100.273367, 14.175964, 0.0 ], [ 100.26635, 14.177095, 0.0 ], [ 100.265227, 14.177398, 0.0 ], [ 100.259713, 14.178097, 0.0 ], [ 100.252691, 14.179685, 0.0 ], [ 100.245218, 14.179158, 0.0 ], [ 100.244433, 14.179291, 0.0 ], [ 100.243847, 14.17925, 0.0 ], [ 100.23347, 14.177285, 0.0 ], [ 100.232355, 14.177213, 0.0 ], [ 100.229643, 14.17772, 0.0 ], [ 100.229013, 14.177468, 0.0 ], [ 100.22867, 14.177483, 0.0 ], [ 100.222704, 14.179258, 0.0 ], [ 100.222156, 14.179245, 0.0 ], [ 100.216304, 14.180567, 0.0 ], [ 100.214289, 14.180943, 0.0 ], [ 100.213586, 14.181353, 0.0 ], [ 100.213234, 14.181437, 0.0 ], [ 100.21195, 14.182032, 0.0 ], [ 100.209856, 14.182822, 0.0 ], [ 100.208412, 14.183253, 0.0 ], [ 100.204173, 14.184, 0.0 ], [ 100.202842, 14.183629, 0.0 ], [ 100.2018, 14.183165, 0.0 ], [ 100.200739, 14.182239, 0.0 ], [ 100.199949, 14.181383, 0.0 ], [ 100.199091, 14.180681, 0.0 ], [ 100.197896, 14.179232, 0.0 ], [ 100.195818, 14.178685, 0.0 ], [ 100.19303, 14.178156, 0.0 ], [ 100.192193, 14.177871, 0.0 ], [ 100.189355, 14.177224, 0.0 ], [ 100.187972, 14.176826, 0.0 ], [ 100.187043, 14.17634, 0.0 ], [ 100.183043, 14.173465, 0.0 ], [ 100.182484, 14.173413, 0.0 ], [ 100.180197, 14.172684, 0.0 ], [ 100.175408, 14.171664, 0.0 ], [ 100.167109, 14.169614, 0.0 ], [ 100.165794, 14.169345, 0.0 ], [ 100.160715, 14.169116, 0.0 ], [ 100.155618, 14.168634, 0.0 ], [ 100.154784, 14.168309, 0.0 ], [ 100.153131, 14.167838, 0.0 ], [ 100.149442, 14.166604, 0.0 ], [ 100.14658, 14.165752, 0.0 ], [ 100.145352, 14.165496, 0.0 ], [ 100.140837, 14.165209, 0.0 ], [ 100.134558, 14.164062, 0.0 ], [ 100.132491, 14.163534, 0.0 ], [ 100.126948, 14.161745, 0.0 ], [ 100.126334, 14.163234, 0.0 ], [ 100.124538, 14.168221, 0.0 ], [ 100.121947, 14.175086, 0.0 ], [ 100.121854, 14.176383, 0.0 ], [ 100.121941, 14.177392, 0.0 ], [ 100.122294, 14.178863, 0.0 ], [ 100.122647, 14.180852, 0.0 ], [ 100.123828, 14.186255, 0.0 ], [ 100.124463, 14.189524, 0.0 ], [ 100.124754, 14.190125, 0.0 ], [ 100.125733, 14.191726, 0.0 ], [ 100.126547, 14.192439, 0.0 ], [ 100.127538, 14.193033, 0.0 ], [ 100.128469, 14.193265, 0.0 ], [ 100.132121, 14.194452, 0.0 ], [ 100.132575, 14.194693, 0.0 ], [ 100.132741, 14.194961, 0.0 ], [ 100.133182, 14.197115, 0.0 ], [ 100.133096, 14.197824, 0.0 ], [ 100.132817, 14.198438, 0.0 ], [ 100.132416, 14.198919, 0.0 ], [ 100.131697, 14.199572, 0.0 ], [ 100.129018, 14.200787, 0.0 ], [ 100.120862, 14.203983, 0.0 ], [ 100.119181, 14.204712, 0.0 ], [ 100.118445, 14.205131, 0.0 ], [ 100.117948, 14.205653, 0.0 ], [ 100.11761, 14.206151, 0.0 ], [ 100.117361, 14.206624, 0.0 ], [ 100.117138, 14.207379, 0.0 ], [ 100.116999, 14.210231, 0.0 ], [ 100.117261, 14.211582, 0.0 ], [ 100.12436, 14.222394, 0.0 ], [ 100.126591, 14.225982, 0.0 ], [ 100.13277, 14.245697, 0.0 ], [ 100.134079, 14.250104, 0.0 ], [ 100.138923, 14.265357, 0.0 ], [ 100.139406, 14.26712, 0.0 ], [ 100.139635, 14.268616, 0.0 ], [ 100.141768, 14.279206, 0.0 ], [ 100.142539, 14.28348, 0.0 ], [ 100.143238, 14.285932, 0.0 ], [ 100.144205, 14.288867, 0.0 ], [ 100.145012, 14.290914, 0.0 ], [ 100.145162, 14.291392, 0.0 ], [ 100.145195, 14.291951, 0.0 ], [ 100.146926, 14.294838, 0.0 ], [ 100.148059, 14.297072, 0.0 ], [ 100.148479, 14.298277, 0.0 ], [ 100.148902, 14.300252, 0.0 ], [ 100.149875, 14.30397, 0.0 ], [ 100.150193, 14.305614, 0.0 ], [ 100.151007, 14.308523, 0.0 ], [ 100.151485, 14.310043, 0.0 ], [ 100.153164, 14.31398, 0.0 ], [ 100.153267, 14.314702, 0.0 ], [ 100.153164, 14.314942, 0.0 ], [ 100.152138, 14.316092, 0.0 ], [ 100.151612, 14.316854, 0.0 ], [ 100.149956, 14.320496, 0.0 ], [ 100.14965, 14.32137, 0.0 ], [ 100.149076, 14.32424, 0.0 ], [ 100.14859, 14.32626, 0.0 ], [ 100.148499, 14.328097, 0.0 ], [ 100.147648, 14.333814, 0.0 ], [ 100.147676, 14.334624, 0.0 ], [ 100.147894, 14.335614, 0.0 ], [ 100.148183, 14.336306, 0.0 ], [ 100.153772, 14.346262, 0.0 ], [ 100.154209, 14.347154, 0.0 ], [ 100.1545, 14.348389, 0.0 ], [ 100.154315, 14.350658, 0.0 ], [ 100.152671, 14.353351, 0.0 ], [ 100.150281, 14.356905, 0.0 ], [ 100.150569, 14.359903, 0.0 ], [ 100.150852, 14.361872, 0.0 ], [ 100.150953, 14.362165, 0.0 ], [ 100.151697, 14.36285, 0.0 ], [ 100.153546, 14.364962, 0.0 ], [ 100.158881, 14.371261, 0.0 ], [ 100.159424, 14.371984, 0.0 ], [ 100.161456, 14.374293, 0.0 ], [ 100.162198, 14.375269, 0.0 ], [ 100.163057, 14.376847, 0.0 ], [ 100.164597, 14.378498, 0.0 ], [ 100.16783, 14.382524, 0.0 ], [ 100.167827, 14.382942, 0.0 ], [ 100.167391, 14.384232, 0.0 ], [ 100.167039, 14.385659, 0.0 ], [ 100.166999, 14.38722, 0.0 ], [ 100.167334, 14.387401, 0.0 ], [ 100.168061, 14.387265, 0.0 ], [ 100.168516, 14.387031, 0.0 ], [ 100.170496, 14.385624, 0.0 ], [ 100.172129, 14.384724, 0.0 ], [ 100.172057, 14.384164, 0.0 ], [ 100.172122, 14.383728, 0.0 ], [ 100.172411, 14.382024, 0.0 ], [ 100.172573, 14.381824, 0.0 ], [ 100.176542, 14.380992, 0.0 ], [ 100.184442, 14.379134, 0.0 ], [ 100.19292, 14.377064, 0.0 ], [ 100.194028, 14.376729, 0.0 ], [ 100.200434, 14.374031, 0.0 ], [ 100.203876, 14.37231, 0.0 ], [ 100.205059, 14.371801, 0.0 ], [ 100.205395, 14.371511, 0.0 ], [ 100.205805, 14.369341, 0.0 ], [ 100.206577, 14.362904, 0.0 ], [ 100.206805, 14.359393, 0.0 ], [ 100.207008, 14.359158, 0.0 ], [ 100.210559, 14.356573, 0.0 ], [ 100.216809, 14.352439, 0.0 ], [ 100.221352, 14.349208, 0.0 ], [ 100.227507, 14.345126, 0.0 ], [ 100.233762, 14.340866, 0.0 ], [ 100.23524, 14.339904, 0.0 ], [ 100.237835, 14.338534, 0.0 ], [ 100.238925, 14.337397, 0.0 ], [ 100.240004, 14.336453, 0.0 ], [ 100.241747, 14.33532, 0.0 ], [ 100.246547, 14.333856, 0.0 ], [ 100.247702, 14.333563, 0.0 ], [ 100.252918, 14.332356, 0.0 ] ] ] } },
{ "type": "Feature", "properties": { "Name_tung": "บางบาล", "rai": 38216.0, "color": "#84cc16", "label_lng": 100.46089, "label_lat": 14.38337 }, "geometry": { "type": "Polygon", "coordinates": [ [ [ 100.468416, 14.424744, 0.0 ], [ 100.469125, 14.424686, 0.0 ], [ 100.47591, 14.425819, 0.0 ], [ 100.476439, 14.425885, 0.0 ], [ 100.476793, 14.425852, 0.0 ], [ 100.477107, 14.425688, 0.0 ], [ 100.477381, 14.425395, 0.0 ], [ 100.477529, 14.42511, 0.0 ], [ 100.477714, 14.424432, 0.0 ], [ 100.477679, 14.423972, 0.0 ], [ 100.477308, 14.422661, 0.0 ], [ 100.478311, 14.421979, 0.0 ], [ 100.480564, 14.424108, 0.0 ], [ 100.481215, 14.423735, 0.0 ], [ 100.481883, 14.423099, 0.0 ], [ 100.481832, 14.422926, 0.0 ], [ 100.479681, 14.421004, 0.0 ], [ 100.478295, 14.419375, 0.0 ], [ 100.477367, 14.417743, 0.0 ], [ 100.476897, 14.415959, 0.0 ], [ 100.476886, 14.414172, 0.0 ], [ 100.476421, 14.413281, 0.0 ], [ 100.475806, 14.41269, 0.0 ], [ 100.475509, 14.413883, 0.0 ], [ 100.475051, 14.414034, 0.0 ], [ 100.47352, 14.413448, 0.0 ], [ 100.472285, 14.41152, 0.0 ], [ 100.471356, 14.40959, 0.0 ], [ 100.470258, 14.405279, 0.0 ], [ 100.471477, 14.404825, 0.0 ], [ 100.472546, 14.404818, 0.0 ], [ 100.472998, 14.403773, 0.0 ], [ 100.472383, 14.403181, 0.0 ], [ 100.472222, 14.401991, 0.0 ], [ 100.474806, 14.39989, 0.0 ], [ 100.476928, 14.397346, 0.0 ], [ 100.478902, 14.395547, 0.0 ], [ 100.479496, 14.393012, 0.0 ], [ 100.479937, 14.390329, 0.0 ], [ 100.48146, 14.389723, 0.0 ], [ 100.482689, 14.390758, 0.0 ], [ 100.483295, 14.39001, 0.0 ], [ 100.484354, 14.388365, 0.0 ], [ 100.483888, 14.387326, 0.0 ], [ 100.4854, 14.384934, 0.0 ], [ 100.486155, 14.383589, 0.0 ], [ 100.485081, 14.382851, 0.0 ], [ 100.486299, 14.382248, 0.0 ], [ 100.485367, 14.379871, 0.0 ], [ 100.485051, 14.378384, 0.0 ], [ 100.485036, 14.376002, 0.0 ], [ 100.483346, 14.374524, 0.0 ], [ 100.481652, 14.37245, 0.0 ], [ 100.481636, 14.370067, 0.0 ], [ 100.481776, 14.368131, 0.0 ], [ 100.483294, 14.366632, 0.0 ], [ 100.48512, 14.365578, 0.0 ], [ 100.485722, 14.364235, 0.0 ], [ 100.483876, 14.36231, 0.0 ], [ 100.483105, 14.361124, 0.0 ], [ 100.482636, 14.359489, 0.0 ], [ 100.480043, 14.360101, 0.0 ], [ 100.478368, 14.360856, 0.0 ], [ 100.477748, 14.35952, 0.0 ], [ 100.479113, 14.358022, 0.0 ], [ 100.479869, 14.356826, 0.0 ], [ 100.478486, 14.355495, 0.0 ], [ 100.476802, 14.354909, 0.0 ], [ 100.472831, 14.354934, 0.0 ], [ 100.470242, 14.356141, 0.0 ], [ 100.467952, 14.356305, 0.0 ], [ 100.466418, 14.355272, 0.0 ], [ 100.466403, 14.353038, 0.0 ], [ 100.466697, 14.35125, 0.0 ], [ 100.468364, 14.349155, 0.0 ], [ 100.469425, 14.347957, 0.0 ], [ 100.468494, 14.345729, 0.0 ], [ 100.468789, 14.344089, 0.0 ], [ 100.470001, 14.342593, 0.0 ], [ 100.46953, 14.34066, 0.0 ], [ 100.470726, 14.336632, 0.0 ], [ 100.469948, 14.334404, 0.0 ], [ 100.470547, 14.332613, 0.0 ], [ 100.470078, 14.330978, 0.0 ], [ 100.466869, 14.3307, 0.0 ], [ 100.464576, 14.330416, 0.0 ], [ 100.46182, 14.329242, 0.0 ], [ 100.459073, 14.329557, 0.0 ], [ 100.45573, 14.332109, 0.0 ], [ 100.452671, 14.331383, 0.0 ], [ 100.451522, 14.329817, 0.0 ], [ 100.450043, 14.329701, 0.0 ], [ 100.449439, 14.329572, 0.0 ], [ 100.449315, 14.329498, 0.0 ], [ 100.449284, 14.329308, 0.0 ], [ 100.449177, 14.329199, 0.0 ], [ 100.448785, 14.328994, 0.0 ], [ 100.448531, 14.328892, 0.0 ], [ 100.447981, 14.328855, 0.0 ], [ 100.446641, 14.329128, 0.0 ], [ 100.44506, 14.329924, 0.0 ], [ 100.444328, 14.330009, 0.0 ], [ 100.443142, 14.330379, 0.0 ], [ 100.44326, 14.332101, 0.0 ], [ 100.435742, 14.330862, 0.0 ], [ 100.435386, 14.33072, 0.0 ], [ 100.435125, 14.330439, 0.0 ], [ 100.43508, 14.329973, 0.0 ], [ 100.433143, 14.330134, 0.0 ], [ 100.432975, 14.330246, 0.0 ], [ 100.432788, 14.330656, 0.0 ], [ 100.431264, 14.330677, 0.0 ], [ 100.430277, 14.330608, 0.0 ], [ 100.430451, 14.330088, 0.0 ], [ 100.430214, 14.330073, 0.0 ], [ 100.429666, 14.330289, 0.0 ], [ 100.429353, 14.330337, 0.0 ], [ 100.429258, 14.330222, 0.0 ], [ 100.429118, 14.329555, 0.0 ], [ 100.428774, 14.329378, 0.0 ], [ 100.428431, 14.329375, 0.0 ], [ 100.428232, 14.329681, 0.0 ], [ 100.427185, 14.329376, 0.0 ], [ 100.42508, 14.329245, 0.0 ], [ 100.424187, 14.329018, 0.0 ], [ 100.423562, 14.328568, 0.0 ], [ 100.423117, 14.32801, 0.0 ], [ 100.42287, 14.327566, 0.0 ], [ 100.422717, 14.326991, 0.0 ], [ 100.423293, 14.324698, 0.0 ], [ 100.423264, 14.323807, 0.0 ], [ 100.42312, 14.323501, 0.0 ], [ 100.416534, 14.322188, 0.0 ], [ 100.414137, 14.321826, 0.0 ], [ 100.413711, 14.321852, 0.0 ], [ 100.413523, 14.321999, 0.0 ], [ 100.413072, 14.322916, 0.0 ], [ 100.412736, 14.323356, 0.0 ], [ 100.412194, 14.323605, 0.0 ], [ 100.409874, 14.324218, 0.0 ], [ 100.409403, 14.324558, 0.0 ], [ 100.409185, 14.324867, 0.0 ], [ 100.409017, 14.325705, 0.0 ], [ 100.408722, 14.326513, 0.0 ], [ 100.408068, 14.327444, 0.0 ], [ 100.407329, 14.328356, 0.0 ], [ 100.405914, 14.329474, 0.0 ], [ 100.405678, 14.330411, 0.0 ], [ 100.406098, 14.338389, 0.0 ], [ 100.406211, 14.338842, 0.0 ], [ 100.406363, 14.339233, 0.0 ], [ 100.406888, 14.340044, 0.0 ], [ 100.415931, 14.352791, 0.0 ], [ 100.41615, 14.353742, 0.0 ], [ 100.416297, 14.357044, 0.0 ], [ 100.416577, 14.357803, 0.0 ], [ 100.41699, 14.358231, 0.0 ], [ 100.417567, 14.358519, 0.0 ], [ 100.42214, 14.359045, 0.0 ], [ 100.422512, 14.359257, 0.0 ], [ 100.422656, 14.359625, 0.0 ], [ 100.423522, 14.360103, 0.0 ], [ 100.423261, 14.362402, 0.0 ], [ 100.422314, 14.362231, 0.0 ], [ 100.422236, 14.362339, 0.0 ], [ 100.421982, 14.36456, 0.0 ], [ 100.421398, 14.368089, 0.0 ], [ 100.421384, 14.368343, 0.0 ], [ 100.421464, 14.368481, 0.0 ], [ 100.427887, 14.376177, 0.0 ], [ 100.428158, 14.376644, 0.0 ], [ 100.428457, 14.377764, 0.0 ], [ 100.428599, 14.377932, 0.0 ], [ 100.429852, 14.377817, 0.0 ], [ 100.430609, 14.377943, 0.0 ], [ 100.431698, 14.378251, 0.0 ], [ 100.432125, 14.378402, 0.0 ], [ 100.433864, 14.379344, 0.0 ], [ 100.434284, 14.379657, 0.0 ], [ 100.434705, 14.380146, 0.0 ], [ 100.435176, 14.381172, 0.0 ], [ 100.437681, 14.387148, 0.0 ], [ 100.437751, 14.389529, 0.0 ], [ 100.437874, 14.390174, 0.0 ], [ 100.440188, 14.395921, 0.0 ], [ 100.4402, 14.396535, 0.0 ], [ 100.435529, 14.405605, 0.0 ], [ 100.435297, 14.406236, 0.0 ], [ 100.435284, 14.406689, 0.0 ], [ 100.436458, 14.410338, 0.0 ], [ 100.436825, 14.410958, 0.0 ], [ 100.437284, 14.411317, 0.0 ], [ 100.441571, 14.41242, 0.0 ], [ 100.442085, 14.412824, 0.0 ], [ 100.442316, 14.413106, 0.0 ], [ 100.445398, 14.419248, 0.0 ], [ 100.445649, 14.420283, 0.0 ], [ 100.44566, 14.420859, 0.0 ], [ 100.445507, 14.428864, 0.0 ], [ 100.444808, 14.43781, 0.0 ], [ 100.444939, 14.438577, 0.0 ], [ 100.445299, 14.439397, 0.0 ], [ 100.447726, 14.444152, 0.0 ], [ 100.447933, 14.444427, 0.0 ], [ 100.448147, 14.444603, 0.0 ], [ 100.448676, 14.444768, 0.0 ], [ 100.451505, 14.444651, 0.0 ], [ 100.453545, 14.444477, 0.0 ], [ 100.458254, 14.443749, 0.0 ], [ 100.460386, 14.443106, 0.0 ], [ 100.461015, 14.442872, 0.0 ], [ 100.46114, 14.442756, 0.0 ], [ 100.46121, 14.442625, 0.0 ], [ 100.461144, 14.442064, 0.0 ], [ 100.461177, 14.441212, 0.0 ], [ 100.463246, 14.43576, 0.0 ], [ 100.464347, 14.430446, 0.0 ], [ 100.464563, 14.429845, 0.0 ], [ 100.467356, 14.425396, 0.0 ], [ 100.467787, 14.425017, 0.0 ], [ 100.468416, 14.424744, 0.0 ] ] ] } },
{ "type": "Feature", "properties": { "Name_tung": "ป่าโมก", "rai": 43284.0, "color": "#22c55e", "label_lng": 100.41198, "label_lat": 14.43151 }, "geometry": { "type": "Polygon", "coordinates": [ [ [ 100.442782, 14.444302, 0.0 ], [ 100.436953, 14.434042, 0.0 ], [ 100.436378, 14.432876, 0.0 ], [ 100.436226, 14.432325, 0.0 ], [ 100.436154, 14.43166, 0.0 ], [ 100.436194, 14.431071, 0.0 ], [ 100.436325, 14.430253, 0.0 ], [ 100.436503, 14.429772, 0.0 ], [ 100.437127, 14.428773, 0.0 ], [ 100.440229, 14.426324, 0.0 ], [ 100.440761, 14.425683, 0.0 ], [ 100.441259, 14.42491, 0.0 ], [ 100.441662, 14.42354, 0.0 ], [ 100.441711, 14.422761, 0.0 ], [ 100.441669, 14.422028, 0.0 ], [ 100.441479, 14.421203, 0.0 ], [ 100.441213, 14.420554, 0.0 ], [ 100.440823, 14.419899, 0.0 ], [ 100.440373, 14.41935, 0.0 ], [ 100.432745, 14.411855, 0.0 ], [ 100.43221, 14.411052, 0.0 ], [ 100.431949, 14.410022, 0.0 ], [ 100.432085, 14.40406, 0.0 ], [ 100.432163, 14.403385, 0.0 ], [ 100.432573, 14.402319, 0.0 ], [ 100.435547, 14.398512, 0.0 ], [ 100.436028, 14.397432, 0.0 ], [ 100.436088, 14.396648, 0.0 ], [ 100.43602, 14.396104, 0.0 ], [ 100.43548, 14.394854, 0.0 ], [ 100.430246, 14.38486, 0.0 ], [ 100.430195, 14.384332, 0.0 ], [ 100.43064, 14.383187, 0.0 ], [ 100.430507, 14.382704, 0.0 ], [ 100.430031, 14.382471, 0.0 ], [ 100.427706, 14.381818, 0.0 ], [ 100.426201, 14.380687, 0.0 ], [ 100.425848, 14.380295, 0.0 ], [ 100.423501, 14.37545, 0.0 ], [ 100.420122, 14.372684, 0.0 ], [ 100.419823, 14.372601, 0.0 ], [ 100.419381, 14.372719, 0.0 ], [ 100.412249, 14.376375, 0.0 ], [ 100.410354, 14.377276, 0.0 ], [ 100.409627, 14.377684, 0.0 ], [ 100.408653, 14.378484, 0.0 ], [ 100.408213, 14.379046, 0.0 ], [ 100.406898, 14.381504, 0.0 ], [ 100.405431, 14.384479, 0.0 ], [ 100.405156, 14.385329, 0.0 ], [ 100.404968, 14.386696, 0.0 ], [ 100.404877, 14.394198, 0.0 ], [ 100.404923, 14.401519, 0.0 ], [ 100.404798, 14.403143, 0.0 ], [ 100.40264, 14.411513, 0.0 ], [ 100.402407, 14.411925, 0.0 ], [ 100.402012, 14.412242, 0.0 ], [ 100.40117, 14.412509, 0.0 ], [ 100.400501, 14.412614, 0.0 ], [ 100.400254, 14.412773, 0.0 ], [ 100.40032, 14.414104, 0.0 ], [ 100.400189, 14.414731, 0.0 ], [ 100.394665, 14.422276, 0.0 ], [ 100.391446, 14.426547, 0.0 ], [ 100.390465, 14.428028, 0.0 ], [ 100.386376, 14.433551, 0.0 ], [ 100.385505, 14.434631, 0.0 ], [ 100.384177, 14.435889, 0.0 ], [ 100.379751, 14.439105, 0.0 ], [ 100.379179, 14.439425, 0.0 ], [ 100.378097, 14.439861, 0.0 ], [ 100.375909, 14.439815, 0.0 ], [ 100.375353, 14.439882, 0.0 ], [ 100.375279, 14.458659, 0.0 ], [ 100.375669, 14.462391, 0.0 ], [ 100.376515, 14.468543, 0.0 ], [ 100.376938, 14.47112, 0.0 ], [ 100.377645, 14.473483, 0.0 ], [ 100.378721, 14.474792, 0.0 ], [ 100.380008, 14.476125, 0.0 ], [ 100.388853, 14.483385, 0.0 ], [ 100.392054, 14.485933, 0.0 ], [ 100.394518, 14.487772, 0.0 ], [ 100.396313, 14.48862, 0.0 ], [ 100.397632, 14.488847, 0.0 ], [ 100.399469, 14.488992, 0.0 ], [ 100.407618, 14.489118, 0.0 ], [ 100.41128, 14.489234, 0.0 ], [ 100.414151, 14.489451, 0.0 ], [ 100.41993, 14.489541, 0.0 ], [ 100.440932, 14.49022, 0.0 ], [ 100.441225, 14.490135, 0.0 ], [ 100.441284, 14.4865, 0.0 ], [ 100.441355, 14.485687, 0.0 ], [ 100.441446, 14.48545, 0.0 ], [ 100.449899, 14.477507, 0.0 ], [ 100.451582, 14.475815, 0.0 ], [ 100.452959, 14.473951, 0.0 ], [ 100.453959, 14.472277, 0.0 ], [ 100.454791, 14.470232, 0.0 ], [ 100.455325, 14.468379, 0.0 ], [ 100.456394, 14.461723, 0.0 ], [ 100.456615, 14.459789, 0.0 ], [ 100.456646, 14.457775, 0.0 ], [ 100.4563, 14.451709, 0.0 ], [ 100.456154, 14.450888, 0.0 ], [ 100.455592, 14.449946, 0.0 ], [ 100.455071, 14.44939, 0.0 ], [ 100.454551, 14.448989, 0.0 ], [ 100.453911, 14.448698, 0.0 ], [ 100.446009, 14.447169, 0.0 ], [ 100.445454, 14.446961, 0.0 ], [ 100.444387, 14.446313, 0.0 ], [ 100.44378, 14.445729, 0.0 ], [ 100.442782, 14.444302, 0.0 ] ] ] } },
{ "type": "Feature", "properties": { "Name_tung": "บางกุ่ม", "rai": 129740.0, "color": "#10b981", "label_lng": 100.58832, "label_lat": 14.59798 }, "geometry": { "type": "MultiPolygon", "coordinates": [ [ [ [ 100.55012, 14.527447, 0.0 ], [ 100.550165, 14.527447, 0.0 ], [ 100.550084, 14.527408, 0.0 ], [ 100.55012, 14.527447, 0.0 ] ] ], [ [ [ 100.595572, 14.510483, 0.0 ], [ 100.600638, 14.513174, 0.0 ], [ 100.599629, 14.513322, 0.0 ], [ 100.599613, 14.51427, 0.0 ], [ 100.598918, 14.513202, 0.0 ], [ 100.597798, 14.511714, 0.0 ], [ 100.595572, 14.510483, 0.0 ], [ 100.590826, 14.514669, 0.0 ], [ 100.591521, 14.516409, 0.0 ], [ 100.591533, 14.518071, 0.0 ], [ 100.589339, 14.521409, 0.0 ], [ 100.588922, 14.522741, 0.0 ], [ 100.588683, 14.525069, 0.0 ], [ 100.587349, 14.529315, 0.0 ], [ 100.585651, 14.530407, 0.0 ], [ 100.581985, 14.530598, 0.0 ], [ 100.580946, 14.528445, 0.0 ], [ 100.577794, 14.528965, 0.0 ], [ 100.576003, 14.528893, 0.0 ], [ 100.574377, 14.52824, 0.0 ], [ 100.572661, 14.526673, 0.0 ], [ 100.572142, 14.525679, 0.0 ], [ 100.571783, 14.523189, 0.0 ], [ 100.570494, 14.521868, 0.0 ], [ 100.56804, 14.522791, 0.0 ], [ 100.564942, 14.523765, 0.0 ], [ 100.562861, 14.524308, 0.0 ], [ 100.559331, 14.523106, 0.0 ], [ 100.552862, 14.524977, 0.0 ], [ 100.551596, 14.526979, 0.0 ], [ 100.550154, 14.527486, 0.0 ], [ 100.549313, 14.527453, 0.0 ], [ 100.547195, 14.526715, 0.0 ], [ 100.546299, 14.526286, 0.0 ], [ 100.544998, 14.526097, 0.0 ], [ 100.544222, 14.525429, 0.0 ], [ 100.543166, 14.525476, 0.0 ], [ 100.542807, 14.526427, 0.0 ], [ 100.542944, 14.528603, 0.0 ], [ 100.542419, 14.529041, 0.0 ], [ 100.542676, 14.530978, 0.0 ], [ 100.542913, 14.53209, 0.0 ], [ 100.543031, 14.53375, 0.0 ], [ 100.542982, 14.533751, 0.0 ], [ 100.543033, 14.533788, 0.0 ], [ 100.542269, 14.534662, 0.0 ], [ 100.540873, 14.534754, 0.0 ], [ 100.539564, 14.535216, 0.0 ], [ 100.537631, 14.537083, 0.0 ], [ 100.536404, 14.537133, 0.0 ], [ 100.534859, 14.54011, 0.0 ], [ 100.532933, 14.543132, 0.0 ], [ 100.534424, 14.544524, 0.0 ], [ 100.535188, 14.54489, 0.0 ], [ 100.541531, 14.550248, 0.0 ], [ 100.541612, 14.550255, 0.0 ], [ 100.541618, 14.551113, 0.0 ], [ 100.538332, 14.55729, 0.0 ], [ 100.541359, 14.562436, 0.0 ], [ 100.542047, 14.564135, 0.0 ], [ 100.54148, 14.571833, 0.0 ], [ 100.541088, 14.572165, 0.0 ], [ 100.534262, 14.57254, 0.0 ], [ 100.533701, 14.573038, 0.0 ], [ 100.532488, 14.577168, 0.0 ], [ 100.532593, 14.577165, 0.0 ], [ 100.531876, 14.580122, 0.0 ], [ 100.534133, 14.588296, 0.0 ], [ 100.535492, 14.588891, 0.0 ], [ 100.540973, 14.589899, 0.0 ], [ 100.545957, 14.59245, 0.0 ], [ 100.545958, 14.592403, 0.0 ], [ 100.547448, 14.593261, 0.0 ], [ 100.54985, 14.592366, 0.0 ], [ 100.552551, 14.591249, 0.0 ], [ 100.554716, 14.588889, 0.0 ], [ 100.555555, 14.590496, 0.0 ], [ 100.556912, 14.59078, 0.0 ], [ 100.557671, 14.591801, 0.0 ], [ 100.557911, 14.593704, 0.0 ], [ 100.55792, 14.595023, 0.0 ], [ 100.559353, 14.595453, 0.0 ], [ 100.560493, 14.597058, 0.0 ], [ 100.560878, 14.598301, 0.0 ], [ 100.561637, 14.599322, 0.0 ], [ 100.562254, 14.601369, 0.0 ], [ 100.563012, 14.602244, 0.0 ], [ 100.562415, 14.602907, 0.0 ], [ 100.562132, 14.6054, 0.0 ], [ 100.562214, 14.606426, 0.0 ], [ 100.563201, 14.607665, 0.0 ], [ 100.563518, 14.609861, 0.0 ], [ 100.567081, 14.613648, 0.0 ], [ 100.569626, 14.617174, 0.0 ], [ 100.569731, 14.619447, 0.0 ], [ 100.568669, 14.623405, 0.0 ], [ 100.568605, 14.624402, 0.0 ], [ 100.568998, 14.62545, 0.0 ], [ 100.571091, 14.628885, 0.0 ], [ 100.574341, 14.63397, 0.0 ], [ 100.574257, 14.636015, 0.0 ], [ 100.572509, 14.638826, 0.0 ], [ 100.575446, 14.640476, 0.0 ], [ 100.57924, 14.642809, 0.0 ], [ 100.579754, 14.646009, 0.0 ], [ 100.580154, 14.647905, 0.0 ], [ 100.580968, 14.649064, 0.0 ], [ 100.582262, 14.649934, 0.0 ], [ 100.584327, 14.650664, 0.0 ], [ 100.587364, 14.651587, 0.0 ], [ 100.590268, 14.652366, 0.0 ], [ 100.592486, 14.653295, 0.0 ], [ 100.594507, 14.65511, 0.0 ], [ 100.598998, 14.661473, 0.0 ], [ 100.601705, 14.666325, 0.0 ], [ 100.601869, 14.667412, 0.0 ], [ 100.602476, 14.669868, 0.0 ], [ 100.602581, 14.671266, 0.0 ], [ 100.601774, 14.674481, 0.0 ], [ 100.599701, 14.676859, 0.0 ], [ 100.597802, 14.679642, 0.0 ], [ 100.591222, 14.684381, 0.0 ], [ 100.590426, 14.685179, 0.0 ], [ 100.590022, 14.687189, 0.0 ], [ 100.590083, 14.687711, 0.0 ], [ 100.591844, 14.691077, 0.0 ], [ 100.592911, 14.692583, 0.0 ], [ 100.594116, 14.695757, 0.0 ], [ 100.595411, 14.698211, 0.0 ], [ 100.595373, 14.699142, 0.0 ], [ 100.59455, 14.701244, 0.0 ], [ 100.593628, 14.702944, 0.0 ], [ 100.592893, 14.706182, 0.0 ], [ 100.592672, 14.707624, 0.0 ], [ 100.593272, 14.708784, 0.0 ], [ 100.594141, 14.709849, 0.0 ], [ 100.597494, 14.712299, 0.0 ], [ 100.60005, 14.713962, 0.0 ], [ 100.602765, 14.716215, 0.0 ], [ 100.603856, 14.718241, 0.0 ], [ 100.604344, 14.719324, 0.0 ], [ 100.605122, 14.718749, 0.0 ], [ 100.606689, 14.71857, 0.0 ], [ 100.606898, 14.717618, 0.0 ], [ 100.609452, 14.717146, 0.0 ], [ 100.61065, 14.716725, 0.0 ], [ 100.612692, 14.716176, 0.0 ], [ 100.612517, 14.714664, 0.0 ], [ 100.612161, 14.713953, 0.0 ], [ 100.611883, 14.712595, 0.0 ], [ 100.611376, 14.708906, 0.0 ], [ 100.610834, 14.706639, 0.0 ], [ 100.611109, 14.705634, 0.0 ], [ 100.611786, 14.704836, 0.0 ], [ 100.612026, 14.703006, 0.0 ], [ 100.613214, 14.703893, 0.0 ], [ 100.615312, 14.706064, 0.0 ], [ 100.617623, 14.708, 0.0 ], [ 100.619635, 14.709874, 0.0 ], [ 100.62169, 14.712498, 0.0 ], [ 100.62446, 14.714746, 0.0 ], [ 100.62699, 14.717518, 0.0 ], [ 100.629559, 14.719837, 0.0 ], [ 100.63058, 14.720877, 0.0 ], [ 100.631544, 14.720797, 0.0 ], [ 100.632594, 14.720489, 0.0 ], [ 100.632601, 14.719915, 0.0 ], [ 100.632416, 14.718077, 0.0 ], [ 100.633165, 14.717979, 0.0 ], [ 100.63664, 14.717908, 0.0 ], [ 100.636704, 14.717709, 0.0 ], [ 100.636704, 14.716524, 0.0 ], [ 100.636837, 14.71641, 0.0 ], [ 100.641992, 14.716333, 0.0 ], [ 100.641528, 14.715194, 0.0 ], [ 100.643226, 14.714658, 0.0 ], [ 100.643122, 14.712761, 0.0 ], [ 100.645704, 14.712362, 0.0 ], [ 100.6463, 14.712876, 0.0 ], [ 100.64747, 14.71275, 0.0 ], [ 100.64834, 14.712842, 0.0 ], [ 100.648981, 14.71273, 0.0 ], [ 100.648805, 14.711469, 0.0 ], [ 100.650346, 14.71123, 0.0 ], [ 100.65054, 14.710502, 0.0 ], [ 100.651343, 14.710208, 0.0 ], [ 100.653194, 14.709882, 0.0 ], [ 100.655673, 14.709679, 0.0 ], [ 100.657698, 14.709355, 0.0 ], [ 100.658506, 14.708936, 0.0 ], [ 100.668761, 14.704717, 0.0 ], [ 100.681949, 14.694693, 0.0 ], [ 100.689096, 14.692041, 0.0 ], [ 100.694096, 14.690561, 0.0 ], [ 100.696791, 14.689663, 0.0 ], [ 100.69868, 14.686575, 0.0 ], [ 100.697471, 14.685734, 0.0 ], [ 100.695788, 14.684772, 0.0 ], [ 100.693845, 14.683059, 0.0 ], [ 100.692114, 14.682009, 0.0 ], [ 100.691338, 14.681627, 0.0 ], [ 100.689539, 14.681566, 0.0 ], [ 100.688817, 14.681441, 0.0 ], [ 100.688009, 14.680829, 0.0 ], [ 100.686684, 14.679332, 0.0 ], [ 100.685097, 14.677914, 0.0 ], [ 100.685112, 14.677511, 0.0 ], [ 100.683202, 14.676772, 0.0 ], [ 100.682174, 14.676277, 0.0 ], [ 100.681295, 14.675739, 0.0 ], [ 100.680281, 14.675485, 0.0 ], [ 100.679723, 14.67484, 0.0 ], [ 100.679273, 14.673718, 0.0 ], [ 100.677624, 14.67246, 0.0 ], [ 100.67605, 14.670939, 0.0 ], [ 100.675523, 14.670576, 0.0 ], [ 100.673991, 14.669909, 0.0 ], [ 100.671205, 14.66855, 0.0 ], [ 100.6698, 14.667428, 0.0 ], [ 100.669171, 14.666563, 0.0 ], [ 100.668364, 14.665979, 0.0 ], [ 100.667057, 14.665349, 0.0 ], [ 100.664745, 14.664053, 0.0 ], [ 100.662806, 14.661523, 0.0 ], [ 100.661745, 14.659438, 0.0 ], [ 100.661118, 14.658667, 0.0 ], [ 100.659286, 14.655976, 0.0 ], [ 100.654655, 14.649845, 0.0 ], [ 100.654317, 14.64846, 0.0 ], [ 100.652998, 14.647217, 0.0 ], [ 100.651926, 14.644568, 0.0 ], [ 100.650527, 14.642052, 0.0 ], [ 100.648667, 14.638985, 0.0 ], [ 100.654294, 14.635849, 0.0 ], [ 100.652219, 14.630149, 0.0 ], [ 100.648688, 14.625942, 0.0 ], [ 100.646865, 14.623592, 0.0 ], [ 100.647199, 14.62304, 0.0 ], [ 100.642776, 14.620268, 0.0 ], [ 100.642376, 14.619557, 0.0 ], [ 100.644226, 14.61784, 0.0 ], [ 100.643259, 14.616913, 0.0 ], [ 100.642923, 14.61719, 0.0 ], [ 100.638778, 14.613867, 0.0 ], [ 100.639727, 14.612431, 0.0 ], [ 100.63808, 14.611014, 0.0 ], [ 100.639585, 14.60853, 0.0 ], [ 100.628376, 14.598723, 0.0 ], [ 100.627396, 14.595564, 0.0 ], [ 100.623523, 14.596219, 0.0 ], [ 100.617944, 14.597675, 0.0 ], [ 100.615698, 14.597899, 0.0 ], [ 100.617907, 14.595706, 0.0 ], [ 100.617798, 14.593995, 0.0 ], [ 100.62177, 14.592765, 0.0 ], [ 100.621686, 14.589747, 0.0 ], [ 100.620326, 14.587176, 0.0 ], [ 100.62151, 14.581101, 0.0 ], [ 100.624338, 14.579816, 0.0 ], [ 100.633335, 14.579225, 0.0 ], [ 100.644038, 14.577535, 0.0 ], [ 100.650493, 14.577123, 0.0 ], [ 100.649044, 14.564742, 0.0 ], [ 100.650704, 14.562091, 0.0 ], [ 100.653648, 14.558267, 0.0 ], [ 100.657341, 14.555589, 0.0 ], [ 100.652298, 14.546733, 0.0 ], [ 100.644065, 14.554502, 0.0 ], [ 100.644486, 14.553248, 0.0 ], [ 100.640629, 14.550417, 0.0 ], [ 100.639755, 14.549278, 0.0 ], [ 100.638914, 14.549944, 0.0 ], [ 100.638065, 14.54962, 0.0 ], [ 100.63711, 14.550231, 0.0 ], [ 100.635479, 14.550847, 0.0 ], [ 100.635256, 14.551233, 0.0 ], [ 100.633847, 14.551518, 0.0 ], [ 100.63345, 14.551191, 0.0 ], [ 100.632719, 14.551471, 0.0 ], [ 100.631137, 14.551262, 0.0 ], [ 100.628332, 14.55064, 0.0 ], [ 100.62843, 14.548793, 0.0 ], [ 100.62705, 14.546809, 0.0 ], [ 100.6275, 14.546141, 0.0 ], [ 100.626239, 14.54471, 0.0 ], [ 100.625443, 14.544715, 0.0 ], [ 100.624371, 14.543094, 0.0 ], [ 100.623569, 14.543429, 0.0 ], [ 100.623228, 14.54302, 0.0 ], [ 100.623604, 14.542357, 0.0 ], [ 100.623177, 14.541907, 0.0 ], [ 100.622629, 14.542117, 0.0 ], [ 100.622075, 14.541626, 0.0 ], [ 100.622152, 14.540554, 0.0 ], [ 100.622952, 14.539971, 0.0 ], [ 100.623634, 14.540626, 0.0 ], [ 100.624695, 14.541113, 0.0 ], [ 100.625317, 14.539419, 0.0 ], [ 100.623663, 14.538936, 0.0 ], [ 100.624168, 14.538438, 0.0 ], [ 100.624932, 14.538762, 0.0 ], [ 100.625353, 14.538553, 0.0 ], [ 100.625938, 14.537519, 0.0 ], [ 100.626317, 14.537228, 0.0 ], [ 100.626102, 14.536858, 0.0 ], [ 100.625126, 14.536453, 0.0 ], [ 100.625205, 14.535628, 0.0 ], [ 100.627616, 14.535529, 0.0 ], [ 100.627746, 14.535981, 0.0 ], [ 100.627111, 14.535944, 0.0 ], [ 100.626862, 14.536564, 0.0 ], [ 100.626911, 14.53743, 0.0 ], [ 100.627804, 14.538042, 0.0 ], [ 100.62996, 14.537821, 0.0 ], [ 100.629871, 14.537244, 0.0 ], [ 100.629067, 14.53725, 0.0 ], [ 100.629065, 14.537002, 0.0 ], [ 100.629868, 14.536873, 0.0 ], [ 100.632197, 14.536981, 0.0 ], [ 100.635909, 14.535471, 0.0 ], [ 100.637471, 14.535007, 0.0 ], [ 100.645792, 14.533011, 0.0 ], [ 100.645876, 14.532928, 0.0 ], [ 100.645896, 14.532524, 0.0 ], [ 100.646067, 14.53254, 0.0 ], [ 100.646273, 14.532131, 0.0 ], [ 100.646384, 14.530924, 0.0 ], [ 100.646645, 14.529527, 0.0 ], [ 100.646981, 14.528385, 0.0 ], [ 100.646982, 14.527769, 0.0 ], [ 100.646477, 14.525899, 0.0 ], [ 100.646241, 14.524462, 0.0 ], [ 100.645437, 14.521504, 0.0 ], [ 100.645423, 14.521035, 0.0 ], [ 100.645575, 14.520474, 0.0 ], [ 100.645626, 14.516743, 0.0 ], [ 100.645539, 14.516224, 0.0 ], [ 100.645566, 14.515644, 0.0 ], [ 100.645844, 14.515144, 0.0 ], [ 100.643783, 14.513795, 0.0 ], [ 100.643085, 14.513509, 0.0 ], [ 100.639535, 14.511379, 0.0 ], [ 100.633669, 14.507553, 0.0 ], [ 100.63094, 14.50724, 0.0 ], [ 100.629844, 14.506606, 0.0 ], [ 100.627881, 14.503715, 0.0 ], [ 100.624252, 14.501119, 0.0 ], [ 100.622347, 14.500005, 0.0 ], [ 100.619292, 14.497962, 0.0 ], [ 100.619142, 14.497025, 0.0 ], [ 100.619047, 14.494143, 0.0 ], [ 100.61882, 14.480819, 0.0 ], [ 100.618758, 14.480229, 0.0 ], [ 100.618591, 14.479764, 0.0 ], [ 100.618262, 14.479323, 0.0 ], [ 100.611738, 14.474731, 0.0 ], [ 100.611421, 14.475007, 0.0 ], [ 100.611157, 14.475119, 0.0 ], [ 100.609151, 14.475685, 0.0 ], [ 100.607462, 14.475713, 0.0 ], [ 100.605639, 14.475957, 0.0 ], [ 100.604248, 14.47619, 0.0 ], [ 100.603994, 14.476274, 0.0 ], [ 100.603716, 14.476558, 0.0 ], [ 100.603609, 14.477013, 0.0 ], [ 100.603655, 14.477485, 0.0 ], [ 100.604532, 14.478993, 0.0 ], [ 100.604805, 14.480406, 0.0 ], [ 100.606062, 14.48163, 0.0 ], [ 100.607067, 14.483319, 0.0 ], [ 100.6073, 14.483839, 0.0 ], [ 100.607201, 14.48427, 0.0 ], [ 100.606951, 14.484908, 0.0 ], [ 100.606531, 14.485532, 0.0 ], [ 100.605983, 14.486073, 0.0 ], [ 100.604456, 14.487325, 0.0 ], [ 100.60423, 14.487782, 0.0 ], [ 100.604029, 14.491696, 0.0 ], [ 100.604121, 14.494438, 0.0 ], [ 100.604027, 14.495762, 0.0 ], [ 100.603898, 14.496893, 0.0 ], [ 100.603824, 14.497064, 0.0 ], [ 100.602389, 14.498573, 0.0 ], [ 100.602079, 14.498796, 0.0 ], [ 100.600139, 14.499577, 0.0 ], [ 100.599572, 14.499864, 0.0 ], [ 100.599468, 14.500006, 0.0 ], [ 100.59936, 14.500456, 0.0 ], [ 100.599373, 14.504111, 0.0 ], [ 100.599074, 14.505918, 0.0 ], [ 100.598896, 14.506513, 0.0 ], [ 100.595572, 14.510483, 0.0 ] ] ] ] } },
{ "type": "Feature", "properties": { "Name_tung": "ท่าวุ้ง", "rai": 65223.0, "color": "#14b8a6", "label_lng": 100.51196, "label_lat": 14.86312 }, "geometry": { "type": "Polygon", "coordinates": [ [ [ 100.536489, 14.87746, 0.0 ], [ 100.537622, 14.877838, 0.0 ], [ 100.538567, 14.878501, 0.0 ], [ 100.539457, 14.879012, 0.0 ], [ 100.540195, 14.879615, 0.0 ], [ 100.54103, 14.879568, 0.0 ], [ 100.542187, 14.879659, 0.0 ], [ 100.543531, 14.880532, 0.0 ], [ 100.54513, 14.880403, 0.0 ], [ 100.546661, 14.880478, 0.0 ], [ 100.546983, 14.880722, 0.0 ], [ 100.547168, 14.881796, 0.0 ], [ 100.547444, 14.882681, 0.0 ], [ 100.547228, 14.883712, 0.0 ], [ 100.547702, 14.883988, 0.0 ], [ 100.548512, 14.88395, 0.0 ], [ 100.54986, 14.883703, 0.0 ], [ 100.550567, 14.882795, 0.0 ], [ 100.551937, 14.883474, 0.0 ], [ 100.552813, 14.883646, 0.0 ], [ 100.552937, 14.883314, 0.0 ], [ 100.554397, 14.872179, 0.0 ], [ 100.55451, 14.869539, 0.0 ], [ 100.554674, 14.868573, 0.0 ], [ 100.555695, 14.866207, 0.0 ], [ 100.556734, 14.866253, 0.0 ], [ 100.565393, 14.862004, 0.0 ], [ 100.567189, 14.859534, 0.0 ], [ 100.566066, 14.857288, 0.0 ], [ 100.566965, 14.853695, 0.0 ], [ 100.568857, 14.85017, 0.0 ], [ 100.570128, 14.84844, 0.0 ], [ 100.570802, 14.847766, 0.0 ], [ 100.571232, 14.846733, 0.0 ], [ 100.571681, 14.846284, 0.0 ], [ 100.571905, 14.845385, 0.0 ], [ 100.571696, 14.84424, 0.0 ], [ 100.572264, 14.84379, 0.0 ], [ 100.572823, 14.84305, 0.0 ], [ 100.573665, 14.840357, 0.0 ], [ 100.574294, 14.838641, 0.0 ], [ 100.574475, 14.837367, 0.0 ], [ 100.574732, 14.836625, 0.0 ], [ 100.574894, 14.834576, 0.0 ], [ 100.57557, 14.831628, 0.0 ], [ 100.576132, 14.829962, 0.0 ], [ 100.576744, 14.825886, 0.0 ], [ 100.576956, 14.825538, 0.0 ], [ 100.577539, 14.822164, 0.0 ], [ 100.585474, 14.835867, 0.0 ], [ 100.590098, 14.84452, 0.0 ], [ 100.591468, 14.845413, 0.0 ], [ 100.593326, 14.844699, 0.0 ], [ 100.599131, 14.841973, 0.0 ], [ 100.600456, 14.841924, 0.0 ], [ 100.60537, 14.841296, 0.0 ], [ 100.606175, 14.841267, 0.0 ], [ 100.611014, 14.818868, 0.0 ], [ 100.61183, 14.81374, 0.0 ], [ 100.612699, 14.811089, 0.0 ], [ 100.612843, 14.809186, 0.0 ], [ 100.611094, 14.808848, 0.0 ], [ 100.607745, 14.808477, 0.0 ], [ 100.605223, 14.808586, 0.0 ], [ 100.602248, 14.808265, 0.0 ], [ 100.599562, 14.808825, 0.0 ], [ 100.596522, 14.809627, 0.0 ], [ 100.59495, 14.809959, 0.0 ], [ 100.594045, 14.809898, 0.0 ], [ 100.591663, 14.809316, 0.0 ], [ 100.586086, 14.809908, 0.0 ], [ 100.58329, 14.810108, 0.0 ], [ 100.581534, 14.809159, 0.0 ], [ 100.579786, 14.808739, 0.0 ], [ 100.576988, 14.808477, 0.0 ], [ 100.574176, 14.808751, 0.0 ], [ 100.571895, 14.809267, 0.0 ], [ 100.564926, 14.810568, 0.0 ], [ 100.562139, 14.81074, 0.0 ], [ 100.53422, 14.810368, 0.0 ], [ 100.531725, 14.810261, 0.0 ], [ 100.528803, 14.810287, 0.0 ], [ 100.526565, 14.810906, 0.0 ], [ 100.479032, 14.828474, 0.0 ], [ 100.477619, 14.829284, 0.0 ], [ 100.475983, 14.831894, 0.0 ], [ 100.461082, 14.857377, 0.0 ], [ 100.460305, 14.858211, 0.0 ], [ 100.459064, 14.858714, 0.0 ], [ 100.458497, 14.858853, 0.0 ], [ 100.459851, 14.863337, 0.0 ], [ 100.460352, 14.863584, 0.0 ], [ 100.460785, 14.864152, 0.0 ], [ 100.464702, 14.867641, 0.0 ], [ 100.467499, 14.869727, 0.0 ], [ 100.472698, 14.870067, 0.0 ], [ 100.475294, 14.870153, 0.0 ], [ 100.476248, 14.871291, 0.0 ], [ 100.475199, 14.873333, 0.0 ], [ 100.474346, 14.874631, 0.0 ], [ 100.473886, 14.876525, 0.0 ], [ 100.473895, 14.880615, 0.0 ], [ 100.47353, 14.880807, 0.0 ], [ 100.473244, 14.881173, 0.0 ], [ 100.474893, 14.881558, 0.0 ], [ 100.476414, 14.881476, 0.0 ], [ 100.477314, 14.881759, 0.0 ], [ 100.478031, 14.882232, 0.0 ], [ 100.478826, 14.882369, 0.0 ], [ 100.479769, 14.883308, 0.0 ], [ 100.479626, 14.884022, 0.0 ], [ 100.479623, 14.884597, 0.0 ], [ 100.479084, 14.885398, 0.0 ], [ 100.477311, 14.886293, 0.0 ], [ 100.476915, 14.886675, 0.0 ], [ 100.476439, 14.886878, 0.0 ], [ 100.475946, 14.886929, 0.0 ], [ 100.475369, 14.887526, 0.0 ], [ 100.475267, 14.887765, 0.0 ], [ 100.47529, 14.888294, 0.0 ], [ 100.475457, 14.888658, 0.0 ], [ 100.475226, 14.889449, 0.0 ], [ 100.475202, 14.889911, 0.0 ], [ 100.475928, 14.891763, 0.0 ], [ 100.475984, 14.892226, 0.0 ], [ 100.476513, 14.893145, 0.0 ], [ 100.476824, 14.893303, 0.0 ], [ 100.477729, 14.895564, 0.0 ], [ 100.476748, 14.896079, 0.0 ], [ 100.474134, 14.896207, 0.0 ], [ 100.473388, 14.895785, 0.0 ], [ 100.472281, 14.896387, 0.0 ], [ 100.470867, 14.898056, 0.0 ], [ 100.471328, 14.899413, 0.0 ], [ 100.472248, 14.900182, 0.0 ], [ 100.473813, 14.902196, 0.0 ], [ 100.475591, 14.903129, 0.0 ], [ 100.475705, 14.904421, 0.0 ], [ 100.47614, 14.906243, 0.0 ], [ 100.476703, 14.906288, 0.0 ], [ 100.477733, 14.906086, 0.0 ], [ 100.478235, 14.908265, 0.0 ], [ 100.478952, 14.908865, 0.0 ], [ 100.478853, 14.910334, 0.0 ], [ 100.478155, 14.911474, 0.0 ], [ 100.477995, 14.912492, 0.0 ], [ 100.477982, 14.913479, 0.0 ], [ 100.478422, 14.913972, 0.0 ], [ 100.479639, 14.914089, 0.0 ], [ 100.48017, 14.914046, 0.0 ], [ 100.48179, 14.914709, 0.0 ], [ 100.483771, 14.914883, 0.0 ], [ 100.48445, 14.915777, 0.0 ], [ 100.486227, 14.9161, 0.0 ], [ 100.488681, 14.916721, 0.0 ], [ 100.490932, 14.917037, 0.0 ], [ 100.491932, 14.917459, 0.0 ], [ 100.493597, 14.916736, 0.0 ], [ 100.494453, 14.915875, 0.0 ], [ 100.493703, 14.915419, 0.0 ], [ 100.495505, 14.91329, 0.0 ], [ 100.49673, 14.911252, 0.0 ], [ 100.5, 14.904641, 0.0 ], [ 100.501486, 14.902357, 0.0 ], [ 100.503154, 14.900159, 0.0 ], [ 100.505382, 14.898847, 0.0 ], [ 100.507133, 14.898873, 0.0 ], [ 100.508843, 14.898105, 0.0 ], [ 100.5107, 14.898118, 0.0 ], [ 100.511634, 14.898941, 0.0 ], [ 100.513299, 14.899439, 0.0 ], [ 100.514666, 14.900521, 0.0 ], [ 100.515745, 14.900209, 0.0 ], [ 100.51825, 14.900093, 0.0 ], [ 100.522192, 14.899677, 0.0 ], [ 100.524644, 14.899729, 0.0 ], [ 100.526758, 14.899067, 0.0 ], [ 100.529327, 14.899005, 0.0 ], [ 100.530911, 14.898674, 0.0 ], [ 100.531007, 14.897951, 0.0 ], [ 100.531444, 14.897702, 0.0 ], [ 100.532861, 14.897266, 0.0 ], [ 100.533436, 14.897175, 0.0 ], [ 100.533189, 14.895742, 0.0 ], [ 100.532535, 14.895136, 0.0 ], [ 100.532083, 14.892675, 0.0 ], [ 100.532066, 14.890374, 0.0 ], [ 100.531835, 14.887944, 0.0 ], [ 100.532551, 14.887817, 0.0 ], [ 100.533203, 14.886893, 0.0 ], [ 100.531839, 14.884444, 0.0 ], [ 100.532022, 14.884057, 0.0 ], [ 100.532631, 14.883933, 0.0 ], [ 100.532762, 14.883625, 0.0 ], [ 100.531936, 14.881348, 0.0 ], [ 100.531977, 14.8812, 0.0 ], [ 100.532195, 14.881059, 0.0 ], [ 100.533411, 14.880558, 0.0 ], [ 100.534, 14.880398, 0.0 ], [ 100.534404, 14.880154, 0.0 ], [ 100.534195, 14.879432, 0.0 ], [ 100.532323, 14.877114, 0.0 ], [ 100.532438, 14.876591, 0.0 ], [ 100.533218, 14.875771, 0.0 ], [ 100.533304, 14.875431, 0.0 ], [ 100.536489, 14.87746, 0.0 ] ] ] } },
{ "type": "Feature", "properties": { "Name_tung": "ผักไห่", "rai": 148140.0, "color": "#a855f7", "label_lng": 100.29141, "label_lat": 14.39251 }, "geometry": { "type": "Polygon", "coordinates": [ [ [ 100.34742, 14.461594, 0.0 ], [ 100.350416, 14.460621, 0.0 ], [ 100.353382, 14.460597, 0.0 ], [ 100.355714, 14.461226, 0.0 ], [ 100.355781, 14.461425, 0.0 ], [ 100.356023, 14.461524, 0.0 ], [ 100.356536, 14.461542, 0.0 ], [ 100.356719, 14.461512, 0.0 ], [ 100.356948, 14.460726, 0.0 ], [ 100.357631, 14.460958, 0.0 ], [ 100.357883, 14.460371, 0.0 ], [ 100.359658, 14.460782, 0.0 ], [ 100.359779, 14.460317, 0.0 ], [ 100.360078, 14.460073, 0.0 ], [ 100.3624, 14.460238, 0.0 ], [ 100.365219, 14.460229, 0.0 ], [ 100.365406, 14.46082, 0.0 ], [ 100.366, 14.460973, 0.0 ], [ 100.366247, 14.460564, 0.0 ], [ 100.367528, 14.459655, 0.0 ], [ 100.3678, 14.459317, 0.0 ], [ 100.370381, 14.452717, 0.0 ], [ 100.370586, 14.452041, 0.0 ], [ 100.370551, 14.451556, 0.0 ], [ 100.369869, 14.450533, 0.0 ], [ 100.365421, 14.446419, 0.0 ], [ 100.364799, 14.446039, 0.0 ], [ 100.363864, 14.44577, 0.0 ], [ 100.361457, 14.445337, 0.0 ], [ 100.360096, 14.445008, 0.0 ], [ 100.358077, 14.444219, 0.0 ], [ 100.357532, 14.443894, 0.0 ], [ 100.35724, 14.443503, 0.0 ], [ 100.357157, 14.443175, 0.0 ], [ 100.357196, 14.442477, 0.0 ], [ 100.357588, 14.439927, 0.0 ], [ 100.357763, 14.439698, 0.0 ], [ 100.35794, 14.439627, 0.0 ], [ 100.361777, 14.439754, 0.0 ], [ 100.364261, 14.440962, 0.0 ], [ 100.364946, 14.441154, 0.0 ], [ 100.365469, 14.441151, 0.0 ], [ 100.36595, 14.440991, 0.0 ], [ 100.375446, 14.433677, 0.0 ], [ 100.375741, 14.433643, 0.0 ], [ 100.376327, 14.433831, 0.0 ], [ 100.378773, 14.431036, 0.0 ], [ 100.379586, 14.429911, 0.0 ], [ 100.382528, 14.422532, 0.0 ], [ 100.383244, 14.421632, 0.0 ], [ 100.38393, 14.42102, 0.0 ], [ 100.384555, 14.420644, 0.0 ], [ 100.388884, 14.418841, 0.0 ], [ 100.38946, 14.41833, 0.0 ], [ 100.389804, 14.417893, 0.0 ], [ 100.39134, 14.41551, 0.0 ], [ 100.392982, 14.413223, 0.0 ], [ 100.396597, 14.410278, 0.0 ], [ 100.398282, 14.408741, 0.0 ], [ 100.398466, 14.408201, 0.0 ], [ 100.398897, 14.403011, 0.0 ], [ 100.399106, 14.402341, 0.0 ], [ 100.400059, 14.400254, 0.0 ], [ 100.400093, 14.400002, 0.0 ], [ 100.399907, 14.397447, 0.0 ], [ 100.39916, 14.395182, 0.0 ], [ 100.398647, 14.394521, 0.0 ], [ 100.398293, 14.393886, 0.0 ], [ 100.397724, 14.392667, 0.0 ], [ 100.397235, 14.391152, 0.0 ], [ 100.395839, 14.385835, 0.0 ], [ 100.395835, 14.385163, 0.0 ], [ 100.395933, 14.384758, 0.0 ], [ 100.397462, 14.380867, 0.0 ], [ 100.39781, 14.380414, 0.0 ], [ 100.398417, 14.379906, 0.0 ], [ 100.400865, 14.37836, 0.0 ], [ 100.401839, 14.377595, 0.0 ], [ 100.40422, 14.37248, 0.0 ], [ 100.404737, 14.371691, 0.0 ], [ 100.408627, 14.367836, 0.0 ], [ 100.410022, 14.36624, 0.0 ], [ 100.410347, 14.365271, 0.0 ], [ 100.41133, 14.360838, 0.0 ], [ 100.411491, 14.359788, 0.0 ], [ 100.411267, 14.359297, 0.0 ], [ 100.411056, 14.359054, 0.0 ], [ 100.403639, 14.352299, 0.0 ], [ 100.398865, 14.347803, 0.0 ], [ 100.398526, 14.347071, 0.0 ], [ 100.398396, 14.346338, 0.0 ], [ 100.398455, 14.345727, 0.0 ], [ 100.399028, 14.343766, 0.0 ], [ 100.398836, 14.343115, 0.0 ], [ 100.398206, 14.34263, 0.0 ], [ 100.394848, 14.340981, 0.0 ], [ 100.388208, 14.337511, 0.0 ], [ 100.387662, 14.337168, 0.0 ], [ 100.387305, 14.336824, 0.0 ], [ 100.386986, 14.335949, 0.0 ], [ 100.386749, 14.334656, 0.0 ], [ 100.386809, 14.334248, 0.0 ], [ 100.387436, 14.33296, 0.0 ], [ 100.385319, 14.332939, 0.0 ], [ 100.38495, 14.332878, 0.0 ], [ 100.384766, 14.332665, 0.0 ], [ 100.38416, 14.330924, 0.0 ], [ 100.383928, 14.330806, 0.0 ], [ 100.381093, 14.330953, 0.0 ], [ 100.380862, 14.330872, 0.0 ], [ 100.379492, 14.329716, 0.0 ], [ 100.379393, 14.329539, 0.0 ], [ 100.379253, 14.328507, 0.0 ], [ 100.378725, 14.323681, 0.0 ], [ 100.378527, 14.323231, 0.0 ], [ 100.377829, 14.322475, 0.0 ], [ 100.377377, 14.322216, 0.0 ], [ 100.376926, 14.322077, 0.0 ], [ 100.376367, 14.322092, 0.0 ], [ 100.375772, 14.322392, 0.0 ], [ 100.37329, 14.324147, 0.0 ], [ 100.370397, 14.326437, 0.0 ], [ 100.367891, 14.327968, 0.0 ], [ 100.366932, 14.328339, 0.0 ], [ 100.366507, 14.328363, 0.0 ], [ 100.366038, 14.328225, 0.0 ], [ 100.362214, 14.326436, 0.0 ], [ 100.361633, 14.326352, 0.0 ], [ 100.361219, 14.326387, 0.0 ], [ 100.36065, 14.326564, 0.0 ], [ 100.35872, 14.327194, 0.0 ], [ 100.358364, 14.327412, 0.0 ], [ 100.357739, 14.32759, 0.0 ], [ 100.357214, 14.327637, 0.0 ], [ 100.356543, 14.327564, 0.0 ], [ 100.351348, 14.326236, 0.0 ], [ 100.34951, 14.326159, 0.0 ], [ 100.344899, 14.326264, 0.0 ], [ 100.342885, 14.32615, 0.0 ], [ 100.332864, 14.325032, 0.0 ], [ 100.332249, 14.325073, 0.0 ], [ 100.331436, 14.325558, 0.0 ], [ 100.328692, 14.328474, 0.0 ], [ 100.328023, 14.328772, 0.0 ], [ 100.327576, 14.328786, 0.0 ], [ 100.326205, 14.32854, 0.0 ], [ 100.32356, 14.328246, 0.0 ], [ 100.321772, 14.328343, 0.0 ], [ 100.320521, 14.328547, 0.0 ], [ 100.314936, 14.331146, 0.0 ], [ 100.310314, 14.332159, 0.0 ], [ 100.309444, 14.332512, 0.0 ], [ 100.308833, 14.333203, 0.0 ], [ 100.308468, 14.333783, 0.0 ], [ 100.30683, 14.334686, 0.0 ], [ 100.306652, 14.334774, 0.0 ], [ 100.306506, 14.334731, 0.0 ], [ 100.306272, 14.334875, 0.0 ], [ 100.304082, 14.336863, 0.0 ], [ 100.300483, 14.339291, 0.0 ], [ 100.288114, 14.3473, 0.0 ], [ 100.284137, 14.350248, 0.0 ], [ 100.281973, 14.352036, 0.0 ], [ 100.280319, 14.353239, 0.0 ], [ 100.279767, 14.353458, 0.0 ], [ 100.279347, 14.353536, 0.0 ], [ 100.275919, 14.353608, 0.0 ], [ 100.272201, 14.353186, 0.0 ], [ 100.265622, 14.351366, 0.0 ], [ 100.264758, 14.351047, 0.0 ], [ 100.261239, 14.34753, 0.0 ], [ 100.252836, 14.338627, 0.0 ], [ 100.252299, 14.338205, 0.0 ], [ 100.251936, 14.338058, 0.0 ], [ 100.251377, 14.338111, 0.0 ], [ 100.248272, 14.339282, 0.0 ], [ 100.247505, 14.339503, 0.0 ], [ 100.243576, 14.340209, 0.0 ], [ 100.241425, 14.340359, 0.0 ], [ 100.240835, 14.340639, 0.0 ], [ 100.234374, 14.346236, 0.0 ], [ 100.227373, 14.352473, 0.0 ], [ 100.225758, 14.35345, 0.0 ], [ 100.212633, 14.360138, 0.0 ], [ 100.212091, 14.360532, 0.0 ], [ 100.211739, 14.361065, 0.0 ], [ 100.211165, 14.364159, 0.0 ], [ 100.213316, 14.374966, 0.0 ], [ 100.213274, 14.375935, 0.0 ], [ 100.212445, 14.37662, 0.0 ], [ 100.210582, 14.377714, 0.0 ], [ 100.209917, 14.377996, 0.0 ], [ 100.199798, 14.379295, 0.0 ], [ 100.1989, 14.379497, 0.0 ], [ 100.190505, 14.382378, 0.0 ], [ 100.190031, 14.38263, 0.0 ], [ 100.187425, 14.385439, 0.0 ], [ 100.186911, 14.386361, 0.0 ], [ 100.185874, 14.391871, 0.0 ], [ 100.184521, 14.394931, 0.0 ], [ 100.183013, 14.39788, 0.0 ], [ 100.176059, 14.405224, 0.0 ], [ 100.175721, 14.40536, 0.0 ], [ 100.174788, 14.406595, 0.0 ], [ 100.175554, 14.406783, 0.0 ], [ 100.176019, 14.406811, 0.0 ], [ 100.176247, 14.40692, 0.0 ], [ 100.176578, 14.406929, 0.0 ], [ 100.177114, 14.406715, 0.0 ], [ 100.177464, 14.40639, 0.0 ], [ 100.177674, 14.406373, 0.0 ], [ 100.177969, 14.406216, 0.0 ], [ 100.17829, 14.406205, 0.0 ], [ 100.179057, 14.406497, 0.0 ], [ 100.180194, 14.406331, 0.0 ], [ 100.180734, 14.406233, 0.0 ], [ 100.182529, 14.405549, 0.0 ], [ 100.183283, 14.405404, 0.0 ], [ 100.184936, 14.405305, 0.0 ], [ 100.1868, 14.404983, 0.0 ], [ 100.188576, 14.404551, 0.0 ], [ 100.190627, 14.404253, 0.0 ], [ 100.190875, 14.404232, 0.0 ], [ 100.192186, 14.404911, 0.0 ], [ 100.192527, 14.404919, 0.0 ], [ 100.194213, 14.404067, 0.0 ], [ 100.196032, 14.403863, 0.0 ], [ 100.197966, 14.403681, 0.0 ], [ 100.200857, 14.403556, 0.0 ], [ 100.201271, 14.403479, 0.0 ], [ 100.203131, 14.403583, 0.0 ], [ 100.203731, 14.403451, 0.0 ], [ 100.205638, 14.403552, 0.0 ], [ 100.206329, 14.403737, 0.0 ], [ 100.208544, 14.403792, 0.0 ], [ 100.208974, 14.403992, 0.0 ], [ 100.210065, 14.404199, 0.0 ], [ 100.210298, 14.404325, 0.0 ], [ 100.210474, 14.404551, 0.0 ], [ 100.211109, 14.406559, 0.0 ], [ 100.211571, 14.407484, 0.0 ], [ 100.211617, 14.408599, 0.0 ], [ 100.211733, 14.408991, 0.0 ], [ 100.211874, 14.409132, 0.0 ], [ 100.212028, 14.409167, 0.0 ], [ 100.212554, 14.408962, 0.0 ], [ 100.213327, 14.408475, 0.0 ], [ 100.213595, 14.408342, 0.0 ], [ 100.213884, 14.4083, 0.0 ], [ 100.215238, 14.409301, 0.0 ], [ 100.215549, 14.40934, 0.0 ], [ 100.21637, 14.40913, 0.0 ], [ 100.216812, 14.408604, 0.0 ], [ 100.217028, 14.408451, 0.0 ], [ 100.217535, 14.408489, 0.0 ], [ 100.218176, 14.408873, 0.0 ], [ 100.218593, 14.409465, 0.0 ], [ 100.219061, 14.409917, 0.0 ], [ 100.219351, 14.409972, 0.0 ], [ 100.219773, 14.409969, 0.0 ], [ 100.220426, 14.40981, 0.0 ], [ 100.22073, 14.409639, 0.0 ], [ 100.220932, 14.409383, 0.0 ], [ 100.221017, 14.409028, 0.0 ], [ 100.220983, 14.407995, 0.0 ], [ 100.221198, 14.407555, 0.0 ], [ 100.221502, 14.407256, 0.0 ], [ 100.222312, 14.406699, 0.0 ], [ 100.222747, 14.406541, 0.0 ], [ 100.223749, 14.406379, 0.0 ], [ 100.223967, 14.40641, 0.0 ], [ 100.224188, 14.40693, 0.0 ], [ 100.22422, 14.407511, 0.0 ], [ 100.224395, 14.407722, 0.0 ], [ 100.224905, 14.407932, 0.0 ], [ 100.225518, 14.408325, 0.0 ], [ 100.226056, 14.40845, 0.0 ], [ 100.226435, 14.408689, 0.0 ], [ 100.22724, 14.409846, 0.0 ], [ 100.228068, 14.412362, 0.0 ], [ 100.22838, 14.416255, 0.0 ], [ 100.228294, 14.417952, 0.0 ], [ 100.24153, 14.427304, 0.0 ], [ 100.243889, 14.428744, 0.0 ], [ 100.24601, 14.429764, 0.0 ], [ 100.26342, 14.436968, 0.0 ], [ 100.268333, 14.438812, 0.0 ], [ 100.295712, 14.449556, 0.0 ], [ 100.301054, 14.451466, 0.0 ], [ 100.302928, 14.452286, 0.0 ], [ 100.303565, 14.452443, 0.0 ], [ 100.311949, 14.455665, 0.0 ], [ 100.313256, 14.456133, 0.0 ], [ 100.314571, 14.456437, 0.0 ], [ 100.315269, 14.456921, 0.0 ], [ 100.318408, 14.458138, 0.0 ], [ 100.318868, 14.458203, 0.0 ], [ 100.320207, 14.458788, 0.0 ], [ 100.320725, 14.459084, 0.0 ], [ 100.321276, 14.45971, 0.0 ], [ 100.32211, 14.459482, 0.0 ], [ 100.322387, 14.45949, 0.0 ], [ 100.323361, 14.459994, 0.0 ], [ 100.324601, 14.460179, 0.0 ], [ 100.325055, 14.460421, 0.0 ], [ 100.32548, 14.460775, 0.0 ], [ 100.326024, 14.460928, 0.0 ], [ 100.327233, 14.46099, 0.0 ], [ 100.330467, 14.461502, 0.0 ], [ 100.332753, 14.461641, 0.0 ], [ 100.338484, 14.461671, 0.0 ], [ 100.347076, 14.461835, 0.0 ], [ 100.34742, 14.461594, 0.0 ] ] ] } },
{ "type": "Feature", "properties": { "Name_tung": "พระยาบรรลือ", "rai": 179810.0, "color": "#d946ef", "label_lng": 100.25262, "label_lat": 14.10194 }, "geometry": { "type": "Polygon", "coordinates": [ [ [ 100.210418, 14.178763, 0.0 ], [ 100.213738, 14.1785, 0.0 ], [ 100.214048, 14.178586, 0.0 ], [ 100.214991, 14.178513, 0.0 ], [ 100.235802, 14.174987, 0.0 ], [ 100.244869, 14.173633, 0.0 ], [ 100.245567, 14.17312, 0.0 ], [ 100.248477, 14.173134, 0.0 ], [ 100.260673, 14.172058, 0.0 ], [ 100.267645, 14.171599, 0.0 ], [ 100.272668, 14.170991, 0.0 ], [ 100.284137, 14.169327, 0.0 ], [ 100.286481, 14.169322, 0.0 ], [ 100.288752, 14.168999, 0.0 ], [ 100.300604, 14.165943, 0.0 ], [ 100.307283, 14.164333, 0.0 ], [ 100.328011, 14.160096, 0.0 ], [ 100.333699, 14.159017, 0.0 ], [ 100.350014, 14.155564, 0.0 ], [ 100.349721, 14.153484, 0.0 ], [ 100.361069, 14.152996, 0.0 ], [ 100.361171, 14.152956, 0.0 ], [ 100.361703, 14.152063, 0.0 ], [ 100.362948, 14.151931, 0.0 ], [ 100.362932, 14.153912, 0.0 ], [ 100.363016, 14.154304, 0.0 ], [ 100.363187, 14.154382, 0.0 ], [ 100.37758, 14.153254, 0.0 ], [ 100.380912, 14.153065, 0.0 ], [ 100.382178, 14.152938, 0.0 ], [ 100.382259, 14.152878, 0.0 ], [ 100.382318, 14.1521, 0.0 ], [ 100.38226, 14.151602, 0.0 ], [ 100.382123, 14.142925, 0.0 ], [ 100.382162, 14.141209, 0.0 ], [ 100.382049, 14.131433, 0.0 ], [ 100.382089, 14.117844, 0.0 ], [ 100.379288, 14.117836, 0.0 ], [ 100.378644, 14.117942, 0.0 ], [ 100.376882, 14.118042, 0.0 ], [ 100.374783, 14.117632, 0.0 ], [ 100.373558, 14.117552, 0.0 ], [ 100.371222, 14.117676, 0.0 ], [ 100.366703, 14.118205, 0.0 ], [ 100.360747, 14.119307, 0.0 ], [ 100.359719, 14.119651, 0.0 ], [ 100.355283, 14.121698, 0.0 ], [ 100.353538, 14.122423, 0.0 ], [ 100.353097, 14.122493, 0.0 ], [ 100.350239, 14.123527, 0.0 ], [ 100.346655, 14.124917, 0.0 ], [ 100.345473, 14.120789, 0.0 ], [ 100.345414, 14.1202, 0.0 ], [ 100.34367, 14.11478, 0.0 ], [ 100.343438, 14.113561, 0.0 ], [ 100.342237, 14.10874, 0.0 ], [ 100.341859, 14.106959, 0.0 ], [ 100.341201, 14.101732, 0.0 ], [ 100.341031, 14.101198, 0.0 ], [ 100.341126, 14.098363, 0.0 ], [ 100.341039, 14.097121, 0.0 ], [ 100.34076, 14.095911, 0.0 ], [ 100.340162, 14.093554, 0.0 ], [ 100.337479, 14.085578, 0.0 ], [ 100.336172, 14.082413, 0.0 ], [ 100.334492, 14.077779, 0.0 ], [ 100.331703, 14.065688, 0.0 ], [ 100.331329, 14.061203, 0.0 ], [ 100.331228, 14.058706, 0.0 ], [ 100.331252, 14.056048, 0.0 ], [ 100.331482, 14.054584, 0.0 ], [ 100.333238, 14.046534, 0.0 ], [ 100.336429, 14.037148, 0.0 ], [ 100.336981, 14.036361, 0.0 ], [ 100.34124, 14.027704, 0.0 ], [ 100.300442, 14.025123, 0.0 ], [ 100.301453, 14.028699, 0.0 ], [ 100.301678, 14.030676, 0.0 ], [ 100.301803, 14.032755, 0.0 ], [ 100.302011, 14.038352, 0.0 ], [ 100.293905, 14.038452, 0.0 ], [ 100.293761, 14.038415, 0.0 ], [ 100.293466, 14.0378, 0.0 ], [ 100.293085, 14.036654, 0.0 ], [ 100.288156, 14.037306, 0.0 ], [ 100.280694, 14.039036, 0.0 ], [ 100.268599, 14.04293, 0.0 ], [ 100.265332, 14.04422, 0.0 ], [ 100.263549, 14.045238, 0.0 ], [ 100.262539, 14.045966, 0.0 ], [ 100.262108, 14.046367, 0.0 ], [ 100.261756, 14.046748, 0.0 ], [ 100.259693, 14.050006, 0.0 ], [ 100.259244, 14.050571, 0.0 ], [ 100.256018, 14.047197, 0.0 ], [ 100.253978, 14.044517, 0.0 ], [ 100.252587, 14.043312, 0.0 ], [ 100.246809, 14.040167, 0.0 ], [ 100.244113, 14.038563, 0.0 ], [ 100.242638, 14.037905, 0.0 ], [ 100.237769, 14.035268, 0.0 ], [ 100.235583, 14.033879, 0.0 ], [ 100.232964, 14.031859, 0.0 ], [ 100.232474, 14.031634, 0.0 ], [ 100.231752, 14.031079, 0.0 ], [ 100.231103, 14.030812, 0.0 ], [ 100.230064, 14.030519, 0.0 ], [ 100.228979, 14.02964, 0.0 ], [ 100.228457, 14.031843, 0.0 ], [ 100.227625, 14.031939, 0.0 ], [ 100.227545, 14.032863, 0.0 ], [ 100.227097, 14.033077, 0.0 ], [ 100.227178, 14.033742, 0.0 ], [ 100.226482, 14.033957, 0.0 ], [ 100.226077, 14.034912, 0.0 ], [ 100.226157, 14.035456, 0.0 ], [ 100.225862, 14.036721, 0.0 ], [ 100.225898, 14.037734, 0.0 ], [ 100.226354, 14.038987, 0.0 ], [ 100.226552, 14.039803, 0.0 ], [ 100.226122, 14.040569, 0.0 ], [ 100.226093, 14.04094, 0.0 ], [ 100.226448, 14.043638, 0.0 ], [ 100.226392, 14.044583, 0.0 ], [ 100.226615, 14.049611, 0.0 ], [ 100.226632, 14.051971, 0.0 ], [ 100.226994, 14.054412, 0.0 ], [ 100.226896, 14.054874, 0.0 ], [ 100.226892, 14.057158, 0.0 ], [ 100.227622, 14.063364, 0.0 ], [ 100.227277, 14.064016, 0.0 ], [ 100.227119, 14.064743, 0.0 ], [ 100.22706, 14.065363, 0.0 ], [ 100.227166, 14.066452, 0.0 ], [ 100.227143, 14.067911, 0.0 ], [ 100.227373, 14.068878, 0.0 ], [ 100.227661, 14.070677, 0.0 ], [ 100.227729, 14.071781, 0.0 ], [ 100.219498, 14.073721, 0.0 ], [ 100.2188, 14.073618, 0.0 ], [ 100.217528, 14.073284, 0.0 ], [ 100.216095, 14.073299, 0.0 ], [ 100.215653, 14.073226, 0.0 ], [ 100.214125, 14.072795, 0.0 ], [ 100.212961, 14.072332, 0.0 ], [ 100.211541, 14.071991, 0.0 ], [ 100.20831, 14.079008, 0.0 ], [ 100.204194, 14.077355, 0.0 ], [ 100.202505, 14.076755, 0.0 ], [ 100.201491, 14.076213, 0.0 ], [ 100.196141, 14.072028, 0.0 ], [ 100.192753, 14.069522, 0.0 ], [ 100.190842, 14.067975, 0.0 ], [ 100.187123, 14.066029, 0.0 ], [ 100.181619, 14.063618, 0.0 ], [ 100.181155, 14.063447, 0.0 ], [ 100.180543, 14.06335, 0.0 ], [ 100.178979, 14.062554, 0.0 ], [ 100.178669, 14.064926, 0.0 ], [ 100.178104, 14.066671, 0.0 ], [ 100.178113, 14.068382, 0.0 ], [ 100.177987, 14.06928, 0.0 ], [ 100.174157, 14.085377, 0.0 ], [ 100.173813, 14.088459, 0.0 ], [ 100.17383, 14.088728, 0.0 ], [ 100.174032, 14.089362, 0.0 ], [ 100.177174, 14.093017, 0.0 ], [ 100.177308, 14.093607, 0.0 ], [ 100.177486, 14.093987, 0.0 ], [ 100.177614, 14.095018, 0.0 ], [ 100.177553, 14.095168, 0.0 ], [ 100.177355, 14.095289, 0.0 ], [ 100.175321, 14.095844, 0.0 ], [ 100.173431, 14.097685, 0.0 ], [ 100.172254, 14.098124, 0.0 ], [ 100.162647, 14.103157, 0.0 ], [ 100.162341, 14.103221, 0.0 ], [ 100.158638, 14.103254, 0.0 ], [ 100.156349, 14.103407, 0.0 ], [ 100.152224, 14.105444, 0.0 ], [ 100.141264, 14.11114, 0.0 ], [ 100.139082, 14.112433, 0.0 ], [ 100.138595, 14.112799, 0.0 ], [ 100.130433, 14.119698, 0.0 ], [ 100.129808, 14.120306, 0.0 ], [ 100.129017, 14.121469, 0.0 ], [ 100.128752, 14.122599, 0.0 ], [ 100.128646, 14.12378, 0.0 ], [ 100.129664, 14.125338, 0.0 ], [ 100.130042, 14.125739, 0.0 ], [ 100.130926, 14.126475, 0.0 ], [ 100.131316, 14.126707, 0.0 ], [ 100.133079, 14.128521, 0.0 ], [ 100.134144, 14.130138, 0.0 ], [ 100.134339, 14.131194, 0.0 ], [ 100.134459, 14.132855, 0.0 ], [ 100.134484, 14.13565, 0.0 ], [ 100.134275, 14.135816, 0.0 ], [ 100.134184, 14.13811, 0.0 ], [ 100.134114, 14.138481, 0.0 ], [ 100.13341, 14.139305, 0.0 ], [ 100.133177, 14.139847, 0.0 ], [ 100.132911, 14.146258, 0.0 ], [ 100.132476, 14.150742, 0.0 ], [ 100.132194, 14.151724, 0.0 ], [ 100.130104, 14.155515, 0.0 ], [ 100.127977, 14.15889, 0.0 ], [ 100.129933, 14.159366, 0.0 ], [ 100.132437, 14.159775, 0.0 ], [ 100.133761, 14.16016, 0.0 ], [ 100.151377, 14.163978, 0.0 ], [ 100.153693, 14.164377, 0.0 ], [ 100.161115, 14.166048, 0.0 ], [ 100.183396, 14.17085, 0.0 ], [ 100.190095, 14.172867, 0.0 ], [ 100.199098, 14.176264, 0.0 ], [ 100.20317, 14.17772, 0.0 ], [ 100.205879, 14.178402, 0.0 ], [ 100.209077, 14.178765, 0.0 ], [ 100.210418, 14.178763, 0.0 ] ] ] } },
{ "type": "Feature", "properties": { "Name_tung": "บางกุ้ง", "rai": 25374.0, "color": "#ec4899", "label_lng": 100.49555, "label_lat": 14.44472 }, "geometry": { "type": "Polygon", "coordinates": [ [ [ 100.500475, 14.484416, 0.0 ], [ 100.501231, 14.483814, 0.0 ], [ 100.501777, 14.483083, 0.0 ], [ 100.502251, 14.482721, 0.0 ], [ 100.502684, 14.482204, 0.0 ], [ 100.50356, 14.48167, 0.0 ], [ 100.504095, 14.48102, 0.0 ], [ 100.505644, 14.478524, 0.0 ], [ 100.506147, 14.478219, 0.0 ], [ 100.506795, 14.477601, 0.0 ], [ 100.507524, 14.477077, 0.0 ], [ 100.507636, 14.476916, 0.0 ], [ 100.507804, 14.476522, 0.0 ], [ 100.50787, 14.474639, 0.0 ], [ 100.50848, 14.4733, 0.0 ], [ 100.508527, 14.472694, 0.0 ], [ 100.508934, 14.472509, 0.0 ], [ 100.509625, 14.471497, 0.0 ], [ 100.509976, 14.470561, 0.0 ], [ 100.509985, 14.470215, 0.0 ], [ 100.509779, 14.46999, 0.0 ], [ 100.509957, 14.469419, 0.0 ], [ 100.510534, 14.468398, 0.0 ], [ 100.511525, 14.467283, 0.0 ], [ 100.512558, 14.465626, 0.0 ], [ 100.512777, 14.465248, 0.0 ], [ 100.513406, 14.463544, 0.0 ], [ 100.513508, 14.463471, 0.0 ], [ 100.513695, 14.463481, 0.0 ], [ 100.515157, 14.463716, 0.0 ], [ 100.515575, 14.462878, 0.0 ], [ 100.516196, 14.462477, 0.0 ], [ 100.517228, 14.462113, 0.0 ], [ 100.518381, 14.462263, 0.0 ], [ 100.521348, 14.462247, 0.0 ], [ 100.522642, 14.462363, 0.0 ], [ 100.524444, 14.462017, 0.0 ], [ 100.524682, 14.461927, 0.0 ], [ 100.525459, 14.461379, 0.0 ], [ 100.52627, 14.461067, 0.0 ], [ 100.528341, 14.460977, 0.0 ], [ 100.528728, 14.459468, 0.0 ], [ 100.528952, 14.459168, 0.0 ], [ 100.529512, 14.458901, 0.0 ], [ 100.530022, 14.4584, 0.0 ], [ 100.530114, 14.457952, 0.0 ], [ 100.530502, 14.457075, 0.0 ], [ 100.530698, 14.456931, 0.0 ], [ 100.532079, 14.457057, 0.0 ], [ 100.532308, 14.456644, 0.0 ], [ 100.532358, 14.456277, 0.0 ], [ 100.532307, 14.455871, 0.0 ], [ 100.531521, 14.454966, 0.0 ], [ 100.531188, 14.454457, 0.0 ], [ 100.530785, 14.454106, 0.0 ], [ 100.530196, 14.453818, 0.0 ], [ 100.529515, 14.4536, 0.0 ], [ 100.527613, 14.453359, 0.0 ], [ 100.526803, 14.453123, 0.0 ], [ 100.526294, 14.4528, 0.0 ], [ 100.524993, 14.45128, 0.0 ], [ 100.524888, 14.45104, 0.0 ], [ 100.524758, 14.450265, 0.0 ], [ 100.524826, 14.449544, 0.0 ], [ 100.525369, 14.447232, 0.0 ], [ 100.525253, 14.446312, 0.0 ], [ 100.524659, 14.445014, 0.0 ], [ 100.522708, 14.442537, 0.0 ], [ 100.521586, 14.441416, 0.0 ], [ 100.521308, 14.441064, 0.0 ], [ 100.52104, 14.440519, 0.0 ], [ 100.521008, 14.439306, 0.0 ], [ 100.521155, 14.438383, 0.0 ], [ 100.521433, 14.437398, 0.0 ], [ 100.521694, 14.436827, 0.0 ], [ 100.522672, 14.435635, 0.0 ], [ 100.524144, 14.434161, 0.0 ], [ 100.52551, 14.433152, 0.0 ], [ 100.525875, 14.432573, 0.0 ], [ 100.526279, 14.431696, 0.0 ], [ 100.526659, 14.430444, 0.0 ], [ 100.526593, 14.428953, 0.0 ], [ 100.526148, 14.427803, 0.0 ], [ 100.522832, 14.424058, 0.0 ], [ 100.522763, 14.42342, 0.0 ], [ 100.523227, 14.421541, 0.0 ], [ 100.522731, 14.421725, 0.0 ], [ 100.522135, 14.422459, 0.0 ], [ 100.521734, 14.422085, 0.0 ], [ 100.522003, 14.421342, 0.0 ], [ 100.522364, 14.421291, 0.0 ], [ 100.522511, 14.42089, 0.0 ], [ 100.522697, 14.420828, 0.0 ], [ 100.522771, 14.420694, 0.0 ], [ 100.522856, 14.420329, 0.0 ], [ 100.523004, 14.420085, 0.0 ], [ 100.523808, 14.419229, 0.0 ], [ 100.523866, 14.418561, 0.0 ], [ 100.524126, 14.418316, 0.0 ], [ 100.524064, 14.417545, 0.0 ], [ 100.522508, 14.41594, 0.0 ], [ 100.522306, 14.415564, 0.0 ], [ 100.521988, 14.414558, 0.0 ], [ 100.521674, 14.414147, 0.0 ], [ 100.521351, 14.413463, 0.0 ], [ 100.522664, 14.413217, 0.0 ], [ 100.522906, 14.412098, 0.0 ], [ 100.522915, 14.411576, 0.0 ], [ 100.522712, 14.411079, 0.0 ], [ 100.522412, 14.41085, 0.0 ], [ 100.522024, 14.410719, 0.0 ], [ 100.521811, 14.410441, 0.0 ], [ 100.521573, 14.410358, 0.0 ], [ 100.51994, 14.41015, 0.0 ], [ 100.519702, 14.41003, 0.0 ], [ 100.519676, 14.40986, 0.0 ], [ 100.520086, 14.40877, 0.0 ], [ 100.519379, 14.40745, 0.0 ], [ 100.519015, 14.406942, 0.0 ], [ 100.518601, 14.406569, 0.0 ], [ 100.517111, 14.405473, 0.0 ], [ 100.516523, 14.405234, 0.0 ], [ 100.515928, 14.404685, 0.0 ], [ 100.514755, 14.402663, 0.0 ], [ 100.513273, 14.400936, 0.0 ], [ 100.512823, 14.400635, 0.0 ], [ 100.512536, 14.40054, 0.0 ], [ 100.511201, 14.400354, 0.0 ], [ 100.510548, 14.400136, 0.0 ], [ 100.509827, 14.399828, 0.0 ], [ 100.509386, 14.39954, 0.0 ], [ 100.508227, 14.400398, 0.0 ], [ 100.50804, 14.400695, 0.0 ], [ 100.50719, 14.403118, 0.0 ], [ 100.504266, 14.405299, 0.0 ], [ 100.500863, 14.411961, 0.0 ], [ 100.498534, 14.41498, 0.0 ], [ 100.497555, 14.419176, 0.0 ], [ 100.496938, 14.419314, 0.0 ], [ 100.493978, 14.420778, 0.0 ], [ 100.493487, 14.421118, 0.0 ], [ 100.493292, 14.42136, 0.0 ], [ 100.492919, 14.422228, 0.0 ], [ 100.492527, 14.422647, 0.0 ], [ 100.490376, 14.42311, 0.0 ], [ 100.48943, 14.424335, 0.0 ], [ 100.488276, 14.426362, 0.0 ], [ 100.487314, 14.427637, 0.0 ], [ 100.487932, 14.428049, 0.0 ], [ 100.485418, 14.430305, 0.0 ], [ 100.483459, 14.432192, 0.0 ], [ 100.48297, 14.43257, 0.0 ], [ 100.482434, 14.432821, 0.0 ], [ 100.480587, 14.433138, 0.0 ], [ 100.479776, 14.433117, 0.0 ], [ 100.478983, 14.432928, 0.0 ], [ 100.47838, 14.432664, 0.0 ], [ 100.476787, 14.431763, 0.0 ], [ 100.476132, 14.431584, 0.0 ], [ 100.47476, 14.43144, 0.0 ], [ 100.473979, 14.431536, 0.0 ], [ 100.473711, 14.43164, 0.0 ], [ 100.472581, 14.432656, 0.0 ], [ 100.472061, 14.433292, 0.0 ], [ 100.471604, 14.4341, 0.0 ], [ 100.471501, 14.434871, 0.0 ], [ 100.472922, 14.440009, 0.0 ], [ 100.47293, 14.441088, 0.0 ], [ 100.472845, 14.44157, 0.0 ], [ 100.472533, 14.442039, 0.0 ], [ 100.471887, 14.442642, 0.0 ], [ 100.470984, 14.443066, 0.0 ], [ 100.467528, 14.444406, 0.0 ], [ 100.46401, 14.446814, 0.0 ], [ 100.463135, 14.451014, 0.0 ], [ 100.462947, 14.45253, 0.0 ], [ 100.462822, 14.454102, 0.0 ], [ 100.462684, 14.458113, 0.0 ], [ 100.46257, 14.464006, 0.0 ], [ 100.462664, 14.464454, 0.0 ], [ 100.46439, 14.465746, 0.0 ], [ 100.465683, 14.465883, 0.0 ], [ 100.466365, 14.465861, 0.0 ], [ 100.466571, 14.46579, 0.0 ], [ 100.468789, 14.464534, 0.0 ], [ 100.469908, 14.464128, 0.0 ], [ 100.470486, 14.464056, 0.0 ], [ 100.471931, 14.464441, 0.0 ], [ 100.472633, 14.464765, 0.0 ], [ 100.472786, 14.465309, 0.0 ], [ 100.472824, 14.465968, 0.0 ], [ 100.472754, 14.466392, 0.0 ], [ 100.47313, 14.467095, 0.0 ], [ 100.473157, 14.468063, 0.0 ], [ 100.473328, 14.468922, 0.0 ], [ 100.473753, 14.469442, 0.0 ], [ 100.474334, 14.470389, 0.0 ], [ 100.474562, 14.471474, 0.0 ], [ 100.475603, 14.471208, 0.0 ], [ 100.4759, 14.47187, 0.0 ], [ 100.47612, 14.472173, 0.0 ], [ 100.476564, 14.472578, 0.0 ], [ 100.476135, 14.473014, 0.0 ], [ 100.476152, 14.473446, 0.0 ], [ 100.476254, 14.473618, 0.0 ], [ 100.476699, 14.474052, 0.0 ], [ 100.479199, 14.475846, 0.0 ], [ 100.478822, 14.47624, 0.0 ], [ 100.477105, 14.477457, 0.0 ], [ 100.475767, 14.477721, 0.0 ], [ 100.475925, 14.47851, 0.0 ], [ 100.476289, 14.478537, 0.0 ], [ 100.47629, 14.478774, 0.0 ], [ 100.476188, 14.479306, 0.0 ], [ 100.475695, 14.480387, 0.0 ], [ 100.475629, 14.481893, 0.0 ], [ 100.475513, 14.482676, 0.0 ], [ 100.475732, 14.483691, 0.0 ], [ 100.475616, 14.484415, 0.0 ], [ 100.475316, 14.484918, 0.0 ], [ 100.475337, 14.485761, 0.0 ], [ 100.475641, 14.4857, 0.0 ], [ 100.47647, 14.485869, 0.0 ], [ 100.477429, 14.485648, 0.0 ], [ 100.478067, 14.485689, 0.0 ], [ 100.479446, 14.485161, 0.0 ], [ 100.480206, 14.484492, 0.0 ], [ 100.480542, 14.484925, 0.0 ], [ 100.480933, 14.485864, 0.0 ], [ 100.480959, 14.486167, 0.0 ], [ 100.481244, 14.486713, 0.0 ], [ 100.481535, 14.48709, 0.0 ], [ 100.48309, 14.488467, 0.0 ], [ 100.483642, 14.488582, 0.0 ], [ 100.484096, 14.488956, 0.0 ], [ 100.484334, 14.489281, 0.0 ], [ 100.484569, 14.489735, 0.0 ], [ 100.48441, 14.489995, 0.0 ], [ 100.484347, 14.490521, 0.0 ], [ 100.489452, 14.490191, 0.0 ], [ 100.496676, 14.487931, 0.0 ], [ 100.497889, 14.487647, 0.0 ], [ 100.499589, 14.485364, 0.0 ], [ 100.500475, 14.484416, 0.0 ] ] ] } },
{ "type": "Feature", "properties": { "Name_tung": "เชียงราก", "rai": 87627.0, "color": "#f43f5e", "label_lng": 100.34071, "label_lat": 15.1158 }, "geometry": { "type": "Polygon", "coordinates": [ [ [ 100.381251, 15.16174, 0.0 ], [ 100.373532, 15.149848, 0.0 ], [ 100.371402, 15.14747, 0.0 ], [ 100.371318, 15.146777, 0.0 ], [ 100.371015, 15.145645, 0.0 ], [ 100.371574, 15.145252, 0.0 ], [ 100.371983, 15.144664, 0.0 ], [ 100.372501, 15.144156, 0.0 ], [ 100.372217, 15.14316, 0.0 ], [ 100.37227, 15.143098, 0.0 ], [ 100.371872, 15.141316, 0.0 ], [ 100.371845, 15.14091, 0.0 ], [ 100.371859, 15.140334, 0.0 ], [ 100.372233, 15.13909, 0.0 ], [ 100.372488, 15.137914, 0.0 ], [ 100.372495, 15.136384, 0.0 ], [ 100.372693, 15.133429, 0.0 ], [ 100.372822, 15.132294, 0.0 ], [ 100.373012, 15.131678, 0.0 ], [ 100.372417, 15.13116, 0.0 ], [ 100.373524, 15.129547, 0.0 ], [ 100.374289, 15.128185, 0.0 ], [ 100.374668, 15.128285, 0.0 ], [ 100.375005, 15.128252, 0.0 ], [ 100.375373, 15.128108, 0.0 ], [ 100.375486, 15.128539, 0.0 ], [ 100.378321, 15.129847, 0.0 ], [ 100.37847, 15.129991, 0.0 ], [ 100.382027, 15.131187, 0.0 ], [ 100.384381, 15.131809, 0.0 ], [ 100.384439, 15.132566, 0.0 ], [ 100.385603, 15.133248, 0.0 ], [ 100.385947, 15.133336, 0.0 ], [ 100.38632, 15.132592, 0.0 ], [ 100.390397, 15.127243, 0.0 ], [ 100.391383, 15.125079, 0.0 ], [ 100.391905, 15.12504, 0.0 ], [ 100.3919, 15.123737, 0.0 ], [ 100.389345, 15.120868, 0.0 ], [ 100.389499, 15.120829, 0.0 ], [ 100.389687, 15.120656, 0.0 ], [ 100.390974, 15.121966, 0.0 ], [ 100.391253, 15.121943, 0.0 ], [ 100.391534, 15.120882, 0.0 ], [ 100.391631, 15.120842, 0.0 ], [ 100.394608, 15.121335, 0.0 ], [ 100.394828, 15.121618, 0.0 ], [ 100.395382, 15.121611, 0.0 ], [ 100.387619, 15.098114, 0.0 ], [ 100.388536, 15.098049, 0.0 ], [ 100.393669, 15.098726, 0.0 ], [ 100.393877, 15.097961, 0.0 ], [ 100.393462, 15.097919, 0.0 ], [ 100.393588, 15.097542, 0.0 ], [ 100.394631, 15.0949, 0.0 ], [ 100.394799, 15.094885, 0.0 ], [ 100.395056, 15.094984, 0.0 ], [ 100.395385, 15.0943, 0.0 ], [ 100.3945, 15.094105, 0.0 ], [ 100.394353, 15.09401, 0.0 ], [ 100.394825, 15.092211, 0.0 ], [ 100.395839, 15.086199, 0.0 ], [ 100.399341, 15.069425, 0.0 ], [ 100.415516, 15.058742, 0.0 ], [ 100.43148, 15.056207, 0.0 ], [ 100.427954, 15.054863, 0.0 ], [ 100.427346, 15.054018, 0.0 ], [ 100.425638, 15.052415, 0.0 ], [ 100.424299, 15.051435, 0.0 ], [ 100.422236, 15.049135, 0.0 ], [ 100.418517, 15.045678, 0.0 ], [ 100.417628, 15.044541, 0.0 ], [ 100.417362, 15.044094, 0.0 ], [ 100.417104, 15.043386, 0.0 ], [ 100.417062, 15.043001, 0.0 ], [ 100.417176, 15.037973, 0.0 ], [ 100.417374, 15.037131, 0.0 ], [ 100.417195, 15.033967, 0.0 ], [ 100.41722, 15.033649, 0.0 ], [ 100.417575, 15.032707, 0.0 ], [ 100.417713, 15.03125, 0.0 ], [ 100.417682, 15.030883, 0.0 ], [ 100.417362, 15.030019, 0.0 ], [ 100.41534, 15.030051, 0.0 ], [ 100.415305, 15.030974, 0.0 ], [ 100.415239, 15.031052, 0.0 ], [ 100.415092, 15.031038, 0.0 ], [ 100.413487, 15.030212, 0.0 ], [ 100.411778, 15.029201, 0.0 ], [ 100.411078, 15.028595, 0.0 ], [ 100.410378, 15.02786, 0.0 ], [ 100.410209, 15.027775, 0.0 ], [ 100.408318, 15.027614, 0.0 ], [ 100.407502, 15.027401, 0.0 ], [ 100.405677, 15.027105, 0.0 ], [ 100.405081, 15.027113, 0.0 ], [ 100.40489, 15.027199, 0.0 ], [ 100.404545, 15.027579, 0.0 ], [ 100.404413, 15.027579, 0.0 ], [ 100.402065, 15.02644, 0.0 ], [ 100.400968, 15.026056, 0.0 ], [ 100.400851, 15.026121, 0.0 ], [ 100.400308, 15.026872, 0.0 ], [ 100.399948, 15.027102, 0.0 ], [ 100.398427, 15.027741, 0.0 ], [ 100.396854, 15.02818, 0.0 ], [ 100.396076, 15.029089, 0.0 ], [ 100.395731, 15.029361, 0.0 ], [ 100.395591, 15.029347, 0.0 ], [ 100.393832, 15.028321, 0.0 ], [ 100.393302, 15.028258, 0.0 ], [ 100.392713, 15.027987, 0.0 ], [ 100.391527, 15.027282, 0.0 ], [ 100.391064, 15.027254, 0.0 ], [ 100.390286, 15.027655, 0.0 ], [ 100.389528, 15.027893, 0.0 ], [ 100.387754, 15.026846, 0.0 ], [ 100.386348, 15.026391, 0.0 ], [ 100.38548, 15.026322, 0.0 ], [ 100.383825, 15.026024, 0.0 ], [ 100.383156, 15.026004, 0.0 ], [ 100.382229, 15.026156, 0.0 ], [ 100.380876, 15.026094, 0.0 ], [ 100.380053, 15.026339, 0.0 ], [ 100.379325, 15.026812, 0.0 ], [ 100.378222, 15.026614, 0.0 ], [ 100.377516, 15.026601, 0.0 ], [ 100.376657, 15.026483, 0.0 ], [ 100.375642, 15.025965, 0.0 ], [ 100.374552, 15.025554, 0.0 ], [ 100.3742, 15.025522, 0.0 ], [ 100.372288, 15.025737, 0.0 ], [ 100.371249, 15.025756, 0.0 ], [ 100.371247, 15.027326, 0.0 ], [ 100.371553, 15.028172, 0.0 ], [ 100.371564, 15.028522, 0.0 ], [ 100.371302, 15.029557, 0.0 ], [ 100.372293, 15.030044, 0.0 ], [ 100.371837, 15.032045, 0.0 ], [ 100.371571, 15.032149, 0.0 ], [ 100.370985, 15.032, 0.0 ], [ 100.370415, 15.031759, 0.0 ], [ 100.370089, 15.031777, 0.0 ], [ 100.370052, 15.032279, 0.0 ], [ 100.369545, 15.034288, 0.0 ], [ 100.368944, 15.035374, 0.0 ], [ 100.366845, 15.039701, 0.0 ], [ 100.365736, 15.04161, 0.0 ], [ 100.365072, 15.042538, 0.0 ], [ 100.364772, 15.043713, 0.0 ], [ 100.36396, 15.045347, 0.0 ], [ 100.362532, 15.048795, 0.0 ], [ 100.362193, 15.050134, 0.0 ], [ 100.361954, 15.050482, 0.0 ], [ 100.360898, 15.05162, 0.0 ], [ 100.360404, 15.053657, 0.0 ], [ 100.359807, 15.054479, 0.0 ], [ 100.359468, 15.055233, 0.0 ], [ 100.358991, 15.057077, 0.0 ], [ 100.358784, 15.058496, 0.0 ], [ 100.358807, 15.058948, 0.0 ], [ 100.359821, 15.063649, 0.0 ], [ 100.359876, 15.065235, 0.0 ], [ 100.359675, 15.066318, 0.0 ], [ 100.334678, 15.050459, 0.0 ], [ 100.332339, 15.049183, 0.0 ], [ 100.331477, 15.048788, 0.0 ], [ 100.331103, 15.048691, 0.0 ], [ 100.33078, 15.048716, 0.0 ], [ 100.330351, 15.048983, 0.0 ], [ 100.328942, 15.051297, 0.0 ], [ 100.328069, 15.052528, 0.0 ], [ 100.321498, 15.065151, 0.0 ], [ 100.320399, 15.067083, 0.0 ], [ 100.319383, 15.068601, 0.0 ], [ 100.317331, 15.071211, 0.0 ], [ 100.3088, 15.080211, 0.0 ], [ 100.306562, 15.082886, 0.0 ], [ 100.305015, 15.085002, 0.0 ], [ 100.294691, 15.100073, 0.0 ], [ 100.290724, 15.10572, 0.0 ], [ 100.289095, 15.107509, 0.0 ], [ 100.287857, 15.10864, 0.0 ], [ 100.285496, 15.110431, 0.0 ], [ 100.28596, 15.111736, 0.0 ], [ 100.286199, 15.112019, 0.0 ], [ 100.286469, 15.112323, 0.0 ], [ 100.28726, 15.112762, 0.0 ], [ 100.287646, 15.113091, 0.0 ], [ 100.288083, 15.113663, 0.0 ], [ 100.289435, 15.114683, 0.0 ], [ 100.289406, 15.114843, 0.0 ], [ 100.289266, 15.11486, 0.0 ], [ 100.286855, 15.117344, 0.0 ], [ 100.28676, 15.117363, 0.0 ], [ 100.283236, 15.120755, 0.0 ], [ 100.281748, 15.122327, 0.0 ], [ 100.281602, 15.122564, 0.0 ], [ 100.280961, 15.123072, 0.0 ], [ 100.280471, 15.12362, 0.0 ], [ 100.279636, 15.124265, 0.0 ], [ 100.27887, 15.12504, 0.0 ], [ 100.278701, 15.12534, 0.0 ], [ 100.275487, 15.12847, 0.0 ], [ 100.274245, 15.129541, 0.0 ], [ 100.274483, 15.129775, 0.0 ], [ 100.281284, 15.133547, 0.0 ], [ 100.282274, 15.13419, 0.0 ], [ 100.283072, 15.134912, 0.0 ], [ 100.283565, 15.135053, 0.0 ], [ 100.28661, 15.136379, 0.0 ], [ 100.28715, 15.136897, 0.0 ], [ 100.287285, 15.136787, 0.0 ], [ 100.289736, 15.139399, 0.0 ], [ 100.289122, 15.140029, 0.0 ], [ 100.288369, 15.140514, 0.0 ], [ 100.287605, 15.140815, 0.0 ], [ 100.285263, 15.141186, 0.0 ], [ 100.281903, 15.142447, 0.0 ], [ 100.279951, 15.143064, 0.0 ], [ 100.278912, 15.143545, 0.0 ], [ 100.278165, 15.14407, 0.0 ], [ 100.276872, 15.145222, 0.0 ], [ 100.275001, 15.147116, 0.0 ], [ 100.27881, 15.149934, 0.0 ], [ 100.278993, 15.150194, 0.0 ], [ 100.279417, 15.151219, 0.0 ], [ 100.279503, 15.152356, 0.0 ], [ 100.279692, 15.152881, 0.0 ], [ 100.27908, 15.152939, 0.0 ], [ 100.277375, 15.153303, 0.0 ], [ 100.2769, 15.153439, 0.0 ], [ 100.276544, 15.153643, 0.0 ], [ 100.27588, 15.153812, 0.0 ], [ 100.273144, 15.154301, 0.0 ], [ 100.272792, 15.154402, 0.0 ], [ 100.27244, 15.154607, 0.0 ], [ 100.271265, 15.155672, 0.0 ], [ 100.268857, 15.158421, 0.0 ], [ 100.267857, 15.160151, 0.0 ], [ 100.271663, 15.161952, 0.0 ], [ 100.270989, 15.168689, 0.0 ], [ 100.270744, 15.17893, 0.0 ], [ 100.2743, 15.176521, 0.0 ], [ 100.275627, 15.174796, 0.0 ], [ 100.276667, 15.173143, 0.0 ], [ 100.27686, 15.172597, 0.0 ], [ 100.276895, 15.171975, 0.0 ], [ 100.276453, 15.170499, 0.0 ], [ 100.276318, 15.169236, 0.0 ], [ 100.276352, 15.168782, 0.0 ], [ 100.276477, 15.168385, 0.0 ], [ 100.276772, 15.167896, 0.0 ], [ 100.276706, 15.166232, 0.0 ], [ 100.276765, 15.165696, 0.0 ], [ 100.277202, 15.164559, 0.0 ], [ 100.277283, 15.163994, 0.0 ], [ 100.277429, 15.163808, 0.0 ], [ 100.277735, 15.163546, 0.0 ], [ 100.278128, 15.163345, 0.0 ], [ 100.280378, 15.162419, 0.0 ], [ 100.282049, 15.16184, 0.0 ], [ 100.282133, 15.161771, 0.0 ], [ 100.282396, 15.161069, 0.0 ], [ 100.282355, 15.16071, 0.0 ], [ 100.282802, 15.159918, 0.0 ], [ 100.283038, 15.159693, 0.0 ], [ 100.283347, 15.159591, 0.0 ], [ 100.283727, 15.159491, 0.0 ], [ 100.284176, 15.159523, 0.0 ], [ 100.285427, 15.158184, 0.0 ], [ 100.28661, 15.159198, 0.0 ], [ 100.286888, 15.159607, 0.0 ], [ 100.287385, 15.15922, 0.0 ], [ 100.288521, 15.158674, 0.0 ], [ 100.289111, 15.158261, 0.0 ], [ 100.290719, 15.156303, 0.0 ], [ 100.29226, 15.155897, 0.0 ], [ 100.292507, 15.15573, 0.0 ], [ 100.293122, 15.155056, 0.0 ], [ 100.293718, 15.154651, 0.0 ], [ 100.295461, 15.15395, 0.0 ], [ 100.29837, 15.152621, 0.0 ], [ 100.298687, 15.152561, 0.0 ], [ 100.299679, 15.15258, 0.0 ], [ 100.299981, 15.15239, 0.0 ], [ 100.301064, 15.151428, 0.0 ], [ 100.301122, 15.15146, 0.0 ], [ 100.30101, 15.15214, 0.0 ], [ 100.320169, 15.157631, 0.0 ], [ 100.34103, 15.148504, 0.0 ], [ 100.349992, 15.151459, 0.0 ], [ 100.350497, 15.151702, 0.0 ], [ 100.349718, 15.15351, 0.0 ], [ 100.349528, 15.154217, 0.0 ], [ 100.363138, 15.154209, 0.0 ], [ 100.363151, 15.168121, 0.0 ], [ 100.363112, 15.171522, 0.0 ], [ 100.363008, 15.171983, 0.0 ], [ 100.352117, 15.19897, 0.0 ], [ 100.351752, 15.200053, 0.0 ], [ 100.351705, 15.200567, 0.0 ], [ 100.351768, 15.201301, 0.0 ], [ 100.351937, 15.202037, 0.0 ], [ 100.352268, 15.202684, 0.0 ], [ 100.352581, 15.203106, 0.0 ], [ 100.353315, 15.203835, 0.0 ], [ 100.356481, 15.206735, 0.0 ], [ 100.358499, 15.204542, 0.0 ], [ 100.361211, 15.201859, 0.0 ], [ 100.36912, 15.193747, 0.0 ], [ 100.369881, 15.193185, 0.0 ], [ 100.370599, 15.192812, 0.0 ], [ 100.372118, 15.192365, 0.0 ], [ 100.373541, 15.192141, 0.0 ], [ 100.372549, 15.185549, 0.0 ], [ 100.372558, 15.18495, 0.0 ], [ 100.373043, 15.183398, 0.0 ], [ 100.381061, 15.164334, 0.0 ], [ 100.381274, 15.163616, 0.0 ], [ 100.381339, 15.162142, 0.0 ], [ 100.381251, 15.16174, 0.0 ] ] ] } },
{ "type": "Feature", "properties": { "Name_tung": "ฝั่งซ้ายชัยนาทป่าสัก", "rai": 99309.0, "color": "#78716c", "label_lng": 100.60387, "label_lat": 15.03349 }, "geometry": { "type": "Polygon", "coordinates": [ [ [ 100.570962, 15.149081, 0.0 ], [ 100.571507, 15.149088, 0.0 ], [ 100.572686, 15.148792, 0.0 ], [ 100.57302, 15.147913, 0.0 ], [ 100.574127, 15.144134, 0.0 ], [ 100.574628, 15.142753, 0.0 ], [ 100.575241, 15.141421, 0.0 ], [ 100.575974, 15.140369, 0.0 ], [ 100.577547, 15.138639, 0.0 ], [ 100.579408, 15.137081, 0.0 ], [ 100.579046, 15.13242, 0.0 ], [ 100.579358, 15.130341, 0.0 ], [ 100.579698, 15.128895, 0.0 ], [ 100.581061, 15.129019, 0.0 ], [ 100.581165, 15.128913, 0.0 ], [ 100.58128, 15.128301, 0.0 ], [ 100.581357, 15.128237, 0.0 ], [ 100.584509, 15.127912, 0.0 ], [ 100.585312, 15.127493, 0.0 ], [ 100.586764, 15.12691, 0.0 ], [ 100.58937, 15.126581, 0.0 ], [ 100.592782, 15.125468, 0.0 ], [ 100.592018, 15.122287, 0.0 ], [ 100.59141, 15.120305, 0.0 ], [ 100.591328, 15.120168, 0.0 ], [ 100.590966, 15.120259, 0.0 ], [ 100.59078, 15.120215, 0.0 ], [ 100.589164, 15.116939, 0.0 ], [ 100.58883, 15.11696, 0.0 ], [ 100.588793, 15.116891, 0.0 ], [ 100.588479, 15.11412, 0.0 ], [ 100.587568, 15.112339, 0.0 ], [ 100.587481, 15.111648, 0.0 ], [ 100.588415, 15.111412, 0.0 ], [ 100.588505, 15.111293, 0.0 ], [ 100.589128, 15.111085, 0.0 ], [ 100.590314, 15.1109, 0.0 ], [ 100.590383, 15.110788, 0.0 ], [ 100.591697, 15.110579, 0.0 ], [ 100.591421, 15.109719, 0.0 ], [ 100.591518, 15.108353, 0.0 ], [ 100.595747, 15.10867, 0.0 ], [ 100.595725, 15.108033, 0.0 ], [ 100.598159, 15.10753, 0.0 ], [ 100.598815, 15.107204, 0.0 ], [ 100.600312, 15.106243, 0.0 ], [ 100.602394, 15.107168, 0.0 ], [ 100.603724, 15.107326, 0.0 ], [ 100.604399, 15.107221, 0.0 ], [ 100.604588, 15.107092, 0.0 ], [ 100.604822, 15.106727, 0.0 ], [ 100.605641, 15.106654, 0.0 ], [ 100.60682, 15.10634, 0.0 ], [ 100.605498, 15.10231, 0.0 ], [ 100.60636, 15.101866, 0.0 ], [ 100.606471, 15.1003, 0.0 ], [ 100.607475, 15.099407, 0.0 ], [ 100.607527, 15.099164, 0.0 ], [ 100.607473, 15.098824, 0.0 ], [ 100.607743, 15.098063, 0.0 ], [ 100.608305, 15.098098, 0.0 ], [ 100.608954, 15.098363, 0.0 ], [ 100.609337, 15.096367, 0.0 ], [ 100.61047, 15.095418, 0.0 ], [ 100.612946, 15.094374, 0.0 ], [ 100.61437, 15.094452, 0.0 ], [ 100.614444, 15.093676, 0.0 ], [ 100.615868, 15.093164, 0.0 ], [ 100.615583, 15.091277, 0.0 ], [ 100.617639, 15.086174, 0.0 ], [ 100.620248, 15.084494, 0.0 ], [ 100.621489, 15.084368, 0.0 ], [ 100.624574, 15.083743, 0.0 ], [ 100.632311, 15.084786, 0.0 ], [ 100.643754, 15.087331, 0.0 ], [ 100.644591, 15.087325, 0.0 ], [ 100.6453, 15.087444, 0.0 ], [ 100.646916, 15.087038, 0.0 ], [ 100.66508, 15.088556, 0.0 ], [ 100.665737, 15.088464, 0.0 ], [ 100.665681, 15.087589, 0.0 ], [ 100.665438, 15.086862, 0.0 ], [ 100.665566, 15.086741, 0.0 ], [ 100.666117, 15.086715, 0.0 ], [ 100.666738, 15.084238, 0.0 ], [ 100.667152, 15.083883, 0.0 ], [ 100.667308, 15.083454, 0.0 ], [ 100.667295, 15.082751, 0.0 ], [ 100.667998, 15.081564, 0.0 ], [ 100.66854, 15.081573, 0.0 ], [ 100.668648, 15.081591, 0.0 ], [ 100.668809, 15.081872, 0.0 ], [ 100.669473, 15.081906, 0.0 ], [ 100.670324, 15.08211, 0.0 ], [ 100.670388, 15.082309, 0.0 ], [ 100.67151, 15.082906, 0.0 ], [ 100.671726, 15.082922, 0.0 ], [ 100.672413, 15.082753, 0.0 ], [ 100.672443, 15.083401, 0.0 ], [ 100.672377, 15.083581, 0.0 ], [ 100.673486, 15.083859, 0.0 ], [ 100.674529, 15.083979, 0.0 ], [ 100.674629, 15.084018, 0.0 ], [ 100.674611, 15.084411, 0.0 ], [ 100.674667, 15.084462, 0.0 ], [ 100.676192, 15.084645, 0.0 ], [ 100.678511, 15.085521, 0.0 ], [ 100.679893, 15.085787, 0.0 ], [ 100.680098, 15.085898, 0.0 ], [ 100.680214, 15.085987, 0.0 ], [ 100.680429, 15.086423, 0.0 ], [ 100.680534, 15.086863, 0.0 ], [ 100.681042, 15.08695, 0.0 ], [ 100.68127, 15.087393, 0.0 ], [ 100.681625, 15.087373, 0.0 ], [ 100.681999, 15.08756, 0.0 ], [ 100.682149, 15.087911, 0.0 ], [ 100.682482, 15.08809, 0.0 ], [ 100.682611, 15.088237, 0.0 ], [ 100.682703, 15.088771, 0.0 ], [ 100.683139, 15.088951, 0.0 ], [ 100.683333, 15.089336, 0.0 ], [ 100.684032, 15.089617, 0.0 ], [ 100.684846, 15.090289, 0.0 ], [ 100.685904, 15.091777, 0.0 ], [ 100.686233, 15.091868, 0.0 ], [ 100.686496, 15.091682, 0.0 ], [ 100.686147, 15.091253, 0.0 ], [ 100.686275, 15.090787, 0.0 ], [ 100.687117, 15.090308, 0.0 ], [ 100.687247, 15.089697, 0.0 ], [ 100.687646, 15.089713, 0.0 ], [ 100.688217, 15.089884, 0.0 ], [ 100.689238, 15.089961, 0.0 ], [ 100.689688, 15.089966, 0.0 ], [ 100.689766, 15.089674, 0.0 ], [ 100.690956, 15.089751, 0.0 ], [ 100.691034, 15.089783, 0.0 ], [ 100.691114, 15.090285, 0.0 ], [ 100.691199, 15.090316, 0.0 ], [ 100.694239, 15.08976, 0.0 ], [ 100.694529, 15.088093, 0.0 ], [ 100.69515, 15.088111, 0.0 ], [ 100.695355, 15.088043, 0.0 ], [ 100.695567, 15.086513, 0.0 ], [ 100.695768, 15.085713, 0.0 ], [ 100.696042, 15.085071, 0.0 ], [ 100.696495, 15.083546, 0.0 ], [ 100.696619, 15.081823, 0.0 ], [ 100.696362, 15.081776, 0.0 ], [ 100.696341, 15.081705, 0.0 ], [ 100.69643, 15.081256, 0.0 ], [ 100.696035, 15.079377, 0.0 ], [ 100.69617, 15.079215, 0.0 ], [ 100.696094, 15.076741, 0.0 ], [ 100.695869, 15.075208, 0.0 ], [ 100.695845, 15.074036, 0.0 ], [ 100.695597, 15.07301, 0.0 ], [ 100.695518, 15.072065, 0.0 ], [ 100.695174, 15.071945, 0.0 ], [ 100.69488, 15.071941, 0.0 ], [ 100.693958, 15.07209, 0.0 ], [ 100.692729, 15.072149, 0.0 ], [ 100.692424, 15.072352, 0.0 ], [ 100.69201, 15.072467, 0.0 ], [ 100.691557, 15.072302, 0.0 ], [ 100.691269, 15.072355, 0.0 ], [ 100.690612, 15.072051, 0.0 ], [ 100.690498, 15.071857, 0.0 ], [ 100.690402, 15.071405, 0.0 ], [ 100.690007, 15.071306, 0.0 ], [ 100.690107, 15.071057, 0.0 ], [ 100.690148, 15.070322, 0.0 ], [ 100.691004, 15.070185, 0.0 ], [ 100.691936, 15.069871, 0.0 ], [ 100.692137, 15.06971, 0.0 ], [ 100.69238, 15.068994, 0.0 ], [ 100.683471, 15.069395, 0.0 ], [ 100.680872, 15.070061, 0.0 ], [ 100.680201, 15.070143, 0.0 ], [ 100.676924, 15.069815, 0.0 ], [ 100.67521, 15.069581, 0.0 ], [ 100.663402, 15.067203, 0.0 ], [ 100.648321, 15.063998, 0.0 ], [ 100.649047, 15.060592, 0.0 ], [ 100.648723, 15.060159, 0.0 ], [ 100.648459, 15.058679, 0.0 ], [ 100.64794, 15.057066, 0.0 ], [ 100.647806, 15.05618, 0.0 ], [ 100.647146, 15.054138, 0.0 ], [ 100.647105, 15.05393, 0.0 ], [ 100.647187, 15.053361, 0.0 ], [ 100.64648, 15.051996, 0.0 ], [ 100.646483, 15.051831, 0.0 ], [ 100.647394, 15.051259, 0.0 ], [ 100.647448, 15.051103, 0.0 ], [ 100.64725, 15.050095, 0.0 ], [ 100.646752, 15.048511, 0.0 ], [ 100.646538, 15.045822, 0.0 ], [ 100.646599, 15.044978, 0.0 ], [ 100.646202, 15.044509, 0.0 ], [ 100.645916, 15.043991, 0.0 ], [ 100.645633, 15.043766, 0.0 ], [ 100.645443, 15.043706, 0.0 ], [ 100.64548, 15.043215, 0.0 ], [ 100.645269, 15.042548, 0.0 ], [ 100.645536, 15.041466, 0.0 ], [ 100.645947, 15.041227, 0.0 ], [ 100.646177, 15.040941, 0.0 ], [ 100.646295, 15.039952, 0.0 ], [ 100.64639, 15.039738, 0.0 ], [ 100.646838, 15.039332, 0.0 ], [ 100.646925, 15.038957, 0.0 ], [ 100.647401, 15.038465, 0.0 ], [ 100.647465, 15.038213, 0.0 ], [ 100.64683, 15.037498, 0.0 ], [ 100.646326, 15.03743, 0.0 ], [ 100.646166, 15.037025, 0.0 ], [ 100.645812, 15.036732, 0.0 ], [ 100.645493, 15.036685, 0.0 ], [ 100.645115, 15.036958, 0.0 ], [ 100.644754, 15.037002, 0.0 ], [ 100.644527, 15.036892, 0.0 ], [ 100.644319, 15.036666, 0.0 ], [ 100.644254, 15.036407, 0.0 ], [ 100.643796, 15.036518, 0.0 ], [ 100.643574, 15.036396, 0.0 ], [ 100.643269, 15.035904, 0.0 ], [ 100.642824, 15.035753, 0.0 ], [ 100.642508, 15.035517, 0.0 ], [ 100.641956, 15.035399, 0.0 ], [ 100.641183, 15.034372, 0.0 ], [ 100.640982, 15.033662, 0.0 ], [ 100.640546, 15.033272, 0.0 ], [ 100.640305, 15.033185, 0.0 ], [ 100.640156, 15.033008, 0.0 ], [ 100.639914, 15.032462, 0.0 ], [ 100.639763, 15.032338, 0.0 ], [ 100.639128, 15.032104, 0.0 ], [ 100.638923, 15.031917, 0.0 ], [ 100.638764, 15.031522, 0.0 ], [ 100.638103, 15.030704, 0.0 ], [ 100.637109, 15.029752, 0.0 ], [ 100.636843, 15.029274, 0.0 ], [ 100.635067, 15.029137, 0.0 ], [ 100.634721, 15.030152, 0.0 ], [ 100.634625, 15.030229, 0.0 ], [ 100.63439, 15.030247, 0.0 ], [ 100.634076, 15.029658, 0.0 ], [ 100.634016, 15.029208, 0.0 ], [ 100.634101, 15.028952, 0.0 ], [ 100.634205, 15.028868, 0.0 ], [ 100.634132, 15.027819, 0.0 ], [ 100.634573, 15.026805, 0.0 ], [ 100.634104, 15.026748, 0.0 ], [ 100.633988, 15.026682, 0.0 ], [ 100.633982, 15.026568, 0.0 ], [ 100.632947, 15.026399, 0.0 ], [ 100.63268, 15.02606, 0.0 ], [ 100.632622, 15.02556, 0.0 ], [ 100.632478, 15.025386, 0.0 ], [ 100.631218, 15.024694, 0.0 ], [ 100.630696, 15.024808, 0.0 ], [ 100.63025, 15.025159, 0.0 ], [ 100.629729, 15.025158, 0.0 ], [ 100.629484, 15.025362, 0.0 ], [ 100.628733, 15.025302, 0.0 ], [ 100.62886, 15.023485, 0.0 ], [ 100.629313, 15.023389, 0.0 ], [ 100.629657, 15.023134, 0.0 ], [ 100.629376, 15.02288, 0.0 ], [ 100.629137, 15.022347, 0.0 ], [ 100.629277, 15.021792, 0.0 ], [ 100.62902, 15.021374, 0.0 ], [ 100.627784, 15.015565, 0.0 ], [ 100.625507, 15.008131, 0.0 ], [ 100.624175, 15.004176, 0.0 ], [ 100.623451, 15.002463, 0.0 ], [ 100.623081, 15.00182, 0.0 ], [ 100.622682, 15.000899, 0.0 ], [ 100.622416, 15.000543, 0.0 ], [ 100.622176, 15.000046, 0.0 ], [ 100.621571, 14.999927, 0.0 ], [ 100.621016, 14.999947, 0.0 ], [ 100.620446, 15.000052, 0.0 ], [ 100.620219, 15.000181, 0.0 ], [ 100.619369, 15.000252, 0.0 ], [ 100.619292, 15.000405, 0.0 ], [ 100.618911, 15.000395, 0.0 ], [ 100.619075, 14.998662, 0.0 ], [ 100.618934, 14.997855, 0.0 ], [ 100.619101, 14.997558, 0.0 ], [ 100.619172, 14.996909, 0.0 ], [ 100.619414, 14.996538, 0.0 ], [ 100.619962, 14.996501, 0.0 ], [ 100.620601, 14.996176, 0.0 ], [ 100.621267, 14.996073, 0.0 ], [ 100.621536, 14.99585, 0.0 ], [ 100.62149, 14.995333, 0.0 ], [ 100.621223, 14.994662, 0.0 ], [ 100.621127, 14.994194, 0.0 ], [ 100.62081, 14.993657, 0.0 ], [ 100.620721, 14.992984, 0.0 ], [ 100.620519, 14.992567, 0.0 ], [ 100.620339, 14.991588, 0.0 ], [ 100.620419, 14.99154, 0.0 ], [ 100.621102, 14.99142, 0.0 ], [ 100.621753, 14.991025, 0.0 ], [ 100.622286, 14.991153, 0.0 ], [ 100.622707, 14.991059, 0.0 ], [ 100.623135, 14.990777, 0.0 ], [ 100.623352, 14.990431, 0.0 ], [ 100.62357, 14.990241, 0.0 ], [ 100.624369, 14.989792, 0.0 ], [ 100.625652, 14.989791, 0.0 ], [ 100.626186, 14.989537, 0.0 ], [ 100.627661, 14.98914, 0.0 ], [ 100.627771, 14.988171, 0.0 ], [ 100.628874, 14.987794, 0.0 ], [ 100.629759, 14.98759, 0.0 ], [ 100.632588, 14.987147, 0.0 ], [ 100.636319, 14.986632, 0.0 ], [ 100.636866, 14.986325, 0.0 ], [ 100.639053, 14.985936, 0.0 ], [ 100.639848, 14.986053, 0.0 ], [ 100.640185, 14.986034, 0.0 ], [ 100.64438, 14.985351, 0.0 ], [ 100.645087, 14.985051, 0.0 ], [ 100.645816, 14.984422, 0.0 ], [ 100.64707, 14.98392, 0.0 ], [ 100.651811, 14.982477, 0.0 ], [ 100.649887, 14.981424, 0.0 ], [ 100.648765, 14.980423, 0.0 ], [ 100.647847, 14.979878, 0.0 ], [ 100.646216, 14.9793, 0.0 ], [ 100.645852, 14.979245, 0.0 ], [ 100.641037, 14.977446, 0.0 ], [ 100.638433, 14.976332, 0.0 ], [ 100.636552, 14.975623, 0.0 ], [ 100.62846, 14.973247, 0.0 ], [ 100.628594, 14.973123, 0.0 ], [ 100.629133, 14.97293, 0.0 ], [ 100.629385, 14.972756, 0.0 ], [ 100.630736, 14.972583, 0.0 ], [ 100.630206, 14.971056, 0.0 ], [ 100.630306, 14.970924, 0.0 ], [ 100.629997, 14.969186, 0.0 ], [ 100.630097, 14.968931, 0.0 ], [ 100.630623, 14.968718, 0.0 ], [ 100.630628, 14.968291, 0.0 ], [ 100.630754, 14.968167, 0.0 ], [ 100.630837, 14.966919, 0.0 ], [ 100.630703, 14.966001, 0.0 ], [ 100.631064, 14.965662, 0.0 ], [ 100.631238, 14.965242, 0.0 ], [ 100.631442, 14.965104, 0.0 ], [ 100.631839, 14.965175, 0.0 ], [ 100.632445, 14.964965, 0.0 ], [ 100.633314, 14.964943, 0.0 ], [ 100.634503, 14.964745, 0.0 ], [ 100.634924, 14.964595, 0.0 ], [ 100.63543, 14.964228, 0.0 ], [ 100.634565, 14.963321, 0.0 ], [ 100.630242, 14.958299, 0.0 ], [ 100.611331, 14.936107, 0.0 ], [ 100.610717, 14.935225, 0.0 ], [ 100.610254, 14.934358, 0.0 ], [ 100.609891, 14.933179, 0.0 ], [ 100.608358, 14.926873, 0.0 ], [ 100.606538, 14.927112, 0.0 ], [ 100.606609, 14.925744, 0.0 ], [ 100.606537, 14.924835, 0.0 ], [ 100.606124, 14.924813, 0.0 ], [ 100.606039, 14.924715, 0.0 ], [ 100.605617, 14.921761, 0.0 ], [ 100.605527, 14.920607, 0.0 ], [ 100.605295, 14.920034, 0.0 ], [ 100.605073, 14.919711, 0.0 ], [ 100.604618, 14.919797, 0.0 ], [ 100.604288, 14.919651, 0.0 ], [ 100.604094, 14.919702, 0.0 ], [ 100.60376, 14.920147, 0.0 ], [ 100.603338, 14.920175, 0.0 ], [ 100.603321, 14.920068, 0.0 ], [ 100.603654, 14.919508, 0.0 ], [ 100.603652, 14.919294, 0.0 ], [ 100.604489, 14.91832, 0.0 ], [ 100.604453, 14.917984, 0.0 ], [ 100.603712, 14.917931, 0.0 ], [ 100.60298, 14.918125, 0.0 ], [ 100.600147, 14.918556, 0.0 ], [ 100.598959, 14.918249, 0.0 ], [ 100.593437, 14.934788, 0.0 ], [ 100.587854, 14.95183, 0.0 ], [ 100.587382, 14.953722, 0.0 ], [ 100.587134, 14.955461, 0.0 ], [ 100.586649, 14.960923, 0.0 ], [ 100.586212, 14.967579, 0.0 ], [ 100.585996, 14.969691, 0.0 ], [ 100.585762, 14.971087, 0.0 ], [ 100.585245, 14.973158, 0.0 ], [ 100.582762, 14.981436, 0.0 ], [ 100.579248, 14.993718, 0.0 ], [ 100.576744, 15.001727, 0.0 ], [ 100.5671, 15.034439, 0.0 ], [ 100.563276, 15.047588, 0.0 ], [ 100.562764, 15.049566, 0.0 ], [ 100.554582, 15.07744, 0.0 ], [ 100.554425, 15.077736, 0.0 ], [ 100.550004, 15.093157, 0.0 ], [ 100.548483, 15.09822, 0.0 ], [ 100.548006, 15.099456, 0.0 ], [ 100.547619, 15.10019, 0.0 ], [ 100.546542, 15.102087, 0.0 ], [ 100.546026, 15.102793, 0.0 ], [ 100.544573, 15.104357, 0.0 ], [ 100.542825, 15.105807, 0.0 ], [ 100.541731, 15.106533, 0.0 ], [ 100.540604, 15.107155, 0.0 ], [ 100.539135, 15.107772, 0.0 ], [ 100.537501, 15.108345, 0.0 ], [ 100.530632, 15.110169, 0.0 ], [ 100.531096, 15.111561, 0.0 ], [ 100.534484, 15.117265, 0.0 ], [ 100.540411, 15.128669, 0.0 ], [ 100.542175, 15.132451, 0.0 ], [ 100.54369, 15.135211, 0.0 ], [ 100.544024, 15.135536, 0.0 ], [ 100.546911, 15.137107, 0.0 ], [ 100.551873, 15.140197, 0.0 ], [ 100.556989, 15.143164, 0.0 ], [ 100.563283, 15.14637, 0.0 ], [ 100.568784, 15.149311, 0.0 ], [ 100.569194, 15.149362, 0.0 ], [ 100.570962, 15.149081, 0.0 ] ] ] } }
]
}
